timestamp,actual,AT-CBGRU (proposed),BiLSTM,GRU,Random Forest,LSTM,CNN-LSTM,XGBoost,Ridge Regression,"ARIMA(2, 1, 2)",Naive-1 (persistence),SVR (RBF),Seasonal Naive-24
2016-11-07 02:00:00,27.10034833878168,27.62912031509529,26.044304931030084,27.142464427020116,27.443312872918,27.406575376467355,27.19041416261591,26.35234406402999,27.599657537104402,28.66747722230585,32.15717337291658,28.463901111733627,25.870149153616566
2016-11-07 03:00:00,27.073471056206973,23.620233941446845,23.583637655716032,23.78611839734757,24.038074982075404,23.895267756271306,23.39115063473261,23.720538131339396,25.653868783347374,24.33687706775746,27.10034833878168,26.700149512760262,21.480156166801116
2016-11-07 04:00:00,22.88052925535301,23.72705438130245,23.01967776440431,23.469617782040842,23.75173790149769,23.115536180932835,23.0744537402022,23.888053638220526,25.29384777782523,25.145093657629207,27.073471056206973,24.68912762717176,21.342574465218725
2016-11-07 05:00:00,22.24221563699762,21.630861900017432,22.56588717424168,22.410231631425443,21.940459789670633,22.284492762304875,23.339123302277955,21.954381210731395,24.309516036818867,21.78341434664627,22.88052925535301,24.088283175207383,20.06026222839933
2016-11-07 06:00:00,26.19173840569234,26.901376914261615,26.155901294714507,26.746227885645293,26.518121484421,26.263290932081954,25.526823507124487,26.229748905256194,26.69778693192375,22.034599220648833,22.24221563699762,27.018853276454116,19.973944646355037
2016-11-07 07:00:00,28.92899931108186,27.275310525225205,27.63718575144982,27.759532287834134,27.311405890879513,27.84654434223768,27.833062000066437,27.464203213516935,28.64759749010913,26.537615773636674,26.19173840569234,28.029916505242383,25.47039004873004
2016-11-07 08:00:00,29.392947291798194,29.295208207654955,29.28753658402589,29.30960511739663,29.461658202667355,29.149445450517437,28.904518368846187,29.129541024839718,30.238506210630828,29.38104044609271,28.92899931108186,29.48772715535076,26.250358407296588
2016-11-07 09:00:00,30.109576825176543,29.746524734301715,30.602943315133114,30.313048752413994,29.839829583553495,30.509425320320492,29.94202751397151,29.675334464836556,30.54712010891357,29.76398846294117,29.392947291798194,31.846874590358087,28.639944091752433
2016-11-07 10:00:00,31.27875275074884,30.482330802900492,31.87431512668215,31.176113339805607,30.94877879652508,31.601190751387907,31.158589759543787,29.999929946144505,33.292374209211346,30.362263615252104,30.109576825176543,36.16751124887133,30.070301370871363
2016-11-07 11:00:00,29.360413207427598,31.416897776150602,32.84974553147299,32.005921202746784,32.07212477364826,32.437182817114156,32.275101638278215,31.759234378487143,32.290658173994515,31.35271962141171,31.27875275074884,37.017311980447204,31.885176624209816
2016-11-07 12:00:00,30.11778356666421,30.090475760786045,31.87518272000881,30.790498453515536,30.835856893267348,31.46188004276615,31.531873226171047,30.14323032979082,30.116185646980448,29.316730652028568,29.360413207427598,33.97092902114057,30.91472258300365
2016-11-07 13:00:00,34.16578787564608,30.905295979601288,32.04611292248662,31.791260747916002,31.399851238270784,31.959977180172007,31.519970494282788,31.417428978214215,30.446528903485383,30.050602926218776,30.11778356666421,34.33965350302607,30.22593751826556
2016-11-07 14:00:00,35.35196318501855,33.50495403084985,34.05145008836544,34.35087330989375,33.47713087894387,34.05347932674852,33.65605207777636,34.21376382871299,33.70142145743689,33.87110672091197,34.16578787564608,34.50610880936939,30.18754137407985
2016-11-07 15:00:00,40.22709563770856,34.244787693441054,34.76328569443569,35.018967283331854,34.670775236265186,34.97206829625478,34.66922413833152,34.91298139728271,34.37922611296675,34.624374478404405,35.35196318501855,32.55062331484655,34.00780684008233
2016-11-07 16:00:00,35.081725240103616,37.41470119420633,36.91929145466275,37.985586413688594,37.92386184742994,37.760181996364025,36.98028387737005,37.83993670601121,37.68600411298896,38.90234676504733,40.22709563770856,33.577340599275985,34.29680352324794
2016-11-07 17:00:00,36.67912032970749,34.60672450166026,35.222325530146115,34.79652467544008,35.397600393173775,35.16885938777116,35.350567204105914,36.01600981723248,35.128524252039945,33.26798722544486,35.081725240103616,33.200180591695826,35.37804898753164
2016-11-07 18:00:00,37.20728642852341,36.317350309880986,36.31562687061261,37.19689439810403,37.350598771378365,36.837440815749126,36.218945647662586,37.42711964853115,37.55965217721584,34.69484351634506,36.67912032970749,35.839314613275526,39.651740293512205
2016-11-07 19:00:00,37.462283242771335,36.85029563647773,36.633046841160976,37.27753187478344,37.42571485374671,36.92027138235808,37.06525834173402,37.80782449501413,36.2266631901063,34.996116292026784,37.20728642852341,34.8618256688384,43.4708334989828
2016-11-07 20:00:00,34.03535812886906,36.91513826460535,36.75177472409568,37.31964894197063,37.767160917261485,36.79123492438463,36.9016206955753,37.719278580885415,35.56205488604901,35.04849073302762,37.462283242771335,33.709471736258855,39.1769183355837
2016-11-07 21:00:00,32.241000142243784,34.07850761987812,35.428121114602185,34.90841447901129,35.97832697024036,34.966040786453455,35.36330075755854,35.907970586187375,34.592945920420654,31.60789626791383,34.03535812886906,34.275561129375546,35.272826192030465
2016-11-07 22:00:00,33.06578330600592,32.57320896913823,34.37337518104559,33.55965315917113,35.10138749565348,33.57031745971066,33.4599589767163,33.65250240962124,34.92273760049119,30.06679881666615,32.241000142243784,32.68977244381701,34.94162335734173
2016-11-07 23:00:00,36.500622486312785,32.98021498685855,33.793795550639125,33.56943040977765,34.799930738497736,33.27077021761301,32.776009398719815,34.71724243093173,34.68693601326632,31.154920783853324,33.06578330600592,33.643051376003385,39.305589645674665
2016-11-08 00:00:00,35.18812020436024,35.04042877670326,33.06435330662435,33.98990150040149,35.3418065681676,33.31353577716052,33.18702109115828,34.33157027613998,34.054514075573664,34.61450955658337,36.500622486312785,33.05715181463593,40.34843878221977
2016-11-08 01:00:00,29.99292299812222,32.23361507526813,30.393689502453284,31.213531820114962,31.8804460284029,30.876583290495322,31.322227619847542,31.062854354043704,31.510444955872725,33.20807273057027,35.18812020436024,30.46443605758113,36.86641109074403
2016-11-08 02:00:00,27.819264069293016,26.759053949754463,25.961731460835704,26.045457765547784,26.502428497532517,26.70737561252797,26.94823108384138,26.649377426930698,26.657149423398437,28.236395298708985,29.99292299812222,27.261227774216696,32.15717337291658
2016-11-08 03:00:00,23.415436517606512,24.485198545986986,24.12318501265976,24.127444785761938,24.54162964367311,24.201727906127264,23.897894887601364,24.63564363409952,25.03464760239665,26.60299900679686,27.819264069293016,24.799684985681722,27.10034833878168
2016-11-08 04:00:00,22.03133025327086,21.4094413146171,21.476733272508678,21.740890354915596,22.529879693787635,21.953320764501655,22.11861430246522,21.888529041708857,22.59386920047691,22.919328100945155,23.415436517606512,22.859939811663867,27.073471056206973
2016-11-08 05:00:00,21.82372752942859,21.4832574764303,21.836428165729615,21.97352504294526,21.511716877816482,21.65468339407967,22.485014749863087,21.377660967245113,22.791773723823937,22.37851925639288,22.03133025327086,23.381516918794055,22.88052925535301
2016-11-08 06:00:00,25.7993069157269,26.668274288731084,25.7438768797977,26.425959663718732,26.56158169641504,25.572913270693913,25.27874168090096,26.503531256476734,24.56312078594915,22.899867450942914,21.82372752942859,26.288359622379364,22.24221563699762
2016-11-08 07:00:00,26.41563750576614,27.120546682348508,27.508998378553297,27.558632120138256,27.32247765289974,27.673237221611007,27.61476033007666,27.316392843587245,27.410616599261857,27.275772544461248,25.7993069157269,29.559385801819694,26.19173840569234
2016-11-08 08:00:00,26.446559559824554,27.297350485529392,28.226013984843586,27.79528667764288,27.59484585227282,27.97812952386501,28.124651734908866,27.765729216952913,27.87801448522559,27.96287805360047,26.41563750576614,31.1689009509821,28.92899931108186
2016-11-08 09:00:00,27.93975745570004,27.59968987300519,28.563632757840995,28.110116594544962,27.662908259120297,28.505292093143158,28.515009191938034,27.604104656522956,28.016046166717786,28.00803178616635,26.446559559824554,31.697254795430727,29.392947291798194
2016-11-08 10:00:00,27.773687060721763,28.823678255512252,29.41059402075312,29.071850259741023,29.293320263247907,29.550008540006214,29.384437363000472,29.134536680597936,28.74506416646755,29.440348926932252,27.93975745570004,32.976070228913,30.109576825176543
2016-11-08 11:00:00,28.2466917991512,28.765261446957226,29.765156622209332,29.046746182211976,29.648382003410596,29.889304233086435,29.610516979630845,29.20255478519435,28.801380028643816,29.150252299028175,27.773687060721763,36.32422244644154,31.27875275074884
2016-11-08 12:00:00,28.61634956083866,29.26660192760094,30.370035729844272,29.59040997274688,29.846422792776977,30.29834839915304,29.73717573170761,30.413186612796075,28.977071669568208,29.509769530004878,28.2466917991512,37.908668926007365,29.360413207427598
2016-11-08 13:00:00,27.63039043990969,29.68372993693532,30.84737889378924,29.966467565976924,30.24909291793861,30.607562484793885,29.935172563038208,30.594805681308525,28.848489244964217,29.74598838542224,28.61634956083866,35.207652668739385,30.11778356666421
2016-11-08 14:00:00,29.33520660031342,29.257882643348125,30.644486840723392,29.47371392087982,30.04256340761623,30.273016754280594,29.934568230444004,29.706898128021916,30.739060264653432,28.674297976321444,27.63039043990969,33.50397518042982,34.16578787564608
2016-11-08 15:00:00,29.52484229540774,30.775320403858387,31.64840899812496,30.867195539121344,31.22835035452438,31.46639911491758,30.77840923189105,30.989341605157644,32.786510887845935,30.28709910921956,29.33520660031342,33.63187488586072,35.35196318501855
2016-11-08 16:00:00,30.047732717059716,31.086695059975096,32.03678488698618,31.134381121844424,31.37021635514274,31.879306419235206,31.154385878296612,31.808662418466724,31.45113351053191,30.305359522790383,29.52484229540774,35.04716942240783,40.22709563770856
2016-11-08 17:00:00,32.52501373155208,31.706097713549713,32.59865227535207,31.956597420808716,31.912515482932363,32.51008127566173,31.82225769155353,31.916773785797595,32.94408957547484,30.66058604102191,30.047732717059716,37.08229228168749,35.081725240103616
2016-11-08 18:00:00,31.988640983024936,33.46842468073959,33.91338074793865,33.40361521450075,34.71484406172961,33.92127193141629,33.56994025852174,33.43857041502651,34.71409890413784,32.874284369077536,32.52501373155208,36.203308390258826,36.67912032970749
2016-11-08 19:00:00,34.79184933859498,33.08951742889253,33.702198253267305,32.88724740597869,34.08187295174407,33.22395597078682,33.239352754304534,33.50536457748045,32.44528202720044,32.02778595557914,31.988640983024936,32.9668568966054,37.20728642852341
2016-11-08 20:00:00,32.525893317000886,34.803872052889,34.91916052177116,34.73567958451914,34.82573771920384,34.78670337213996,34.686779014361086,33.65977440801666,32.70869327303106,34.5011302548145,34.79184933859498,32.080013259072814,37.462283242771335
2016-11-08 21:00:00,33.62824222415193,32.709215542187366,33.76239405643207,32.54683266358458,34.05354326793507,32.88791162270325,33.51632305211833,33.010323534508544,32.6928409112404,31.93301616459714,32.525893317000886,33.15667488642614,34.03535812886906
2016-11-08 22:00:00,33.960617594701894,33.311914515667574,34.17091450786336,33.011657474544364,35.33610469133841,33.10526485961441,32.589423664333715,34.64144389790668,33.936786922995154,32.87552565276826,33.62824222415193,34.31379815973406,32.241000142243784
2016-11-08 23:00:00,34.409060799704896,32.96096298080818,33.54481816986537,32.07605162252909,34.70623164784446,32.11469605259065,31.35874283638528,35.253724209875514,33.804046612439,33.017272871663124,33.960617594701894,34.528588207243956,33.06578330600592
2016-11-09 00:00:00,32.0097440587865,32.59612603692722,32.27996462736118,31.078778423830045,33.22337991623085,31.118356281521475,30.558093879625616,32.499690407743984,32.779701809839054,33.28706354797284,34.409060799704896,31.414043399565962,36.500622486312785
2016-11-09 01:00:00,31.137771649643927,29.568956494518336,29.27168785505285,28.17179180341086,29.893224074372164,28.396054781792973,27.961617304730936,28.84869162349748,29.483577678433793,30.833213376626013,32.0097440587865,28.982957366763824,35.18812020436024
2016-11-09 02:00:00,29.12270909449804,27.227571967229334,26.83403426518025,26.042869119140324,27.993407491580324,26.113424096757168,25.849092516736167,27.343850887505862,27.9696935554099,30.085225787722703,31.137771649643927,26.0307625778533,29.99292299812222
2016-11-09 03:00:00,24.791365133587558,24.45426988402453,24.304506388976804,23.837753048986254,24.33119992146284,23.959195679163837,23.75441208297455,24.558310231808427,25.400845896878344,28.30064549770732,29.12270909449804,23.502090399365056,27.819264069293016
2016-11-09 04:00:00,21.70566704480187,21.60516278225924,21.966816307184903,21.84867628297252,22.926508197469282,21.983040669499264,22.03472231067778,22.781368477596473,24.14184377576969,24.437441619815477,24.791365133587558,22.854931292848807,23.415436517606512
2016-11-09 05:00:00,22.241395522685167,20.54748330641491,21.795175999760033,21.513488882148,21.4586751921224,21.414735714175823,21.823059396909045,21.57934741433739,22.88262175829884,22.067977594919665,21.70566704480187,22.131259273822632,22.03133025327086
2016-11-09 06:00:00,26.45716983463013,26.82050008461366,25.23776649624237,25.656479027811553,26.35495987964848,24.991077285795157,25.092549239173792,26.471485675178723,24.29659868573907,23.29103243154003,22.241395522685167,26.395557796497812,21.82372752942859
2016-11-09 07:00:00,27.85264821004124,27.439640288147746,26.977853277517223,27.802795918148608,27.48243988526881,27.781690242054438,27.57301783315363,27.38787145934649,27.691609825765454,27.82668249891607,26.45716983463013,29.778080586932063,25.7993069157269
2016-11-09 08:00:00,28.896377276196823,28.000026037585684,27.946124568939982,28.113272128757064,28.53162259835334,28.130449864782005,28.152341330798198,27.933433049099165,28.547245018158478,29.18615515512501,27.85264821004124,30.863259845413015,26.41563750576614
2016-11-09 09:00:00,30.503503169878023,28.55804901774336,28.94571036962004,28.939831029065136,29.043391663377527,28.942833097765142,28.581948965369993,28.954793820894576,29.012944558063516,30.07987650847851,28.896377276196823,32.76180420244021,26.446559559824554
2016-11-09 10:00:00,31.137771649643927,29.5552989511136,30.098007073526798,29.93059668126733,29.681831925263776,30.119570607008956,29.694292526229685,29.3810300745277,29.93997386305406,31.44416860197512,30.503503169878023,33.165739570277935,27.93975745570004
2016-11-09 11:00:00,32.056347036236325,29.953636943637644,30.98653079856901,30.537184085057206,29.540559552722662,30.993064027174395,30.37488652795612,29.74999932932483,30.27544852415141,31.777087807070167,31.137771649643927,34.1799730664688,27.773687060721763
2016-11-09 12:00:00,29.91319982897997,30.683136563226622,31.89689176504451,31.43524963882847,31.661590360835962,31.959203627109318,31.143118851250666,30.872641614551494,31.062952738392735,32.38879884914725,32.056347036236325,36.63983547792744,28.2466917991512
2016-11-09 13:00:00,31.20283986427334,29.503410981190665,31.347769188041827,30.70443472511809,29.43671048795908,31.314176561802725,30.833652594531134,29.42706440512435,29.71254421491785,30.050356266126894,29.91319982897997,35.957136568502456,28.61634956083866
2016-11-09 14:00:00,29.943389139901566,30.728295132393004,32.120829594778094,31.64819687216843,31.19045466989874,32.043886120009624,31.40172902650654,31.600095674846255,32.71647738398954,31.244924579980935,31.20283986427334,35.27712580048589,27.63039043990969
2016-11-09 15:00:00,31.16297823381399,30.11250036383178,31.7171018928572,31.174870319634625,30.41793126279011,31.520377369855584,31.4291442414175,29.83886164274765,32.084478168602516,29.89850486940199,29.943389139901566,33.357955116936665,29.33520660031342
2016-11-09 16:00:00,35.609305070988924,31.287221513986964,32.47081613091054,32.0911643885417,31.630161261749066,32.523663883599134,32.19903811606434,31.706997428632125,32.68371429444458,31.06479260659957,31.16297823381399,33.498517904301245,29.52484229540774
2016-11-09 17:00:00,32.70585664666923,33.31488550274488,34.45073366889832,34.585982535617596,34.135228023421675,34.846620664386315,34.002942566129136,33.58354819675796,36.48422680796777,35.220144183973666,35.609305070988924,33.7893324214542,30.047732717059716
2016-11-09 18:00:00,31.594421320805264,32.10378933986775,33.60570107268164,33.174304302202934,33.89465711626156,33.53798853393481,33.52517605273949,32.46948090600449,34.03530636695409,31.987100049313423,32.70585664666923,32.55273813047867,32.52501373155208
2016-11-09 19:00:00,34.64354080612187,31.918170011447412,33.37705241921089,33.105532908018084,33.30797314759086,33.310801940417086,33.43636129481125,32.140438121725104,33.58127177381636,30.82144954706093,31.594421320805264,31.33187878650253,31.988640983024936
2016-11-09 20:00:00,36.30219373591196,34.09397109427919,34.363246977313416,34.92652857951234,34.05505849728276,34.74320745564321,34.81321452788344,33.02314139992197,33.61864277511151,33.761196290521305,34.64354080612187,29.067287763196973,34.79184933859498
2016-11-09 21:00:00,35.30477393963812,34.49843771895086,34.89873243117037,35.24488430269384,36.15727321823856,35.02728944899517,35.21669694195902,35.353347173809034,35.53037145460294,35.11242377953352,36.30219373591196,30.739139445013084,32.525893317000886
2016-11-09 22:00:00,36.71224061317636,34.225069340681536,34.56971106139481,34.46234326682127,35.69562695647758,34.30394140566508,34.447615594771854,34.254371968775914,34.92967149446326,33.83994697412045,35.30477393963812,31.304180956565986,33.62824222415193
2016-11-09 23:00:00,36.70755120394303,34.6614921563938,34.54921236411567,34.48544205197134,36.55105132833532,34.0980451118567,34.086938693589495,35.32451542006177,35.57336100986052,35.03426562221618,36.71224061317636,31.631557922131645,33.960617594701894
2016-11-10 00:00:00,35.40735944721599,32.932433844592204,33.36785348257641,33.269434503232596,34.92957353563389,32.969042367182354,33.15942819704982,32.94886048219133,33.9265777112542,34.80063935912393,36.70755120394303,30.322463617267573,34.409060799704896
2016-11-10 01:00:00,30.694897439323068,31.22576549786386,31.22797070228414,30.733248643642877,32.17131236791863,30.7729220100214,30.896518235665024,31.224019481590027,32.83015389139186,33.38786076109985,35.40735944721599,29.007077474705792,32.0097440587865
2016-11-10 02:00:00,31.243580713075715,27.586402922885338,27.683986813060084,26.857207572803656,28.08492726080254,27.078570033122162,27.218387653641756,28.24644955522464,27.99112289643341,28.863735928986046,30.694897439323068,26.590023996591032,31.137771649643927
2016-11-10 03:00:00,24.902098553951863,26.286586547114386,25.338503626218095,25.892314021662397,26.274123931446965,25.67055808513206,25.634278489320774,25.285292377623037,27.656997257301004,29.78624738828653,31.243580713075715,24.00651524158738,29.12270909449804
2016-11-10 04:00:00,21.653583545162878,21.776386546992438,22.19215954021281,22.684526462314818,23.091926500574402,22.55748289925224,22.95035632339247,22.76698527313726,24.562309849281196,23.978916553039966,24.902098553951863,22.171100244071113,24.791365133587558
2016-11-10 05:00:00,21.929595696890956,20.672718995879737,22.03813345758526,21.905392412817548,21.363136068504122,21.79910256318259,22.21164649396235,21.722537758026164,23.189083866052286,21.61077981137133,21.653583545162878,22.32886654480376,21.70566704480187
2016-11-10 06:00:00,26.524729229082418,26.40991120625728,25.62776939792042,26.194726463188402,26.6176502339974,25.631124132906375,25.530251602082142,26.565183918929307,24.59919737226412,22.721968264149456,21.929595696890956,26.628575619209784,22.241395522685167
2016-11-10 07:00:00,26.27641502490017,27.53137466893624,27.19915256504942,28.070478347952726,27.463980058094332,28.11489251837378,28.223133290492086,27.47619123631474,28.240807873598065,27.749627668485616,26.524729229082418,28.735718845598022,26.45716983463013
2016-11-10 08:00:00,26.032966073619864,27.26371567271774,27.85298481544932,27.972620581570045,27.39742931647691,28.165513866283302,28.486145270546796,27.397035153826096,27.99750989456977,27.602586729633327,26.27641502490017,29.34843134283346,27.85264821004124
2016-11-10 09:00:00,27.582351344648625,27.614073628123077,28.23431527136567,28.272296065953494,27.443425104733922,28.437316224831534,28.4097191701909,27.445880596932863,28.24216056662081,27.454098961781046,26.032966073619864,29.633349992629142,28.896377276196823
2016-11-10 10:00:00,27.456142488353247,28.925957275652078,28.95675829187562,29.27248956054005,28.342434547150273,29.424380540655218,29.447637158346563,28.066107555944257,29.26113532292725,29.017313288298347,27.582351344648625,30.103922203544585,30.503503169878023
2016-11-10 11:00:00,28.438027515224338,28.952834191121003,29.510379428038267,29.468913836901866,28.707156842198444,29.81668351300552,30.270123838365837,28.390277102770995,29.59353962600149,28.820430502588053,27.456142488353247,31.23622251118352,31.137771649643927
2016-11-10 12:00:00,29.15204840640228,29.80113650674343,30.40270392254511,30.185215361265815,29.658340840601976,30.521027667904292,30.78875118296362,29.69250413983041,29.398612238753575,29.70653027739514,28.438027515224338,31.347459145680737,32.056347036236325
2016-11-10 13:00:00,32.61968517272537,30.33181654594058,31.22745332787157,30.60128405819195,29.450341403135816,30.966841967232636,31.015650424432067,29.590910781511127,30.5775269300098,30.25997413757307,29.15204840640228,31.855877690120924,29.91319982897997
2016-11-10 14:00:00,29.936940926876396,32.69961070892883,33.01506966158488,32.761785334616214,32.8023444594952,32.9803991515915,32.677472945526425,32.58009281435562,32.838075667017826,33.41556886190752,32.61968517272537,29.915713004129877,31.20283986427334
2016-11-10 15:00:00,30.96279086317422,30.887687016653476,32.02073129004381,31.25922315154452,30.23452632242712,31.765187732920918,32.066114497355386,30.301320854653454,30.595537690233787,30.422606650689357,29.936940926876396,29.621373744324266,29.943389139901566
2016-11-10 16:00:00,31.957572270207425,32.014965159557825,32.58232873329283,32.32348171362458,32.225068466724814,32.79768265094197,32.70950347548745,31.979532354412328,31.680167869808812,31.302066277517156,30.96279086317422,33.91120717461812,31.16297823381399
2016-11-10 17:00:00,29.681943883187355,32.65986991745538,33.01011746579739,33.0873698600797,34.04426687889882,33.74336292569266,33.558790827693976,31.711116722589164,32.380570822942055,32.08749650225439,31.957572270207425,32.83676789402549,35.609305070988924
2016-11-10 18:00:00,31.52290507670357,31.31047142434979,32.15043233184759,31.49964329658719,31.629039470485207,32.341844038817186,32.64521321919009,30.878489793179302,30.931511431639006,29.694386544097327,29.681943883187355,32.796825041167175,32.70585664666923
2016-11-10 19:00:00,32.63434003546176,32.54143192571826,33.10858306757526,32.747536001398096,33.92374816453763,33.24553395905907,33.331117451912014,32.954341738592056,32.24603426380451,31.484474526354482,31.52290507670357,32.17566981387357,31.594421320805264
2016-11-10 20:00:00,31.615817714085022,32.93074833958777,33.616074380706245,33.12405767751832,34.42694204011928,33.437457839776016,33.85417661985418,33.76633163302803,32.95261340457996,32.41503582996023,32.63434003546176,30.868103878254267,34.64354080612187
2016-11-10 21:00:00,39.39029489913333,32.088737391046024,33.32370595332021,32.339331322121886,33.94580176746011,32.569601604191355,33.364247402499764,33.4078535730991,32.84971475577177,31.24363016676566,31.615817714085022,31.71979444130738,36.30219373591196
2016-11-10 22:00:00,36.179091420503134,36.506603863154425,35.786199641073914,35.94356834419668,37.374576391564595,35.563827395123305,35.34222325683299,37.12659804650917,37.39980844692452,38.62678921946352,39.39029489913333,32.532977539277475,35.30477393963812
2016-11-10 23:00:00,39.07257512553133,33.70170058019826,34.310033281346485,33.13845140567656,36.81098408663513,33.19742315580232,33.3107081448903,37.02821222905415,34.30261150379284,34.85163454167895,36.179091420503134,31.518399986359377,36.71224061317636
2016-11-11 00:00:00,37.867640710802405,35.24667100652496,34.58545414803163,34.436582108186265,36.4529196180394,34.162811749087865,34.18884126204804,36.04650749700925,36.14371784175681,37.3600728892412,39.07257512553133,31.419356598853064,36.70755120394303
2016-11-11 01:00:00,34.23232139299625,33.03637213696927,32.70293142544584,31.847782434066243,33.967607819365064,31.96311899380558,32.69601784466026,33.89859030080086,33.7749130977406,35.767711605773215,37.867640710802405,30.22625336900994,35.40735944721599
2016-11-11 02:00:00,27.309592576119083,29.369683722041135,30.028945099821016,28.102679918615078,31.060102518172897,28.90634619426068,28.900110221912595,31.06202910025033,30.367785814999205,32.058809950115354,34.23232139299625,28.468717498553367,30.694897439323068
2016-11-11 03:00:00,24.473849837905,23.943961034032274,25.067009078218323,24.09234702582496,24.602020902611983,24.708296192958812,24.6904379651864,24.63972291352654,25.36176418264854,25.568848390720134,27.309592576119083,25.40252115864402,31.243580713075715
2016-11-11 04:00:00,21.746378341588958,21.644077952833527,22.313515900532096,22.18975842367462,22.845177228140514,22.376839200205016,22.077392973381162,22.41578398397889,23.485402841105174,23.551709713014684,24.473849837905,23.150618879741238,24.902098553951863
2016-11-11 05:00:00,21.53634317484861,20.615028812031856,22.281757824244096,21.241516607159898,21.57744168165779,21.516471004767286,22.213031461701586,21.795289313077454,22.07564506039413,21.721194678081993,21.746378341588958,22.841154822394635,21.653583545162878
2016-11-11 06:00:00,24.62529492216217,26.071490337722782,25.489816430025883,25.38598325227049,26.368857808102643,25.4886046750305,25.095648835642667,26.435460667225836,23.717009510582326,22.352646554259863,21.53634317484861,26.551296290503164,21.929595696890956
2016-11-11 07:00:00,25.025845140004535,26.04978337295317,26.438679450704612,27.14115220740962,26.150377789747363,27.514103382121704,27.478215335216902,26.3928863086054,26.253191362600614,25.967437659022444,24.62529492216217,28.104633579900312,26.524729229082418
2016-11-11 08:00:00,25.34500176562934,26.368845958314008,27.088733295456326,26.994249934810977,26.49568165487463,27.54721580340846,27.785210144049234,26.36678380277932,26.651851536334803,26.59103401766604,25.025845140004535,29.24601096126449,26.27641502490017
2016-11-11 09:00:00,26.877270087231896,27.12855705283604,27.81812441999125,27.731574001106008,26.806738131569357,28.009459791902717,27.945725953247234,26.68138225948713,27.09390287904986,27.040765892857426,25.34500176562934,30.0312037580392,26.032966073619864
2016-11-11 10:00:00,26.0761397324261,28.56057386422547,28.641525816717675,28.93288857311556,28.6114676461533,29.046327467477777,29.141908678990223,27.902268521673083,28.41735023627932,28.584742037633262,26.877270087231896,31.910885222435923,27.582351344648625
2016-11-11 11:00:00,35.16877593239051,28.27532683008862,28.97994269966885,28.658876975807477,27.933251620096666,29.200546081790836,29.783100538589213,27.73071090482515,28.515226143805958,27.73935406438567,26.0761397324261,31.377973046737143,27.456142488353247
2016-11-11 12:00:00,36.71224061317636,35.12228112877719,33.77169235636433,34.26305977179609,33.79579752800821,33.7131344568212,33.674422418111824,33.01735911678167,33.52995442394017,36.44813104606189,35.16877593239051,33.42031983309039,28.438027515224338
2016-11-11 13:00:00,31.750057468199458,35.784175419803155,35.85251595417092,35.6501301705678,36.942497824513914,35.38462250599637,35.455177667166105,35.735267140423716,36.15207757457828,37.15540816112026,36.71224061317636,34.29460522450269,29.15204840640228
2016-11-11 14:00:00,38.599804554701294,32.089475273663766,33.81456994435902,32.686295292814954,31.944335620990664,33.42252630165012,34.17082419984148,32.09575143644672,32.116696656722894,31.675732960883437,31.750057468199458,32.377216606761394,32.61968517272537
2016-11-11 15:00:00,38.80145722806181,36.94475954051674,36.364071373023364,37.09567501350201,36.424111356980234,37.10710619801589,36.44985151220578,36.06782092438274,36.67886702671931,38.09396363703966,38.599804554701294,35.68563231494059,29.936940926876396
2016-11-11 16:00:00,35.65649431636936,36.54607899241176,36.23648571709236,36.206196308661426,37.83056595823692,36.840893567978334,36.685397593807785,36.3271679421233,36.42691792465669,37.60330666170607,38.80145722806181,34.44185589275186,30.96279086317422
2016-11-11 17:00:00,34.409060799704896,34.67478542379229,34.99661090843747,34.86092445162847,35.90083919116889,35.551981013972274,35.4360163362434,34.616090471424634,34.74968210028453,34.05214794661235,35.65649431636936,35.782644667695465,31.957572270207425
2016-11-11 18:00:00,33.9116699126354,34.082531955806736,34.50437357467579,34.45157458587164,34.93250587637391,34.938133649797344,34.82626293572668,34.45197876933538,33.865196156420126,32.71376369273393,34.409060799704896,34.74314937325019,29.681943883187355
2016-11-11 19:00:00,39.74523919882427,33.84277027616474,34.45795084616393,34.425211740863254,34.98423936001231,34.62778119972496,35.0843280200836,34.54094869063996,34.68799878449933,32.23949259131182,33.9116699126354,35.619231714768496,31.52290507670357
2016-11-11 20:00:00,32.7351667392478,37.241596624193754,36.71584534719848,37.72965494812485,38.42352472552566,37.167808362419834,37.25718075402785,36.86535676294396,38.30164637969075,37.87851551312384,39.74523919882427,37.713769889312914,32.63434003546176
2016-11-11 21:00:00,37.44264602038919,32.620255410370255,34.375880555625294,32.12932362713074,34.81414351348015,32.44277946709839,34.3243688844229,35.49892443927917,34.370456690094834,30.72168141865147,32.7351667392478,36.34341865992763,31.615817714085022
2016-11-11 22:00:00,38.253653172652186,36.730738094480294,36.16544242760386,37.0117531637778,37.59189144237823,36.06461009486253,36.17327218204765,37.403664526037325,37.41226801709669,35.488622161500516,37.44264602038919,35.69568478963254,39.39029489913333
2016-11-11 23:00:00,35.3886010760711,36.00018951601328,35.94662046165134,35.396166391984714,38.23413570607465,34.609268667084045,35.463313465461795,38.352185832419195,37.391695409187186,36.07762974248261,38.253653172652186,35.46991348553602,36.179091420503134
2016-11-12 00:00:00,32.49335893435685,34.43213963877425,34.55172495844238,34.532616490751984,34.648218058094464,33.79544948454649,34.04873583059694,34.769984885445766,35.014442826962316,33.13048126259505,35.3886010760711,33.42646021853375,39.07257512553133
2016-11-12 01:00:00,34.640316516056394,30.705274999656293,31.71040080513393,30.761181202374257,30.73526040625764,30.53909927591131,31.037608367186593,30.986071977528344,30.481465075694878,30.452345147562916,32.49335893435685,31.921316868804386,37.867640710802405
2016-11-12 02:00:00,32.392532597676585,31.29207538660972,30.45247017402056,30.284862462404362,30.23040633906961,30.322204615303633,30.02325422601992,29.866319870219158,30.912620535307543,32.835192906951605,34.640316516056394,33.11593995317729,34.23232139299625
2016-11-12 03:00:00,27.46754405966755,27.679038150665722,27.17410261267881,26.06377499791375,26.940085859350216,26.702720894790843,26.553262648199166,26.555039684911403,27.94883882670849,30.761804325763567,32.392532597676585,28.161119095334016,27.309592576119083
2016-11-12 04:00:00,21.8921369573144,23.618867696102388,23.534098321500824,22.89947668597459,23.775251675310653,23.43984697170842,23.17671411442761,23.17619037684819,24.342714880924653,26.30251712356851,27.46754405966755,24.393357850643383,24.473849837905
2016-11-12 05:00:00,21.810714363740225,20.010269518545858,21.523452133016377,20.703059064908302,21.339602359401216,21.295793441465616,21.738740093993716,21.169326968689145,21.535755071389097,21.58083273048579,21.8921369573144,21.75725966552821,21.746378341588958
2016-11-12 06:00:00,24.665185737531026,26.056704173485752,23.74205591426373,25.094785525216775,25.72095344764874,25.079787663313294,24.273868841897865,25.422183920339087,24.208362608888656,22.450389044288787,21.810714363740225,25.732210987173147,21.53634317484861
2016-11-12 07:00:00,25.660084251308042,26.268344877354803,25.032960751337686,26.59584636801699,25.888153743629683,27.007779251225983,26.718683633052677,25.257615538659554,25.265405523310513,25.919227450415477,24.665185737531026,25.264771269809117,24.62529492216217
2016-11-12 08:00:00,25.689394343886608,27.00576714444597,26.16128936743142,27.19704363411994,26.77368278361234,27.32781068992446,27.24542474959934,26.491028551375415,26.962298760882714,27.192910265701695,25.660084251308042,26.940370697763058,25.025845140004535
2016-11-12 09:00:00,28.05860951216482,27.739416818397135,27.491729172004852,28.10668854547553,26.97133386274984,28.109494166695026,27.641749641098553,26.772159626099388,27.486086939719605,27.377493929896566,25.689394343886608,27.110328624276036,25.34500176562934
2016-11-12 10:00:00,32.25243108202048,29.94123872601895,29.45463865331841,30.312753538182605,29.7489276405687,30.238593734767203,29.670232336930095,29.15720898443215,29.55764149898381,29.757178224290083,28.05860951216482,29.31853800308957,26.877270087231896
2016-11-12 11:00:00,38.61504605247407,33.30829938031503,33.629567843123404,33.64886708345079,32.38959982402227,33.82585147208327,32.992780956522616,33.05693789223755,34.0125010216908,33.65211805838531,32.25243108202048,33.840004819040146,26.0761397324261
2016-11-12 12:00:00,36.88839338484862,38.46211443454521,38.029820702277455,38.31671656143289,39.37612070049373,39.029365062068585,37.94607457385325,36.9112537959789,37.590558078619935,39.29311468455906,38.61504605247407,36.09504526920005,35.16877593239051
2016-11-12 13:00:00,38.59570104629279,36.676246870399076,37.57295437752164,37.49842113575156,38.30048182574811,38.029393635886755,37.86694418876921,37.44295952872529,36.5368741820848,36.75125286889772,36.88839338484862,35.67652471729279,36.71224061317636
2016-11-12 14:00:00,38.78445729360297,37.92671292554328,37.90844623140635,37.76445266027101,38.97707055441747,38.11887983028656,37.946814903842856,38.00776058174751,38.643992343224696,37.847551135572715,38.59570104629279,35.24518802513305,31.750057468199458
2016-11-12 15:00:00,43.86886280143411,38.22198369122575,37.70784910953184,37.86658344615609,38.00502053156758,38.31084164526744,38.0517195410014,37.700873365500854,38.83419939257731,37.472520461866395,38.78445729360297,38.09385814874087,38.599804554701294
2016-11-12 16:00:00,45.016056616454705,41.6309886588474,39.01910886078778,40.10379484044137,39.8608983156085,40.041978632363815,39.516302000210466,39.4936006682515,41.55975422961613,41.90419475897206,43.86886280143411,42.701434471643275,38.80145722806181
2016-11-12 17:00:00,45.87337342864933,42.33602240665777,39.08889983009221,40.074230833031656,41.708174879981065,39.68695797467064,39.904051117136696,40.018241083156596,39.8784765706065,42.24651561810671,45.016056616454705,39.983166538931066,35.65649431636936
2016-11-12 18:00:00,37.02497802713262,43.07770726132876,39.1634438402985,40.3099925280951,42.845998893155055,39.6216410458753,40.617113957829375,42.094731609073605,40.80490251430355,42.400718792649634,45.87337342864933,40.45811208876256,34.409060799704896
2016-11-12 19:00:00,37.68621189486042,36.986663931088735,36.524731546569335,35.87740266683804,38.01003875326714,35.71846556545465,37.307247863986056,38.612211995852704,37.7092977089396,33.35503610545054,37.02497802713262,37.498269426836416,33.9116699126354
2016-11-12 20:00:00,33.64700059529683,37.707169719101714,36.8295712915125,38.27233543053203,38.41426640610616,37.255792604705185,37.4017587575649,37.88498866154066,38.47599152250244,34.30991282244129,37.68621189486042,38.78935106725054,39.74523919882427
2016-11-12 21:00:00,35.76787200737751,33.963912124339934,35.0141223436164,34.24200062635952,35.84334310003543,33.821658022758676,35.00690174003018,36.18477274955395,35.12201069418594,30.649163585483,33.64700059529683,34.841675890797106,32.7351667392478
2016-11-12 22:00:00,36.26379740817336,35.737908588879186,35.695504444972066,36.661868805420774,37.7187060778361,35.68516931594858,36.07154313225445,36.797166130103015,37.29438447745592,33.19498004337656,35.76787200737751,35.69794575828703,37.44264602038919
2016-11-12 23:00:00,32.00651995227392,35.792805587215874,35.25504322094295,35.52326991565802,38.34892912366038,34.48552440603464,35.40971651106059,37.17791356085647,37.04846839178133,33.90041819530217,36.26379740817336,35.88445049300588,38.253653172652186
2016-11-13 00:00:00,33.53884682724838,31.559774550318977,32.56744498010263,32.12980159885626,33.85137939131562,31.391862202089698,32.218966392145695,32.48219855153999,32.357299987549766,29.96968124012455,32.00651995227392,31.375833488953926,35.3886010760711
2016-11-13 01:00:00,31.121651117081004,31.688991257230384,31.867529543445187,31.561350413063792,32.699604397890056,30.957903339188295,31.0253012070974,32.43830885290992,30.967739632641106,31.91845460746696,33.53884682724838,30.466705134639213,32.49335893435685
2016-11-13 02:00:00,30.305660687407812,28.739699427911777,29.059736774718896,28.356589564391697,30.080221324439638,28.24371932835471,28.63012785910089,29.32648235439655,29.508107135992706,29.852896647984096,31.121651117081004,33.1036128531997,34.640316516056394
2016-11-13 03:00:00,32.850061670733844,26.90284200283732,26.62976798221924,26.219753226710584,27.008338394997995,26.460528424226776,26.359802429793046,26.336145154383043,27.674814002120275,29.47316260160947,30.305660687407812,28.556218041506735,32.392532597676585
2016-11-13 04:00:00,21.99879660483838,27.76512369126492,25.734887193457805,25.778730575575295,26.467091599771443,25.742174732664576,25.86433572766926,25.74633722273506,27.610918506904977,32.292798975626184,32.850061670733844,26.157173327516208,27.46754405966755
2016-11-13 05:00:00,20.223079515508406,19.83878755608075,22.041960780078636,20.747996238697215,21.45120023467516,21.500305134640538,22.084799454860644,21.413099890820277,21.521183174558978,21.982550266771778,21.99879660483838,22.726341779157018,21.8921369573144
2016-11-13 06:00:00,24.455120835222502,24.926031648171215,23.37332471226884,25.171567045151978,25.207880564621608,25.02179278166804,23.365758662143662,24.981253168017385,23.77271928111586,21.2588214642169,20.223079515508406,26.063745234096025,21.810714363740225
2016-11-13 07:00:00,26.253611882271567,26.109709598106843,25.40836887325867,26.750627709602522,26.089768853341226,27.098809003061973,27.038215807890392,25.98150463472503,25.714131399764092,26.21061894390043,24.455120835222502,26.39648547004319,24.665185737531026
2016-11-13 08:00:00,26.71199098876234,27.410501633968426,27.196262953086688,27.836079104807343,27.830674241159137,27.956091506162238,28.331725505210425,27.782272930703694,26.735906645457142,28.261891452236565,26.253611882271567,27.86941696351967,25.660084251308042
2016-11-13 09:00:00,26.79910023442114,28.512149740009534,29.04339180668377,29.115844812959494,28.77725839972894,29.545252443713537,28.69592662379249,28.54381400165066,28.89418354383217,28.793718260065777,26.71199098876234,28.91206429416144,25.689394343886608
2016-11-13 10:00:00,28.898868628100534,29.15768284151372,30.289071452540313,30.157477613335004,29.420722750203417,31.21607093783427,29.978803895679548,29.33809826959813,31.023722713427826,28.900393530463507,26.79910023442114,31.34461271461643,28.05860951216482
2016-11-13 11:00:00,29.05432886872982,31.34792526918261,32.30974859231739,32.20419374963823,31.384192373073834,33.55959809330413,32.37345765898076,31.300559751843494,33.117497864336045,30.912397925295124,28.898868628100534,34.395937182263026,32.25243108202048
2016-11-13 12:00:00,31.643369186424643,31.78536759883015,33.177377222318476,32.6314013536931,31.144620755844073,33.83961390066856,33.454744116743235,32.47371510407066,31.753041303979053,30.875847465261135,29.05432886872982,34.4028163245443,38.61504605247407
2016-11-13 13:00:00,32.61968517272537,33.80919649468901,34.83280794230918,34.153514917578725,34.051443908315754,35.14393975795244,34.438060810267984,33.99931311365117,34.09949260994712,33.19110050942996,31.643369186424643,36.80021937427869,36.88839338484862
2016-11-13 14:00:00,40.60578066819015,34.40215872156709,35.46134736927287,34.52596379980737,34.24400292552659,35.36738236198884,34.581605411034424,33.97521996131175,35.937777372886245,33.77427435567045,32.61968517272537,35.44073363231903,38.59570104629279
2016-11-13 15:00:00,40.369542225087116,39.26663825399675,38.73604215965462,38.8307997483176,38.725008380383755,39.399927510062554,38.14788143164136,37.72902303670894,40.74354885950876,41.06475227774568,40.60578066819015,37.23143920385147,38.78445729360297
2016-11-13 16:00:00,37.932708741878926,38.949193564992534,38.426600376653745,38.325912316483944,38.06945872064013,38.354639567452516,37.97218093429003,37.39890536670579,39.24838722303977,39.887814863552244,40.369542225087116,38.239275851566404,43.86886280143411
2016-11-13 17:00:00,37.92626089595954,37.96147196921394,37.451368208984086,37.58659480461939,37.1051046135772,37.21808594635856,37.11208415239229,37.28443150554938,36.93386751202504,36.84258714496276,37.932708741878926,36.51727626460828,45.016056616454705
2016-11-13 18:00:00,38.646993800081724,38.14207161556755,37.29806067473654,37.905422258728144,37.69755534589878,37.55058564339933,37.723296676015785,38.231906560458334,37.10112310801395,36.49798498058221,37.92626089595954,40.21327746137885,45.87337342864933
2016-11-13 19:00:00,40.212440774972166,38.31637368463439,37.27387207489433,37.79360159341217,39.17647653380072,37.46848757519001,37.65540927254909,39.06510819396674,36.80333938089898,36.93455722746741,38.646993800081724,39.292014237470966,37.02497802713262
2016-11-13 20:00:00,35.44135858192211,39.171335146144735,37.4997600928997,38.29129668880466,39.55287989344834,37.93135240839053,38.51280489011781,38.91991492114246,36.99311104279656,38.18570383366122,40.212440774972166,37.99378004745723,37.68621189486042
2016-11-13 21:00:00,39.21765900083318,35.384767268042275,35.527928365637244,35.05952133647652,37.257605282335106,34.969206829068504,36.03812377994348,36.508665039740364,34.45914467416039,33.30205400509591,35.44135858192211,33.82804980766598,33.64700059529683
2016-11-13 22:00:00,36.16766048072644,38.1878056536362,36.63600865059377,37.62394218877602,39.00658479867627,37.30921530622951,37.13019396999257,38.24034999339764,37.5023058491152,37.08852485311918,39.21765900083318,34.90181609489636,35.76787200737751
2016-11-13 23:00:00,33.3190216835678,35.142356430723424,34.63843436472249,34.91262530467614,37.99490226483408,34.480963728561484,34.93399073870179,37.74320286456605,34.05615430419857,33.99010574993571,36.16766048072644,34.15654004509199,36.26379740817336
2016-11-14 00:00:00,33.68451733758663,32.00614984846341,32.16939426314748,31.54431046407494,33.86650675884437,31.427075233241585,31.37965312042806,32.80686690334526,31.595700500895568,31.391744728695866,33.3190216835678,31.919501573676378,32.00651995227392
2016-11-14 01:00:00,36.00645552220299,31.332827065032607,31.161068977836663,31.112454444265495,33.51375839867704,30.882692634293434,30.57151685773302,32.236316239597144,31.394529103212587,32.090866009608,33.68451733758663,29.890154902423202,33.53884682724838
2016-11-14 02:00:00,30.227403004539198,31.289458228320026,30.58216766713514,30.311256511404036,32.85722464899039,30.076943568709094,30.170605071289533,31.763723715070395,32.12941099830637,34.5608791789524,36.00645552220299,31.492575511260014,31.121651117081004
2016-11-14 03:00:00,23.443925761661067,26.326905652559873,27.190423554405445,25.39129282553478,27.31237626312248,26.03966300081096,26.046030144643055,26.910891102984646,27.787472525194744,29.026618209812213,30.227403004539198,29.925098338420494,30.305660687407812
2016-11-14 04:00:00,22.444132626519718,20.831220342702302,21.789715178914392,22.19579364269732,22.094138220805732,22.87904761642505,22.565032307248725,22.080854291411903,21.993284144446353,23.021623903787976,23.443925761661067,27.26629621049067,32.850061670733844
2016-11-14 05:00:00,22.903303029519215,21.374085601685398,21.607729830609973,21.682504383246084,21.783585936239255,21.560992859550463,21.98302843263993,21.74383136168753,22.43083825780389,23.01632869000608,22.444132626519718,25.598983319396837,21.99879660483838
2016-11-14 06:00:00,27.298190821251893,27.345218922490997,24.95009139388465,26.419298835262666,26.25945551796368,25.822771827708195,24.67307581969132,25.43013946969681,24.29395405570017,24.27208469788443,22.903303029519215,28.377243575058934,20.223079515508406
2016-11-14 07:00:00,26.747807664185093,28.03507032244738,27.28493481509007,28.218137194971735,28.73571040275939,28.058552029518108,27.913586408165624,28.144913144189477,26.902460885853422,29.06602126445869,27.298190821251893,29.63077011767638,24.455120835222502
2016-11-14 08:00:00,27.544893155730737,27.550697465217837,28.145707255175846,28.054896420753312,28.34957084061961,28.2745080618307,28.23827941724245,28.090704652743128,27.098685166045527,28.61160624200306,26.747807664185093,30.936580057769376,26.253611882271567
2016-11-14 09:00:00,31.86407336489536,28.685028050493056,29.223522532763756,29.385475190160538,28.923776284995657,29.4215393790074,28.90057048078423,28.48013987122068,28.742188076234378,29.46876381894988,27.544893155730737,32.00652460289753,26.71199098876234
2016-11-14 10:00:00,32.95088837451988,31.990088542299656,31.996775741187587,32.148752639351336,31.81435530354419,32.21227754128176,31.23257454527859,31.0024375531994,33.436362640865774,33.602081828791455,31.86407336489536,35.39901398737928,26.79910023442114
2016-11-14 11:00:00,29.98911271545547,32.51030894242961,33.899108470609285,33.20727015650704,33.35155070993778,33.57441888785308,33.06104721315423,33.31990750981486,32.574726829169805,34.2687670879174,32.95088837451988,37.71274690685933,28.898868628100534
2016-11-14 12:00:00,28.308565229842202,30.548425537067146,32.992813567752734,31.559734229867473,31.672115606452948,32.02196904836527,32.36316358462034,31.75249174662644,32.06670107120748,31.045538857722605,29.98911271545547,37.371943398334714,29.05432886872982
2016-11-14 13:00:00,31.443768083715486,29.797022948814202,32.088097953961615,30.763872760768695,30.92285608427317,31.149262886544985,30.93230719460139,31.052016840760327,31.493177768406067,29.382003157152464,28.308565229842202,33.95027875700549,31.643369186424643
2016-11-14 14:00:00,33.07135230068806,32.30509179431419,33.45011111943142,32.916980037310005,33.859329840665154,32.84834997885043,32.62971058683916,32.872400057445,35.44088061019659,32.479839002767555,31.443768083715486,35.512287709548445,32.61968517272537
2016-11-14 15:00:00,35.03776028478866,33.711248512060905,34.286954564645725,34.02685803927105,33.62309188926123,34.04590752529946,34.11486026973962,33.86571854794503,35.43408621642091,33.84340446997675,33.07135230068806,34.649783556928384,40.60578066819015
2016-11-14 16:00:00,38.30670436312718,35.103235803280946,35.38310146438136,35.52412111159318,35.23057127779913,35.615240681976665,34.91604269238188,35.201733955104636,36.14850049585826,35.43571006197864,35.03776028478866,33.857222198447445,40.369542225087116
2016-11-14 17:00:00,34.41228472266459,36.164856282041846,36.81534153726931,37.203640333916745,38.238359521183405,37.26156399704069,36.616584349564015,37.79882379550083,38.629262590909185,38.175020563849664,38.30670436312718,34.47660229627032,37.932708741878926
2016-11-14 18:00:00,33.20647145669842,34.594568283230934,35.557470469068754,35.08555378628292,36.013372756346286,35.44205681711562,35.78279228759282,36.51228617115399,36.42798913932265,33.86822916974259,34.41228472266459,34.98993705092401,37.92626089595954
2016-11-14 19:00:00,38.28941147825592,34.12709945407522,35.199524712520784,35.04106778549759,35.794114602109396,35.21955473808749,35.131660803824005,36.1423617530056,35.27553690110976,32.59863579160939,33.20647145669842,34.63081769372078,38.646993800081724
2016-11-14 20:00:00,34.27980358878909,37.47694397920021,37.14081947968801,37.69797787984564,37.93648750275198,37.434437535149065,37.13150674026175,37.623621827798694,36.16131322179076,37.483195957970274,38.28941147825592,33.452803719155845,40.212440774972166
2016-11-14 21:00:00,35.162327719365344,34.347896449123986,35.38055264895103,34.413740786556545,36.175795763046395,34.647067713718634,35.37070748377521,35.99453706595049,34.528607328528935,33.23114973845439,34.27980358878909,32.43433987527352,35.44135858192211
2016-11-14 22:00:00,34.640316516056394,35.12693811033329,35.532784930369054,35.480891958629876,37.12731361634089,35.222341560431836,35.29642534235864,36.280273849789964,35.04234837282672,34.10124906940814,35.162327719365344,32.89751508783023,39.21765900083318
2016-11-14 23:00:00,40.27926724273475,34.33568895825405,34.33174979086638,33.866811911326366,36.31970597984241,33.48669675909462,33.83124437835963,36.01590776182565,34.16441526713478,33.551108041906325,34.640316516056394,33.66318609143337,36.16766048072644
2016-11-15 00:00:00,41.71047464706364,36.621584330287206,35.106889362371795,35.07500071879472,36.13213330656114,34.44236708343562,34.442085268565194,36.38285421788692,36.031160272771835,38.96272269127557,40.27926724273475,31.77848885913712,33.3190216835678
2016-11-15 01:00:00,32.225465694058585,36.38075682019737,33.992260399774985,33.64660632368915,34.507060176163975,33.16610315907841,33.48844540629321,34.233298628582524,36.192214717925495,39.873541915405546,41.71047464706364,31.51433107326931,33.68451733758663
2016-11-15 02:00:00,29.344878896907062,28.173319024639827,28.78283222325588,27.509380688630987,28.913919579500682,28.309780105236715,28.95871436148793,28.502265979014574,29.32480009215984,30.321735334733987,32.225465694058585,29.117328185359703,36.00645552220299
2016-11-15 03:00:00,24.473029356486766,25.500767195442382,25.533611170627534,25.215095878800337,24.931538064335083,25.560990898646423,25.219507939616904,24.554774268935756,26.5664504338702,28.009278115174293,29.344878896907062,25.201577577728955,30.227403004539198
2016-11-15 04:00:00,25.195198378420194,21.935239581152214,22.02826345158499,22.401338616274263,22.764202087673457,22.358032371097163,22.191585876247306,22.616611403546038,23.69243728520005,23.935833695205233,24.473029356486766,22.3543994886249,23.443925761661067
2016-11-15 05:00:00,22.23732138273906,23.515962806495946,22.811320882921393,22.946216716248937,23.329565600090007,22.48829153605509,23.053865591481337,23.882814671634577,25.051354219337295,25.49721082767344,25.195198378420194,24.040321059765503,22.444132626519718
2016-11-15 06:00:00,25.529830715305405,26.870411052246794,25.964041718693352,26.424562642673063,26.541940425411497,25.97490670372593,25.79185589207945,26.53079473433197,25.056792524361768,23.27260821974979,22.23732138273906,27.71195711843765,22.903303029519215
2016-11-15 07:00:00,26.361091644108,27.14452811216222,27.087401619239486,27.57011876821706,26.71240007315915,27.74284258835151,27.51162292484682,26.552842740371172,27.10486630961577,27.13963997982429,25.529830715305405,30.01321846666556,27.298190821251893
2016-11-15 08:00:00,26.557292796635966,27.482063766292615,27.931374228108652,27.918396977602423,27.41736184048313,27.934106565836817,28.184181072826167,27.117188398673342,27.94211950606481,28.20158449636516,26.361091644108,30.462921011646397,26.747807664185093
2016-11-15 09:00:00,28.565848424776004,27.915962408550033,28.595219965508516,28.444435545462678,27.767138101645244,28.472154188596846,28.67099662132348,27.92814562455026,28.450723822736368,28.515923734653875,26.557292796635966,31.7642346855108,27.544893155730737
2016-11-15 10:00:00,28.14410679634377,29.49083392952086,29.621783559266618,29.595350268188678,29.72912054948707,29.905451969717262,29.809091444258186,29.275208323002392,29.151722359109385,30.511629244949646,28.565848424776004,35.17538752894578,31.86407336489536
2016-11-15 11:00:00,29.3410685912962,29.192007239588932,30.10624196743896,29.50925239895369,29.914762130099632,30.17938425305677,30.026838371526214,29.23098708196479,28.59823858073674,29.985009223499247,28.14410679634377,36.77259357144377,32.95088837451988
2016-11-15 12:00:00,34.0069276217393,30.134487828009437,31.24471058818609,30.41726261886323,30.512117676597587,30.835877561479236,30.39612555522487,30.11340922596654,29.75711507832265,31.06374865715083,29.3410685912962,36.79446171751961,29.98911271545547
2016-11-15 13:00:00,30.4741931690759,32.814423898194526,33.81775220081269,33.108060798418954,33.88737129697674,33.21968628582858,32.469748587302384,34.23766975710463,32.71593700428142,35.37193153043215,34.0069276217393,38.46704320095106,28.308565229842202
2016-11-15 14:00:00,31.671799877107293,30.77962214938807,32.63082077590208,31.39513592906688,32.59691538015736,31.826993172562254,31.739850397908885,31.893546819546017,33.4268336761351,31.465126256031972,30.4741931690759,36.88664362488354,31.443768083715486
2016-11-15 15:00:00,32.250086010298034,32.09571839692652,33.440938124938725,32.806419523768064,33.29324296347447,33.11307093573539,32.297856200575275,33.069263101694254,34.08554442583717,32.50133206871668,31.671799877107293,36.28088300806666,33.07135230068806
2016-11-15 16:00:00,36.92503127590117,32.66454390824597,33.71357694165466,33.33221803504037,34.11193493411865,33.816471062824895,33.2292694598461,33.77287786329645,33.87771960299802,32.86508457426472,32.250086010298034,35.93071829821601,35.03776028478866
2016-11-15 17:00:00,37.41099122319396,35.25618748965912,36.008456003966636,36.30945606718851,36.41261738307257,36.51828247696401,35.68513860143165,36.55446589106096,37.23188618683918,37.14479835351301,36.92503127590117,36.71423371736205,38.30670436312718
2016-11-15 18:00:00,37.11525300948499,35.45770971809915,36.52175358448222,36.578304271989076,37.238309761103054,36.699980993285685,36.408743374070546,37.446383157229285,37.15469485448494,37.063239249599135,37.41099122319396,38.67345820676414,34.41228472266459
2016-11-15 19:00:00,35.18020687216721,35.938083539106735,36.61518836865138,36.53618647059033,37.47726955443635,36.58836835457834,36.62448348700022,37.45224289968916,36.48795072899979,36.31880662021513,37.11525300948499,35.95906219145735,33.20647145669842
2016-11-15 20:00:00,34.26983813528604,35.29208688625095,36.103155345179196,36.03965877157813,35.934931350751896,36.068070801050304,36.306062296621285,35.595985739080064,34.45259257019949,34.13823993136549,35.18020687216721,32.12003846611898,38.28941147825592
2016-11-15 21:00:00,34.51076635472818,34.61318225943571,35.631856379052465,35.278491980269926,35.88002860454199,35.215185322725695,35.41083765211261,36.08091999282362,36.16762377014844,33.18158659118748,34.26983813528604,33.973056053406026,34.27980358878909
2016-11-15 22:00:00,37.48573175736112,34.70212905307615,35.44834974439585,35.13357183414593,36.97424155006574,34.91992801758849,35.15770402206662,36.418645563010855,35.24956636981158,33.428729174521486,34.51076635472818,33.18915259499749,35.162327719365344
2016-11-15 23:00:00,36.21162580314718,36.210236674875766,35.95282357038408,35.767453017313976,38.46414935340465,35.11281640755801,35.28596576447574,38.30449291790864,37.58026883781894,36.275741342212285,37.48573175736112,33.53059938207154,34.640316516056394
2016-11-16 00:00:00,33.131730922531254,35.16812848016323,34.448837322807584,33.86652960698157,36.157072194012905,33.341004222409566,33.911061618358,35.59267150809849,36.1260740037599,34.808855921628975,36.21162580314718,32.11907784946527,40.27926724273475
2016-11-16 01:00:00,30.870757444135798,31.693196943414318,31.460521567827374,30.990715376170588,31.627977485033128,30.818879860247222,31.639580410038167,31.66711028432107,31.759290729224368,31.78239564007542,33.131730922531254,29.389578157089822,41.71047464706364
2016-11-16 02:00:00,29.681943883187355,28.183709632524312,27.86549418963898,27.22758836462084,28.302782422054584,27.546930133927347,27.763935614592352,27.77854111689741,27.850736414915605,29.82314720264395,30.870757444135798,26.870536907109965,32.225465694058585
2016-11-16 03:00:00,24.31507768938541,25.619362981480595,24.514908172022754,25.07375905219463,25.28645501392081,25.257224815741072,25.154932625681393,24.983340531482295,25.496094795443522,29.03871052340476,29.681943883187355,24.17844741933222,29.344878896907062
2016-11-16 04:00:00,22.733978792460174,21.88363062691813,22.49212338618642,22.258004611856933,22.944135093221423,22.24121001189769,22.364799354307944,24.142544580703653,23.90682302253882,24.274291653645776,24.31507768938541,22.696926076422216,24.473029356486766
2016-11-16 05:00:00,22.107067846736427,21.895858430974545,21.99378242935836,21.954005049675516,21.959482205027477,21.76664918854733,22.233655953894658,21.515964398790928,23.01246119898167,23.50154979282101,22.733978792460174,22.071875546286677,25.195198378420194
2016-11-16 06:00:00,26.336646987984263,26.767101122596443,24.977928413336794,25.68276520889621,26.51289383232372,24.746007378943393,25.18513050240452,26.15765850771463,23.496546704161936,23.602503705973273,22.107067846736427,25.988454293294115,22.23732138273906
2016-11-16 07:00:00,25.48747772147029,27.56532042034352,26.667064461041047,28.017123423333032,27.63676057111033,27.90374416453997,27.612864687605338,27.47689369322471,27.507232783304534,28.24053010050306,26.336646987984263,29.064947311219907,25.529830715305405
2016-11-16 08:00:00,26.81539661065267,26.806735545170138,27.403321320241556,27.43087750377202,26.621237892191076,27.556740362869775,28.0381653912783,26.694076960911378,27.087159880083377,27.51506091602249,25.48747772147029,30.577750333914445,26.361091644108
2016-11-16 09:00:00,26.910654136203675,27.981167920741157,28.373596535044655,28.46768186124807,28.47578326527312,28.34422606121332,28.37840929182006,28.19514881688499,28.591234569560697,28.9167121871611,26.81539661065267,33.24650420827938,26.557292796635966
2016-11-16 10:00:00,26.97742223414724,28.224445555990812,28.682283166160058,28.733251038981752,29.05868597246896,28.908210242690814,29.127560601965328,27.946246050361005,28.4054156273725,28.986462838885764,26.910654136203675,33.0108798989982,28.565848424776004
2016-11-16 11:00:00,28.116438217260338,28.433761076857845,29.08151711475628,28.966559144324588,29.34917614026932,29.294998077836112,29.423807137678978,28.751499094852306,28.782951869148004,29.016091774434624,26.97742223414724,33.907717367989,28.14410679634377
2016-11-16 12:00:00,30.584985051035666,29.408353124855783,30.06307788779917,29.72468694220976,30.05452373769463,30.030831503463535,29.96768308380655,30.050353760552255,29.414184039951888,30.065445769372964,28.116438217260338,35.445448160787954,29.3410685912962
2016-11-16 13:00:00,34.72590172206965,31.162676228125665,31.616853013568832,31.163353844211198,31.698431912945807,31.44614931535726,31.51534912198734,31.365642100045438,29.76296766221982,32.29288792208084,30.584985051035666,37.45931544296026,34.0069276217393
2016-11-16 14:00:00,32.62789182243659,33.38727056385916,33.90097367389301,33.48588937111587,34.24847993378596,33.82913939381728,33.29864156145558,33.77688482288482,34.172647247144816,35.93794864107086,34.72590172206965,37.27333471724542,30.4741931690759
2016-11-16 15:00:00,29.860441772470285,32.164049631281195,33.481575266358256,32.98861987369096,33.840434073194004,33.44784876887806,33.197636199523295,33.78191894444554,33.38200308539097,33.326615874388295,32.62789182243659,36.40961471513573,31.671799877107293
2016-11-16 16:00:00,33.093334961898435,31.080244827868132,32.65191424572907,31.7936361058653,31.893846955567465,32.49449304647977,32.29587125962298,31.704647768087426,32.32441905704943,30.384843449803775,29.860441772470285,36.53326438233035,32.250086010298034
2016-11-16 17:00:00,31.951124057182255,33.78471188521956,34.31480235253407,34.10723401426653,34.509758890546294,34.7985257690467,34.375525809073245,34.98503545135206,34.53995677082248,33.48732357880251,33.093334961898435,36.905869097934456,36.92503127590117
2016-11-16 18:00:00,32.53409996671211,33.011831237946886,33.999633719365676,33.570792616958535,34.769903256688764,33.96134837994122,34.084642079830004,33.94569033947676,33.338809052213946,32.1240463255454,31.951124057182255,35.32293438280058,37.41099122319396
2016-11-16 19:00:00,32.57630648534102,33.636492069976605,34.46368124502066,34.16130918513045,34.95424159479712,34.354397647750055,34.76674945983829,33.88562522596967,33.4841733963317,32.5700557527001,32.53409996671211,35.264402390152206,37.11525300948499
2016-11-16 20:00:00,34.406715727982444,33.65001110742977,34.33370793309674,33.954095593414955,34.69595853252052,34.01379372351067,34.60327713364916,33.197544545446895,32.643370103437455,32.47459951431722,32.57630648534102,32.64302503073614,35.18020687216721
2016-11-16 21:00:00,34.06408195351702,34.67901203500567,35.0373250197022,34.59741580039756,35.82974527510994,34.48467712589448,34.95701022900338,35.39915977251459,35.07621681787517,34.11998023350622,34.406715727982444,32.1919171621702,34.26983813528604
2016-11-16 22:00:00,36.7922564574017,34.18463398507239,34.67619131656098,33.75302380376694,36.057515640792815,33.55106227207687,34.253247156666085,36.30278330779459,34.34850413155842,33.55599674991513,34.06408195351702,33.021902315481015,34.51076635472818
2016-11-16 23:00:00,37.75772850606789,35.878856895201096,35.25483103380213,34.751470639644545,37.631097411089854,34.29964908251707,35.036976758685604,37.94230855802514,36.354696470351676,36.018514682318184,36.7922564574017,34.38419291235956,37.48573175736112
2016-11-17 00:00:00,36.20781524515109,34.35880463027,34.35399052744007,33.751356654051506,36.29346047058678,33.2373646929531,34.238127293275056,35.64422123593341,35.13102534371888,36.601284395843535,37.75772850606789,32.704791641663405,36.21162580314718
2016-11-17 01:00:00,34.43280189760132,31.485701965118466,31.91455040964121,31.09678997944989,33.99919960580265,31.085574347213143,31.66946783764003,33.31357677063928,33.043959601598274,34.77714438964546,36.20781524515109,28.898596641028693,33.131730922531254
2016-11-17 02:00:00,29.92140657046764,28.87202509248945,29.401169359952178,28.40687109471756,30.474831147101213,28.65235711597092,28.77731071906,30.570678755237353,29.99459287053886,32.95210462793569,34.43280189760132,26.91269231366526,30.870757444135798
2016-11-17 03:00:00,24.009784813541163,25.19257302143474,25.368273335233187,25.336544015564616,25.98522731029742,25.557782394129493,25.39860924372958,25.195981782154647,26.237845973892096,28.690791283333944,29.92140657046764,24.975677133045703,29.681943883187355
2016-11-17 04:00:00,22.664777884512752,21.260632294597297,22.622973101975727,22.534000121456316,22.86226950738382,22.4320550910959,22.257845043211244,22.60868852660273,23.688773569515952,23.459729410805213,24.009784813541163,23.10090445608057,24.31507768938541
2016-11-17 05:00:00,20.661117474283945,21.529606783786164,22.083028291840886,22.054707794076524,22.03011613984907,21.826750033683677,22.026740452072488,21.747430466754352,22.97445326915828,23.00386740106817,22.664777884512752,22.886855260327344,22.733978792460174
2016-11-17 06:00:00,25.020159038578583,25.454343855087558,24.529169374994424,25.465977681991987,26.305175982211804,25.112670368158234,24.87807380565611,25.843980385197202,22.614466037367894,21.838242771204946,20.661117474283945,26.573824792710557,22.107067846736427
2016-11-17 07:00:00,25.32791409288909,26.548959189509173,25.962687404286743,27.525695267190773,26.38229869086335,27.52776320464149,27.367503757646503,26.16286002951102,26.744129631375575,26.757764099506055,25.020159038578583,28.768902813488566,26.336646987984263
2016-11-17 08:00:00,25.267652577789708,26.676175108735446,26.956091338657057,27.317968155673395,26.49070960110855,27.304626063206168,27.967619713674555,26.554414503768115,26.66557908987099,27.251818341883514,25.32791409288909,29.823325081717698,25.48747772147029
2016-11-17 09:00:00,26.435978653481374,27.18249137744905,27.417900039120752,27.705948702201738,26.697451977912156,27.64206198693301,28.002745159505775,26.43907610849987,26.998420684761513,27.3128864565644,25.267652577789708,30.305918868204326,26.81539661065267
2016-11-17 10:00:00,30.167317516661313,28.261296628428994,28.040346397309253,28.43641416180174,27.78956129645022,28.396780010733362,28.809128941423626,27.499612126194585,28.01023267958618,28.51906277291684,26.435978653481374,31.200317931489995,26.910654136203675
2016-11-17 11:00:00,30.456314108050478,30.751087996059766,30.242514699826614,30.554282526233674,30.50252342980646,30.331620266716893,30.43904251531446,29.22801065713313,31.40120033299909,32.05227908515307,30.167317516661313,33.271129388637874,26.97742223414724
2016-11-17 12:00:00,31.762953894249797,30.90761761773811,31.899496258184797,31.158616038199202,31.147701042999415,31.244165390214615,31.505782222992735,31.047155258916185,31.320105014227757,31.974953108219513,30.456314108050478,34.14406829423821,28.116438217260338
2016-11-17 13:00:00,33.103300048295715,32.044205807959685,33.22663015284101,32.37900328126158,32.1520422417118,32.51531822316589,32.493500086529245,32.03254463167465,33.32189648893073,32.9219451218818,31.762953894249797,34.31688645178965,30.584985051035666
2016-11-17 14:00:00,32.92890571330951,33.204498630236856,34.09053388286133,33.60968502697447,34.04773374008351,33.91689468446453,33.71619134665101,33.568760074623434,33.496000076139204,33.85556098224897,33.103300048295715,33.65807698939625,34.72590172206965
2016-11-17 15:00:00,31.76969524124027,32.91212738837317,33.98718956763626,33.618005968951856,33.42524998137886,33.95941312063781,34.2157449762389,33.50061459579342,33.00927214355471,33.30213625771208,32.92890571330951,34.26973831458773,32.62789182243659
2016-11-17 16:00:00,33.712948211822166,32.303733013453915,33.53351608421743,32.84319850580871,32.78617646011379,33.4413051083501,33.74617764807628,32.601544273502384,32.71075273645669,31.906689033747778,31.76969524124027,35.69705396048741,29.860441772470285
2016-11-17 17:00:00,31.715764832422252,33.60144472590008,34.30327449683147,34.30968918086206,34.306716300832946,34.89263957654021,34.435621147622896,34.12423627372864,34.65115861816202,33.64498557650453,33.712948211822166,36.73921434513943,33.093334961898435
2016-11-17 18:00:00,33.34100434477816,32.31766296464347,33.484357805801835,32.81410476090314,33.76584111056892,33.42448260835158,33.63150065505494,32.5415760759212,32.66486267843157,31.473973313468242,31.715764832422252,34.98294064045132,31.951124057182255
2016-11-17 19:00:00,32.27118945316538,33.58363226398157,34.283946010410276,34.188427166728225,34.99002644913642,34.4428659801906,34.57292531723564,34.36732454358013,33.81009798411603,33.00080054578053,33.34100434477816,33.76552010785324,32.53409996671211
2016-11-17 20:00:00,33.524191964511985,32.84114087791198,33.90805612333738,33.11534845999432,34.66995237855953,33.26465307281708,33.92487837859871,33.3183799826644,33.48330482405629,31.81792767175725,32.27118945316538,31.21862710054711,32.57630648534102
2016-11-17 21:00:00,34.177218448317,33.72451693863494,34.50022478988776,34.06096730571116,35.62636799053564,33.89659202167189,34.64624307176823,35.03718209318521,35.1021021806324,32.98823132561194,33.524191964511985,32.174936784141586,34.406715727982444
2016-11-17 22:00:00,31.421199338127394,34.27529100217311,34.692225028606934,33.96152006307765,35.94711751902973,33.546798216073924,34.457641375991415,35.861605126177196,35.262469403765955,33.4878240268995,34.177218448317,29.618979163053318,34.06408195351702
2016-11-17 23:00:00,34.17135650322244,32.22952753596106,33.1005804063091,31.89449022021624,33.26605005900373,31.63684917362734,32.90323682059387,33.69601545772106,33.05931012978772,30.69917329045886,31.421199338127394,28.53258777629726,36.7922564574017
2016-11-18 00:00:00,35.250843897925876,33.93590513491167,33.24799748357986,32.744503707655554,35.16243509443836,32.399225058414025,32.828556002300246,34.65620008183835,33.33707484450937,33.453806900872536,34.17135650322244,30.10922367412735,37.75772850606789
2016-11-18 01:00:00,30.00376766996831,33.101540755029504,32.39142663033013,31.46870600763891,33.21867318972842,31.264249533291718,32.05660878265744,33.32821327808668,33.143499966731305,34.35274036342972,35.250843897925876,30.631119478180924,36.20781524515109
2016-11-18 02:00:00,28.11318474228536,27.564205413017238,28.597945790933107,27.268036201826504,27.668316015126884,27.820784254327872,28.17649867311285,28.37619001501155,27.43062514914044,29.136091327111274,30.00376766996831,28.619499480850582,34.43280189760132
2016-11-18 03:00:00,27.152461573988848,24.832238691129394,24.79855318712796,24.61867221152292,24.48916288285674,25.087578871650184,24.845173051443663,24.693493264224497,24.96902964686173,27.623415407080202,28.11318474228536,25.81730893149861,29.92140657046764
2016-11-18 04:00:00,21.996334059266342,23.04936193777267,23.161737789396557,22.948382395613567,23.493532756026028,22.99524491684983,22.876311699415528,23.602749672095634,24.493952550416143,27.09448951878691,27.152461573988848,24.731076256769118,24.009784813541163
2016-11-18 05:00:00,20.9208330662276,20.41092999049081,21.809568993706716,21.438125981315192,21.41219080027288,21.592910749221343,22.373342395282208,21.314254456928733,21.808155636453833,22.53856407439694,21.996334059266342,22.658486925295932,22.664777884512752
2016-11-18 06:00:00,25.74719368051973,25.67362617168816,24.242782691555806,25.422197870358726,25.73580972231408,25.106681588016695,24.380258054830605,25.11855366657232,22.494304973468186,22.23477078259051,20.9208330662276,26.059416681743656,20.661117474283945
2016-11-18 07:00:00,26.214541548320945,26.892877528283012,25.83220540612037,27.874992072746952,26.62480388351817,27.682341322585668,27.504166822902743,26.470074704113408,26.4258191845736,27.502232168724383,25.74719368051973,28.138001802428544,25.020159038578583
2016-11-18 08:00:00,27.019745859519954,27.074758373808734,27.135191021385875,27.608114491773268,27.65917770945563,27.678472119441228,28.24004004126711,27.09283331635992,27.070661779225755,28.03288763543678,26.214541548320945,28.281421786009936,25.32791409288909
2016-11-18 09:00:00,26.269087409979086,28.00637560622856,28.3521784662718,28.667834395078927,28.196743817829233,28.523189562993846,28.52615637902291,27.82833662976274,28.27445045681539,28.82034243934291,27.019745859519954,28.529309557303087,25.267652577789708
2016-11-18 10:00:00,28.661926592354025,27.968605744503478,28.986499045422317,28.813549501121404,27.996130649459026,28.925398846576446,29.331122567631354,27.896779464274527,28.39324230793226,28.037648926262168,26.269087409979086,29.488944332888924,26.435978653481374
2016-11-18 11:00:00,29.117872946201214,30.077221987851058,30.436697107078384,30.654773022309556,29.75023799167255,30.743600965453727,31.011109509486733,29.90937394431757,30.96376130730357,30.33535073493371,28.661926592354025,33.46596756560519,30.167317516661313
2016-11-18 12:00:00,33.627655956221325,30.71048040665552,31.972224991493437,31.29149352394847,30.130797406750442,32.0899822467459,31.83530591584389,30.636608750685244,31.762424711267972,30.567410925165504,29.117872946201214,33.57806824694695,30.456314108050478
2016-11-18 13:00:00,36.86553150529522,34.149980056023395,34.76333525371598,34.336223709006866,33.46786622143685,35.2519944074403,34.61006173793738,34.350497148837874,35.644858531567436,34.684107217227094,33.627655956221325,35.814658054389525,31.762953894249797
2016-11-18 14:00:00,32.72695972243079,35.92417757216148,36.152451288262284,36.25256935552439,36.370658658075754,36.86032619007244,36.444901702605854,35.88486421418452,35.18443372811778,37.24472157174486,36.86553150529522,34.907996211254925,33.103300048295715
2016-11-18 15:00:00,34.081961106318886,32.933782835965005,34.41664801959672,33.63434548011253,33.2753652318282,34.31474618534974,34.5511215589087,33.374551205163364,32.69133577754253,32.58941121972402,32.72695972243079,35.17455128339778,32.92890571330951
2016-11-18 16:00:00,40.99736285893363,34.10553590529698,34.71945656825932,34.55714552002082,34.36721140666351,35.0036059867062,34.56326015626059,34.55061275029766,33.98077500597425,33.70288683692631,34.081961106318886,37.89191007579791,31.76969524124027
2016-11-18 17:00:00,41.935282884601534,38.31492435101507,36.87948984599843,37.77704267536367,38.37087215914448,37.86753694223526,37.43728578652726,37.0016785574895,36.8141579882347,40.07239926710895,40.99736285893363,38.66878298783814,33.712948211822166
2016-11-18 18:00:00,38.8161120907982,38.886369773917565,37.189608082583185,37.779550742052415,39.13139083502321,37.68611253156264,37.73468723415668,37.54183212844455,37.47964734616391,40.19734092524726,41.935282884601534,36.60396289717043,31.715764832422252
2016-11-18 19:00:00,36.6260691392325,36.42860245071238,36.27426114658844,36.50386109350368,36.756962408806025,36.330527938958774,36.668799517809425,37.30274494448895,36.662894254232825,36.54236762567331,38.8161120907982,33.90462453917209,33.34100434477816
2016-11-18 20:00:00,34.40994001804792,35.79798593924562,35.642662015317285,35.617511353594374,35.876194144792485,35.243261939883574,35.54477423803709,36.83779005571447,35.776055529424596,34.20294888108185,36.6260691392325,31.159720113402713,32.27118945316538
2016-11-18 21:00:00,33.115317256003024,34.28915414011071,34.664488473769914,34.45454263610269,35.10975051864837,33.98129127906949,34.894023932436475,33.7754024497453,34.94575036052015,32.08936141340554,34.40994001804792,30.733856764627784,33.524191964511985
2016-11-18 22:00:00,33.08776596721629,33.4302241427503,34.03262869739498,33.74579487911637,35.04085538371018,33.163648689833536,33.78521665566701,33.90200548587192,33.69441744626085,31.053605393506892,33.115317256003024,31.57057278966999,34.177218448317
2016-11-18 23:00:00,30.538675207551147,33.0489718191808,33.50505094677577,32.67395001490894,34.07609758759463,32.12340869643527,32.56198165070082,33.67865722802097,34.033584273740246,31.303334170552564,33.08776596721629,33.183745520184345,31.421199338127394
2016-11-19 00:00:00,31.74273003683126,30.526911608753498,31.664438243717267,31.115418639885863,30.428866081838798,30.682126777594515,30.67719972855295,30.6739263380894,32.874633161904555,29.08534192414904,30.538675207551147,32.1571241850761,34.17135650322244
2016-11-19 01:00:00,29.797718354233982,30.23490571362126,30.65392617045946,30.234830380455993,30.33861659740838,29.971506651113714,29.704774038682938,30.17721450493641,30.790746739391384,30.632337544181404,31.74273003683126,32.035883720745694,35.250843897925876
2016-11-19 02:00:00,32.06836406039074,27.593435445943623,28.135301060591786,26.8875536378933,27.44205088789503,27.126312935203085,26.723930859518674,28.02604814724595,28.520876819524144,28.976909274947097,29.797718354233982,31.52700786687815,30.00376766996831
2016-11-19 03:00:00,26.84960132459557,27.913382756234185,27.13011835371825,26.42919643538073,27.061692511734392,26.793538092380228,26.308359223818613,26.5800825399036,28.41356519213494,31.479389476567103,32.06836406039074,27.634265046812974,28.11318474228536
2016-11-19 04:00:00,20.074917091135724,23.362179992631923,23.27105528276752,23.034466498381803,23.282301692408268,23.24895502533896,23.47369131014398,23.447723103849075,23.61236270404992,26.54503316491369,26.84960132459557,24.326001827050675,27.152461573988848
2016-11-19 05:00:00,18.77223415458581,18.72541739920345,20.705719113389964,20.468439803032126,20.40888712399616,20.824403922579823,20.48938122988191,20.46296845848746,20.362802912211144,20.545907727577973,20.074917091135724,21.664836571383006,21.996334059266342
2016-11-19 06:00:00,23.6580648039157,23.71357633732805,22.647936295013675,24.333135377964936,25.392589907414322,24.333893206663387,22.85109275601754,25.04458699138933,21.061577016998655,20.24359013829811,18.77223415458581,24.80213901923549,20.9208330662276
2016-11-19 07:00:00,24.47467068642901,25.34082471369625,24.344242530443704,26.21849717428442,26.051993792049092,26.27767425890976,26.133824042581494,26.297520303296412,24.7240709730613,25.755357464177933,23.6580648039157,26.958606924236342,25.74719368051973
2016-11-19 08:00:00,26.846318664711085,25.900652156427146,25.569286632693586,26.20072136175961,26.203855271310623,26.336500818699538,26.502533830072554,26.13835847199139,25.293123845227132,26.75843867170209,24.47467068642901,26.1851144892971,26.214541548320945
2016-11-19 09:00:00,29.985888608942886,28.250069952426703,27.285527660332576,28.34897084988317,28.41979742980111,27.99703993798711,27.482708067528616,27.982548682059992,26.959395321268936,29.12111003839993,26.846318664711085,27.39543366060332,27.019745859519954
2016-11-19 10:00:00,27.18827843296449,31.062392534972503,30.311180489915433,31.00994725258735,30.55371878225785,30.74557376132314,30.258740010497572,30.178693115241682,30.657036902470335,31.988407717143474,29.985888608942886,27.56257686995477,26.269087409979086
2016-11-19 11:00:00,33.50455400791828,29.455938599741398,30.689060120907914,30.190479933479917,29.821965532913946,30.769657552465162,30.593004660351994,29.83910411611532,30.548441322615684,28.92735882185445,27.18827843296449,28.031293793353992,28.661926592354025
2016-11-19 12:00:00,35.91852561157307,34.805038592689144,34.81998395846609,34.86598280217067,34.132837366483955,35.70510181374641,34.44420799655358,35.196183315711494,34.32440437131496,34.910381885058236,33.50455400791828,32.77298387523832,29.117872946201214
2016-11-19 13:00:00,35.529289226763595,36.249081361140306,36.71814661096452,36.85694074056956,37.713157599185465,37.241620118963674,36.718767509207034,36.73930218285262,36.2025825193634,36.63313810605508,35.91852561157307,33.461948109194246,33.627655956221325
2016-11-19 14:00:00,39.42429476805101,35.87721324025558,36.54191650234128,36.51573574179977,36.289558961545474,36.65272713728797,36.58261335963436,35.6149173841531,36.238785022960904,35.59929739038572,35.529289226763595,32.61132582438972,36.86553150529522
2016-11-19 15:00:00,37.13078745767019,38.22732508032431,37.9585236203264,38.1534266868164,39.22774260829833,38.239605013401494,37.766873600521315,38.48223011812725,39.63968380548644,38.85270533605993,39.42429476805101,35.855163186751355,32.72695972243079
2016-11-19 16:00:00,37.52324849965092,36.58164689248429,37.00114111462762,36.533069987255566,37.25179322687542,36.22796396825333,36.51815129783197,37.26299546484538,37.67714217946049,35.9627586411173,37.13078745767019,37.83377773304902,34.081961106318886
2016-11-19 17:00:00,39.4732424501175,37.57324781740843,37.03772418455035,37.443203776437564,36.96057337449922,37.066526569835226,36.82867849025562,38.09147097854246,37.4996869164809,36.00244436078336,37.52324849965092,38.24958697773868,40.99736285893363
2016-11-19 18:00:00,35.93816356816677,39.05291049258428,37.530115090896665,38.24259545708512,38.407831886606104,37.52297463873906,37.7499776793668,38.08080582142278,37.794256999598005,37.58504363464028,39.4732424501175,37.68249920315367,41.935282884601534
2016-11-19 19:00:00,32.21667277641674,36.14539943096626,35.79892156951016,36.20938694736373,37.57225923394226,35.41500234481777,36.49758750046118,37.968306989362596,35.16005203063531,33.8238608284379,35.93816356816677,37.66362885681743,38.8161120907982
2016-11-19 20:00:00,33.04878373865286,33.20777896511808,33.750347357893766,34.012002247304416,35.378150633000956,33.36306238504202,34.63533391167346,34.94131352006344,33.55945357599542,30.277120009311425,32.21667277641674,36.72149801659191,36.6260691392325
2016-11-19 21:00:00,34.033013424252395,33.719728043735245,33.49102040860251,34.204884763581454,34.86982612910433,33.55404072363836,34.0779104611427,33.838278492209625,33.16226714841492,31.410020392622567,33.04878373865286,34.20634428915019,34.40994001804792
2016-11-19 22:00:00,38.755147568130184,33.843845896100056,33.3938935192356,33.867939048439474,34.58931758657537,33.143028358172636,33.56764480726388,34.539369401574525,33.11937414197747,32.549522909974385,34.033013424252395,33.53476905021388,33.115317256003024
2016-11-19 23:00:00,39.90322023438802,36.161377098196475,34.92649419393762,35.462133098010604,37.33021188656779,34.69485913494681,34.89991071835548,36.38676829971296,35.50064836802191,37.148567759524276,38.755147568130184,33.97377419475055,33.08776596721629
2016-11-20 00:00:00,36.09116150987322,35.67951135929909,34.871479109908385,34.53369064226417,37.30650524677193,33.7314639260465,34.365631206985725,34.84903670989289,36.15958855883646,37.91724757642505,39.90322023438802,32.26509254278705,30.538675207551147
2016-11-20 01:00:00,30.497934266972326,32.65895447800873,32.5507398927694,31.774773415494593,34.11080757429113,31.19354437881873,31.888075169079865,32.532831249136535,32.68196650382614,33.923333446994846,36.09116150987322,31.44616759322304,31.74273003683126
2016-11-20 02:00:00,27.433339345724647,27.697480229589022,29.08936451322162,27.152139438666925,29.806707877793126,27.405463994310647,27.569621554030245,28.618150077024744,29.4039625301673,28.63241650267668,30.497934266972326,30.186398367938484,29.797718354233982
2016-11-20 03:00:00,24.642382594902422,24.450815541003607,25.639512989453063,24.88374815969711,25.32709216656812,25.224390997149168,24.594539044653487,25.547706931261033,25.83244922554257,26.227451271395054,27.433339345724647,28.860664661771434,32.06836406039074
2016-11-20 04:00:00,21.491557738115418,21.910239432799084,21.45811562524611,22.373887424996877,22.433027776649183,22.62520632880388,22.273837027566874,22.33343041014671,22.393894200530852,24.226648368785963,24.642382594902422,24.92253724266664,26.84960132459557
2016-11-20 05:00:00,19.52860789046214,20.118808747663284,20.59226923262248,21.100190916096185,21.05007139725442,21.110740312526584,21.02900274219319,21.21156762815559,21.482689930894466,21.96399471219369,21.491557738115418,24.166659195660934,20.074917091135724
2016-11-20 06:00:00,23.903946381646975,24.512183757661003,23.397062506213246,25.04707058435942,25.046581943099916,25.014912118034065,23.370966791844094,24.649129999138268,21.882086335270387,20.929146474167922,19.52860789046214,27.712920444709145,18.77223415458581
2016-11-20 07:00:00,24.97537323473961,25.680709294159783,25.53098049060827,26.3453812298856,26.05866370581911,26.188841329245417,26.21545356144698,25.358509789909107,25.435019039724168,25.93059517397709,23.903946381646975,27.09944878630044,23.6580648039157
2016-11-20 08:00:00,25.14798013168314,26.21059161249706,27.0260515743182,26.74651049591157,26.295295442777466,26.655885417013707,27.154489160395922,26.681271760647363,26.140698771338695,27.20455710775657,24.97537323473961,26.033022447914437,24.47467068642901
2016-11-20 09:00:00,27.042549002148558,26.990025159126493,27.836623186165408,27.696870329223827,26.77963825323028,27.635220603617494,27.65664713016336,27.017678870425836,27.17275095978911,27.460372596269814,25.14798013168314,25.963655213478255,26.846318664711085
2016-11-20 10:00:00,28.03501498125105,29.056883708901363,29.20539144214833,29.488240013615854,29.949058001326886,29.833311194555435,29.330818894670944,28.554376644481284,29.724046464992306,29.319513079291724,27.042549002148558,28.048120921220935,29.985888608942886
2016-11-20 11:00:00,30.383918370276422,30.10530405041133,31.09270696778077,30.57213745005406,31.61137761679884,31.37672123011633,30.616202808799844,30.36517569290362,31.118070550856068,30.134404637140225,28.03501498125105,31.076619827436744,27.18827843296449
2016-11-20 12:00:00,34.23320061133927,32.35794976478031,33.49180063075354,32.84043897166068,33.744712676069256,33.75202576551979,32.967654646149775,32.33762862433009,33.160245863990404,32.186294877858145,30.383918370276422,33.79559602606613,33.50455400791828
2016-11-20 13:00:00,34.82672805874991,35.209876728410144,36.213963899859806,35.43933117906793,34.517676131384,36.40341263103961,35.51598629224623,35.20868400173103,35.738530710807645,35.51462050687278,34.23320061133927,35.78886937072506,35.91852561157307
2016-11-20 14:00:00,39.75901521032342,35.189672327597954,36.66311867823298,35.60705911782707,34.758323011219645,36.17279702479977,35.51308481052994,35.37660259075856,36.11915332559591,35.476737611236594,34.82672805874991,34.99671267713842,35.529289226763595
2016-11-20 15:00:00,36.920927767492664,38.557107949856125,38.63196155260352,38.346183408179506,38.599856075467585,38.91257843449836,37.9045801180689,38.040792025617634,39.985078215417246,39.6804629099538,39.75901521032342,35.64180838544391,39.42429476805101
2016-11-20 16:00:00,36.7734980862568,36.361073587224126,37.39972768365292,36.37073776925043,37.724146029303,36.27753940120356,36.00280649075009,37.66581256087906,37.78417480645692,36.14599277354654,36.920927767492664,34.95157697379595,37.13078745767019
2016-11-20 17:00:00,39.317019851239806,36.5119670338626,37.13466776576447,36.857352633254685,37.3086240232093,36.802587303524426,36.68664893504312,37.439801684805985,37.306799994934494,35.617708037378975,36.7734980862568,35.22686865868265,37.52324849965092
2016-11-20 18:00:00,41.03487960122342,38.21806471465599,37.8902661742335,38.216238485769225,38.34758840679797,37.98421686439212,37.950917433302614,38.08760902573718,38.29730865779463,37.7732990129834,39.317019851239806,35.52916110081197,39.4732424501175
2016-11-20 19:00:00,38.81933674796946,39.0819373018693,38.309826475417225,38.74473914031929,40.00164356049638,38.36358495636163,38.43124989372566,39.83470801688382,37.9632027505979,38.99557271235902,41.03487960122342,36.77359361880389,35.93816356816677
2016-11-20 20:00:00,38.09479328585118,37.82978353908599,37.32159337891853,37.23631617465467,39.441665440866586,37.014618057284686,37.3676127805468,38.42836688966696,36.822152817910876,36.41212043982665,38.81933674796946,36.128939915388294,32.21667277641674
2016-11-20 21:00:00,37.57454051922829,37.397411980392874,36.88295777193321,36.99063626036519,38.516834085853446,36.78881398413433,36.81531118985817,38.213825866583264,36.49538315262106,35.559937165098596,38.09479328585118,34.17099681950472,33.04878373865286
2016-11-20 22:00:00,37.88493359567366,36.91792680011,36.3840130484657,36.543415762346676,38.3825853622098,36.2259209022192,36.3024604994454,38.9876510770278,36.896597464819386,35.01243368954444,37.57454051922829,34.172463587981674,34.033013424252395
2016-11-20 23:00:00,38.47846141019008,36.93528870086789,35.84366540092163,36.38457618873216,37.42905160501779,35.74182426149694,36.10411985443178,38.19132301648268,36.58221394854575,35.32758262590142,37.88493359567366,35.30044419197934,38.755147568130184
2016-11-21 00:00:00,34.193339164432814,36.10220674384376,34.465441027761244,34.92292763891662,36.080531381804406,34.078839116397425,34.44123541868456,35.10094946848329,34.74143580314907,35.89574599800866,38.47846141019008,32.117413788973415,39.90322023438802
2016-11-21 01:00:00,33.3272287003848,31.35828670745367,31.210502218481462,31.16123717346819,32.65722222873343,30.7359772185368,31.45278628193763,30.967720176034767,31.712345058528946,31.753173596210544,34.193339164432814,31.425743619515167,36.09116150987322
2016-11-21 02:00:00,28.32160817698697,29.511078895521745,29.195162391399176,29.13306895727345,30.298717472277495,29.143690669718485,28.88959404090725,28.293385589393342,30.43525783827586,31.266020369832464,33.3272287003848,30.200787650953682,30.497934266972326
2016-11-21 03:00:00,24.640741264960177,24.65180216211067,25.345951957756498,24.446298182012487,25.181065995428686,25.181604696125095,24.84408091174825,24.35271594368837,25.640814868917428,26.81801950798812,28.32160817698697,26.272960292459626,27.433339345724647
2016-11-21 04:00:00,25.36455161683585,21.927390370102085,22.017875336960596,22.34702433717899,22.450371912651555,22.477945271489613,22.343885338023068,22.23408718081753,22.260858736927602,23.9876645245414,24.640741264960177,24.982729328306757,24.642382594902422
2016-11-21 05:00:00,22.70710150988547,23.393399157634928,21.784594053283815,22.699793290386424,22.75290558183356,22.410151847102593,23.33165918519102,22.947010276576638,24.52253357091569,25.529907642380653,25.36455161683585,24.05829271057598,21.491557738115418
2016-11-21 06:00:00,28.98187455033773,27.096471609968756,24.586321381768865,26.705911655861744,25.271155671793515,26.157642355060307,25.321118536611767,24.912973328471907,24.287729410095,23.577602230796707,22.70710150988547,27.348618144277832,19.52860789046214
2016-11-21 07:00:00,29.568807296610924,29.50130876523774,27.4567234638422,28.925427706444378,28.93690486106598,28.626737866663984,28.125678040301068,28.329386827246974,28.86901954393258,30.26477472216888,28.98187455033773,29.784536151399095,23.903946381646975
2016-11-21 08:00:00,28.2572727513826,29.652848516897922,29.244092352963747,29.548725386760648,29.268453249880277,29.490221956537614,29.2293353889323,28.709324009655813,28.618936647046553,30.815333041465873,29.568807296610924,31.375584538606464,24.97537323473961
2016-11-21 09:00:00,29.330223896506002,28.87051056317802,30.1009865805174,29.784252776560024,29.508278023669888,30.03033900046756,29.531015274698394,28.818966575194935,29.276856237904564,29.494897934250133,28.2572727513826,32.04151630193825,25.14798013168314
2016-11-21 10:00:00,31.004411113872514,30.055041854323207,31.21816965098621,31.13802427960484,30.941996345627494,31.494499777504036,30.718752278826987,29.530151195644773,31.619749967647166,30.57761244265965,29.330223896506002,32.37880216287289,27.042549002148558
2016-11-21 11:00:00,29.306717287426533,31.51388901993181,32.950463877869645,32.45814382293887,32.67651426230401,32.710894316919166,32.49604266116132,32.434348882861386,32.15285106946322,32.12756195993704,31.004411113872514,35.47314556736734,28.03501498125105
2016-11-21 12:00:00,28.482813181398644,30.369197642644675,32.68717977300749,31.612869671118972,31.71612624081102,31.81718453441154,32.29659867972598,31.548216469573816,32.459819048981466,30.313966331842057,29.306717287426533,36.55326260505762,30.383918370276422
2016-11-21 13:00:00,32.77004545940273,30.10755037067896,32.230725891595476,31.05456889895838,30.83978367649796,31.266162307366105,31.27749314963347,30.87148192739257,32.23070062248095,29.518249397844862,28.482813181398644,34.76756774700314,34.23320061133927
2016-11-21 14:00:00,34.42928465712343,33.24193155004023,34.24147028087606,33.7224835397197,33.80087248291259,33.51241949399132,33.146681060683335,33.94817454428982,35.618653786781636,33.68416340366106,32.77004545940273,36.756735181045904,34.82672805874991
2016-11-21 15:00:00,33.63146651421741,34.282721345528294,35.04937759193299,34.849312283965055,34.050791804926746,34.75710632521005,34.59914756073028,34.574344670549586,35.08214998149104,34.95444073305294,34.42928465712343,34.36538055045389,39.75901521032342
2016-11-21 16:00:00,40.973621393931424,34.0460937702985,34.8610520820713,34.719385349738,34.374131175563775,34.85213447083287,34.26588330471842,34.637522841070826,35.06114822692475,33.80218866396935,33.63146651421741,33.31031567045634,36.920927767492664
2016-11-21 17:00:00,36.035179346850946,38.001456396556684,37.76519347973498,38.595888025503385,39.54222633780753,38.58174197137803,37.82422237599382,39.05895990636381,40.21004944792145,40.60186087904537,40.973621393931424,36.38199067594709,36.7734980862568
2016-11-21 18:00:00,42.90251263574223,35.58925081644073,36.23870058863151,35.911246638167825,37.89661141165847,36.315005238158534,36.257790578664306,37.01102580485909,37.250461739305656,35.076142932069736,36.035179346850946,35.04452756410972,39.317019851239806
2016-11-21 19:00:00,51.04014058663981,40.060019923551835,38.85356495668228,39.9161947316009,40.89078194539138,39.399694030786485,38.74852962986607,40.567888743793226,40.39665372114944,41.460320253334245,42.90251263574223,35.78119839304308,41.03487960122342
2016-11-21 20:00:00,44.80443775537957,46.792935228472494,40.71872027192347,41.67438814889261,42.44582824287711,41.22963827277329,41.11928138057065,40.91760325454271,43.50412411953358,48.53479845259781,51.04014058663981,36.94190120887998,38.81933674796946
2016-11-21 21:00:00,39.636205845327005,41.22723103780544,39.507557540531586,39.52820185643678,41.88176684751649,39.429141788032545,39.406582648379036,41.40297803522223,41.063855994647994,41.33388541717547,44.80443775537957,37.76368527748873,38.09479328585118
2016-11-21 22:00:00,37.03963288986901,38.71531389889441,37.882526115968616,37.51490932475313,38.992492095302794,37.3836036635851,37.45453217133306,39.60678084863931,38.45287780838399,35.97699582947987,39.636205845327005,37.03096971383377,37.57454051922829
2016-11-21 23:00:00,32.577185703684044,36.6444278545516,36.10338466392309,35.780637009558625,38.680435984323495,35.51186296012561,35.66848105429693,38.07514284766096,37.25107333753508,33.628137174937706,37.03963288986901,37.48122780379871,37.88493359567366
2016-11-22 00:00:00,30.200730934095493,32.32916432754562,32.668268563489534,32.32596432764592,31.959583348703312,32.347510928373985,32.61383497501577,31.938463680148438,32.468705578597195,29.694792155165054,32.577185703684044,32.31079948257006,38.47846141019008
2016-11-22 01:00:00,29.06165636893035,28.82344919680163,29.47792213474001,29.419197618885008,29.185010038712274,29.69283428264716,29.45907515343747,28.38242654566634,30.2541081145031,28.070321580744114,30.200730934095493,29.887869421666757,34.193339164432814
2016-11-22 02:00:00,30.821223677691588,26.658323182945594,26.340181421249515,26.7653744711525,26.471463210246466,27.339276443565954,27.106091387491748,27.68608543443558,27.205083434254167,27.691845048656603,29.06165636893035,28.430379966784272,33.3272287003848
2016-11-22 03:00:00,25.96945145065128,26.363426987527276,24.70859709732979,25.765544808986046,26.732345609062488,25.968570947438025,26.006020876475862,25.740965363856763,26.808519618076495,30.02907704028465,30.821223677691588,24.711873641924115,28.32160817698697
2016-11-22 04:00:00,21.45084570711677,23.045361708456934,22.935210640228252,22.77723731388588,24.429900837435397,22.743853815572766,23.091095134682604,24.291528954917688,24.91467963613721,25.74029657273336,25.96945145065128,22.880900535525335,24.640741264960177
2016-11-22 05:00:00,21.485871269583686,20.8264386675496,21.83788655462484,21.788734272270315,21.389499298482463,21.87147404138302,22.271765694387692,22.425899216640175,22.13247376934501,22.09774185004726,21.45084570711677,22.153960303058458,25.36455161683585
2016-11-22 06:00:00,25.58030262057033,26.390383259028976,25.67347994121914,26.160709890957737,26.07011584990439,25.51003575980647,25.232830942583565,26.560563709135497,23.923593882990957,23.037047851578606,21.485871269583686,27.310937518070517,22.70710150988547
2016-11-22 07:00:00,26.902505856311468,26.88633325591208,26.686362722419688,27.422691228431585,26.848119765969855,27.620860649191012,27.397067397950433,27.268083374919232,27.061459355086363,27.647280619300894,25.58030262057033,30.092704049156858,28.98187455033773
2016-11-22 08:00:00,26.852034134599432,27.761933006674393,27.483773959160757,27.866856213266967,28.532947085631847,28.097029854739862,28.092318266198987,27.92869582433799,27.11502008838395,29.090670625526826,26.902505856311468,31.373477671402135,29.568807296610924
2016-11-22 09:00:00,28.876065451055766,28.093181989618884,28.36012378351191,28.396516631456326,28.598453416486656,28.641092134774897,28.650547483324633,28.33060772929471,27.798404935322242,29.057322756781215,26.852034134599432,33.20262366652529,28.2572727513826
2016-11-22 10:00:00,35.78340645556271,29.652064807241985,29.72156729258765,29.842161204794092,30.01935912072549,30.032556564115765,29.768455958638683,29.43131397574506,29.159483319459618,31.001508458133276,28.876065451055766,34.35661335633435,29.330223896506002
2016-11-22 11:00:00,34.554731310043145,34.3480133111306,33.465271425642534,33.51936146429055,35.939803278487965,33.539122768426324,32.919153364711725,33.31250482176177,33.159613707837295,37.44174046421665,35.78340645556271,37.193425493681175,31.004411113872514
2016-11-22 12:00:00,40.00580500775434,32.92861802474661,33.86401554423174,33.41196589204632,34.3034871094219,33.57953805558616,33.2302426572688,32.90281036604614,32.71689478326137,35.54046717538844,34.554731310043145,38.17009880768646,29.306717287426533
2016-11-22 13:00:00,37.5909545528623,37.20363054442928,36.31893118973812,36.78728755830121,38.20238828149246,36.69708722079077,36.03015268977441,36.34176259951178,36.01235270945242,40.301772493468164,40.00580500775434,37.102395765401994,28.482813181398644
2016-11-22 14:00:00,39.68808449994078,35.197753549501016,35.68309149723395,35.92943281377034,37.01283540560086,35.896561428020284,35.82471234134476,36.39340043273389,37.5448130273779,37.17410065858304,37.5909545528623,36.97011042930917,32.77004545940273
2016-11-22 15:00:00,34.6485235328734,37.03489624635865,36.91010377593884,37.71233661058619,37.984211547189744,37.60079078513081,37.08377735991038,37.15634829891792,38.665237488923104,38.75957695517109,39.68808449994078,36.75066159452727,34.42928465712343
2016-11-22 16:00:00,34.78598739350043,33.995496192488226,35.36520052996989,34.91941737344854,35.06530662110019,35.256876547208115,35.67559507483838,35.86135916530461,35.972776503737,33.43396685619565,34.6485235328734,37.16206610606845,33.63146651421741
2016-11-22 17:00:00,39.75256663019247,35.00677239642704,36.12438311453736,36.60511400710026,35.61064463861774,36.733446845662094,36.51041931589425,37.01249422797896,37.24274297317601,33.610684076000936,34.78598739350043,38.02879598986643,40.973621393931424
2016-11-22 18:00:00,38.05024206260561,37.52029011653874,37.950736572521684,38.86491831477081,39.042564841905126,38.636951988576435,38.13899967440077,39.090862867066306,41.39087676029131,38.396622913022384,39.75256663019247,38.9907295383157,36.035179346850946
2016-11-22 19:00:00,37.55343781057251,37.365761588467,37.689663423403694,38.18532132645455,38.38499451386832,37.92571439782176,38.415749953483775,38.45436972627378,39.96403644632094,36.37687298236078,38.05024206260561,37.75239829964764,42.90251263574223
2016-11-22 20:00:00,35.31767036568846,37.72596039555524,37.814060153792695,38.70574859069151,38.026381812189385,38.06682129384061,38.23185883670694,37.02520416429308,37.71960530502959,35.751849407513085,37.55343781057251,35.54886208357213,51.04014058663981
2016-11-22 21:00:00,33.898773486585064,36.00169416023678,36.60310251216321,37.27686423173827,36.96198356031118,36.5711065513298,36.99806525766584,37.521327067998556,37.17398993428015,33.54550479364067,35.31767036568846,36.727104877679125,44.80443775537957
2016-11-22 22:00:00,40.03745980494958,34.68628697024733,35.14681750016162,35.71952099457206,35.678807581272686,34.98561670217035,35.675666048622496,36.018183817661466,34.503703973733124,32.33275654191941,33.898773486585064,34.82849963346278,39.636205845327005
2016-11-22 23:00:00,36.305417658871654,37.585627603257755,36.023532915981406,37.530409509732195,36.777147423162226,36.47907876124666,36.943758810160546,36.35428898293591,37.365004616348706,38.452244639850456,40.03745980494958,33.67445860186203,37.03963288986901
2016-11-23 00:00:00,28.283329323097963,33.72631000563291,32.98311487778312,32.71284866572313,36.41456580630188,32.281815452335195,33.200390961296186,34.37173495242069,33.446293953531296,34.55345750126939,36.305417658871654,31.16880175239675,32.577185703684044
2016-11-23 01:00:00,30.133904099227134,26.602716875057713,28.43426936157834,26.64689823922997,27.07395331718028,27.42448928194973,27.59573449177891,27.016335079718257,27.6113634391103,26.941630617271542,28.283329323097963,27.30902381750145,30.200730934095493
2016-11-23 02:00:00,24.72052289569789,27.169328554971045,27.19456092832215,26.568082769720842,28.070081133876887,27.005234994025756,26.20473027924547,27.75020725036423,27.440041595949555,29.450765965588495,30.133904099227134,26.172663543103987,29.06165636893035
2016-11-23 03:00:00,20.823113912869008,22.42343985265157,23.231262851747697,23.25084978063798,23.268961769323703,23.250305729872064,23.474592310096625,25.180924938589186,22.949708871165193,24.68123606575768,24.72052289569789,22.985387680125438,30.821223677691588
2016-11-23 04:00:00,19.951961618038887,19.96138448919915,21.271036317138826,21.30874933865231,20.888868391969716,21.338044379893898,21.318740489559968,21.180289481490604,21.303075351717094,21.724141680229167,20.823113912869008,22.258321490755627,25.96945145065128
2016-11-23 05:00:00,20.14247703624668,19.98487901438003,21.43113432936707,21.59570515841847,20.628373292431327,21.495065556211625,21.95862715618253,21.01743328116885,21.740938568141367,21.81179375698292,19.951961618038887,23.821107572358546,21.45084570711677
2016-11-23 06:00:00,25.84652516246395,25.31532334358487,25.28433729075215,26.202533028783762,26.255645692987546,25.669175564764696,25.06092050648893,26.04381588494687,23.294294547062727,22.77001066853241,20.14247703624668,27.224031163004845,21.485871269583686
2016-11-23 07:00:00,27.420325629377608,27.003346754854334,26.91299474147247,27.392397628876328,27.373321607003202,27.285719931984833,27.5460402083324,27.27925532156816,27.653441837821997,28.803603940287893,25.84652516246395,29.597580704176075,25.58030262057033
2016-11-23 08:00:00,26.18605230426639,27.973162674438466,27.959189160029695,28.166652597820615,29.185580563091953,28.077290179252955,28.457555699541796,28.24699534974301,28.19530795724061,30.257117200417124,27.420325629377608,31.86317058970072,26.902505856311468
2016-11-23 09:00:00,27.268060247255093,27.458194946176913,28.571499762049395,28.01417947971486,28.31106744125511,28.258710024047446,28.682431117437417,28.560623683539028,28.46517310623598,28.887595922906073,26.18605230426639,32.17480939965179,26.852034134599432
2016-11-23 10:00:00,26.994510090440382,28.545269870517668,29.349969812791162,29.01116999166726,29.51825164278501,29.09809208985864,29.431396899587128,29.08560828879298,30.11970123548233,29.87068196338356,27.268060247255093,32.52177430620039,28.876065451055766
2016-11-23 11:00:00,29.703926406733057,28.50659298218672,29.571855038432375,28.954334506555522,29.87074488419654,29.505472823155827,29.970535526309064,29.413058264189388,29.454603028761674,29.464337436213025,26.994510090440382,34.487399478808456,35.78340645556271
2016-11-23 12:00:00,30.773741481898735,30.410088454158167,31.056309928712036,30.396105823289194,30.63290934125281,30.975037420217564,30.88364885307381,30.592493098447605,31.37556882388871,31.959656071229688,29.703926406733057,35.26022801374764,34.554731310043145
2016-11-23 13:00:00,30.217730685001445,31.3687528932406,32.0797719948719,31.507513677403963,32.70930129120963,32.10579092294874,32.01722316602612,31.258300186429384,31.35490792703912,32.66889465452797,30.773741481898735,37.44685623586276,40.00580500775434
2016-11-23 14:00:00,30.573554111258964,31.238784537244708,32.292794668449645,31.761102335064223,32.276925479697034,32.39541407212787,32.06497806022919,31.36840640656861,32.895787999581096,31.794131339514582,30.217730685001445,39.94823698944235,37.5909545528623
2016-11-23 15:00:00,28.04152183942457,31.807441547011138,32.862686683244185,32.299840407316005,32.838087299274356,32.95625790839491,32.91450972133229,31.264143776234942,32.34797696916166,31.91039409962211,30.573554111258964,40.69508924481738,39.68808449994078
2016-11-23 16:00:00,28.601665237863422,30.22972724300863,31.939532386258225,30.699956218155346,30.942752263746694,31.352730928579604,31.560520937553957,30.924745121455494,30.592284765917473,29.275687541240483,28.04152183942457,38.260335008112335,34.6485235328734
2016-11-23 17:00:00,29.978561085798244,30.95607711030154,32.38190176494734,31.188869531447995,31.68903146033822,31.946720133877147,31.701104279546268,31.425586068645142,33.0758383333193,29.857860223204273,28.601665237863422,39.410754996040254,34.78598739350043
2016-11-23 18:00:00,29.4767738775725,32.06201998303849,33.21537034554208,32.01535086536398,32.530239883590575,32.73205417170803,32.313129697735214,31.553349893248022,33.963397686773604,31.158922627591007,29.978561085798244,38.25435840397726,39.75256663019247
2016-11-23 19:00:00,26.833304948364045,31.727651656393377,32.96467319655775,31.620142770831734,31.938951336310065,32.05631491448057,32.35839653251454,31.42489994794238,32.56378597560937,30.543228590411257,29.4767738775725,35.89717904561992,38.05024206260561
2016-11-23 20:00:00,24.86302822000124,29.41133798356034,31.32461429689172,29.620743892753637,28.668646471971684,30.060029078120547,30.44913394728435,28.177375206994864,29.396873809332526,27.944208044714077,26.833304948364045,32.15829759266907,37.55343781057251
2016-11-23 21:00:00,26.934248575341005,27.467113842285574,29.44527819778877,27.80478401009218,26.726940546143794,28.129683454985948,27.986565767649463,26.925490165642486,29.132683174986926,26.222417460838827,24.86302822000124,28.63423767063844,35.31767036568846
2016-11-23 22:00:00,31.177047012172665,29.052577726359132,29.210166387028394,28.093029671312348,28.583743572461454,28.23196556493275,27.85892980293053,28.07047739959613,29.187234038461316,28.493256186857735,26.934248575341005,26.910757635084185,33.898773486585064
2016-11-23 23:00:00,29.9067516159548,31.662880369155662,30.02948435526768,29.94763991891213,31.026329761088306,29.86997505069387,30.32547466739899,30.267086313365926,30.34211043674812,32.59702505241502,31.177047012172665,26.50704417355942,40.03745980494958
2016-11-24 00:00:00,26.650117512183115,29.17094603109437,28.17137760101853,28.108644943953436,28.42256269077633,27.83350610628376,28.608761537902947,27.659735591090243,27.33548436322746,31.047504786983975,29.9067516159548,26.914873457232,36.305417658871654
2016-11-24 01:00:00,24.627727365060252,25.62522608907679,25.72590784726404,24.419383332279626,25.211839831127715,24.754535490949277,24.89460054076457,25.29108677525408,26.115767883609387,27.7729519464985,26.650117512183115,25.737596596548325,28.283329323097963
2016-11-24 02:00:00,22.148599992047526,23.03588107932062,23.179878566250952,22.69413888242614,23.262329733286883,22.933708443376617,22.4722694490255,24.092071941227168,22.70947374743563,25.984717025084326,24.627727365060252,23.348038165061997,30.133904099227134
2016-11-24 03:00:00,22.51576597736522,20.833365219406073,20.56795630628945,20.942941644720502,21.164555711881942,21.119511448558807,20.642702224674725,21.347611890731468,19.815613391877193,23.88864822862935,22.148599992047526,21.275591461059463,24.72052289569789
2016-11-24 04:00:00,21.520867463588203,21.683841871971108,20.170382704479678,20.671090759376977,21.43201027680246,20.66141629838884,20.242796032739026,21.206488352583925,20.791331362862344,24.655516857428523,22.51576597736522,21.630228922615572,20.823113912869008
2016-11-24 05:00:00,20.79951929017879,21.44118250403922,21.00989806792919,21.110976728648883,21.042401542408587,20.998583378316148,21.87165563637551,20.956260976629366,21.540671351994455,23.981860429549524,21.520867463588203,21.77101861072288,19.951961618038887
2016-11-24 06:00:00,25.36698442683971,25.73917076725138,24.755737150535712,25.55590403622198,25.60948722735601,25.051642152637385,24.050730935658837,25.811632125183603,22.434523999834788,23.578466793554185,20.79951929017879,28.060665201991302,20.14247703624668
2016-11-24 07:00:00,25.56239409930606,26.50153267142628,26.362076038256987,27.108791221062315,26.567971490281998,27.004541990089617,26.630335956045148,26.57695149470624,25.846784339144612,28.222827596764425,25.36698442683971,28.620187606526116,25.84652516246395
2016-11-24 08:00:00,25.42478376347283,26.175003827528126,26.892014462594304,26.714879866513517,26.585896547093746,26.698007134207433,27.241966123677656,26.599317597903788,25.83851601566235,28.2202904822866,25.56239409930606,29.14029987540741,27.420325629377608
2016-11-24 09:00:00,25.75372963182631,26.152628730238963,27.566495893050988,26.820615080499238,27.336936548382948,26.786058434481934,27.13994595900093,27.10266514335907,27.35898372196778,27.913256679108525,25.42478376347283,29.49263778204403,26.18605230426639
2016-11-24 10:00:00,26.767357515391602,26.566350887019535,28.002753067576112,27.18261264472503,27.649647661632038,27.10017423886553,27.65185514545667,26.913823911060824,28.158260376137616,28.09308862665523,25.75372963182631,30.57894146341233,27.268060247255093
2016-11-24 11:00:00,29.325534303719778,27.445221886795007,28.511262655660364,27.752385105403903,28.038616399591415,27.77809668946254,28.332829116961452,27.51186125297839,29.585621246103987,28.92103871062573,26.767357515391602,34.3552949186791,26.994510090440382
2016-11-24 12:00:00,28.08223341154099,29.525075874108285,29.836081321234825,29.321054167725137,29.885228192200522,29.242068774128104,29.508677170964607,28.866046962239555,31.24376389885992,31.165785242730713,29.325534303719778,36.10570789709647,29.703926406733057
2016-11-24 13:00:00,29.470325710435556,28.59446114256524,29.75411495987211,28.982736624171626,29.126387718503196,29.13471769051559,29.446783721536537,28.476327294142806,30.822085274957175,29.592541255719787,28.08223341154099,33.94915878371466,30.773741481898735
2016-11-24 14:00:00,29.67139229941835,29.85101036610064,30.45674819533922,29.80991053373367,29.855414192640563,29.999282646877973,29.992106432498975,29.35565978412388,31.231031018434557,30.7246976242963,29.470325710435556,33.756750298403155,30.217730685001445
2016-11-24 15:00:00,31.447285140640485,30.01328263879112,30.609506218122377,30.075371881792524,29.86392705248093,30.171847357248954,30.417059609366902,28.99750278114365,30.16659128965209,30.642396406723954,29.67139229941835,32.59373627187407,30.573554111258964
2016-11-24 16:00:00,38.204705490585695,31.07976459232364,31.565354925280293,31.016121359963474,31.723187038288728,30.992156143988378,31.240088558159457,30.38402345430594,31.651114384170445,32.10995004376426,31.447285140640485,35.21981057749875,28.04152183942457
2016-11-24 17:00:00,35.34463575365035,35.23640807497153,34.368844973352175,34.49675759816454,34.2948506161443,34.08774363419638,33.9429826896123,33.330164078201435,35.8493988589932,38.250008243912774,38.204705490585695,36.41288951942965,28.601665237863422
2016-11-24 18:00:00,29.901182713049103,32.615559026127094,33.248067845521014,33.14729792076228,32.34572650827096,32.70709036682712,32.99155384426877,32.25793656740269,33.20780221515081,34.68551465654824,35.34463575365035,32.264591159831824,29.978561085798244
2016-11-24 19:00:00,27.186637103022246,29.79362520126769,30.640521027574533,30.00670099811101,29.21280243234898,29.723831341005248,31.135529719349574,29.36462794888743,29.984002694774738,29.07881916022098,29.901182713049103,28.290856302587375,29.4767738775725
2016-11-24 20:00:00,24.558526457112826,27.69894848445209,28.797564755632866,28.362181013710714,27.576904150128897,27.993420642102393,28.629794794733982,27.188461435195805,28.458533814652338,26.637452601572953,27.186637103022246,24.661329502383442,26.833304948364045
2016-11-24 21:00:00,23.667825045287756,25.610693900855207,27.424907017735183,26.067975177510977,26.134277671305565,25.915207288759984,26.115651143971352,26.399969614629917,27.93743459387728,24.473427762785395,24.558526457112826,25.26371070686319,24.86302822000124
2016-11-24 22:00:00,24.162841492172404,24.96651240252848,26.699422388173517,24.997405822336052,25.892147558040797,24.882427680206558,24.773238184384212,26.43992504061605,28.103726078311546,24.11418942679114,23.667825045287756,24.829786202620717,26.934248575341005
2016-11-24 23:00:00,22.871589495399185,24.714560853093996,25.40204645514744,24.730310180529074,26.079572372112096,24.530345092439074,24.148666314321833,26.356070921908245,26.81952765199467,25.042108745937607,24.162841492172404,24.38217652269094,31.177047012172665
2016-11-25 00:00:00,22.0867265154683,22.932489040344155,23.33834687355332,23.236932555782143,24.539120992945833,23.205941485837098,22.417006935700567,25.320069042371134,24.58547495820885,24.109514827107127,22.871589495399185,24.3538358184365,29.9067516159548
2016-11-25 01:00:00,20.356615711395534,21.671891110409973,22.15747122558909,21.729608949559942,22.706993777808663,21.939986014150037,21.05671115225375,23.236769071341463,23.713829640316227,23.695167584211813,22.0867265154683,21.84797325057518,26.650117512183115
2016-11-25 02:00:00,20.381851296922214,19.793859927042114,20.421658289804643,20.325200511906026,20.02555440281334,20.522851242790498,19.851741740107137,20.081668900640928,20.420205774601897,22.356699031238442,20.356615711395534,21.210732252398884,24.627727365060252
2016-11-25 03:00:00,19.537547650415963,19.94936104069358,19.74110315540266,19.805785725410214,19.929185542547735,19.956488032305916,19.70422615611876,20.47555211041326,19.768834570758763,22.76281003583603,20.381851296922214,20.89316959867764,22.148599992047526
2016-11-25 04:00:00,19.563604084466657,19.337080239250373,19.255071744851364,19.491930351985356,19.765378610643676,19.756203439818748,20.085464774405814,19.807947488979863,19.3677950009117,22.235387376945003,19.537547650415963,21.258674797827695,22.51576597736522
2016-11-25 05:00:00,19.263176461524353,19.815225483436354,19.536365080330086,20.164005832344415,19.917900977471838,20.362632575129236,20.87444631408218,19.81390047630785,19.825269742313516,22.535652634839586,19.563604084466657,21.729381311304348,21.520867463588203
2016-11-25 06:00:00,24.568286698484883,24.603005727625526,23.525409906637687,24.441781190127145,24.9823323345359,24.320308457275605,22.663544531460648,24.855307251236916,20.835738680642166,22.444096278935895,19.263176461524353,26.77761570507255,20.79951929017879
2016-11-25 07:00:00,25.36698442683971,25.74442564175446,24.976628247032732,26.47332634355949,25.821302505246223,26.39798663157511,25.7070366522761,25.93035762193074,24.84747101125768,27.6872756093951,24.568286698484883,27.044016678689935,25.36698442683971
2016-11-25 08:00:00,24.642382594902422,25.933317779387526,25.66426173153121,26.19075829444412,26.41309044053773,26.28156062424942,26.494069839209573,26.18630413883145,24.962090980514525,28.11623522917693,25.36698442683971,27.13096638390845,25.56239409930606
2016-11-25 09:00:00,24.67984060026742,25.59554564795053,26.099062979829046,26.092484505436286,26.078753866239047,26.274097057821148,26.322962202271437,25.816940474761967,25.282714193730307,27.082900203885174,24.642382594902422,26.49167884903248,25.42478376347283
2016-11-25 10:00:00,25.797694587141272,25.905513921824177,26.442607298997398,26.37816891551782,26.219949613729774,26.43708021555847,26.595112340009937,26.11623465860862,26.36218745486121,26.906588029255815,24.67984060026742,27.80077309116371,25.75372963182631
2016-11-25 11:00:00,27.443920252067826,26.92604981840405,27.036134562855143,27.11704461557619,27.236991759798673,27.175542248587107,27.59343607308266,27.070441699310663,28.01189576054589,27.800067988497283,25.797694587141272,29.971765489713754,26.767357515391602
2016-11-25 12:00:00,26.030533447168892,28.352921856432243,27.818310297884505,28.29302652934838,28.282954761573336,28.34567713093706,28.893129309720553,27.555720573605168,28.767817382710078,29.136788223896733,27.443920252067826,30.456702366302196,29.325534303719778
2016-11-25 13:00:00,30.081146134493892,27.330133215233587,27.60504518153124,27.384958964456803,27.491316308201508,27.85087383484591,28.590136043754324,27.54220080194044,29.275545876767072,27.45139100139054,26.030533447168892,30.889333431554807,28.08223341154099
2016-11-25 14:00:00,30.56388179172121,30.777132866278393,29.73386667462313,30.040165458544678,30.75103057167399,30.51122166067833,30.229831340441365,29.231915859588113,31.094430407049135,31.18772088440638,30.081146134493892,30.50107582068467,29.470325710435556
2016-11-25 15:00:00,28.25730202806855,30.825768936721985,30.6136120821263,30.528640371055673,31.372835384194637,30.626152201425032,30.856853863378117,30.310852756230368,31.24778389070348,31.193555753162197,30.56388179172121,30.092156701413845,29.67139229941835
2016-11-25 16:00:00,29.044597949931937,29.162999003561964,29.809340418457378,28.865480108851074,29.320663669654024,29.193832344214233,30.036679009064084,29.85830062800861,30.173071073774334,28.58851109652225,28.25730202806855,32.07510810251552,31.447285140640485
2016-11-25 17:00:00,30.742965903046528,29.85474094092491,29.867180358519374,29.65744631794308,30.044463728358526,29.732113736875736,30.113236762730324,29.4929792115706,30.108320222091706,29.22985586109628,29.044597949931937,30.476511963453785,38.204705490585695
2016-11-25 18:00:00,29.657616609136763,30.508089177650003,29.863658682179974,30.218578699353174,30.22111025622898,29.792522002510662,30.429488388541785,30.25094916926646,29.329111956042585,30.70258446794611,30.742965903046528,28.858499181795278,35.34463575365035
2016-11-25 19:00:00,29.104829999056445,29.083166310704666,28.468690977676932,28.737873589074912,28.65840391062562,28.42732426323195,29.47015301393421,28.75924020854631,27.125716633047823,29.401524042090927,29.657616609136763,27.103420564375636,29.901182713049103
2016-11-25 20:00:00,24.668439028953117,28.4987585586163,27.32864643682471,27.943140977897574,28.462424428414288,27.685283247122047,28.155136076508963,28.21100512506278,26.798075458636355,28.762852508739137,29.104829999056445,27.155865133040876,27.186637103022246
2016-11-25 21:00:00,25.251385753573466,24.40751198793556,25.017896198550847,24.54066773986604,24.655685439212792,24.96644901559714,25.145165348115224,25.185414642278218,23.791843289617603,24.47733156084132,24.668439028953117,27.800825618944643,24.558526457112826
2016-11-25 22:00:00,24.514561501797868,24.90693358181125,24.703973032925294,24.499450448945563,25.586503049143996,24.73425179528861,23.87769501442712,25.34017248909384,24.819107317379874,25.381828979408454,25.251385753573466,26.643190646021946,23.667825045287756
2016-11-25 23:00:00,25.947498157903308,23.96624729172268,23.719830718501395,23.362708380217896,24.121472528192548,23.716301730638545,23.111900610025202,23.957620917736357,23.622543281540043,24.89338626169475,24.514561501797868,25.023539639871185,24.162841492172404
2016-11-26 00:00:00,24.19783768617692,24.775702320747957,23.365708613388993,23.971566776843037,24.13348825686284,23.829646619152964,23.26154039042508,24.508237370526327,25.216388091145827,26.493733153813842,25.947498157903308,24.424825178875075,22.871589495399185
2016-11-26 01:00:00,21.280701722851056,22.78686955770932,22.02037948785436,22.26666390299486,22.527738617312778,22.283029233928726,21.77051774925665,22.307479702560645,23.16934752510955,24.87045836829817,24.19783768617692,21.581828368306414,22.0867265154683
2016-11-26 02:00:00,20.122135704978554,20.38172036252736,20.751679778093436,20.564818041345088,20.627481143211167,20.711454039884654,19.983752244372706,20.885936724995236,21.901321943929243,22.260862297730203,21.280701722851056,20.53566931417698,20.356615711395534
2016-11-26 03:00:00,19.348673929256194,19.57787446508283,19.98818884009224,19.76960524815951,19.78171229569675,19.968046969631228,19.459454461528924,19.94351524825334,20.424238064489085,21.534221069511737,20.122135704978554,20.022926940747865,20.381851296922214
2016-11-26 04:00:00,19.458586868202264,19.06978684979658,19.363774213672283,19.474081913700413,19.674401884105556,19.541263739858003,19.57175432225636,19.478658743827893,19.640650042932037,21.17964256382211,19.348673929256194,20.430912175207176,19.537547650415963
2016-11-26 05:00:00,19.298202023991266,19.62953187727987,19.712219762109008,20.379521154168156,19.819928782913244,20.671544257383832,20.276027916365006,19.60643578423885,19.628021604101075,21.639314343617094,19.458586868202264,20.82375121251287,19.563604084466657
2016-11-26 06:00:00,24.37615968590302,24.66067547591832,23.51890638300834,24.66060964161511,24.77055064175498,25.05622889462092,22.414446495253866,24.242275106630704,21.403058079314984,21.7395561541642,19.298202023991266,25.576843568288545,19.263176461524353
2016-11-26 07:00:00,24.813347794797927,25.536852164005996,24.70668398674178,25.811869030780276,25.630229516087343,25.475903426886514,25.08031849827113,25.52977161127483,24.522828356857005,26.80132038887863,24.37615968590302,25.815562506808476,24.568286698484883
2016-11-26 08:00:00,26.338288501479397,25.456159560275292,25.160591561279627,25.6459452945611,25.73774870696004,25.622042547752894,25.512090328488366,25.278627205081904,25.168932326969134,26.93425764871827,24.813347794797927,27.137437868819053,25.36698442683971
2016-11-26 09:00:00,25.93609658658901,26.82552903610132,26.103043446616965,26.903081784095946,27.117351513327687,26.526783797764313,26.25399685386616,27.063600683100926,26.294830335693685,28.127754682801832,26.338288501479397,26.60664292729512,24.642382594902422
2016-11-26 10:00:00,28.715681134559325,26.73931020551184,26.671263906426717,27.037656155128825,26.89126343878342,26.808398411984808,26.89868673251385,26.501939485814784,26.670086965296132,27.399813865638038,25.93609658658901,26.532456562661384,24.67984060026742
2016-11-26 11:00:00,26.935069240312128,29.11833043648343,28.33955781314259,29.32999646682727,29.34274506444791,28.563088508226116,28.617729878571343,28.105123925345225,30.025976560115584,29.824874933391037,28.715681134559325,27.5231608123798,25.797694587141272
2016-11-26 12:00:00,29.235962948427055,27.899183578843253,28.221450745278002,28.275034384446656,28.23157788381773,28.17827813425285,28.675675101511825,27.868499562291003,28.38063984183523,27.697280218231153,26.935069240312128,26.820740663260654,27.443920252067826
2016-11-26 13:00:00,28.87199135699788,30.045772800484755,29.83936528128562,30.047724640732554,29.267875813944606,29.832117205950194,29.699909363207794,29.023742369430394,31.307516957032593,29.72184892112454,29.235962948427055,27.832618278247477,26.030533447168892
2016-11-26 14:00:00,31.182615823301916,29.821373472897523,30.05418570246002,30.103955762657943,29.44249948348827,29.823028737563334,29.93456877345464,28.90672620610323,30.86258989119014,29.039115943366422,28.87199135699788,27.17509038034696,30.081146134493892
2016-11-26 15:00:00,37.96201920156328,31.80437547953683,31.327453431809705,31.480802877300476,31.97164474510484,31.291539595723858,30.780178651158355,30.447041750260002,33.95483898261939,31.024483600159446,31.182615823301916,29.05740119335973,30.56388179172121
2016-11-26 16:00:00,34.6370925930967,36.39388329920315,34.65736087031461,35.22349231468345,35.070100010259466,34.63207205444984,33.66687092984925,33.72476020739847,37.036624825107936,37.14881449946005,37.96201920156328,30.28956458953991,28.25730202806855
2016-11-26 17:00:00,34.18190822465611,33.22409069860807,33.22795595536537,33.016658311847706,34.19742597357934,32.58902045981871,32.64958703982125,32.39683287478315,33.683709704870694,33.112865832034345,34.6370925930967,27.19637184998005,29.044597949931937
2016-11-26 18:00:00,32.088001833431555,33.187906305562386,32.478128327388866,33.22057945419125,31.1603031777106,32.422590851834734,32.67325098431957,31.82126424212864,33.010573900650485,32.30713613655255,34.18190822465611,29.22970698847274,30.742965903046528
2016-11-26 19:00:00,28.704279540300913,31.263167703150298,30.791428026534714,31.434363261922737,29.303034572309794,30.868819064433257,31.281446282336855,30.214688295849946,30.662823774432887,30.063390642706324,32.088001833431555,27.867868777307685,29.657616609136763
2016-11-26 20:00:00,27.657238445798445,28.076951952461012,28.09060123598569,28.976166780588713,28.702735363683477,28.76330580563499,29.443276025808927,27.52267930965543,27.822094821962363,26.82423700386579,28.704279540300913,28.994188346458756,29.104829999056445
2016-11-26 21:00:00,26.865868332364705,27.085565906786744,26.919353686608805,27.694383462893867,28.50563636236053,27.639767942913977,27.626283413404128,27.85528742526989,27.430077060210944,26.116208335243524,27.657238445798445,30.51627759977606,24.668439028953117
2016-11-26 22:00:00,26.440873458398602,26.26119965282206,25.873052470861754,26.490716266725247,27.973520979203162,26.59298226990596,26.007210788677337,26.927679217408446,26.716340825149203,25.680914134397007,26.865868332364705,29.36003229619284,25.251385753573466
2016-11-26 23:00:00,29.896199986297574,25.618187325220244,25.086775277097832,25.431805395726315,26.52256406626692,25.609848884534006,24.788146105371595,26.452268421808864,25.729369226479076,25.594853520817395,26.440873458398602,28.894516056878818,24.514561501797868
2016-11-27 00:00:00,25.537978995197612,28.218707822666513,25.76587226734178,26.81074287186429,27.698725898722117,26.656077658073816,25.9075350226958,26.706459805975538,27.401900590280924,29.191849997910005,29.896199986297574,26.60711783236093,25.947498157903308
2016-11-27 01:00:00,23.03683922540634,23.89691655069774,23.138477722440484,23.759219210794658,23.733664820166652,23.942438646362742,23.255864935066743,23.6677655741514,22.851066079664196,24.951647805695416,25.537978995197612,23.946597793206113,24.19783768617692
2016-11-27 02:00:00,22.378185009994386,21.739237399956988,21.6790053756886,21.988965756787977,22.087588908571632,22.00045885981008,21.17329954270279,21.687184002991952,22.658686131199932,22.874535318832443,23.03683922540634,23.840049788318765,21.280701722851056
2016-11-27 03:00:00,21.669058522211724,21.51473899969739,20.610180568364388,21.143248263554465,21.384933445630374,20.977372495823868,20.474341640288106,21.389150643946607,21.366017840327594,22.70047891111695,22.378185009994386,23.26699764167691,20.122135704978554
2016-11-27 04:00:00,20.10097352518642,21.176512941963463,19.949062216588686,20.54427920716734,20.85866746344574,20.46202034662639,20.454824828601794,21.05986336721776,20.566205945930555,22.427473993436774,21.669058522211724,22.02413565639326,19.348673929256194
2016-11-27 05:00:00,19.790756659515438,20.005936446656282,19.924169263123307,20.749983259915602,20.082819058520464,21.01157843345271,20.89795307612239,20.36163698425396,20.777859314949012,21.294883041330415,20.10097352518642,21.715631870623394,19.458586868202264
2016-11-27 06:00:00,25.124356140530526,25.07375060876169,24.000725009997286,25.423324150891673,25.05766728069051,25.214000190415717,23.137521167146478,24.585813429737982,23.01720493987044,21.408926192738654,19.790756659515438,25.37250609896675,19.298202023991266
2016-11-27 07:00:00,25.232656750890968,26.155505004025027,25.503276363448474,26.2359471192452,26.187704458801246,26.03799016095594,25.67225295133389,25.635124362222115,25.61270154118156,26.853357549153507,25.124356140530526,25.986423998999896,24.37615968590302
2016-11-27 08:00:00,25.389787569468314,25.96316531482797,26.14651678610825,26.214332787500734,26.12071801876596,26.145542487368207,26.28753533200272,26.131421090514408,26.26902995792452,26.759321035420804,25.232656750890968,26.16949028255611,24.813347794797927
2016-11-27 09:00:00,27.902299358558597,26.44454121224628,26.430592477477656,26.893753503858317,26.465809988395385,26.631479184628272,26.735336224259367,26.550324945379252,26.284398290744285,26.74101978991938,25.389787569468314,25.1824074104606,26.338288501479397
2016-11-27 10:00:00,27.837993163751957,28.600500128246207,27.823901441282036,28.754984703048823,28.52604398665096,28.30288665408474,28.296642796610417,28.123656985317666,29.208605789765596,28.997876885399474,27.902299358558597,25.323150366622304,25.93609658658901
2016-11-27 11:00:00,27.107675953702767,28.772415336715977,28.486371835041336,29.1137009840368,28.917216792588874,28.996205872903385,29.083515367117126,27.92103304183979,28.981850147841406,28.604344472590835,27.837993163751957,25.831674901714354,28.715681134559325
2016-11-27 12:00:00,29.036449770420216,28.42730210686852,28.691877957545902,28.804025079324756,29.077999043220455,29.02701346643882,29.294758084344465,29.248398381394196,28.781064486556733,27.65060290028017,27.107675953702767,27.91421904684814,26.935069240312128
2016-11-27 13:00:00,31.59617994104421,30.280630436380722,29.951519232761587,30.375222582705536,30.071194067070984,30.797043184768686,30.133469032989648,29.85589645225559,31.00833932927108,29.360883066489503,29.036449770420216,27.4464890977997,29.235962948427055
2016-11-27 14:00:00,38.70326891351641,32.21802727437624,31.78168381469675,32.20063612752455,32.60101977283568,32.342462306134955,31.45179479041023,32.83394756252207,32.810893319539964,31.54317821571646,31.59617994104421,28.040118338665497,28.87199135699788
2016-11-27 15:00:00,33.61710460189343,37.277743327712706,35.45368146637554,36.37396267115887,36.2660874105861,36.07729665877532,35.12566400853961,36.406484816943575,37.54904355438627,37.927794780025586,38.70326891351641,31.092100562083445,31.182615823301916
2016-11-27 16:00:00,36.17410906085739,33.26874140752002,33.429772725009535,33.557046341027565,34.51060904415457,33.09665212972624,33.03156182756573,34.665872952034775,33.18812754797911,32.13577691638066,33.61710460189343,29.414947988858543,37.96201920156328
2016-11-27 17:00:00,42.52734521284431,35.11939677866396,34.45984768172903,35.5521765589844,34.67587809528448,34.95374066255838,34.497947387997414,35.0457283157429,34.5312306664326,34.30991643450152,36.17410906085739,29.958238014574906,34.6370925930967
2016-11-27 18:00:00,37.2530101876302,39.568712468730816,36.3795282395204,38.20068739545533,37.344383847401446,37.266626875220844,37.58899322904852,36.23177183414036,37.46635004060184,39.9769033489349,42.52734521284431,33.25917527534861,34.18190822465611
2016-11-27 19:00:00,42.11583138088315,35.10482353577931,33.87141566254438,34.91087543379161,34.681934560274385,34.20286653837178,34.82229085118741,34.397155559260476,33.34923816031711,34.07980103048743,37.2530101876302,32.16675101371568,32.088001833431555
2016-11-27 20:00:00,37.48983453155807,38.634475737721935,35.13955504651648,37.95649817536972,37.83089389505166,36.77881573584826,36.804968351613304,34.47100219085342,36.04351411647938,38.544296508517476,42.11583138088315,32.499507683588625,28.704279540300913
2016-11-27 21:00:00,40.10428700692371,35.0950973128762,33.18678394082442,34.329500166646724,35.179918566548295,33.97205037000749,34.49164418175533,33.717041441268826,33.495617551916474,33.57195207751607,37.48983453155807,31.972137340885627,27.657238445798445
2016-11-27 22:00:00,36.40946791851161,36.6611700807529,34.0381596354446,36.40823419835372,36.053322430257545,35.305248362674426,35.12967647471468,34.61171346921005,36.001794747220494,36.06609307873813,40.10428700692371,32.305167474572386,26.865868332364705
2016-11-27 23:00:00,35.618977574079565,33.533096971785305,32.16685505365172,32.91747722090468,35.00592006034023,32.48620245191352,32.60617488462662,33.84570944740777,33.41795558995231,32.318285585109194,36.40946791851161,30.202039176764913,26.440873458398602
2016-11-28 00:00:00,42.98721862341245,32.07316250004073,30.025951887547958,31.986379672604617,31.95199520991934,31.186095007147284,30.940699737501944,28.733169480314306,31.04407193747022,31.73004081457361,35.618977574079565,28.07495304077119,29.896199986297574
2016-11-28 01:00:00,31.77702267260847,36.70804924411785,30.928930096755,34.16794021683405,33.43430224771271,32.94966334253212,32.931044838689395,29.13846042189481,34.77984351116685,39.00272741434051,42.98721862341245,27.31493536189311,25.537978995197612
2016-11-28 02:00:00,27.195605864332688,26.433446786101218,26.278240397206773,25.59966273927289,27.475507870755937,26.71157095856576,26.807610786533882,27.161837088503496,27.58317155073752,27.829920015931318,31.77702267260847,25.6039651813908,23.03683922540634
2016-11-28 03:00:00,23.817628432496903,23.41448901758841,23.75028153110692,24.185069991886763,24.045672121764312,24.38757777697742,23.251426503818312,24.105231582121746,25.56945170792598,24.06726230425948,27.195605864332688,24.15467615177254,22.378185009994386
2016-11-28 04:00:00,21.878302943102018,21.465887499345254,21.959877273731916,22.36587007949952,22.072385352584558,22.383813965287256,22.25046646177103,22.57793240435686,23.321714044874447,21.714183077501083,23.817628432496903,24.012651790259536,21.669058522211724
2016-11-28 05:00:00,21.05108660223024,21.077901721559538,21.484429033342778,21.852805244048437,21.374887974047432,22.239959649611112,22.93909988122985,21.51920814546274,23.625526016002297,20.831220931873368,21.878302943102018,22.983553941937885,20.10097352518642
2016-11-28 06:00:00,26.491345180110635,25.900327634917655,24.90621307553376,26.172173136043074,25.758193016339035,26.282692717290544,25.12993645430755,25.208989441256318,24.45913220008023,20.958590665437598,21.05108660223024,27.37544684213259,19.790756659515438
2016-11-28 07:00:00,25.074705083789613,27.316910401552704,26.496560590742373,27.487779358549563,27.16745005233263,27.562232020600934,27.084882875890965,27.348791029986916,27.803062865234942,26.948916010748146,26.491345180110635,29.026563076311493,25.124356140530526
2016-11-28 08:00:00,26.61022651326137,26.310859826023176,27.11113607863972,27.080503150975186,26.304800163278884,27.445665167024316,27.33236084369859,26.419856285389553,27.046786320613858,25.733454037088347,25.074705083789613,28.854385804510876,25.232656750890968
2016-11-28 09:00:00,27.819264069293016,28.010133561025594,28.109850641703446,28.688843422928485,27.601544028512873,28.461823388362347,28.325965110752247,28.372205632428646,28.020388477436157,27.42941132447327,26.61022651326137,28.943089533596495,25.389787569468314
2016-11-28 10:00:00,28.490111381969108,29.18295612612719,29.040664879941833,29.46001597289518,29.573627448971056,29.719015983897236,29.502441867819766,29.472949369556776,29.60107355437092,28.628175156204094,27.819264069293016,31.19056084405301,27.902299358558597
2016-11-28 11:00:00,28.950952500581334,29.856554917656258,29.97684677063812,30.16871957011539,30.392612575856663,30.530722503263217,30.209514444651717,30.127814181443217,29.384246999533467,29.196657218148555,28.490111381969108,31.91844620492172,27.837993163751957
2016-11-28 12:00:00,38.01917316623521,30.313201162496984,30.87981558040759,30.74011844706419,31.548831829407725,30.753845694678898,30.8511354719396,30.84183923697735,30.388294271173663,29.52119930779884,28.950952500581334,31.573616997936895,27.107675953702767
2016-11-28 13:00:00,31.28021823702248,36.574475358703985,35.33412661648716,35.826606484800806,37.79003265352477,35.159322346713324,34.823102522066925,36.28717397003028,35.924908846875184,38.07562528230611,38.01917316623521,35.24134028668154,29.036449770420216
2016-11-28 14:00:00,28.26134679955226,31.5063088362341,33.337259988191065,31.933054009374803,32.92316685387978,32.19973463809753,33.09261965628616,33.02736128086272,33.22737299138678,30.75635976373279,31.28021823702248,34.43713774288303,31.59617994104421
2016-11-28 15:00:00,28.98676931940478,30.126544408438523,31.901579644670424,31.085027114863802,30.911376782580476,31.37896406287906,31.374606027796442,30.47352164082789,31.09640213219335,27.767244906309333,28.26134679955226,30.7083059261847,38.70326891351641
2016-11-28 16:00:00,30.645070538913547,31.15606141026069,31.977761191392563,31.74718566086705,31.2366903821784,31.962620219419193,31.733343631511804,30.988270023385915,31.24617872068056,28.643094927772296,28.98676931940478,30.87580676421077,33.61710460189343
2016-11-28 17:00:00,30.782827533505877,32.731678316573635,32.84098400137535,32.80731930003477,33.784683568728326,33.308871208751626,33.2055554054088,32.452950132732454,33.948455747317276,30.311712748850756,30.645070538913547,32.048983278789386,36.17410906085739
2016-11-28 18:00:00,32.0097440587865,33.04530663507358,33.384565116629375,33.05192787728971,34.12958891137698,33.506275244551965,33.114305145367645,33.56366024112809,33.87567592512093,30.36763732650303,30.782827533505877,34.761760267735966,42.52734521284431
2016-11-28 19:00:00,36.511466791053095,34.15294798388586,34.02556448087103,33.95676212743206,34.517600374535874,34.290215320552,33.896768599552054,34.1976445810203,33.977625605487894,31.4745647290866,32.0097440587865,30.116397265199637,37.2530101876302
2016-11-28 20:00:00,31.456957460178238,37.47344325848241,36.037367664405345,36.18037947231646,37.08756017204506,36.369053977406296,36.61336605555961,36.95363248721861,34.90187828296752,35.6332135661032,36.511466791053095,29.68488783863404,42.11583138088315
2016-11-28 21:00:00,29.484101400717144,33.266479668809616,33.66685269692885,32.49274158480353,33.254920661315325,33.0469117439122,32.961947558510055,34.67562401576233,32.697829878790195,30.2990279567574,31.456957460178238,29.184353496450974,37.48983453155807
2016-11-28 22:00:00,32.43649755299155,31.46781742809849,32.24616244490601,31.491160277407946,30.23716814702421,32.04488281220224,32.0710636033359,32.52095647847185,30.59780071381441,28.459794542985648,29.484101400717144,31.105108286596124,40.10428700692371
2016-11-28 23:00:00,33.134954845490945,33.73492903750363,32.42308785187652,32.24773488133022,33.839036522791815,32.12588678281866,32.13188951297983,32.602767469961236,32.003698927907735,31.49739001996528,32.43649755299155,31.976953992199096,36.40946791851161
2016-11-29 00:00:00,30.878964277399913,33.018416136690796,31.177416259403017,30.63159127125321,31.672623541575465,30.52008934553069,30.61313004164505,33.06374146365773,31.522120020993103,32.08422087594028,33.134954845490945,27.22175918056383,35.618977574079565
2016-11-29 01:00:00,28.774271813589397,29.225889573472724,28.163736309504532,28.716939152531026,29.643004194371354,28.840132961407466,28.75174638074731,28.61918848161161,27.665973360727044,29.806120113048145,30.878964277399913,27.577688618189033,42.98721862341245
2016-11-29 02:00:00,26.32281279021899,26.024440225432954,24.895914045245306,25.307140922855126,25.737997021088137,25.613783401915132,25.719034770482853,26.47711046993942,24.924058821709654,27.89449874957343,28.774271813589397,27.05682743075996,31.77702267260847
2016-11-29 03:00:00,22.22105419141704,23.320658615757036,22.32953272571218,22.913915445775174,23.532068478049357,23.276023570025036,22.74684376978203,23.466779197781527,21.86613485491914,25.807983250297593,26.32281279021899,23.375209205066998,27.195605864332688
2016-11-29 04:00:00,20.88091324950213,21.143786440627903,20.81504150150466,21.032257991512775,21.479325645063597,21.307254239179084,20.999402268942667,21.1744870075324,22.00131641891209,22.28946769799969,22.22105419141704,22.65095356643206,23.817628432496903
2016-11-29 05:00:00,20.85406533538982,20.963758989816654,21.10022199771889,21.087615829971913,21.019552734777623,20.922975250822322,21.348526473597968,20.821300410315956,21.300413100600753,21.66693958865137,20.88091324950213,23.495906447894736,21.878302943102018
2016-11-29 06:00:00,25.849778820991823,25.92040520068287,25.090175166094724,25.631769871973347,26.133321921835606,25.195570990786862,24.356595762308277,25.918145297501376,22.965257269370035,22.26015811410462,20.85406533538982,28.063767718541207,21.05108660223024
2016-11-29 07:00:00,27.091408945933637,26.752657682197164,26.050319775682,27.25988893147519,27.2211106423319,27.13421433645826,27.024651922347772,26.859613400532687,27.058011314047995,27.51834569042928,25.849778820991823,28.95951056832105,26.491345180110635
2016-11-29 08:00:00,27.352736866462923,27.33757356222127,27.063037634610897,27.3978534020175,28.292888837367084,27.33798245687586,27.675766488658557,27.728550028427804,27.15745990273603,28.644543771042592,27.091408945933637,30.570876036011498,25.074705083789613
2016-11-29 09:00:00,29.00388636006968,27.57256773087524,27.76120661140835,28.073842444136073,28.498790417868513,27.898778844720837,28.10579939998037,28.102067586174087,27.886221777371933,28.734487211567654,27.352736866462923,31.928617024829475,26.61022651326137
2016-11-29 10:00:00,31.068599926606012,28.881996459837186,28.725995740075305,28.979653386854068,30.139195535585134,28.959810416978325,28.924332811543607,29.134584977952116,29.128084073775465,30.1638914615539,29.00388636006968,31.059455371661432,27.819264069293016
2016-11-29 11:00:00,30.678777090313034,30.40587964757511,30.308937274750857,30.364708489614316,31.22715559649214,30.423936999641004,30.14314028562623,31.523829632610422,30.247189730750236,31.879928872953478,31.068599926606012,31.39914189322385,28.490111381969108
2016-11-29 12:00:00,35.55215037210543,30.048057728043577,30.905095478661128,30.77562381678553,31.403641530018785,30.61642429595376,30.843561513744078,30.60120543637074,30.812108257622047,31.127287384603676,30.678777090313034,34.07289802048617,28.950952500581334
2016-11-29 13:00:00,28.948519770881862,33.77387749233531,33.07995579174743,33.53398022829191,33.40283706443451,33.16728095678915,33.47367625129065,33.21175888124732,31.633244959671746,35.533418599091036,35.55215037210543,34.40861126353345,38.01917316623521
2016-11-29 14:00:00,32.33713670258493,28.992181276941505,30.7559176702932,30.473939529574093,29.899533504824408,30.726229183431926,31.104702179733433,30.03372405227251,29.510504703841686,28.596431731456192,28.948519770881862,34.936397820633175,31.28021823702248
2016-11-29 15:00:00,31.93734841278889,31.7416077332776,32.202144381621544,32.284527262731835,32.62830397564225,32.35535579533905,31.971112538611532,32.0384451228761,31.71277530650307,31.927420183439665,32.33713670258493,35.6811254340094,28.26134679955226
2016-11-29 16:00:00,35.15412106965412,31.17059243598064,32.61308962791384,32.18176915425307,33.31689731056504,32.33177389898253,31.941606044440686,32.158771017271015,32.31489816864592,31.327147280661244,31.93734841278889,35.774949116838016,28.98676931940478
2016-11-29 17:00:00,33.041455940178885,33.024438507011205,34.43809323794521,34.17520242574201,34.564893493136594,34.14963889238521,33.54418503476351,33.69646442808996,36.15457315967051,34.277189312149645,35.15412106965412,36.336971725299364,30.645070538913547
2016-11-29 18:00:00,32.29375801520058,32.53306876657618,33.96366750952188,33.0770331402645,34.66812468704447,33.14423809408623,33.37480187722679,35.04099632223909,34.91389035119391,31.886015138965078,33.041455940178885,35.91863642783768,30.782827533505877
2016-11-29 19:00:00,35.12305217328372,32.65683964279463,33.776842850457314,32.90107517939281,34.14758030211977,32.78589623040167,33.013061715337045,32.70782947313079,35.42074852922305,31.069426962654457,32.29375801520058,33.639253068831685,32.0097440587865
2016-11-29 20:00:00,33.74313752274376,34.94311747786621,34.73068768012312,34.82688640370967,34.06705649569165,34.277541482972914,34.791068626969576,33.032470292002564,34.86105648734066,33.7706488944915,35.12305217328372,30.918809005319655,36.511466791053095
2016-11-29 21:00:00,34.23173512506563,33.67044543882883,33.93593058757909,33.41583273959534,34.134941103054025,33.14097966318322,34.03330564045325,34.338156888044196,34.733880031985734,32.210504770605446,33.74313752274376,30.50578813563269,31.456957460178238
2016-11-29 22:00:00,38.49047825079161,33.680869162713876,33.77654390398382,33.19128722742731,34.19524102306606,32.74294889230879,33.22435012002591,34.60600644275464,34.045856252858854,32.617874691353414,34.23173512506563,29.54315483671815,29.484101400717144
2016-11-29 23:00:00,34.37242327575813,35.5277219298203,34.69175464373421,34.85629096484228,36.29427352414921,33.860585307823705,34.47297048967702,36.099764266721024,37.343137593459026,36.61682931162861,38.49047825079161,30.640700874500094,32.43649755299155
2016-11-30 00:00:00,34.91055482807711,32.483592452186535,31.97001458640794,31.096936699393286,32.693122088017304,30.819119090847167,31.62055007469461,32.17790457052304,33.24822643521796,32.261068748074,34.37242327575813,28.554197203177537,33.134954845490945
2016-11-30 01:00:00,32.18882817011182,30.412279922703846,29.730063344022085,29.729326776866724,31.542258690019978,29.338424726061007,29.718958225921185,30.896529004101236,31.562175483304276,32.81552144077398,34.91055482807711,26.97894625900298,30.878964277399913
2016-11-30 02:00:00,30.857568067673043,26.8970381828246,26.975836643099253,26.749989679756936,27.651246936177966,26.66915947254304,26.799596806172847,27.175714604750805,28.08125489108448,30.203169617718306,32.18882817011182,25.4592354925459,28.774271813589397
2016-11-30 03:00:00,25.76184854325612,25.34040425520959,24.40818109940385,24.970947040350513,25.46007895904101,24.866487457765896,24.56200405016648,24.410616968622545,27.29214550682024,29.16210187252437,30.857568067673043,23.212577586696447,26.32281279021899
2016-11-30 04:00:00,22.80400054893161,22.192850678027895,22.21794872125568,22.849238994197282,23.04260704142627,22.699981860388732,22.913645378289704,23.26777886368129,24.480067875606125,24.581616233819823,25.76184854325612,23.548788676863886,22.22105419141704
2016-11-30 05:00:00,23.207833793764244,21.634295807483266,22.06858365834782,22.760590779924556,22.051209991807568,22.563924014898998,23.14963932894328,21.78923059928483,24.16879998608709,22.414244760539166,22.80400054893161,23.694198503646383,20.88091324950213
2016-11-30 06:00:00,26.813755280710424,27.625454259111844,26.124891747111864,27.271944715881546,27.118761478950567,26.918608523059763,26.4346037199668,26.579573914845454,25.314416714676938,23.565158872302227,23.207833793764244,29.261710019377865,20.85406533538982
2016-11-30 07:00:00,27.862408451413298,27.80093233624874,27.412180500476676,28.217806294999317,27.766538143177268,28.092716147680175,28.226742215638524,27.643765663673552,28.48538604225756,27.57280039805009,26.813755280710424,29.39321946407225,25.849778820991823
2016-11-30 08:00:00,28.369647272248038,28.267999184575388,28.46563495589933,28.711329439699455,28.52608693781066,28.603301305956155,28.78313421747215,27.89307288899062,29.138511346349727,28.697516604040953,27.862408451413298,29.376185425743426,27.091408945933637
2016-11-30 09:00:00,27.86158769466573,28.622066682703018,29.414908798537994,29.300065651911037,29.16753888236078,29.1993687582584,29.275237711540885,29.08877931410419,29.957131469445397,29.18402779466741,28.369647272248038,30.726739466265958,27.352736866462923
2016-11-30 10:00:00,29.83025246154869,28.434588651830467,29.82474420757706,29.356374477893187,29.157848605030125,29.521059683339157,29.784146407660273,29.28795600237951,30.74464779817746,28.651408311032963,27.86158769466573,30.12785899278243,29.00388636006968
2016-11-30 11:00:00,28.416044991678636,29.982840499059648,30.88222919383837,30.49462991725467,30.05520805230016,30.68215134308963,30.548029888812778,30.57870258627015,32.182906019669346,30.540656381065872,29.83025246154869,32.53887548333471,31.068599926606012
2016-11-30 12:00:00,30.62074317308651,29.091958861240723,30.872347256900255,30.02964712844091,30.06932128396157,30.579301274612988,30.42727763164658,30.378387279266065,31.20295678746426,29.01991326451773,28.416044991678636,31.787577599498583,30.678777090313034
2016-11-30 13:00:00,31.58386978292448,30.97004077403855,31.608147650655514,31.47896392208001,32.086453786192386,31.93034648187893,31.666249666004223,31.549080820132755,31.124547031026296,31.11963690504128,30.62074317308651,33.51707086489548,35.55215037210543
2016-11-30 14:00:00,32.87350981821785,31.404599977258798,32.35326261936596,32.11862904036436,32.4715894525844,32.442599952371985,32.2931948749341,31.80457377784231,32.896732195647175,31.845128028120197,31.58386978292448,33.7036570446683,28.948519770881862
2016-11-30 15:00:00,30.22828231465867,32.4214918594981,33.36479940722425,33.228755634122734,33.272499163768536,33.629222886058834,33.322900767976144,33.29562860195078,32.943640605105934,32.84621395055614,32.87350981821785,33.78705762590967,32.33713670258493
2016-11-30 16:00:00,33.20412675208175,31.10759812427087,32.695941119552245,32.02193099173275,31.995722494756855,32.7043746406355,32.29362530646112,31.676407054645914,31.607643553235324,30.023521453456624,30.22828231465867,34.02842471155384,31.93734841278889
2016-11-30 17:00:00,36.014662539019994,33.3472002337639,34.30845900939338,34.138778312622,34.30194091227601,34.8052282640088,34.00231689551148,33.987309855963495,33.961236902152706,32.87447877678886,33.20412675208175,35.61762055147752,35.15412106965412
2016-11-30 18:00:00,35.73533835894503,34.342365266337175,35.65185752563115,35.68982189223532,35.922813305426374,36.16202418331796,35.311739894181635,35.94862901974215,35.49427834852787,35.3182592523941,36.014662539019994,34.387785906779705,33.041455940178885
2016-11-30 19:00:00,37.3060613781052,34.439102166997166,35.794613950288,35.53153909572043,36.416835940422104,35.86013278726232,35.70985693491436,35.58270385196075,35.3929336584863,34.62611274487349,35.73533835894503,32.57839711835574,32.29375801520058
2016-11-30 20:00:00,35.31942953658607,35.82387154674003,36.340086883994815,36.622858921555256,36.21179853198734,36.61262254398658,36.35944461650981,36.82281140568014,35.272629423332404,35.8318377027949,37.3060613781052,31.969419209131644,35.12305217328372
2016-11-30 21:00:00,36.67648230757263,34.695188918305824,35.62334246180341,35.177104583589276,36.63486999935775,35.31141463846058,35.5012441807028,35.84279022074218,35.90164755623318,33.573308424373806,35.31942953658607,31.369296634631663,33.74313752274376
2016-11-30 22:00:00,34.914072068555,35.67625757840263,36.011095739261805,35.9529185284125,37.121800084490275,35.678598122487124,35.346293848089886,37.64890220023053,37.02580181250287,34.77412624496762,36.67648230757263,31.390207218592717,34.23173512506563
2016-11-30 23:00:00,34.2496142778675,34.32268484784159,34.57439667720175,34.643002261942655,35.61184059824945,34.23923827773384,34.47362650770582,35.940317744883636,35.27920795890946,32.90441542006252,34.914072068555,31.73118036734772,38.49047825079161
2016-12-01 00:00:00,36.12135082079481,33.06681964562278,32.91986891506118,32.52581077938469,33.80481198945697,32.30143737864317,32.58301534346996,32.760343220743906,33.63284830037322,32.28554943837821,34.2496142778675,30.85221100301872,34.37242327575813
2016-12-01 01:00:00,34.72091899531812,32.40071416182618,31.81074549903087,31.635214604549873,33.55739658674638,31.547194783596012,31.46233574340769,32.303281473344555,33.65463969947223,34.15704890415768,36.12135082079481,29.38720011582762,34.91055482807711
2016-12-01 02:00:00,31.82597035467496,29.56422859271436,29.367945457052887,28.668295411106232,30.939963044372156,28.80497768058359,28.696922839894807,29.30665295213859,30.947111408205934,32.72811876483105,34.72091899531812,28.929914152761413,32.18882817011182
2016-12-01 03:00:00,27.00509099678356,26.53313882710567,25.859899682608404,25.99964314776044,26.41729954964329,26.02096189816774,26.125408937971542,25.49620933244687,27.927175639303137,30.014802561460886,31.82597035467496,25.145365736465735,30.857568067673043
2016-12-01 04:00:00,24.428243552647793,23.00875073849492,22.93681207800908,23.33245274551872,23.634304217964026,23.343669784994287,23.69857737410723,23.69140498374677,25.229412637113377,25.695050126326144,27.00509099678356,23.648761243148407,25.76184854325612
2016-12-01 05:00:00,21.86443956042724,22.395219574765136,22.65769359953949,22.692149046730112,23.109890084475033,22.50227753206038,23.262542222098613,22.887102651449148,25.054064194205033,23.868170790336656,24.428243552647793,22.83276160900429,22.80400054893161
2016-12-01 06:00:00,25.447586906101435,26.36099374923334,25.677437892185882,25.77452488939137,26.935200274002373,25.446471638741887,25.356194576123432,26.588760002777637,23.93550132607006,22.126431972350588,21.86443956042724,26.544566546579755,23.207833793764244
2016-12-01 07:00:00,25.689394343886608,27.199296256370133,27.001337278999074,28.02529417315819,26.83376647539668,28.178558603068748,27.864533489108876,26.84404224176949,27.391528016467877,26.323633495130803,25.447586906101435,28.34992057464318,26.813755280710424
2016-12-01 08:00:00,29.863665878982868,27.228729696490763,27.567472149688516,27.85755268207734,27.13548580296411,28.083839881730214,28.545930817706374,26.968170801386222,27.433914416928967,26.83990917981378,25.689394343886608,29.207924208507553,27.862408451413298
2016-12-01 09:00:00,28.36314045996274,30.233787922409473,29.348127087088425,30.04325240516022,29.25111636836434,29.749668085190745,29.45431850648612,28.72681325023113,30.399416107883628,31.032061069263495,29.863665878982868,31.599657678581494,28.369647272248038
2016-12-01 10:00:00,27.039295710726467,29.150048593841877,30.126193440016795,29.723661768727045,29.184501922778335,29.935729347785866,30.075108774020805,28.927330539982563,29.703912915595645,29.38775315685556,28.36314045996274,32.500950236356374,27.86158769466573
2016-12-01 11:00:00,28.248333174981667,28.797757298790444,30.083794435590594,29.634056066099784,28.827164318027528,29.88367665444024,30.21313601965149,28.800575768712235,29.58476313634331,28.081410874134466,27.039295710726467,33.40315175903711,29.83025246154869
2016-12-01 12:00:00,28.549552048544477,29.86320627784242,30.982087350208257,30.347214797881417,29.495461262533937,30.539785855496294,30.650978494599197,29.679123317703404,30.376935192353393,29.316392354236083,28.248333174981667,31.445100465560575,28.416044991678636
2016-12-01 13:00:00,29.609548191301524,30.25349838239472,31.445309652662022,30.76667591932025,29.418272034998612,30.923540157917042,31.383046523889504,30.199253149778226,31.239914427651158,29.557544278066963,28.549552048544477,31.556943917131512,30.62074317308651
2016-12-01 14:00:00,29.21966657219553,31.263017434517696,32.28736603054404,31.477382797485678,29.903491575879336,31.711682065490322,31.93888884982594,29.99858624721337,31.62297774521755,30.50626556914604,29.609548191301524,30.836388204596876,31.58386978292448
2016-12-01 15:00:00,29.68135770703319,31.293932085276214,32.16330972958167,31.475200475992352,30.29843104593197,31.82525559972136,32.17352218409035,30.451918291664676,31.139373148609046,29.988103280808826,29.21966657219553,31.699572966335758,32.87350981821785
2016-12-01 16:00:00,34.12240882115596,31.912508077818643,32.427728313672525,31.755951106759692,31.07086389491262,32.24085281045742,32.48784017198226,31.231927857855027,31.45925590946663,30.347900802837458,29.68135770703319,32.85229368609504,30.22828231465867
2016-12-01 17:00:00,37.11525300948499,34.75122883930414,34.43083029482569,34.44908377315454,34.12111039200771,35.139662975615785,34.59911390936711,34.36877534562257,34.89425900250425,34.496230599242736,34.12240882115596,33.53792477532669,33.20412675208175
2016-12-01 18:00:00,39.45301859269897,35.617770407906434,35.7951034246613,36.298528307067556,36.280295772782466,36.93676617926368,36.261665747277675,36.8405697806804,35.60075958264279,36.90630016214026,37.11525300948499,34.72902419895423,36.014662539019994
2016-12-01 19:00:00,37.93446717856499,36.99701362197482,36.70190903284208,37.475176976712625,37.31164794253443,37.80905258621672,37.49362306320736,37.42833990814377,37.12861859672213,38.54262982122496,39.45301859269897,36.15831869270702,35.73533835894503
2016-12-01 20:00:00,33.9304282837803,36.56446462882139,36.25805220271683,36.829212751534065,37.4347689103778,36.96721662476343,37.19825880791958,36.9539973903639,35.80262150629789,36.430745957013464,37.93446717856499,35.85049511039928,37.3060613781052
2016-12-01 21:00:00,32.43063560789699,34.20489149385409,34.91597795939601,34.3228789244306,36.733142300363426,34.65750893631253,35.128465392746556,36.3253096526651,34.77717024687711,32.223234544862905,33.9304282837803,34.27926161203914,35.31942953658607
2016-12-01 22:00:00,37.56574760158646,32.934261174796305,34.138754083640514,33.53851055835393,35.050811266543946,33.62362635844319,33.45175697701162,34.111347189793904,33.209883704923236,30.844286349142884,32.43063560789699,32.14916279786814,36.67648230757263
2016-12-01 23:00:00,35.5328061001357,35.98226006971955,35.15757186398583,35.20365367359669,37.226921731865914,34.799776987913425,34.10203175825858,37.38611833817789,35.76245352606516,35.94097423990651,37.56574760158646,32.84533353846707,34.914072068555
2016-12-02 00:00:00,34.32845832044317,33.51053991239787,33.863517993531296,32.302378087204346,35.915387862077026,32.438588342777074,32.393238236169985,34.63348100643336,34.0698719458787,33.70680009100529,35.5328061001357,32.02936657854687,34.2496142778675
2016-12-02 01:00:00,32.6815292808422,32.36815169558997,32.32636043478251,30.783429617577173,33.111938646762155,31.045473424969554,30.71191322051474,33.18536250724438,33.44286738818106,32.51144549692191,34.32845832044317,30.036725722927994,36.12135082079481
2016-12-02 02:00:00,32.45906648213253,29.481917358415473,29.976374267259114,28.103820240944106,30.60367103049242,28.502965369061673,28.260139327457647,30.942580588669546,30.807073952508432,31.011522703086676,32.6815292808422,27.701178988460512,34.72091899531812
2016-12-02 03:00:00,26.672099989840596,27.698286240921096,27.571025703046484,26.501173030130502,27.802480984441395,26.599212422097825,26.514441456704546,27.18393777422213,28.932652374962313,31.004615328042977,32.45906648213253,26.799640218722775,31.82597035467496
2016-12-02 04:00:00,23.477309994185738,22.795256578727106,24.087457788678723,22.769338910661236,24.112730605943838,23.322728235775912,23.799794800811753,24.134135655707667,25.14521545805419,25.646121278258644,26.672099989840596,23.45924889098848,27.00509099678356
2016-12-02 05:00:00,24.60087945094794,21.32278991105022,22.61230072510904,21.772056656686285,22.6647153061552,22.261502395728485,22.878790275273293,22.078048869041375,23.735015314878282,23.2198123352893,23.477309994185738,21.545958799698987,24.428243552647793
2016-12-02 06:00:00,26.582528565715542,27.226748503076646,25.756729742628817,26.13270069889479,26.847776215149864,25.929946952931545,25.985948511375863,26.349025427779065,25.604029034235555,25.05476419567026,24.60087945094794,26.070536924542225,21.86443956042724
2016-12-02 07:00:00,27.53917768584239,27.7884253788388,27.173596710321863,28.3323952744099,27.611207312011302,28.606151346975025,28.45939296454606,27.38910254857962,27.503448106265935,27.441479489678937,26.582528565715542,28.29943912867673,25.447586906101435
2016-12-02 08:00:00,26.559754791549334,28.394215535947108,28.541173861009526,28.61693585936142,28.950778361089668,28.90787270422221,28.95556067523279,28.009809681951214,28.35560139211239,28.56397315050886,27.53917768584239,29.38558655756547,25.689394343886608
2016-12-02 09:00:00,25.958079064246487,28.15584882767685,28.483345437935373,28.81275961567552,27.828603875122333,29.275098680742776,29.025449419911297,28.12754289177509,27.518020553754724,27.699588499787403,26.559754791549334,28.920700916992768,29.863665878982868
2016-12-02 10:00:00,25.629953677311242,28.203040520429152,28.607304070596186,28.693959588807015,27.38793794697038,29.321397067467743,29.32409882834365,27.2624958413952,27.473550093780744,27.25717963299273,25.958079064246487,29.01014249032546,28.36314045996274
2016-12-02 11:00:00,27.706918871001754,28.265840021338345,28.832248871484225,28.92065734656254,27.245995721312845,29.37845864385172,29.6881482920864,27.367312985009512,27.837499131148565,27.090670016784895,25.629953677311242,30.12845628743127,27.039295710726467
2016-12-02 12:00:00,30.132438612953496,30.17855297261018,30.21779740647695,30.423049980300153,29.73009345919845,30.535755523506605,30.908621162571958,28.828316002255097,29.273007799180807,29.21481985812382,27.706918871001754,31.40511820131902,28.248333174981667
2016-12-02 13:00:00,34.63885102978276,31.959133203983857,32.404749082638126,32.00784642782554,31.14095822002119,31.94012012261196,32.57820332090612,30.63050176248256,32.81807354149039,31.460280097912513,30.132438612953496,32.47068431959776,28.549552048544477
2016-12-02 14:00:00,31.958451672103344,34.998618609948124,35.23277874486215,34.888609244550516,33.909640557344304,34.604897171456166,34.86730181323811,34.66136012068161,34.23196126222609,35.50651718248861,34.63885102978276,31.428969999565336,29.609548191301524
2016-12-02 15:00:00,31.68176514705746,32.87438291813121,34.42049235132456,33.16431743419605,33.30788987413774,33.54581241468612,34.27965919384897,33.10917704472725,33.221466259387064,32.347622906445814,31.958451672103344,31.472977427911054,29.21966657219553
2016-12-02 16:00:00,33.90199777665054,32.9905707961743,34.41499384095217,33.37241562847269,33.45659458314052,33.78346788609983,34.15294382335369,33.43106016497989,34.67644119322854,31.84998862814263,31.68176514705746,33.106322561103305,29.68135770703319
2016-12-02 17:00:00,36.29867612832829,34.58730803222047,35.269537413716314,34.96790776408179,34.86977137713753,35.38746476131349,35.067238267077265,35.19607832345842,36.18046439612022,33.819708915093905,33.90199777665054,33.557375766690136,34.12240882115596
2016-12-02 18:00:00,34.313803090601,36.11368663105778,36.10066000482416,36.37160585205146,37.016504929806146,36.690812159325155,36.20001718417297,37.10019873565999,36.74371112327005,35.80800192887533,36.29867612832829,36.29864498948828,37.11525300948499
2016-12-02 19:00:00,33.352435284554865,35.03409669147315,35.24491367115625,35.266648291227945,35.76860464358631,35.48959934062497,36.009440581668514,35.89486270720778,35.09748472413194,33.47046999950695,34.313803090601,36.99277558928299,39.45301859269897
2016-12-02 20:00:00,35.81535420317036,34.387830582974864,34.610388339712955,34.82802479873336,35.60391285956163,34.91363362188512,35.66117907559615,34.86567504515846,34.145111009695064,32.38397076911651,33.352435284554865,35.72092248791954,37.93446717856499
2016-12-02 21:00:00,33.12440349116306,35.80313153859486,35.17585764762332,35.39959736260431,37.375948216260994,35.237036437698244,35.416020818620005,35.62207888370875,34.51573072619071,34.70070425009477,35.81535420317036,36.31714173435711,33.9304282837803
2016-12-02 22:00:00,34.72033272738751,33.385602190457796,33.995394626555765,32.68029874226773,35.313309651721426,32.98413873580346,33.16630445541443,35.47470133149365,32.98066799539103,31.88859742385982,33.12440349116306,34.908781402284504,32.43063560789699
2016-12-02 23:00:00,34.78276310343495,34.58188955090812,34.14857404088611,33.9053634024413,36.066553573598796,33.647948340052125,33.378818198012546,36.03555746580431,33.88307127105842,33.46842881002215,34.72033272738751,35.69947839684494,37.56574760158646
2016-12-03 00:00:00,35.87954338300963,34.00408952695435,33.6824265478011,33.1333904853939,35.34142094682209,32.82050635149425,32.76327835382336,34.155214494971396,34.477672502875464,33.43935474886848,34.78276310343495,34.1672369191778,35.5328061001357
2016-12-03 01:00:00,30.54922674543193,33.21571652629259,33.0087481612381,31.793992626761945,34.341609138521015,31.779917729973608,31.726587233184357,32.872217972978135,33.565433729151124,34.422411269354996,35.87954338300963,32.659778924382664,34.32845832044317
2016-12-03 02:00:00,29.589324287994767,28.273463538814166,29.459816389719467,26.77520519683431,29.53167387310673,27.647589100964087,27.566456735101127,28.59070189907396,29.903040727177977,29.17930618567567,30.54922674543193,30.179251835423695,32.6815292808422
2016-12-03 03:00:00,24.80848217479021,26.535574268034285,26.47397936355776,25.555403548675287,26.411932074042046,25.76855519875039,24.98502860622719,26.625433686643728,27.466406949514095,28.608530484602152,29.589324287994767,26.429466533521147,32.45906648213253
2016-12-03 04:00:00,20.41602737661428,22.02727691598562,23.006276078432148,21.8103408947934,23.205854111509012,22.22400767978549,21.970036314349613,23.03626800881271,23.35580642444868,24.38344755789072,24.80848217479021,23.21030384620567,26.672099989840596
2016-12-03 05:00:00,19.504193153459468,19.34099138423017,21.53143276793573,20.1349844072775,21.45509848969217,20.978396476212797,20.859899135707913,22.030552723228887,21.34759280123091,20.85340723523714,20.41602737661428,21.871693840491844,23.477309994185738
2016-12-03 06:00:00,24.43803316248225,24.364489515526376,23.00733909440234,24.062920560714144,25.696468783568594,24.641871216550925,23.70551714177178,25.237157100647618,21.999321566103735,20.86972119606635,19.504193153459468,26.20247505945062,24.60087945094794
2016-12-03 07:00:00,25.38084780951449,25.799045719964454,24.797565060736876,26.2265230855833,26.14684227698855,26.684752412915845,26.258084393173238,25.927508330419506,25.394013691207327,26.3521078752855,24.43803316248225,27.40975883528384,26.582528565715542
2016-12-03 08:00:00,24.916753416688255,26.487953734546682,25.841176002959717,26.492359432196395,26.549332431600735,26.869399706415123,26.625267448909696,26.302440989171128,25.78704411425279,27.4147706090754,25.38084780951449,27.046503122741143,27.53917768584239
2016-12-03 09:00:00,26.7331528014487,26.874472190529858,26.111991650003727,26.88613979116604,26.348094630196734,27.289465695810758,26.498880638087485,26.079914130502857,25.729744041480426,27.004496628050234,24.916753416688255,26.940559278037874,26.559754791549334
2016-12-03 10:00:00,29.511945915245626,28.721018152804692,27.481680171344696,28.729536517387317,27.826371372726662,28.63908927829574,28.083409954973646,27.161494395257897,27.15913390509269,28.79999462264925,26.7331528014487,28.512159059683434,25.958079064246487
2016-12-03 11:00:00,34.37242327575813,31.070426889704333,30.25801932066719,31.02151010570765,30.411588584995794,31.008732560745727,30.616141624503182,29.357404064293295,30.459713324020107,31.342143790616475,29.511945915245626,31.174157916857574,25.629953677311242
2016-12-03 12:00:00,40.22240622847523,34.7557528061993,34.51114447368155,34.913946518378246,33.096601389809166,34.77634536018952,34.171629874659935,34.01630974415799,32.99753980993266,35.663298014157526,34.37242327575813,34.48688392411269,27.706918871001754
2016-12-03 13:00:00,40.11307992456555,39.24858888648157,37.93104159216349,38.506696739413485,38.010932391600306,38.76898965866972,37.71978176054116,37.45309385088713,37.66204678978813,40.593939159578625,40.22240622847523,35.704702771837695,30.132438612953496
2016-12-03 14:00:00,41.196084559746865,38.79904779045927,37.98343101328579,38.397987907425716,37.93193992697587,39.13764217765911,38.383376607908545,36.475908190993664,37.54314930398308,39.47661465361666,40.11307992456555,34.48847885779315,34.63885102978276
2016-12-03 15:00:00,35.49675484411955,39.46800899011825,38.494966241320334,38.700828149553985,40.200210120664224,39.35845948589435,38.853977094104586,38.38598599579257,39.61247979876756,39.74513717590646,41.196084559746865,37.32109594509968,31.958451672103344
2016-12-03 16:00:00,45.15293420915112,35.24846615378902,36.50150133755003,35.09710868544466,36.604702329883516,35.95156451992738,35.927858664185834,36.151663479258474,36.52462239378409,33.60876624848192,35.49675484411955,39.17533455992235,31.68176514705746
2016-12-03 17:00:00,41.45577078322813,42.7079455934095,39.60584154731696,40.77089285589841,43.126381240891476,40.513774659716624,40.00693251197322,40.56775291465463,42.41705342073331,42.82372612715495,45.15293420915112,41.15352406483893,33.90199777665054
2016-12-03 18:00:00,36.33472738434445,39.34429091594783,38.52678427821906,38.57408928428878,40.8752375041866,38.139561590981316,38.85769783355318,39.10042009894204,39.44987102774151,38.454879498810264,41.45577078322813,38.66951620245938,36.29867612832829
2016-12-03 19:00:00,34.51486986313668,36.263596968417495,36.57306518303452,36.36249893659916,37.62992018295204,36.008219098369956,37.01343034771789,37.79722541693484,36.67937289848411,33.23642573325314,36.33472738434445,39.93108783683523,34.313803090601
2016-12-03 20:00:00,40.34287052174919,34.70829581833667,35.538018757474084,35.60744090783824,36.01892002620704,35.373424800758556,36.18549888478673,36.46265273549051,36.04498033696458,31.696856121656197,34.51486986313668,39.61865382446147,33.352435284554865
2016-12-03 21:00:00,42.40336331198668,39.04015038514691,37.51423262643204,38.834990138427365,38.851565734296194,37.92286932802699,38.425809875540885,39.04513323426703,38.31426527377144,37.602494112444255,40.34287052174919,42.64363427255026,35.81535420317036
2016-12-03 22:00:00,37.500386620097515,39.57350491231973,38.04266524404422,38.25396031782143,41.14561396452805,37.45415478659124,38.074040551372306,38.90570352218827,39.58338299464715,39.348225220581384,42.40336331198668,39.05586194656365,33.12440349116306
2016-12-03 23:00:00,34.468559836099274,36.284879558905466,35.91749367722557,35.19171245678584,36.84133582912528,34.73012992407475,35.31881010676667,38.0659453794496,35.284331287174716,34.31717012357263,37.500386620097515,36.615933196395396,34.72033272738751
2016-12-04 00:00:00,36.98101343892344,32.92009260484978,34.05796119884758,33.541414609810666,34.27871552969938,33.101702587494174,32.77317852368188,34.497471251800796,33.955617246872926,31.58221096908286,34.468559836099274,33.41700155086702,34.78276310343495
2016-12-04 01:00:00,34.317027380666474,34.08210048414668,33.494173480146664,33.669658853510946,33.705462531164585,33.00715437149436,32.93459891211387,32.32251561358029,33.49376513615075,34.38767986314592,36.98101343892344,33.66407308097322,35.87954338300963
2016-12-04 02:00:00,30.411469842616043,30.919300545040613,30.853557467619023,29.19614263266403,31.4399049317621,29.580836427608048,29.80480698329231,30.91798358364712,29.944530563547936,31.944534935745818,34.317027380666474,32.43620525483994,30.54922674543193
2016-12-04 03:00:00,26.964379332890694,26.62966347944054,26.891792669518907,26.02228298950126,27.008049255706645,26.605865724885405,26.2688012510236,26.26306393834134,27.563938144713344,28.52248383365952,30.411469842616043,29.37985650225768,29.589324287994767
2016-12-04 04:00:00,22.03947853316307,23.422998774305295,23.3198033816583,23.03167967603746,23.471040576013483,23.369669317649084,23.294108302063687,23.318734247258433,24.949048446363758,25.80394793379227,26.964379332890694,25.122672764764065,24.80848217479021
2016-12-04 05:00:00,20.024445185870796,20.36330168659753,21.71514277919445,21.14667507364189,21.313296693822718,21.39086772004812,21.755343064735825,21.996918491668055,22.99604863377078,21.831825334081763,22.03947853316307,22.285803079552053,20.41602737661428
2016-12-04 06:00:00,25.67720129251069,25.02439543927943,23.788072011939974,25.291620547058155,25.587319031076007,24.924444894621587,24.232239168817888,24.96519265724949,23.403901319788304,20.891628893862524,20.024445185870796,24.99406007402264,19.504193153459468
2016-12-04 07:00:00,26.01262492590463,26.695294528414944,25.8543281793701,27.11734955811075,26.68058899048647,27.39076966770291,27.197759582167325,26.467751291631977,27.088893720682172,27.235017603431466,25.67720129251069,26.28484927131804,24.43803316248225
2016-12-04 08:00:00,25.343389804149492,27.117988689273677,27.082846876643107,27.58287171709173,27.4664687371376,27.85832745882597,27.895774145096084,27.649697817748528,27.465056367349586,27.790064694750956,26.01262492590463,26.736648789035225,25.38084780951449
2016-12-04 09:00:00,25.133324901840968,27.51635557608182,28.29174886356942,28.217298694778137,26.997546604455703,28.689315153855745,28.119945652954687,27.097778414769003,27.38300014919918,27.292789210656657,25.343389804149492,28.154581019178245,24.916753416688255
2016-12-04 10:00:00,30.65562207679433,27.757429398853947,29.185049847022924,28.88319519596145,26.940463122225943,29.893459709906917,28.97751082176951,27.8205381099024,28.47749400219977,27.249588632613285,25.133324901840968,30.71487956066363,26.7331528014487
2016-12-04 11:00:00,37.14221839744688,32.5799430351974,32.985859911252845,33.01325193731537,32.80520210913335,34.09571044146468,32.68482778745952,32.3241485000896,33.08645870353382,32.668734004719354,30.65562207679433,35.64204383417844,29.511945915245626
2016-12-04 12:00:00,34.129150351699316,37.47928342196737,38.03859110409812,37.45557499648536,38.455546697205975,38.3950356427432,37.37508020158575,36.13240511004126,37.49660910162163,38.50804087998539,37.14221839744688,38.04341519231212,34.37242327575813
2016-12-04 13:00:00,34.00780684008233,35.08329314888987,37.277588653810746,35.81717235572996,34.45716370100306,36.54110886962534,36.22479266378876,35.56072743154864,35.56684341384294,34.78169192727766,34.129150351699316,39.66752612036672,40.22240622847523
2016-12-04 14:00:00,36.026973064245496,35.15218752351101,36.98483084956075,35.8850093433362,34.51360943325089,36.400044313139794,35.532484760209634,36.13238455211758,36.56838874487209,34.267690592130045,34.00780684008233,38.13698070421461,40.11307992456555
2016-12-04 15:00:00,36.94701357000576,36.58229569076609,37.55553520826207,37.09384707145495,37.446749492386,37.45616946311172,36.696762209806906,36.425110295796124,37.124986452135104,35.90393709201281,36.026973064245496,37.95190246778651,41.196084559746865
2016-12-04 16:00:00,35.159983014748676,36.62644701344868,37.65903554344363,37.109282890553935,37.38286103843766,37.062938722678986,37.03178710513949,37.355674255844995,37.910354202513446,36.386270908844345,36.94701357000576,38.17731925206502,35.49675484411955
2016-12-04 17:00:00,38.70473439979005,35.84219501990426,36.611634539964086,36.65096013480038,35.67082176427515,36.56187726728417,37.00800476902712,35.84893043201796,35.402465192957436,34.29213139703848,35.159983014748676,37.04044036122346,45.15293420915112
2016-12-04 18:00:00,39.132953747374515,38.58743578202536,37.967162843015025,38.73227222803151,38.46705039120664,38.558123609180704,37.782261940606084,38.70747961681266,38.00050290047751,37.546862370635004,38.70473439979005,37.32028497373402,41.45577078322813
2016-12-04 19:00:00,40.01694299711862,38.31695346702956,37.931608403487765,38.16323599799438,39.22844430870785,37.91259330303408,38.14944579173841,39.987483492487605,37.58851550206018,37.55591041906207,39.132953747374515,38.151905511653595,36.33472738434445
2016-12-04 20:00:00,40.368956324262285,38.99626044177965,38.29274284084056,38.724148421857976,39.457092734171766,38.56460498409467,38.77174539939136,38.59352264059444,38.19199849111782,38.064645121245434,40.01694299711862,37.572376672526715,34.51486986313668
2016-12-04 21:00:00,38.408410285256245,39.53246003874724,38.29832749870264,38.854042683670606,39.225994013275866,38.52338732606841,38.74854113251384,39.413987171961026,38.64241011731302,38.075946397269554,40.368956324262285,37.86851926128832,40.34287052174919
2016-12-04 22:00:00,37.46550716573103,38.09545897099886,37.41782183807326,37.963051258279364,38.99130159672833,37.69006454765262,37.762118846459146,39.462314445259366,36.478041075575284,35.9278458706513,38.408410285256245,37.64394005408302,42.40336331198668
2016-12-04 23:00:00,37.911606033223144,36.67865704221317,36.16948817803631,36.34975277918142,39.152214616964564,35.97426279267151,36.271697279821126,39.398660505647285,35.87099862887506,34.992802256019495,37.46550716573103,39.44898341379784,37.500386620097515
2016-12-05 00:00:00,34.38971616062939,35.622737716215205,34.66201907555666,34.497576244053874,36.35890657900266,34.13709549972662,34.217190761169014,36.557283795028,34.66689460742043,35.486400566839436,37.911606033223144,34.64422794008213,34.468559836099274
2016-12-05 01:00:00,34.41550901273006,31.89087826644712,31.8016984218207,32.12993571483454,33.06160835681286,31.79150517918116,32.164253313804785,32.00817670065892,31.668148459466824,32.13795682567368,34.38971616062939,31.875437875760404,36.98101343892344
2016-12-05 02:00:00,28.269494987668025,30.805915213706104,29.69865583845788,29.912261124204516,31.581453582216746,29.971703029761887,29.711164899078017,30.614070291324,30.014627026045595,32.4886869039571,34.41550901273006,31.858158259818047,34.317027380666474
2016-12-05 03:00:00,24.175855392072332,24.655113089140215,25.15893285499713,24.670535570062526,25.11395500581581,25.468496517116957,25.497295231344022,24.75579038087381,24.805906560637943,26.860053237651766,28.269494987668025,29.951626324887105,30.411469842616043
2016-12-05 04:00:00,24.640741264960177,21.628714086467422,21.807871251842954,22.276612959106416,22.39596113413616,22.481694400451854,22.223195886537383,22.195715082060406,22.722287207579697,23.66167540531726,24.175855392072332,25.14840993208734,26.964379332890694
2016-12-05 05:00:00,22.555686528302253,23.2658579215033,21.790381843010817,22.53612370602485,22.50044974066168,22.211517762202174,22.99070834598956,22.785748783763072,24.730090039429683,25.01106484340438,24.640741264960177,23.99624881780498,22.03947853316307
2016-12-05 06:00:00,27.235496863254433,27.247342296048867,25.125029045425208,26.805755801027697,26.168623325616636,26.341696099697668,25.494789612027137,26.341702401680227,23.377724475041777,23.670383790399235,22.555686528302253,28.06736576950175,20.024445185870796
2016-12-05 07:00:00,27.68898116482798,28.013943690731605,26.955192633115544,28.163373960803636,28.436456950658233,28.129300533065287,27.911062479447963,28.07651096664282,27.498454366341004,28.829404233732856,27.235496863254433,29.16839990273418,25.67720129251069
2016-12-05 08:00:00,28.048028605821642,28.312008009031057,28.112764039061513,28.642266391444466,29.33735958591278,28.64427283867704,28.679204020542333,28.17669532709036,27.75275569868878,29.384489538679237,27.68898116482798,30.615072431560343,26.01262492590463
2016-12-05 09:00:00,30.015784785899175,28.912700317309643,29.567470282064203,29.582596738063188,29.589314149597623,29.638848096694698,29.339958929947837,28.54806494891804,29.130151751192923,29.775419587339556,28.048028605821642,32.07538795954899,25.343389804149492
2016-12-05 10:00:00,30.755862329096868,30.622372388538015,31.60063593218578,31.29106394900161,30.987945148112182,31.306755824382122,30.82084167353538,31.252700171308835,32.07127465856723,31.658201150899274,30.015784785899175,35.34996080402075,25.133324901840968
2016-12-05 11:00:00,29.542721402321387,31.385713975671063,33.014567950352266,32.1613957012292,33.28775538628288,32.441627244423664,32.288431738623295,32.13219219169542,32.66175476089834,32.19232916389436,30.755862329096868,37.18546319920081,30.65562207679433
2016-12-05 12:00:00,29.40291269941303,30.787425411031403,32.90578263799366,31.610111850131247,30.91396383310943,32.08076636206124,32.37550653752307,31.59811385429309,32.970319283453684,30.826557529228875,29.542721402321387,38.78043951119789,37.14221839744688
2016-12-05 13:00:00,34.955399001735096,30.804193548782347,32.637932349071654,31.707368939681455,31.351060652913894,32.0626704944806,31.986516419507655,31.101361914833635,32.26203456922449,30.631478922362913,29.40291269941303,35.5099386467747,34.129150351699316
2016-12-05 14:00:00,39.379743544805436,34.35555488753712,35.130264455805595,35.084216052820715,34.73727212182701,34.458829085558214,34.57947521856185,34.66931420161621,35.23461415139341,35.90875113871393,34.955399001735096,38.050525968667856,34.00780684008233
2016-12-05 15:00:00,36.76792982578622,36.804015834482875,36.96662852130391,37.3339430620939,36.89526317000364,36.88013619690835,36.59338815901366,36.499794295673176,37.84695797115891,39.64343299502599,39.379743544805436,36.27611652834349,36.026973064245496
2016-12-05 16:00:00,31.777608940539082,35.56751742005496,36.33074208399709,36.172420619006715,36.79855882062275,36.32427784068619,35.65770968123825,36.34781470540037,36.66015050563333,36.380298897833235,36.76792982578622,35.08100631166877,36.94701357000576
2016-12-05 17:00:00,32.81020022382738,32.643473504898814,34.55810305426357,33.63833800020688,34.215704067850766,34.30616337458264,34.10514860869912,34.66010975839502,34.915951283042666,31.23451480209153,31.777608940539082,33.827955390952404,35.159983014748676
2016-12-05 18:00:00,32.45173905076433,33.85656366400414,35.244274295256126,35.2652378708213,34.93076121186541,35.58789436058375,34.80187450797158,35.31863365125509,36.074511794328465,32.36365939208892,32.81020022382738,34.77897135307992,38.70473439979005
2016-12-05 19:00:00,35.67935619592276,33.72153298048676,35.315679795780866,34.861282869238316,35.05387279418395,35.22227083138489,34.88160645706041,34.70062612201295,35.73301017408846,32.04360401248712,32.45173905076433,37.05949260052008,39.132953747374515
2016-12-05 20:00:00,35.71657998780013,36.27008299333801,36.90676237912957,37.04072759930488,37.29822759114548,37.02424675241892,36.76655893043522,35.04727309686501,36.84938766151527,35.18520772165273,35.67935619592276,35.158231922802806,40.01694299711862
2016-12-05 21:00:00,38.50190919056831,35.823333614403786,36.802942417182244,36.20245868234696,37.392107153544934,36.236066237554446,36.29918126588152,36.221086119096995,36.61678576826862,34.99033568983989,35.71657998780013,32.536569166213546,40.368956324262285
2016-12-05 22:00:00,37.119356517893486,37.46196924496087,37.52621569330182,37.29178806064278,38.96967957589423,36.98653764670042,36.632588693147575,38.699833537627455,37.62316881926621,37.480738329930354,38.50190919056831,34.897001148861364,38.408410285256245
2016-12-05 23:00:00,34.04620280071515,36.190832931769684,36.249500595941036,35.5212121653927,38.533139563245214,35.22377523087121,35.34445146654881,37.79673569782436,36.468914091673675,35.79008854638918,37.119356517893486,37.57244545396905,37.46550716573103
2016-12-06 00:00:00,33.45824434798665,33.276183131154376,33.63612692209413,32.40641402971888,34.24115690259593,32.35809568932785,32.639641777136084,34.1711024660227,33.31947652762918,32.68639189571827,34.04620280071515,32.562194622443705,37.911606033223144
2016-12-06 01:00:00,32.18062152040059,31.048415104768747,31.28876843655946,30.33980938712712,32.43445417823126,30.379400980693152,30.16461782075542,31.679318019928182,31.435035187868674,32.2645718532703,33.45824434798665,31.452989007505202,34.38971616062939
2016-12-06 02:00:00,32.64313332020938,28.30752018675915,28.131511519401602,27.82441535878185,28.97057314019184,28.09663050483555,28.070140297065635,27.8012822186492,29.100143652861963,31.204871798841737,32.18062152040059,28.79102664752644,34.41550901273006
2016-12-06 03:00:00,24.065151340170424,27.040540566426344,25.898574276528223,26.08577326111977,26.714560705387115,26.09505179852421,26.04311428461705,25.466652911889945,28.11587865627522,31.88645701400002,32.64313332020938,24.624887464158768,28.269494987668025
2016-12-06 04:00:00,20.66190895434556,21.287215158336465,22.499424141201274,22.024278640712016,22.74892763749763,22.260004114671833,22.349603377651874,23.036316833881443,23.43393828181121,23.818691339390643,24.065151340170424,24.18728303546672,24.175855392072332
2016-12-06 05:00:00,20.470572687613753,20.116705231544056,21.569062334068573,21.608424639482863,20.95410264157131,21.452727736082082,21.730522553477687,21.247294362662245,22.149546390748288,21.396087734823304,20.66190895434556,24.115733085946033,24.640741264960177
2016-12-06 06:00:00,25.11216308915461,25.58726453695027,25.303009636775936,26.050937308788207,26.112904648322967,25.43185795303715,25.22883781064624,25.63882662401311,23.382246116933665,22.141293826286343,20.470572687613753,28.007303151028776,22.555686528302253
2016-12-06 07:00:00,26.26744608003684,26.47187370598815,26.466352129135924,27.370689991079455,26.447099799771802,27.478090641620298,27.3515253715008,26.60938125220299,26.18545153565747,27.311622538966635,25.11216308915461,28.388452225280833,27.235496863254433
2016-12-06 08:00:00,25.83187029972756,27.13441202292078,27.41602978813255,27.657276808352453,27.83176831762773,27.72200413467301,27.86167289379883,27.645819253406703,27.073168928150057,28.576257939638158,26.26744608003684,30.32073610352398,27.68898116482798
2016-12-06 09:00:00,26.425427115600595,27.19068138503158,28.065000166062905,27.874697500950674,27.480122163501033,28.04057238150897,28.115523710874214,27.715704905410217,27.595285307264962,28.17295530308772,25.83187029972756,31.942164975314004,28.048028605821642
2016-12-06 10:00:00,27.949547065534496,27.93492455399496,28.74677474938558,28.361713733941034,28.386296189582815,28.70702509383716,28.720756142526294,28.406597891536894,28.661248318537307,28.77787403299455,26.425427115600595,33.91841905356381,30.015784785899175
2016-12-06 11:00:00,31.73364398522412,29.102946918486037,29.801198517028098,29.242596813728387,29.953497340429617,29.657430417673982,29.33456393575736,28.768424828055373,29.462708724383408,30.204861237831672,27.949547065534496,35.85385488628857,30.755862329096868
2016-12-06 12:00:00,27.747601166432226,31.6104224828054,31.9791754664099,31.434365036267337,32.046728340393365,31.477269178246775,31.002521681607305,32.04006332515421,31.788845864911067,33.66533822911427,31.73364398522412,37.3319571276054,29.542721402321387
2016-12-06 13:00:00,26.455528321134995,28.818882033793027,30.555506196870834,29.70280538040159,29.81814727092835,30.083735117414985,30.164731527946742,29.39649899433118,28.640550252227495,29.3934275553254,27.747601166432226,33.19132864267381,29.40291269941303
2016-12-06 14:00:00,28.19622003155094,28.532296271949146,29.87142423900049,29.170151130448165,29.010703073135566,29.51261850657079,29.558003082881005,29.179440726914226,30.079503244352082,28.13323548931574,26.455528321134995,35.10157611239381,34.955399001735096
2016-12-06 15:00:00,29.337551396706534,30.18411840330704,30.644629017732765,30.130492982911804,30.550939286838638,30.83510354953432,30.481520294522614,30.124704061275313,30.40396675113213,29.883931270126833,28.19622003155094,35.7123430088296,39.379743544805436
2016-12-06 16:00:00,34.71124685933326,31.306289905963045,31.427991957558465,31.107116726224735,31.681352876714623,31.907943668103385,31.057342597271088,30.79260356042647,30.057893011955493,30.887157931295125,29.337551396706534,36.1776443224475,36.76792982578622
2016-12-06 17:00:00,36.85585973641614,33.8855458087526,34.435034390217915,34.30984777055901,34.605208857447636,35.06345976965263,34.01504206671546,34.506001321704176,34.149932944114965,35.861689016544446,34.71124685933326,37.720421604400286,31.777608940539082
2016-12-06 18:00:00,41.197842996432925,34.50580614379783,35.91582114329203,35.505434815549755,36.8550502993756,36.07123476339927,35.01530332291056,37.07509163715629,36.15540208452168,37.32542562521996,36.85585973641614,39.68196269967477,32.81020022382738
2016-12-06 19:00:00,38.93511089779852,37.53247851790811,37.958246088356745,37.79560892781704,40.62912852564476,37.934410154800496,37.108621365938426,39.03775881335899,38.95378777146027,40.84640650351738,41.197842996432925,36.929761407622166,32.45173905076433
2016-12-06 20:00:00,35.19222371276874,36.51659966406863,37.545822813010005,37.04408416981974,38.2653365683229,37.23127336492382,37.283188240641216,38.40842643791056,36.68445731353669,37.82347405816788,38.93511089779852,34.14578878508023,35.67935619592276
2016-12-06 21:00:00,39.19567670672859,35.088000668675015,36.16478310562304,35.19203832434985,36.77137037645058,35.48816775045169,36.047146872909366,36.869034428647694,36.376900496347375,33.77395472227944,35.19222371276874,35.76828401267495,35.71657998780013
2016-12-06 22:00:00,38.83662963284071,37.683149987918284,37.287461351920065,37.466905838752716,39.16679145628079,37.11572804436427,37.2308228037632,38.680443010329455,38.198866306049496,37.571899727248756,39.19567670672859,36.00482206482133,38.50190919056831
2016-12-06 23:00:00,39.12152280759782,36.565979552006745,36.249247048215665,36.2708803470921,38.55304170168349,35.72686506806895,36.33080326829375,37.71337331730882,36.60857140933602,36.87057022564602,38.83662963284071,35.75439737185824,37.119356517893486
2016-12-07 00:00:00,36.203418786330175,35.32587750487405,34.70065977337612,34.35066736355119,37.28962741258232,33.91423023071351,34.27590908593799,35.93965328342189,36.0665588147112,36.907201603801305,39.12152280759782,31.765144910656137,34.04620280071515
2016-12-07 01:00:00,32.70996015507774,32.34804188570042,32.037688334310694,31.18202080601688,33.88814273577624,31.250342862727056,31.20733287191439,32.5495944003673,32.62069654914919,33.91630307821751,36.203418786330175,29.44987913140168,33.45824434798665
2016-12-07 02:00:00,33.55174325329872,28.97912141233871,28.56784289518251,27.758444798145266,28.989237215246572,28.040657550049925,27.969620531951836,29.460874205024453,29.26921151242192,30.675210957371917,32.70996015507774,26.722364336521593,32.18062152040059
2016-12-07 03:00:00,25.08853946510777,27.54317338752017,25.821691557766332,27.034706154265283,26.321088124113885,27.12424606847756,26.91776626003192,26.037703757263262,27.453010158285657,31.865924208763964,33.55174325329872,24.559693606330733,32.64313332020938
2016-12-07 04:00:00,21.996334059266342,21.739091536593747,22.05530103701695,22.54691074226348,22.889696366185348,22.656684303381756,22.49007885172917,22.91074316236186,23.187548996786234,23.993049018486467,25.08853946510777,22.383491518050537,24.065151340170424
2016-12-07 05:00:00,20.981885694282816,20.961214457287088,21.5209702532066,21.816564316712633,21.78376505739767,21.599840482661236,21.307255707602206,21.459272253190196,23.067778900542194,21.928224900657163,21.996334059266342,21.135629709216886,20.66190895434556
2016-12-07 06:00:00,25.913293260407514,25.820822618385147,24.975396484772343,25.11434039353561,26.112154647219285,24.617679435125293,24.910519348701403,25.393031316140124,23.37951228019023,21.90878151638162,20.981885694282816,26.121417999250944,20.470572687613753
2016-12-07 07:00:00,27.866482499582958,27.010255808001958,26.581460838554495,28.097766376006998,27.043504201257033,27.914781291591208,27.64454790490637,26.88075557305982,27.05504987172098,27.447755379874273,25.913293260407514,28.041774129803986,25.11216308915461
2016-12-07 08:00:00,27.40159662669511,28.252672533557725,27.605833464713356,28.252341526512783,29.156022915491423,28.273077052908224,28.396351579168044,27.74341450856456,28.003755098098615,29.525633532048936,27.866482499582958,30.560409471203076,26.26744608003684
2016-12-07 09:00:00,27.313666532512297,28.041589463368453,28.33973327154133,28.60475104109742,29.341637074791848,28.641691071678935,28.68284925856884,28.20033354359195,28.940741275494613,29.067971210863124,27.40159662669511,31.35405821144236,25.83187029972756
2016-12-07 10:00:00,30.648587779391438,28.315399378114638,28.824249192952536,28.978504429891174,29.19654236794606,28.9668692951724,29.290305607475933,28.452320136332347,28.796922354934086,29.005483946925615,27.313666532512297,32.78261932474632,26.425427115600595
2016-12-07 11:00:00,31.225701560273848,30.69958244328704,30.5955915018227,30.762293655256155,30.11284015290147,30.75603551124857,30.519882083725747,30.369651263020124,30.620365054133142,32.21606344514871,30.648587779391438,34.15236078601802,27.949547065534496
2016-12-07 12:00:00,33.01126662925729,31.07269529750306,31.738405897849002,31.49681419589385,30.370746331989093,31.62408781191188,31.700764523146905,30.951137457294863,30.759802842539063,32.49355672602775,31.225701560273848,36.71936422599126,31.73364398522412
2016-12-07 13:00:00,28.96806953891597,32.18981354320955,33.10074101508784,32.60254035385203,32.82573867387614,32.7892056890081,32.23902896775823,31.95656988787522,32.30205056766432,33.937047605751474,33.01126662925729,37.74588624235914,27.747601166432226
2016-12-07 14:00:00,28.860560463109405,29.861823313888905,31.689494130964647,30.76359889985684,30.918138049244174,31.11827588535566,31.497000379708595,29.800879593881746,31.633029652131793,29.703975007294652,28.96806953891597,35.783429901468075,26.455528321134995
2016-12-07 15:00:00,30.638036057957766,30.423680056187177,31.682037600730496,31.11716031207463,30.91842062056915,31.51096465528857,31.53656753014811,30.77696834170467,31.418511022500674,29.65967302368804,28.860560463109405,35.56904329201973,28.19622003155094
2016-12-07 16:00:00,34.54271446944161,31.90189639577424,32.70931337587772,32.259560153898896,32.597520541576,32.70422106805088,32.48101218802771,32.11895178752925,32.5952025211534,31.412777530920028,30.638036057957766,35.78691857963806,29.337551396706534
2016-12-07 17:00:00,37.270888973326294,34.28830012969791,35.00820141685987,34.892184732478825,34.850240667840666,35.57073962985435,34.923960429844264,35.206778722732984,36.0009900513508,35.03874938805426,34.54271446944161,35.870292637695684,34.71124685933326
2016-12-07 18:00:00,31.728954208885007,35.8537094150616,36.74137437261195,36.89091344365952,37.20611448718076,37.26972010852287,36.840376683040134,37.43029291089321,37.91903331736349,37.23321161721574,37.270888973326294,38.62102025017883,36.85585973641614
2016-12-07 19:00:00,34.45712926342836,33.17433220224222,35.19301764020222,34.562839697773924,34.21354013834867,34.841679053482146,35.625108240605066,34.38461375739359,34.16604264705738,31.372656755503797,31.728954208885007,37.61130668052067,41.197842996432925
2016-12-07 20:00:00,40.50407548027264,35.70705750860491,36.354574346495546,36.382095532608325,35.739622804548006,36.51269072172351,36.787654908818375,35.88814981091525,34.87728549966157,34.027655780475335,34.45712926342836,33.243123707251925,38.93511089779852
2016-12-07 21:00:00,37.8562097710257,37.790620939216005,38.19088909745075,38.28606861302352,39.54515533815766,38.057726125773264,38.23629616663803,38.52732098686938,39.73738386934448,39.62456285434004,40.50407548027264,33.306999393279355,35.19222371276874
2016-12-07 22:00:00,35.900646825876976,36.651501493457246,37.29109594387895,36.96980888104438,38.35395388429322,36.62456596343211,36.83035347156103,37.96189144875184,37.39813591299098,36.43337392787281,37.8562097710257,33.21112205462636,39.19567670672859
2016-12-07 23:00:00,33.49957128116675,35.751042654737766,35.9389254350288,35.29321255494093,38.588936980213795,34.86827378697487,35.5669980877449,37.38108752056918,35.87303753437701,34.28444662959027,35.900646825876976,33.26300336230104,38.83662963284071
2016-12-08 00:00:00,31.226580962169766,33.450861361277084,33.81191858404748,32.76182571625202,35.75425367484985,32.47779799337119,33.150363131656434,34.91327434769512,33.082042053895,31.943899014092693,33.49957128116675,31.526093435258588,39.12152280759782
2016-12-08 01:00:00,30.155886576884615,30.3615468063804,31.09041041520558,29.634114986577472,30.73200461362744,29.837308112271113,30.119726626965445,30.66682430967011,31.25129048511375,29.944560400566825,31.226580962169766,28.45912498784598,36.203418786330175
2016-12-08 02:00:00,31.82245311419707,27.804367084998656,28.459339390046296,26.97065347659186,28.675429882014434,27.3674240651001,26.986007186364727,28.102138437589623,28.619041272193844,29.2533314241355,30.155886576884615,26.390819973826357,32.70996015507774
2016-12-08 03:00:00,23.00345535998745,26.918644621794794,25.66175029970614,26.222802590871904,26.17212861481655,26.38850196427522,26.572138248456465,25.505922217173314,26.773994053681896,31.201799208291146,31.82245311419707,23.655395721572866,33.55174325329872
2016-12-08 04:00:00,20.84591705549761,20.570978810544535,21.386460003316614,22.03222868348304,22.118247931423678,22.161875026525607,22.334904462221886,21.5988825813127,22.196245182806685,22.888882754323426,23.00345535998745,22.030154439999574,25.08853946510777
2016-12-08 05:00:00,20.463245256245553,20.283976980187287,21.025460171416483,21.202472704825432,20.811200888564194,21.164104032388924,20.892428378871035,20.626414230691843,22.070238326466736,21.668103366155716,20.84591705549761,21.883355210546984,21.996334059266342
2016-12-08 06:00:00,25.902712537617226,25.42472992129177,24.520246991380848,25.17754438383004,25.948347508129725,24.504217439867062,24.633564469330363,25.491051863344076,22.310862215217288,22.131519021753434,20.463245256245553,25.155749200464662,20.981885694282816
2016-12-08 07:00:00,28.17259613217477,26.964301628833937,26.547796565504004,27.88492534330997,27.27796787373136,27.745749760207392,27.771362363370102,27.191662414044252,26.914829413792162,28.006209548357614,25.902712537617226,28.076542015098244,25.913293260407514
2016-12-08 08:00:00,28.118079547202584,28.476708044020928,27.56257101219659,28.312971845256367,28.88925835991849,28.25796771321623,28.70407299549945,28.370854132499687,28.31540055591235,30.225628619290312,28.17259613217477,29.66927360895854,27.866482499582958
2016-12-08 09:00:00,27.70935158922917,28.564338105708988,28.4344159094409,28.904931039719088,29.16312423333703,29.037103200544475,28.96404528807176,28.739956899080166,28.911585826225856,30.007759356992388,28.118079547202584,30.566506631471796,27.40159662669511
2016-12-08 10:00:00,27.886852923984144,28.592634867790263,29.185127944953592,29.362285576922073,29.494445905391803,29.319324617675147,29.612647435960696,28.885145112727923,29.66470941402334,29.484214430016337,27.70935158922917,31.037994286471516,27.313666532512297
2016-12-08 11:00:00,28.498259570084873,29.06012662958517,29.663386533049145,29.760883113232556,29.447347615690564,29.789935887603477,30.30622755991638,29.320547194643,29.44682433261345,29.57843606046667,27.886852923984144,31.940505456043198,30.648587779391438
2016-12-08 12:00:00,29.88652766675982,29.64528659671277,30.28276810863356,30.17742427529751,29.886237724249344,30.384174885440174,30.64375262916346,29.42815691192554,29.041251442321872,30.082747249758082,28.498259570084873,32.87141946562871,31.225701560273848
2016-12-08 13:00:00,32.76213176010392,30.767886389445405,31.267213270029867,31.18639982731325,30.584296682412813,31.398564452314606,31.571248441471933,29.945761469228174,30.408478022285735,31.290925388392907,29.88652766675982,33.23196837546374,33.01126662925729
2016-12-08 14:00:00,32.548754829448505,32.61523756383244,33.125665906756076,32.843364315252664,33.24619575649356,33.02835087567693,32.784810759794595,32.95734246123753,32.307636082106555,33.828217853167715,32.76213176010392,32.255432568990415,28.96806953891597
2016-12-08 15:00:00,28.948490459779745,32.374205881744636,33.588423728621734,32.99606086311376,33.5579002669008,33.36822707389182,33.33917713694266,32.6037927964047,32.899776236774684,33.20955299030692,32.548754829448505,34.20057725927666,28.860560463109405
2016-12-08 16:00:00,34.04268556023726,30.537177905443244,32.4460416914278,31.053699776024303,30.894815904047647,31.954292608353473,32.282097144837024,30.912973691067872,31.60113109669866,29.456350297667825,28.948490459779745,36.64954260443028,30.638036057957766
2016-12-08 17:00:00,37.88083008726516,34.28528863861622,34.899509961212345,34.57810065215305,35.215801775570945,35.34382347092787,34.61093202337309,35.21248354655371,36.18334030280051,34.40121328209926,34.04268556023726,38.055057653790946,34.54271446944161
2016-12-08 18:00:00,40.6007983085444,35.95246160408504,36.63786571636604,36.73627527332817,37.11384428912889,37.21049101724536,36.727968893213394,37.57691349099002,37.41164613990543,37.69792694894902,37.88083008726516,37.23839558412915,37.270888973326294
2016-12-08 19:00:00,34.97650244460244,37.624767442569386,37.696193256280615,37.69809706685553,39.46030248567056,37.87490475523926,37.760369220311816,38.16260433131564,38.97061076093316,39.688508597446706,40.6007983085444,36.77590305298715,31.728954208885007
2016-12-08 20:00:00,34.64617846115095,34.70798610342697,35.880406326329755,34.96814687231314,36.548747738859404,35.18844546008129,35.600832024850035,35.729404461117596,35.55356446356987,33.60266899657088,34.97650244460244,33.74152038599375,34.45712926342836
2016-12-08 21:00:00,34.59723077908446,35.080984665376825,35.755606758531535,35.833740329054365,37.19465748450269,35.58107304571754,36.0351947652937,36.610945115309306,35.77479488817618,33.22686989817671,34.64617846115095,32.95510699003487,40.50407548027264
2016-12-08 22:00:00,35.943732562848915,34.785572563969055,35.074605468238296,35.012570954590245,37.22152970268364,34.5610753873954,35.481556542460204,36.783799808654315,34.365805459862614,33.168609086327436,34.59723077908446,33.30171744106924,37.8562097710257
2016-12-08 23:00:00,36.10845439474447,35.24668055127524,34.74332101369781,34.81178856666545,37.225120951845504,34.24518930716434,34.639839768016806,36.10356821681307,34.603265631001385,34.46039994914878,35.943732562848915,33.61491432246481,35.900646825876976
2016-12-09 00:00:00,33.20647145669842,33.72719081476765,33.71559626818168,33.18246212684543,36.893684278156,32.820077449574654,33.14313310568853,34.652468084479175,34.099343197894676,34.51347776787191,36.10845439474447,32.84550133283929,33.49957128116675
2016-12-09 01:00:00,35.09315617988032,30.430421066664014,31.37868873354408,29.798482637875733,32.21169930661457,30.08411384821132,30.023947474693244,31.860419377514432,31.925183445005143,31.646685905872385,33.20647145669842,29.933543727456225,31.226580962169766
2016-12-09 02:00:00,30.240592472778395,29.865012568296503,30.596782148235736,29.129707086668898,30.168216379302557,29.464563969922853,29.06838047246522,30.895821224157455,31.818386499919455,33.63801260772953,35.09315617988032,28.74534238132201,30.155886576884615
2016-12-09 03:00:00,25.505386242734556,25.413322721022173,26.06982018997681,25.894934300351224,26.274978401627852,26.163607885169114,26.40583443538642,25.52708586538857,26.497803121438974,28.980188676782927,30.240592472778395,26.09834078221847,31.82245311419707
2016-12-09 04:00:00,22.70874320693349,22.102095643683924,22.754558864853873,22.82077801728779,23.029756009728025,22.907853672767718,23.045692715501872,22.999417196407784,23.78437599094724,24.85101177493081,25.505386242734556,23.551336310697256,23.00345535998745
2016-12-09 05:00:00,21.902718414316247,21.269831231231777,21.895878254686664,21.88722263460654,21.87307537333064,21.905979047853936,22.25293316787524,21.493916025645945,22.994754218790604,22.88701583879888,22.70874320693349,22.197437219567455,20.84591705549761
2016-12-09 06:00:00,27.246077769597612,26.36046634059612,25.510697651527753,26.17323241977117,26.595269675633826,25.925433632104006,25.410283268716913,26.533956249309067,24.094636175100256,22.900611565723953,21.902718414316247,26.06837233704745,20.463245256245553
2016-12-09 07:00:00,27.632823158137104,28.04653740684733,27.500848477277227,28.416747265035713,28.603155944278882,28.237216546584957,28.211373270975795,27.957128258773096,28.452889838614634,28.687816668957325,27.246077769597612,27.309540354265856,25.902712537617226
2016-12-09 08:00:00,26.301650977532635,28.301973692602104,28.293281683161535,28.50499828615059,28.89142584424282,28.748155457168156,28.740373764901406,28.191095234862562,28.310184625214095,29.118183105685087,27.632823158137104,29.643199944369048,28.17259613217477
2016-12-09 09:00:00,27.679220923455922,27.920712069019505,28.420699824136317,28.60358198126905,27.96782365437157,28.89063730199766,28.709590014121577,28.214822107410015,27.96107024063841,27.84984442488188,26.301650977532635,30.659984824139332,28.118079547202584
2016-12-09 10:00:00,29.4767738775725,29.33807942674677,29.412024754346252,29.89818602856721,29.625203265213404,29.87131339599905,29.66050307010822,28.56587421395705,29.50942880857704,29.279222267304604,27.679220923455922,31.72367755058565,27.70935158922917
2016-12-09 11:00:00,34.34311318317957,30.73189509403998,31.03173547010293,31.273416439946903,30.505654363902572,31.334677645269437,31.35110055062646,30.319658797903838,30.76565836328247,30.962397770600983,29.4767738775725,33.78057543315536,27.886852923984144
2016-12-09 12:00:00,32.61792673603931,34.36864037306414,34.60262906957892,34.43895593652814,33.629899293977296,34.75612370540566,33.963737259620075,34.69317424178534,33.697835935283926,35.43570569306167,34.34311318317957,34.21816325344612,28.498259570084873
2016-12-09 13:00:00,36.837687266096076,32.9687428088659,34.90535709970712,34.02202080877698,33.24174147507658,34.72491995884542,34.35441906225389,33.51093871164351,34.438902461452855,33.22392748144678,32.61792673603931,33.906888881982546,29.88652766675982
2016-12-09 14:00:00,40.67084943347823,36.2595318837473,36.59074328423757,36.7453229623813,36.52012768002087,37.302988213252476,36.529519829626075,35.727582882237385,35.804827812035505,36.97667882152973,36.837687266096076,35.53905856159298,32.76213176010392
2016-12-09 15:00:00,40.69048665586037,38.52325810483386,37.9562399776378,38.33196344342378,39.24122490569591,38.4689031993656,38.14529529379007,37.66477438573331,38.01976053548316,40.069737870137416,40.67084943347823,38.15770862460414,32.548754829448505
2016-12-09 16:00:00,36.93147912182056,38.274203754214895,38.19440278923944,37.84850446544133,39.43452129888385,38.050276325811744,38.10181626415919,39.267694050219944,39.441877666488445,39.322791678911706,40.69048665586037,37.965212209499626,28.948490459779745
2016-12-09 17:00:00,42.94237444975447,35.892073926965935,36.88431263699848,36.45086350047256,37.17029628154289,36.65358518586435,36.588293220262045,37.630887585395854,38.11817865824682,35.13636813630375,36.93147912182056,38.30146366020931,34.04268556023726
2016-12-09 18:00:00,40.1418037492135,40.3442997869192,38.605152062229514,39.85886186404553,41.85780969160977,39.42954070964678,38.83550531020526,39.7079603410799,41.18334966023971,40.76658260160187,42.94237444975447,38.02701338076582,37.88083008726516
2016-12-09 19:00:00,41.903628087406304,38.31120312209212,37.73814683902712,38.547584981186525,38.01604228965983,37.86088988024595,38.37082207970795,38.566200425814415,38.7735278203217,37.49056142214665,40.1418037492135,37.935161582569165,40.6007983085444
2016-12-09 20:00:00,40.16290645786928,39.43998242171506,38.14578892869553,39.21939736906993,39.9903136223081,38.421991975429194,38.945180854080284,38.83668616713083,40.236379742884,38.96832554804553,41.903628087406304,36.00874989096532,34.97650244460244
2016-12-09 21:00:00,41.29925523393801,38.0061223110201,37.42106264789883,38.02809432616285,38.6007148820601,37.258726514098704,37.82028112834006,38.557960369477215,38.52611614569952,37.00476451409169,40.16290645786928,34.829749368060426,34.64617846115095
2016-12-09 22:00:00,40.861364117474466,38.540459702734495,37.32110977823772,38.14981926068523,40.78168351104543,37.246192054347425,37.56706746923405,40.15518181804716,39.37428468185729,38.025956108894974,41.29925523393801,33.56144347661284,34.59723077908446
2016-12-09 23:00:00,35.21918910073064,37.86933355792244,36.64375727466018,37.3240424639453,40.2591855852981,36.45314543000085,36.905462335194095,39.50786052516865,37.98253013570175,37.474436296477364,40.861364117474466,33.45086922405898,35.943732562848915
2016-12-10 00:00:00,34.3293375387862,34.26944582157584,34.240110276329865,34.541885422221846,35.39886514961176,33.798253438493894,34.56152129854946,35.6054071418172,34.89303397051649,32.02091302042271,35.21918910073064,34.497651293490364,36.10845439474447
2016-12-10 01:00:00,38.73404412526284,32.48961586263998,32.75579802289781,32.426090777156666,33.00922148615585,32.071747246074644,32.1904671138665,33.06677228897716,34.02088351507063,31.62014029849505,34.3293375387862,32.190214998921036,33.20647145669842
2016-12-10 02:00:00,32.05458841599738,33.71845565510186,32.768798278699585,32.86458364117788,33.13127871412148,32.52535734256213,33.15927523630816,31.26015884299337,34.856332570164014,36.27502708783605,38.73404412526284,31.301676827041867,35.09315617988032
2016-12-10 03:00:00,26.360270979136878,27.77320696284193,27.77655599239223,26.90490495376787,27.454592196929674,27.501818615485092,27.74846778081014,27.01945272555465,27.9815057345391,29.854377117446543,32.05458841599738,27.29832659343016,30.240592472778395
2016-12-10 04:00:00,22.068788992847416,23.13943672510636,23.479946670266074,23.220793484377328,23.463964625550357,23.58609432759559,23.133656277494953,23.565657671193264,24.533340797972222,24.954581566382963,26.360270979136878,23.487064486939186,25.505386242734556
2016-12-10 05:00:00,20.50152411013456,20.513518190177738,21.843569352098772,21.49821385538064,21.430576910768554,21.618290729688145,21.957352320177282,21.978567607938924,22.773536642886597,21.75713764203883,22.068788992847416,23.55282110895434,22.70874320693349
2016-12-10 06:00:00,25.639743287145695,25.272411737121235,24.38081727930209,25.474924111034152,25.79336010957949,25.383753757684435,24.567504396067772,25.864985810821292,23.82942170567843,21.32260121390483,20.50152411013456,26.53967828109813,21.902718414316247
2016-12-10 07:00:00,29.25217137988017,26.72914602541322,25.77875107231468,26.87424672639666,26.830130613641124,27.17469698752873,27.0188094032674,27.096026953092768,26.473856077199986,27.194908385902593,25.639743287145695,26.446584034486268,27.246077769597612
2016-12-10 08:00:00,31.034307290828803,29.688708235473374,27.5486536955643,29.150784495618012,29.6718313609544,28.93076932116003,28.862864866394663,29.11546303442038,29.426311746498968,30.948908937752144,29.25217137988017,27.14841066431962,27.632823158137104
2016-12-10 09:00:00,29.075490687152204,31.462016912037782,30.322980248632415,31.451676949454853,31.107722054735497,31.22539927925619,30.379144067831472,30.783433258042827,31.1571425367827,32.570808042238774,31.034307290828803,27.10639713188387,26.301650977532635
2016-12-10 10:00:00,30.63070862658957,30.477926206568117,31.63662049731857,31.54200314306353,30.98406439368424,31.986715207287514,31.00116614351477,31.77409426980165,30.3574180135613,30.47182218411333,29.075490687152204,29.63799200677432,27.679220923455922
2016-12-10 11:00:00,33.99227239189713,32.345934514970494,33.75650066260903,33.583120029049915,33.19849081129212,34.45958532346495,33.10165957493362,32.48512732145259,32.90806768792108,31.947876765451458,30.63070862658957,32.767521999282685,29.4767738775725
2016-12-10 12:00:00,35.06120806516689,35.57473374074042,36.37101848280351,36.41257069656391,34.23765685564471,37.5087297107903,36.35618312639196,35.2281831923399,34.95659136130844,35.02028664734008,33.99227239189713,34.0599337374174,34.34311318317957
2016-12-10 13:00:00,39.995253653426445,36.1510856547608,37.16793464680814,36.928211880378825,35.56794880380338,37.77747928650464,37.40519755977448,35.784294117338675,37.409647616039265,35.64290969783567,35.06120806516689,33.147633673719895,32.61792673603931
2016-12-10 14:00:00,39.018058448782696,39.44809325681771,38.973990826217936,39.606181487269204,38.37604479651485,39.92738142366533,39.594112762384114,38.454760326823674,39.639360752400066,39.966879114825495,39.995253653426445,34.92698510313048,36.837687266096076
2016-12-10 15:00:00,41.52816697988441,38.7338652223794,38.60176930483569,39.01553300575369,38.00854115725387,38.823315195675576,38.86850567245268,37.018509623289546,39.94672080089133,38.30592602157483,39.018058448782696,34.27841199130066,40.67084943347823
2016-12-10 16:00:00,42.39369080889603,40.35726278148431,39.3520202057765,40.0867807112257,39.34661515000907,39.64942605867528,39.54373801778229,39.15760857155729,40.983891545231856,40.236610313281055,41.52816697988441,39.4354039140915,40.69048665586037
2016-12-10 17:00:00,45.89945996537398,40.89303702522151,39.547581860035756,40.165601503768634,39.39061894042038,39.47460294413807,39.63558005234075,38.688544300681826,41.614037427088704,40.495318446133346,42.39369080889603,39.480275504742636,36.93147912182056
2016-12-10 18:00:00,38.04115619455136,43.58830490120126,40.268513001279125,41.544169365570475,41.28857962115042,40.47428802781152,41.038490208938015,40.49579504229964,43.41296147540524,43.34954532609885,45.89945996537398,42.54636393063834,42.94237444975447
2016-12-10 19:00:00,40.53162676905937,38.04422201728848,37.66847089620041,38.19469892123528,39.20674680349312,37.21071348334802,38.21763495615623,39.50851984714948,38.20368199967114,35.15104510695374,38.04115619455136,37.69180651165182,40.1418037492135
2016-12-10 20:00:00,38.15839583065407,40.225240529833776,38.37872806978538,39.90667102871974,39.798747940833756,38.83240228741577,39.43199419994291,39.009162741522466,40.52432503509577,37.693098806774216,40.53162676905937,37.24741363498233,41.903628087406304
2016-12-10 21:00:00,39.8267212635348,38.17141266740024,37.355658592665044,38.41957054570452,39.22353301360836,37.247438990313384,37.782687049099295,38.63408489243487,38.044537972996444,35.34452339695434,38.15839583065407,36.61496107724482,40.16290645786928
2016-12-10 22:00:00,34.85457266505484,39.44413977230462,37.562218001880645,38.84241717783053,40.45937470941821,37.69441426167088,38.61210529043933,40.65474964239188,39.382749406931836,37.0971742396967,39.8267212635348,35.94320805599848,41.29925523393801
2016-12-10 23:00:00,38.42365104881747,34.67858166466295,34.911319387048195,35.416721134079594,35.759460365160855,34.35841133761106,35.778725367393726,36.799647030964046,34.034067752052465,32.32637896841177,34.85457266505484,35.119904670780606,40.861364117474466
2016-12-11 00:00:00,35.54980603459454,36.395453043518295,35.26010671096608,35.86889731539051,37.27220916490807,34.96126596394198,35.338885163975725,36.16310983747793,36.46858222804858,36.16868356310829,38.42365104881747,34.70786953027218,35.21918910073064
2016-12-11 01:00:00,34.63152359841456,32.74011532516179,33.14387857515905,32.812692382599,34.12489028708948,32.03087509577164,32.90109647152806,32.615435189110656,33.437642004508966,33.45316525339046,35.54980603459454,32.37733779550391,34.3293375387862
2016-12-11 02:00:00,32.31749911309701,31.426574011483336,31.06933869639605,31.444710750174153,31.97659580355518,31.125315475200214,31.431880892638578,30.628622547994894,32.04049192115232,32.85379316358065,34.63152359841456,30.151962208306088,38.73404412526284
2016-12-11 03:00:00,27.303877106230736,28.239970872419736,27.511111622975694,27.527988332261057,27.486010435465506,27.82129355241328,27.945326695119366,26.63996116367447,27.465161726708438,30.93898686727998,32.31749911309701,28.488013875358288,32.05458841599738
2016-12-11 04:00:00,26.022385167276685,23.816495421691325,23.17160852960839,23.531835359104495,23.939876768701104,23.719085738505242,23.813226956563657,23.538730829338263,24.52037902709305,26.57043984000115,27.303877106230736,25.197765477730353,26.360270979136878
2016-12-11 05:00:00,22.236529902677447,23.287272914809247,22.43828206170434,22.958069460566822,23.533678250644428,22.60664423688267,22.85670812839655,23.79458410137086,25.060567105991417,26.102581331815813,26.022385167276685,24.219495869355846,22.068788992847416
2016-12-11 06:00:00,26.066350306144535,26.600789202607093,25.492662478769393,26.443761296016735,26.418938667663586,25.922916326586456,24.830274124547884,26.822218720914737,24.64703052118262,23.169577427422073,22.236529902677447,27.555550346388156,20.50152411013456
2016-12-11 07:00:00,27.617347538653142,27.30943536306881,27.26716918975066,27.325198487562787,27.989552172052765,27.51711257879227,27.37589934446582,27.819992957819146,27.078189650349813,27.686693912430968,26.066350306144535,28.38511514962707,25.639743287145695
2016-12-11 08:00:00,27.468364724638672,28.61243655356183,28.40184574163135,28.6491233499875,29.37131794804344,28.7445619963527,28.760829445795974,28.722249505895103,28.80952069109109,29.497251952602916,27.617347538653142,29.298307817703314,29.25217137988017
2016-12-11 09:00:00,29.406136805925616,29.389810120523126,29.375657343773174,29.616578266987943,29.570532192206915,30.247230456547697,29.403316963181165,29.05539702035692,29.101193713057345,29.465915298338434,27.468364724638672,29.747172808314335,31.034307290828803
2016-12-11 10:00:00,31.64014507991206,31.241878260021107,31.715147972343313,31.671299879034972,31.176314779236456,32.654033241475354,31.229745964651773,30.971125999908434,31.636289551457924,31.41106562233436,29.406136805925616,32.67950157852758,29.075490687152204
2016-12-11 11:00:00,35.02545012666893,33.4114715229293,34.68819934662378,34.01938058400744,33.76594077819938,35.40258083127812,33.84836178666805,33.727635379867195,33.70991885492585,33.447233163215216,31.64014507991206,32.79479238376953,30.63070862658957
2016-12-11 12:00:00,39.84196202709603,36.22913821727486,37.37872360408337,36.84861869727483,35.483373514478885,37.96390343316327,36.818257336111024,35.25666105611528,36.987677877253006,36.413533687340816,35.02545012666893,37.16414061978042,33.99227239189713
2016-12-11 13:00:00,36.704326546771775,38.968472736870616,39.49478421728613,39.35039759822903,38.14266255452456,39.880188507227096,39.31070881340775,37.59788918104593,40.73135140286349,40.52270888906242,39.84196202709603,38.560378404027155,35.06120806516689
2016-12-11 14:00:00,41.57857941401298,36.77172545481392,38.23197680003091,37.638560096197224,37.86375489932486,37.97606075290994,37.83532659162635,37.2844036055101,38.33806327306375,36.7200970697086,36.704326546771775,35.26656876755268,39.995253653426445
2016-12-11 15:00:00,36.47131202662844,40.17692769602945,39.84287024679568,40.135152281954824,38.902538047815085,40.27245596209319,39.345536628227855,38.72409629283722,42.397571851201874,41.03780077558415,41.57857941401298,35.82722389263279,39.018058448782696
2016-12-11 16:00:00,37.64547122961093,36.69958916904986,37.731342655763974,37.35753327951476,37.190120366402425,37.04030885397852,37.15763194546188,37.01795088829243,38.37048458712757,35.46762858769991,36.47131202662844,36.944889875178006,41.52816697988441
2016-12-11 17:00:00,37.94736360461532,37.85987936040229,38.050233252066896,38.70777060932759,37.93331809359774,38.188223664750986,37.7356253117931,37.57267782450073,39.37832431386008,36.5034406196318,37.64547122961093,36.15820618179643,42.39369080889603
2016-12-11 18:00:00,44.662871487661384,38.29804996673298,38.01181710061618,38.91040932881311,38.20492069635092,38.24907071356942,38.496049937582804,37.67700928716814,38.70538564544372,36.63068948611904,37.94736360461532,36.87135479938091,45.89945996537398
2016-12-11 19:00:00,49.37181515375907,42.266553756228156,40.099661474096095,41.28398901770938,41.055803458142925,40.5379823490594,40.52792144805354,41.16885558983495,42.87136150767711,42.91904341121773,44.662871487661384,40.81111048163395,38.04115619455136
2016-12-11 20:00:00,41.5428218426208,46.07750431076183,41.082360328593154,42.27289440725979,41.495330288528564,41.4812026479785,42.14639024495658,40.1622610859081,44.70151891575348,46.76179620894824,49.37181515375907,41.66720223527993,40.53162676905937
2016-12-11 21:00:00,42.46462151927868,40.735756672223125,39.053099429692374,39.61571473490065,40.6291105738451,39.007754034276125,39.28908530401878,40.60074911636988,40.31938676500452,38.36402699612287,41.5428218426208,33.24702893000025,38.15839583065407
2016-12-11 22:00:00,39.98704663660944,41.63688902768026,38.95362281859647,39.98631536189575,40.140605951055434,39.295402460280506,39.362493244204664,40.0971394573877,40.17206574707953,39.22706947117149,42.46462151927868,38.01508687484037,39.8267212635348
2016-12-11 23:00:00,38.70473439979005,39.0406398595202,37.29333553387395,37.63799499803326,39.6708436954002,36.99553663305341,37.470867644330156,40.60781883948054,38.574695253562915,36.77623933455027,39.98704663660944,39.10796899889739,34.85457266505484
2016-12-12 00:00:00,38.847180987168606,37.198542458318904,35.44933615762664,35.909663678044595,37.406945236651964,35.173026283111,35.310721542748006,37.37210958161424,36.80760661848535,35.71147610034421,38.70473439979005,34.062146608613865,38.42365104881747
2016-12-12 01:00:00,35.862543448550795,34.87248363369097,34.18525561752647,34.383146190853864,34.89399364346629,33.675294049602066,33.8821442065954,33.3991406845173,36.003186078126575,36.09590472562655,38.847180987168606,31.461619846832626,35.54980603459454
2016-12-12 02:00:00,31.020531646435437,31.629673142801234,31.262034998266202,31.213220514413546,33.605926218757645,31.176107404928832,31.390868018453247,32.473220612585045,32.863413675057124,33.4292646073347,35.862543448550795,31.943029593352875,34.63152359841456
2016-12-12 03:00:00,26.214541548320945,27.181345854454804,27.105151673175396,26.71523075845487,27.989715047575224,27.3605713626897,27.39364223983902,26.20609169103049,28.288406258370276,29.201992318949568,31.020531646435437,28.405456286298893,32.31749911309701
2016-12-12 04:00:00,22.302477519202778,23.235322062725412,23.76898777323106,23.491705435504286,24.496449324943,23.56283548432545,23.580378245864278,24.652795183245487,24.637873434607055,25.331031245942174,26.214541548320945,26.639579610761785,27.303877106230736
2016-12-12 05:00:00,23.29168993155384,21.054509007048306,22.179334822158154,22.33022215036696,21.987512504901535,22.26272975271952,22.75223386158073,22.79867017300645,22.543782022069394,22.557108917886836,22.302477519202778,24.0184256516747,26.022385167276685
2016-12-12 06:00:00,27.990229360964964,27.755317194564594,26.006028830434428,27.282450334947683,27.389398672826907,26.62789610984717,25.649492209422863,27.410045199115334,25.877478053407884,24.58308247897212,23.29168993155384,28.68691687739953,22.236529902677447
2016-12-12 07:00:00,29.4882048173492,28.76090815748162,28.21327217151091,28.613453088586663,29.155823212923615,28.772470104309523,28.455531042332925,28.94998867009205,28.482497745757204,29.82613670898403,27.990229360964964,31.127727676011325,26.066350306144535
2016-12-12 08:00:00,28.985157270450507,29.96255603859527,29.64149303265508,29.97221607538547,29.99848660472186,30.144740021718803,29.611127416314645,29.560477895904523,29.9441545554528,31.429955957868835,29.4882048173492,31.26165661210094,27.617347538653142
2016-12-12 09:00:00,30.411469842616043,29.97184275939939,30.63608048546787,30.606598465015683,30.08042725153045,31.12545072308799,30.113441500683024,30.297519015419642,30.25241318711698,30.943362771877972,28.985157270450507,32.56196511910231,27.468364724638672
2016-12-12 10:00:00,29.98647478509705,31.391287926281237,32.26043380447093,32.23286409921091,32.11060234689455,32.652344983177564,31.68697495932605,31.600074749816798,33.34401240953923,32.33901284120605,30.411469842616043,34.82685278138309,29.406136805925616
2016-12-12 11:00:00,30.620450039121206,31.30872895676516,33.00163995320485,32.33234303531008,32.016252867675746,32.741355775592304,32.45559610882588,32.15647880878088,32.37019164122496,31.82565988700526,29.98647478509705,38.13166784698485,31.64014507991206
2016-12-12 12:00:00,31.254425384921802,31.964252310532643,33.53099137539999,32.90578294391515,33.23133312079107,32.99037243668453,32.91497637396293,32.27801211408612,34.16110837826881,32.37806037128815,30.620450039121206,38.969881231618196,35.02545012666893
2016-12-12 13:00:00,31.8884007307224,32.66734272271245,33.86492682314622,33.21972654509579,33.05046630664787,33.27419366256412,33.21780229896578,32.598618807541804,33.378993919312556,32.88144607506568,31.254425384921802,38.72969152076893,39.84196202709603
2016-12-12 14:00:00,32.522376076522995,33.17631861161764,34.065480993644485,33.805006104579256,33.90392979267435,33.65817602945068,33.508246602590404,32.696319238505616,34.48091074296058,33.34763974583508,31.8884007307224,37.25079487219742,36.704326546771775
2016-12-12 15:00:00,33.156351238770704,33.99543513056016,34.27541997867048,34.525604647985965,33.549176583204684,34.40692412169688,34.55071859913088,32.18166997450819,33.315252608524844,33.785934627322774,32.522376076522995,34.893887447368485,41.57857941401298
2016-12-12 16:00:00,33.790326768124196,34.46714293015719,34.52960622335623,34.969990232802964,35.18308747144945,34.69640746475813,34.39734743321481,35.00921303802087,34.86656013719397,34.20362938567688,33.156351238770704,31.660528763193618,36.47131202662844
2016-12-12 17:00:00,34.4243019303719,34.92599529718264,34.977486165724166,35.45996741864597,35.33688407663245,35.500392862399046,35.2789671375178,35.42293501124855,35.9664718290718,34.60645004968039,33.790326768124196,31.833969639379955,37.64547122961093
2016-12-12 18:00:00,35.058277092619605,35.17530331789556,35.623035316634166,36.16989835756113,36.26987734556856,36.22271313191383,35.62349138438148,36.510955779807375,38.06932642368312,34.99888282659652,34.4243019303719,35.88598756699723,37.94736360461532
2016-12-12 19:00:00,35.24351646655768,35.92766654549431,36.32562144784089,36.8681125036656,37.03270237350735,36.77198096043678,36.46310452033706,37.72999660123742,38.759311281886596,35.3844366159702,35.058277092619605,36.03458179634248,44.662871487661384
2016-12-12 20:00:00,35.44897969791428,36.577612644699606,36.92397180862017,37.39788554684904,37.181727690373265,37.16517254291965,37.00284056965169,36.24061981764919,36.2320662529759,35.3360279341082,35.24351646655768,34.685806965287206,49.37181515375907
2016-12-12 21:00:00,40.69546974971768,36.56061711551013,36.81372749552338,36.954786667790835,37.21438901436336,36.81519542916889,36.673166852905126,36.41042753302045,36.69314230207922,35.34263054568384,35.44897969791428,36.85584017816124,41.5428218426208
2016-12-12 22:00:00,38.596580631741595,39.23237651628936,38.3272620420683,38.78421182220476,39.130236897684796,38.385079733990416,38.3949715216003,38.67456564679213,38.32528138401677,40.20450447009814,40.69546974971768,36.449577997571026,42.46462151927868
2016-12-12 23:00:00,40.725365376015304,37.6182334491603,36.99684475331604,36.54866219341682,38.5588749741462,36.102830823669706,36.38637329389371,38.18636194897216,37.247630619530526,37.629083437113266,38.596580631741595,36.8473034589433,39.98704663660944
2016-12-13 00:00:00,35.23618903518948,37.744115244797875,36.18724018986972,35.999213014638556,36.848871915037165,35.460472800936394,35.570796653618835,36.53666199494398,36.82445530536285,39.41341132332332,40.725365376015304,35.431323108090474,38.70473439979005
2016-12-13 01:00:00,34.91319285021197,32.09163263196405,32.52578257342393,31.636553316960832,33.15984383887168,31.494128082901813,31.927737155179205,32.718954613792775,32.22977881986745,33.786259949259076,35.23618903518948,32.900362748622534,38.847180987168606
2016-12-13 02:00:00,30.176403568268455,30.533770399001416,30.052909566288477,29.92805783887735,32.187593505295524,30.120563628143774,30.043947305809553,30.78738276557663,30.873124725757933,33.66043187747487,34.91319285021197,30.195620079400356,35.862543448550795
2016-12-13 03:00:00,26.57112699440124,25.963588404239385,25.5110267006752,25.57288157722824,26.683962992466615,25.977984702138087,26.011641327151494,25.478821367178604,26.24012202972791,29.297908821225455,30.176403568268455,24.648124667651075,31.020531646435437
2016-12-13 04:00:00,23.71829695055268,23.218972027865714,23.11131201709132,23.235990317613556,24.071346285626202,23.143427042566042,22.89217225990194,23.407634785570593,24.921238715107926,26.381738810058483,26.57112699440124,23.527521862053725,26.214541548320945
2016-12-13 05:00:00,23.419510657552618,22.53938360535098,23.33266615634547,22.57975569639738,23.026032507047955,22.026789399509823,22.70150143358062,22.934529781375005,24.589669141745002,24.367529331861945,23.71829695055268,24.922306239984508,22.302477519202778
2016-12-13 06:00:00,26.2813098298174,27.893577066715206,26.844878814657747,26.903358704222637,27.363866398349103,26.159738223142455,25.8462255429632,26.740460776210558,25.951932245066676,24.872280811964043,23.419510657552618,29.110774950427786,23.29168993155384
2016-12-13 07:00:00,28.886617046296823,27.42562550493089,27.884871898826834,28.012269382453457,27.97273193830263,28.16606473909829,28.15199569305832,27.556104199145235,27.573496110800637,28.24181618955984,26.2813098298174,30.612789269895785,27.990229360964964
2016-12-13 08:00:00,29.22693545019182,29.180138034783237,28.9619858399422,29.04402603545492,29.652349195275608,29.02362531717885,29.104779816461132,29.034636663653085,28.763835019208965,30.97209466221036,28.886617046296823,32.155911993240274,29.4882048173492
2016-12-13 09:00:00,31.97633064135232,29.341929247853226,30.02153866422975,29.631494616112196,29.926417362658718,29.83207387982012,29.655810659020332,29.191184268734627,29.71114930473041,31.250274549628088,29.22693545019182,34.09275767804829,28.985157270450507
2016-12-13 10:00:00,30.78106891326693,31.22634589210199,31.83402863246678,31.40333015836588,32.69772028957333,31.698300998626127,30.96770047469124,30.626677070913942,31.625566391625007,33.80880986440335,31.97633064135232,36.3048647146116,30.411469842616043
2016-12-13 11:00:00,31.820108409580403,30.251096959935044,32.29064508055503,31.19155760233753,31.41546066410788,31.83326376757421,31.29624038523637,30.869634284001982,31.351589841446863,32.36628954542717,30.78106891326693,38.04651481742554,29.98647478509705
2016-12-13 12:00:00,31.121651117081004,31.2271833827547,33.099438952070585,32.3207889927285,32.501176088863595,32.747347553764385,32.02765845374324,32.02532219255952,32.75914388616074,33.22504971115119,31.820108409580403,38.335102889465446,30.620450039121206
2016-12-13 13:00:00,28.008958455423908,30.926997988442874,32.90198872212627,32.12068746365695,32.565122312792845,32.30632000788536,32.098343692727674,31.66430504550343,31.2827837557658,32.356792509633244,31.121651117081004,38.15376774561529,31.254425384921802
2016-12-13 14:00:00,28.648912944839317,29.30632460852257,31.64878534273372,30.464548351879497,29.78084927587081,30.9578941003595,30.83531613437307,30.493315158495857,31.801879037864442,29.27457021390184,28.008958455423908,36.85677442922351,31.8884007307224
2016-12-13 15:00:00,30.584105649139747,30.298656217349546,31.851468726755808,31.181548034956577,30.469359143760517,31.57866819994379,31.09993870690899,30.617068627781904,31.410495634900816,30.065690342139952,28.648912944839317,36.26482769760217,32.522376076522995
2016-12-13 16:00:00,33.3799865733416,31.916815941777998,32.81570228288898,32.46768600347763,32.95121969889568,32.958719719755386,32.23013491247402,32.51950567642941,32.48528848088999,31.996248830580356,30.584105649139747,36.14803927048473,33.156351238770704
2016-12-13 17:00:00,34.67695404000316,33.80204551883239,34.502872356772905,34.43358395528125,35.09088062031611,35.098402121476084,34.322425181686555,34.65198864433054,35.36625387882121,34.564255147306895,33.3799865733416,37.37702281163281,33.790326768124196
2016-12-13 18:00:00,33.92398007075513,34.72154699093905,35.50894410206907,35.438250419651695,35.653412441514824,36.05101506651291,35.52624102510391,36.24247149920336,37.069162144598224,35.481011794597315,34.67695404000316,38.15387839309335,34.4243019303719
2016-12-13 19:00:00,35.27370577747927,34.73847815424845,35.671601453426675,35.358970744883806,35.887785735879746,35.98773337216171,35.7152721122747,36.16067372352205,36.101225347725304,34.39584356648326,33.92398007075513,37.618623702928986,35.058277092619605
2016-12-13 20:00:00,32.78645912593096,35.778807109614064,36.475212892646404,36.20888376770799,36.57288171050031,36.67706111101905,36.1701574118732,35.492467782821066,36.034876117476685,35.46909078471493,35.27370577747927,33.83090020006751,35.24351646655768
2016-12-13 21:00:00,34.37828522085269,33.941369014972146,35.520780204258266,34.52318835774221,35.255882496108626,35.18738868490936,35.10108431867314,35.56913121706371,36.307535125010524,32.80289008348143,32.78645912593096,32.615608687943265,35.44897969791428
2016-12-13 22:00:00,35.21010323267639,35.57850465131227,36.2594988442271,35.85103957709248,36.83044307442404,36.18139855796165,36.09888945364736,36.81205300369235,36.098717281036556,34.317828832207844,34.37828522085269,35.65376985295002,40.69546974971768
2016-12-13 23:00:00,36.56334544566686,35.938682900476834,35.85202293110842,35.15277391381022,37.515608637258595,35.099303978008884,35.262767983133664,36.827493472797876,36.53023397273671,34.97344939494796,35.21010323267639,36.21127062172748,38.596580631741595
2016-12-14 00:00:00,33.93101455171091,36.24601260155695,35.141628582330334,34.49857611782991,36.24887622714627,34.29497239961744,34.6415755665131,36.448776871219216,34.962142734913144,36.09195351365524,36.56334544566686,33.88243954966809,40.725365376015304
2016-12-14 01:00:00,30.851119854647877,32.67153054308175,32.093822540310164,30.70974387009231,32.64585041976803,30.808252270285692,31.129182230972788,32.70667492545279,32.37712700362015,33.32192342969207,33.93101455171091,29.848284664403515,35.23618903518948
2016-12-14 02:00:00,29.085280228154325,28.342938093528407,28.351181775035187,27.514620572981386,29.47195682961883,27.88515983212692,27.806994323401238,28.669866700324878,28.25636774385853,30.40429013372487,30.851119854647877,27.51106456540917,34.91319285021197
2016-12-14 03:00:00,24.94037740784087,25.62777141700221,24.91030349050278,25.061313432042095,25.270949053891062,25.22979650739063,25.10505347388253,25.64542351487917,25.26957290812473,28.999009437351567,29.085280228154325,24.479095256418475,30.176403568268455
2016-12-14 04:00:00,24.10665448412491,22.47074779556753,22.06001443049458,22.776782592193086,23.03290257211784,22.646426388940654,22.44495200662061,23.324042963942578,24.118490341576916,25.398406651674854,24.94037740784087,23.737965009996664,26.57112699440124
2016-12-14 05:00:00,23.304703464347988,23.167429152672025,22.775579097077753,22.55159917254807,22.858933648365955,22.08273215984504,22.687147230478022,22.655280857984934,24.25058784991234,25.23131316763881,24.10665448412491,23.797497000659128,23.71829695055268
2016-12-14 06:00:00,27.458575298357108,27.647452461133565,26.41559412609981,26.435204305022825,27.044290869405035,25.49963326687235,25.765054722769786,27.04358901282321,25.36016139881319,25.01506254788643,23.304703464347988,28.06013276935523,23.419510657552618
2016-12-14 07:00:00,30.070301370871363,28.289579773180247,28.08161884587317,28.461096037091675,28.457993762499427,28.330135172379443,28.077416020055114,28.015853160853965,28.955850018639715,29.478943119450886,27.458575298357108,30.52817282665127,26.2813098298174
2016-12-14 08:00:00,37.77003829708184,29.809829724573856,29.154332588277487,29.352217624426032,29.49603631432518,29.194173966734642,29.291654269027134,29.6203316482588,30.46484133288406,31.995929428426074,30.070301370871363,31.75750305716366,28.886617046296823
2016-12-14 09:00:00,37.55842017021826,35.634431258993175,32.5269434230845,32.705583152863156,35.166246003790306,32.64555065058618,31.685464716739403,33.83499216126734,35.72707701047259,39.15429036757614,37.77003829708184,34.49533311890764,29.22693545019182
2016-12-14 10:00:00,33.72760307455856,35.01655392993433,34.281085889278536,33.912483663781,35.886712666095356,34.5311114794227,33.05017825114237,33.96212236129399,34.61001854182393,38.130332665697765,37.55842017021826,35.77407523592968,31.97633064135232
2016-12-14 11:00:00,30.173765729686483,31.79098474555376,33.5901434968323,33.01020752908208,32.60142381457052,33.79516546704138,32.53752084192276,32.97710817064266,32.479793641575405,33.842666481216106,33.72760307455856,34.7536351729799,30.78106891326693
2016-12-14 12:00:00,30.04597409682077,29.69904463407102,31.909356535881898,31.713066176649402,30.570897724736653,32.247492836252626,31.758754020574056,30.59682623152148,30.253536530803686,30.28333873460178,30.173765729686483,36.03768412126966,31.820108409580403
2016-12-14 13:00:00,32.92802649496648,29.901815756374514,31.660704777934967,31.70112924273931,30.381994976297484,32.118285062248525,31.67602355147444,30.217930206992857,29.063298071714403,30.33951711463196,30.04597409682077,35.70115239702337,31.121651117081004
2016-12-14 14:00:00,33.27593594659586,31.683730937324906,32.985613705643075,33.10291801354736,33.19485941517644,33.15759242341279,32.7838650341211,32.50591321782025,33.009358413413004,33.247202266410724,32.92802649496648,36.69200756843662,28.008958455423908
2016-12-14 15:00:00,36.534035720194076,31.966212961319172,33.69954285479219,33.58280590887086,34.10776087435756,33.757836682910934,33.53072865003013,32.52959851563812,33.27692933483646,33.45004410993628,33.27593594659586,36.8139823571508,28.648912944839317
2016-12-14 16:00:00,37.207579378935826,34.250040120572265,35.584730031129,35.677391690525546,35.35953474413446,36.0718884564248,35.07474484606609,35.06573044127033,36.4982414382239,36.4401628303089,36.534035720194076,38.587266144730734,30.584105649139747
2016-12-14 17:00:00,38.813767753287316,34.93410674412826,36.37285988539583,36.6667655070512,35.90916684235852,37.06498545977092,36.39945302809685,34.97456302476686,37.56723291157222,36.71099043072323,37.207579378935826,37.38469257359387,33.3799865733416
2016-12-14 18:00:00,38.861835849905,36.420330089066546,37.28420071838237,37.95860120201457,36.7572800016948,38.110014715174664,37.78587621937848,35.467762298040654,38.01465996777626,37.90645068933667,38.813767753287316,37.676986089058346,34.67695404000316
2016-12-14 19:00:00,35.046553202430495,36.52991728281719,37.323307518173806,38.039901182258234,37.17997947992343,37.97623843210744,37.81981759610856,35.5945224554411,37.76504125320489,37.55710028152907,38.861835849905,36.78390984969649,33.92398007075513
2016-12-14 20:00:00,32.742494170616,35.00324805857073,36.30006745923438,36.54937315494403,35.50046071260611,36.63471007508142,36.862680806545164,34.35754227586128,35.35257331482486,33.59974504316851,35.046553202430495,34.1248343794607,35.27370577747927
2016-12-14 21:00:00,35.59552979370134,33.4424432586366,35.409964796936436,35.24884121352755,34.47949445837219,35.42236208149461,35.520042199271934,34.797378685852884,35.87706762162952,31.486827989201544,32.742494170616,32.28544269450223,32.78645912593096
2016-12-14 22:00:00,40.47711009231074,35.639453143694574,36.01635930193501,36.328266322616976,36.78824726439135,36.082761150678756,35.935895221552336,35.11474310105988,36.8755534930884,34.491785838190395,35.59552979370134,33.52495628136886,34.37828522085269
2016-12-14 23:00:00,40.728003398150165,37.30706675846795,36.90077659701856,37.518283026871046,38.543134403369294,36.8301138738553,37.083638104451175,37.822631339543435,38.83080219568947,39.14278477577198,40.47711009231074,36.59967648492101,35.21010323267639
2016-12-15 00:00:00,44.36302976554391,36.426382929166685,35.78837510992601,36.239052275968724,36.95634697847853,35.52361891088618,35.94892221489175,36.63561535793483,37.74360080723154,38.959690720992356,40.728003398150165,37.52915206746493,36.56334544566686
2016-12-15 01:00:00,41.33208256699447,38.90433690973803,35.11184223118656,35.465404989458875,35.802691397860976,35.063746112161006,35.54240824128518,35.489183654513454,38.762819344719986,42.10212449615672,44.36302976554391,34.38741819580455,33.93101455171091
2016-12-15 02:00:00,30.55391633821815,35.317462094342616,32.46645356818997,32.180608243408216,32.96495194997234,32.2684050781929,32.31867152658963,32.76043573140046,35.336624037108294,38.64208370206343,41.33208256699447,28.56036878164353,30.851119854647877
2016-12-15 03:00:00,26.378179316848254,26.221398350079223,26.853709788932104,26.504062091434573,26.588891241402816,26.829203153115845,26.85190338375747,25.793153488643046,28.112535882819262,28.156231705223686,30.55391633821815,25.399881554373458,29.085280228154325
2016-12-15 04:00:00,25.050289612575384,23.670731788853555,23.872634216513045,24.198904250836325,25.246511161902667,23.828460745115063,23.515150401404867,25.03891300445412,26.25259701834284,24.949220985990408,26.378179316848254,25.250689931993527,24.94037740784087
2016-12-15 05:00:00,24.653784166216724,23.330716090442277,24.18200930863056,23.84717910172994,23.498125933864518,23.26247871279868,24.099506078008744,24.48256566333304,25.81349702254585,24.64658827087874,25.050289612575384,25.089844032046894,24.10665448412491
2016-12-15 06:00:00,27.6898018297991,28.104370872845934,27.595913272293753,27.86615393990989,27.16230595180153,27.077766652714843,27.110173068402418,27.219559883581496,27.50619681079346,25.12796177068379,24.653784166216724,27.610000576077038,23.304703464347988
2016-12-15 07:00:00,28.56502771391666,28.790501548649804,29.430259602056765,28.984069692331218,29.26384439206037,29.199185289496825,29.038422001290883,29.205499914258272,30.798868771220327,28.731343226873765,27.6898018297991,30.90362253491027,27.458575298357108
2016-12-15 08:00:00,29.81559750703585,29.480435384885894,30.31869217779303,29.905567118563578,29.33347072305228,29.998276754096747,29.933273769575607,30.199003701400734,32.39831818476891,29.845775819917343,28.56502771391666,32.34141985010945,30.070301370871363
2016-12-15 09:00:00,30.278109306844634,31.15494436855654,31.048530559536548,31.41689973404809,30.00282410885859,31.601068566347475,31.49476923314653,30.531791607070936,32.33782906408595,31.176974204220798,29.81559750703585,34.741190340077004,37.77003829708184
2016-12-15 10:00:00,28.423372514823278,31.554262028742656,31.77867672888442,31.95176955151204,31.54796621467659,32.352982150550055,31.997104545597846,31.548479133759386,31.67023912688375,31.611279895198216,30.278109306844634,35.19325232876106,37.55842017021826
2016-12-15 11:00:00,32.52266902693541,30.2057886039624,31.459164500127418,31.102021848657426,30.118200317020143,31.44206183723448,31.378924660192002,30.472139487566306,30.407622941147743,29.782850426569034,28.423372514823278,32.492602804347335,33.72760307455856
2016-12-15 12:00:00,33.637328459311966,32.92077432028318,33.440390403115,33.310106886807006,33.993755233926166,33.279021225939324,32.71979100312814,33.042816067093675,32.624424141239,33.818957780481895,32.52266902693541,33.08603522966454,30.173765729686483
2016-12-15 13:00:00,38.483150819423415,33.60870301901304,34.44846519991529,34.282405267451736,34.324766935650274,34.14675906990994,34.12813922001269,34.981546478019226,33.93855160047947,34.620345706616135,33.637328459311966,34.02872755566928,30.04597409682077
2016-12-15 14:00:00,39.278624257712764,36.884664569072875,36.58001131386593,37.15074993577338,38.48717365782606,37.04401858025371,36.75186307422006,37.82215630466415,36.53528461405753,38.95818270813294,38.483150819423415,34.54182903313036,32.92802649496648
2016-12-15 15:00:00,39.9445475346739,37.22413756277277,37.07374240104631,37.91101890871238,38.524897505137254,37.5914310561647,37.467403634190354,37.97088480614954,37.64028769599776,39.07611270019962,39.278624257712764,35.01259756077806,33.27593594659586
2016-12-15 16:00:00,42.473414436920514,37.85678319025401,37.23252935616569,38.551542626231786,38.152910742304876,38.21051212507607,37.93106924746559,38.114523018889884,38.8091128519973,39.15129860882171,39.9445475346739,34.30288106384854,36.534035720194076
2016-12-15 17:00:00,43.174508650237435,39.928780830898575,38.016788202351336,39.89932817890878,39.57026978655293,39.56872030032079,39.18422055902167,38.34956249451553,40.83034735012482,41.08731317500827,42.473414436920514,35.109260846489946,37.207579378935826
2016-12-15 18:00:00,40.53485069201906,40.54949331789613,38.16798292046657,40.40357317562751,39.65631778098531,39.85020942554883,39.87390022995339,39.737291358687926,39.95815981699518,41.177641635613085,43.174508650237435,36.72066183989152,38.813767753287316
2016-12-15 19:00:00,43.69564173652069,39.481637914568225,37.52498417577862,39.62529130101414,39.276225541018384,38.92731406050634,39.22187998309128,38.26007532116698,38.337102924343355,38.151364447943244,40.53485069201906,37.02542325701554,38.861835849905
2016-12-15 20:00:00,41.07620616729774,41.018936686673705,38.15649397797663,40.408916033149175,40.06194246094915,39.531628666524206,39.86083175366085,38.69673957011387,40.39412436232545,41.028087570599176,43.69564173652069,35.45301718027405,35.046553202430495
2016-12-15 21:00:00,33.513640243078314,38.870038461452644,37.53210382527535,38.883233222133505,39.86509945782895,38.131852859076325,38.44851659171794,39.47100090222501,39.549874313263075,38.14941971573808,41.07620616729774,35.80650720774656,32.742494170616
2016-12-15 22:00:00,35.45366910714762,34.08141350686376,35.13644223423952,35.22106207442005,36.19181593915916,34.867481205595915,35.22886038013535,36.56710240621907,36.489905200172345,30.85452602424316,33.513640243078314,33.927193526172914,35.59552979370134
2016-12-15 23:00:00,36.130143738436644,35.99727885665249,35.56888085092177,36.62909360138507,37.196046680546544,35.848915625418165,35.717048659512564,36.83467332764253,37.344269013472896,33.321842171523414,35.45366910714762,33.39778020636305,40.47711009231074
2016-12-16 00:00:00,34.194218382775844,35.98257871753657,35.19435525129584,35.61484200509961,36.14448935438949,34.6365189291312,35.29854268612891,35.19693661677199,36.69458723042918,34.286415668533856,36.130143738436644,33.144226564955545,40.728003398150165
2016-12-16 01:00:00,31.0076352203851,33.56369633986313,33.368215938349834,33.437531872774976,33.365885862758766,32.79272788541402,33.40022168867072,33.23309213233293,34.216324024422505,32.62804777044449,34.194218382775844,32.60352533753587,44.36302976554391
2016-12-16 02:00:00,33.46146827094635,28.89238517100848,29.978285794703453,29.960601919232417,30.293343627740565,29.90064387059644,29.8584038918053,29.610483714493554,29.287305192663958,29.897070576519216,31.0076352203851,29.741268539912802,41.33208256699447
2016-12-16 03:00:00,29.68135770703319,28.59385228233309,27.78467028440764,27.606780735290343,28.189715597011237,28.01023527991879,27.754645039177543,27.60856554240826,28.874509519095586,32.7684771133428,33.46146827094635,29.220902783175465,30.55391633821815
2016-12-16 04:00:00,23.915347952961277,25.000648222953345,25.281042761114104,24.34143967781363,26.01510671950013,24.586552291304468,25.331487622919905,26.165480247015555,26.160628577027474,29.346430938954267,29.68135770703319,28.234410908479862,26.378179316848254
2016-12-16 05:00:00,22.48320296047034,22.35124091416772,23.922421347129738,22.542795241732833,22.730583249402386,22.66497661110831,23.48482379292157,23.59379192395859,23.77656581547838,24.29620310404708,23.915347952961277,25.366946202257285,25.050289612575384
2016-12-16 06:00:00,27.684115636596704,26.823679801919013,26.46878249176791,26.431725365914644,27.25335404428227,25.804983900692648,25.633732786578843,26.704493954523798,24.281272019425334,23.772163001155768,22.48320296047034,27.081331428481885,24.653784166216724
2016-12-16 07:00:00,28.798716354992578,28.69906703209925,28.434705727982134,28.731302250300747,29.179483839208938,28.921913659021968,28.778010122491168,28.571087942020622,29.036528718239005,29.52210704301376,27.684115636596704,29.33377145951511,27.6898018297991
2016-12-16 08:00:00,32.56341005929068,29.714269160849522,29.84571403923657,29.640095583319333,29.579314826685007,29.682923325232334,30.008448283958998,29.85931081133864,30.741775195449197,30.736268211379915,28.798716354992578,31.530823260839103,28.56502771391666
2016-12-16 09:00:00,31.057169170382203,32.92638969266219,31.878846863982982,32.48008573540766,33.56875204579507,32.15013363011129,31.682836912382083,31.87978641004252,32.909172676318796,34.35248405355254,32.56341005929068,33.15418322471356,29.81559750703585
2016-12-16 10:00:00,35.658252753055415,31.945698356122893,32.76786472870111,32.75801821747077,31.85237367376389,33.00339906291816,32.535309335519926,32.40878620608475,31.5051762537186,32.592608456895995,31.057169170382203,35.499990915129644,30.278109306844634
2016-12-16 11:00:00,36.53081179723438,35.48722037280218,35.70205459103547,35.835900624200896,36.25599854456999,35.844361922954825,34.91799055565039,35.179455039529834,35.925314131656265,36.87463298508424,35.658252753055415,37.53488715702464,28.423372514823278
2016-12-16 12:00:00,50.00110200809079,36.15649140973945,37.083980247038106,37.18769521673235,37.44013932155964,37.44247299119823,36.89125167045146,36.76296288458323,36.34939179183112,37.221263678148894,36.53081179723438,35.63809089126621,32.52266902693541
2016-12-16 13:00:00,43.33981785138094,47.59962130096807,40.5622681095647,41.682305886355,41.549741293649234,41.34715397242254,41.303042052426996,38.355694629464146,46.937015436571926,49.669893555602165,50.00110200809079,37.68514578254972,33.637328459311966
2016-12-16 14:00:00,38.931007389390025,41.11977672863642,39.38772760604541,40.268873743892236,40.13087546693654,39.597425035468184,39.88431355250802,38.17100004050355,41.236573390431296,41.808042749927026,43.33981785138094,34.41805074807716,38.483150819423415
2016-12-16 15:00:00,38.08834470572023,38.50722879805726,37.973418080768525,38.689609396918115,38.07357524623596,38.13813868897815,38.16377148295876,37.678821321298074,40.12992787723148,37.00989733606496,38.931007389390025,35.595624291044295,39.278624257712764
2016-12-16 16:00:00,40.70748659031921,38.00940399195584,37.41067844906942,38.35940092941872,37.707655517917246,37.77600792653852,37.92716275249233,37.89810975632834,40.12271351444352,36.138911853220286,38.08834470572023,38.21489624780571,39.9445475346739
2016-12-16 17:00:00,39.584620141125654,39.534607362822875,37.95337899992591,39.56171127203242,38.90407642330893,38.66080113794076,39.05045406544191,38.5285742860022,41.421418492761674,38.67842835572218,40.70748659031921,37.516231763625285,42.473414436920514
2016-12-16 18:00:00,40.98358684743448,39.34196738109781,37.626246878862666,39.30761460115698,38.38384461032304,38.163777846125605,38.761947590861155,38.247106208172205,39.4101332954829,37.41588080457539,39.584620141125654,36.87588243874083,43.174508650237435
2016-12-16 19:00:00,36.856445637240974,40.012666948993534,37.7778302396303,39.657116190554085,40.443849094059004,38.407998392571116,39.2575707412315,39.52526941546638,39.99554660383886,38.71624562788455,40.98358684743448,37.40566781389883,40.53485069201906
2016-12-16 20:00:00,34.57847240793957,37.48599656299708,36.499747550870524,38.135348195576,38.492171577306635,36.89394500319052,37.90268120223771,37.71696728289473,36.97756191038016,34.62547834311356,36.856445637240974,36.83163285285312,43.69564173652069
2016-12-16 21:00:00,34.25107976414114,35.75002772962474,35.43798683770168,36.68620106599155,36.938493599376955,35.64416861743828,36.571613891517714,36.94756936815663,34.68345144520285,32.694948088070916,34.57847240793957,35.00697743599219,41.07620616729774
2016-12-16 22:00:00,36.14655777207065,35.25435453049973,34.81545020208346,35.09254690665416,35.519597539364206,34.37004443030393,34.72911047132377,36.94214721578648,34.187483093030735,32.775684065323794,34.25107976414114,34.34540874751797,33.513640243078314
2016-12-16 23:00:00,32.9664224555993,36.081901144204885,35.00519445341613,35.30524579293397,38.25911359472177,34.58387473659761,35.12088832944798,37.870586367580884,35.70879661105322,34.929864700077104,36.14655777207065,34.086024187203705,35.45366910714762
2016-12-17 00:00:00,29.07229589747777,32.75126420533088,33.254146383025756,33.070882772395485,33.95894482073075,32.26708588357258,33.07489499383337,33.19475233888444,34.65875623938428,31.991231026314864,32.9664224555993,31.284115963234836,36.130143738436644
2016-12-17 01:00:00,35.07263900494358,28.07736216257798,30.081861302441496,28.976525714441056,28.348976495426996,28.944401442489504,28.56883231409186,28.142632683084305,29.37671922018585,28.616135968468356,29.07229589747777,28.566721480623013,34.194218382775844
2016-12-17 02:00:00,30.56124395313924,31.653561266562537,30.70580439678315,30.01908336899687,32.81423453506852,30.37064981368575,30.258836406356963,32.649993425919675,32.52731218084047,34.96691895850374,35.07263900494358,30.949216662476584,31.0076352203851
2016-12-17 03:00:00,24.91596193662664,27.411269665148353,27.361118166748966,26.470316504453816,27.813889082488817,26.52593217353908,27.263187040394588,27.7241487054553,27.997852220709593,30.6069228790609,30.56124395313924,27.29269768486292,33.46146827094635
2016-12-17 04:00:00,21.36373664501086,22.395168057587345,22.74919740730601,22.717393687532702,23.833769493267177,22.796314088110606,22.885148425013778,23.95044987343043,23.097846332344837,25.54887466101988,24.91596193662664,24.32433618947515,29.68135770703319
2016-12-17 05:00:00,20.91429711492102,20.584999069755956,21.877157328331325,21.56830340405278,21.585154885874104,21.756730235109732,21.77464352874914,22.49011482809561,21.682294888214315,22.8875559853085,21.36373664501086,23.71778074545211,23.915347952961277
2016-12-17 06:00:00,25.7805779130444,25.6901037146221,24.99377477906637,26.1694968125385,25.998522249195382,25.91198624146223,24.479761464648444,26.431363583168483,24.18873566546835,23.320308772488037,20.91429711492102,27.97248617079095,22.48320296047034
2016-12-17 07:00:00,27.548967295676842,26.886863479026957,26.520735546486424,26.732084829550473,27.724843694823488,26.93944397870773,26.999633663442825,27.92145273552274,27.18454478362931,28.673803696642633,25.7805779130444,29.86961245459899,27.684115636596704
2016-12-17 08:00:00,32.7351667392478,28.49107917987763,27.999184065183247,28.27122110374937,29.556623824509412,28.241309615422836,28.28014149122526,28.542715483492323,28.939125826509855,30.478830694011826,27.548967295676842,27.261363684934942,28.798716354992578
2016-12-17 09:00:00,28.2173818442373,33.4078058493477,31.44204354312978,32.62252914120279,34.22817348395738,32.35964242834746,32.12180664681148,32.35413480151487,31.62214000982766,35.36972256923018,32.7351667392478,29.094188470064587,32.56341005929068
2016-12-17 10:00:00,27.120718854959314,30.23277446571957,31.646027827667478,30.811560780535515,31.061943672876676,31.50478828409347,31.304989617290392,31.673517381498883,31.65662464192779,30.53469199695476,28.2173818442373,26.19893389360175,31.057169170382203
2016-12-17 11:00:00,31.48304344624422,29.881881751913372,31.549494609531077,31.13059564940997,31.281213212894368,32.12281490283617,31.08939787628012,30.41526938743873,32.018684736504774,29.46175289498435,27.120718854959314,29.77474317161548,35.658252753055415
2016-12-17 12:00:00,32.415980745160596,33.91442014677035,34.35773965640231,34.09304904692849,33.948440196300325,35.28650296260043,34.2239080627309,33.961378237877994,35.416421086288764,33.7040977190138,31.48304344624422,33.633632943463454,36.53081179723438
2016-12-17 13:00:00,28.056176793937407,34.96466095819515,35.44328441884383,35.39543829885444,35.09307440023388,36.222813474160354,35.74860140130097,33.68881284231805,36.36530949845061,34.26971418006242,32.415980745160596,35.552106148495874,50.00110200809079
2016-12-17 14:00:00,32.03172653644398,31.03685910428967,33.140815811636756,32.10447191188131,31.618560473959803,32.62278599288018,32.39686456824882,30.622260788380906,33.08801559914667,29.753538873258503,28.056176793937407,34.468451298049544,43.33981785138094
2016-12-17 15:00:00,35.92497419170402,34.59055679600461,34.63652859625007,34.390893713602935,34.954509445003616,35.006292833909804,33.830668144653664,33.033383284077345,35.91748963906199,33.65786101289518,32.03172653644398,34.45736880698132,38.931007389390025
2016-12-17 16:00:00,33.82549843869154,36.53037665451652,36.374701532725354,36.27236565707786,37.00736984449727,36.412957870793186,35.90487404893333,37.028541890044565,37.67418110423925,37.11935754821633,35.92497419170402,38.665099868301,38.08834470572023
2016-12-17 17:00:00,27.28596858496647,35.70614733100776,35.50117149375836,35.14824774428038,36.42155134277715,34.8030819188819,34.952122215543085,35.766007110015266,35.762242073135894,34.56892429100777,33.82549843869154,40.747916850976615,40.70748659031921
2016-12-17 18:00:00,29.669926813144713,30.248694680895216,32.06034194251825,30.93062383104734,30.835911793214088,30.823899572906086,31.01996844498467,32.11974510311976,31.131317195820497,28.062030517549736,27.28596858496647,36.303369166153374,39.584620141125654
2016-12-17 19:00:00,29.25867819216547,32.50504874489272,32.48998137762823,32.649487554154874,31.37542018470071,32.496592402066824,32.476374234787876,33.19930371634451,32.682790656302174,30.704393146257893,29.669926813144713,34.03445368290677,40.98358684743448
2016-12-17 20:00:00,24.613072502323856,31.952535640090534,31.62414997515729,31.46391558313179,29.57612975068514,30.86789267299751,31.401811288793407,31.728920985811918,31.595335230644498,30.38194907663371,29.25867819216547,31.266571130280497,36.856445637240974
2016-12-17 21:00:00,22.552433236880162,27.242368073914573,28.322967256120677,27.480086442785254,26.854319105751035,27.584110179032606,27.53067747387578,26.92605899604855,27.55062927531921,26.016592859162216,24.613072502323856,28.55631512643104,34.57847240793957
2016-12-17 22:00:00,21.532269034902505,24.806633062976502,25.817815960862898,25.362021646168895,25.87057693096187,25.852578124932688,25.092604305040783,27.52366150116974,25.63117100007762,24.492031233627024,22.552433236880162,25.370003853973202,34.25107976414114
2016-12-17 23:00:00,25.187870947051998,22.446810663184596,24.022924630723622,23.68853189154414,25.669714341466765,24.322376853608546,23.349340835083265,25.422024596430578,25.401052210326686,24.025542197147903,21.532269034902505,25.17626998567574,36.14655777207065
2016-12-18 00:00:00,21.677998282165547,25.317354539865445,24.12821436184534,24.26393385817455,26.13074419091643,24.63133858461781,23.846125752878617,25.2536871397081,26.038218623119672,27.995037895737994,25.187870947051998,25.077429292865713,32.9664224555993
2016-12-18 01:00:00,20.482795107452063,21.553820102084227,23.16128894139625,21.751895207250346,22.91365347512107,22.213838604943138,20.988417485057226,24.73110215006506,23.364906976734133,24.67345730439833,21.677998282165547,24.268658702294662,29.07229589747777
2016-12-18 02:00:00,20.730318382231367,20.129847618466975,21.44518958599618,20.62234278285479,22.044580116048714,21.190967120206803,20.32742541766983,23.56510774673487,21.34135934508702,23.840871321960304,20.482795107452063,24.08282931149137,35.07263900494358
2016-12-18 03:00:00,19.658862160676335,20.347872964876956,19.770592517970446,19.97861056081845,21.826453141159014,20.44379574728557,19.69732309903221,22.46712592994234,20.423957595673187,24.403548675743927,20.730318382231367,23.77841363321351,30.56124395313924
2016-12-18 04:00:00,19.63605828383617,19.445713936921845,18.566386441108982,19.36910483433463,19.999920093358888,19.663237327362015,18.989077175647104,19.790128908631686,17.433928741570746,23.59032883494298,19.658862160676335,22.030324127585253,24.91596193662664
2016-12-18 05:00:00,22.584175405251028,20.005156713979627,19.88253530714256,19.786234895254957,20.250662402677413,20.05727007155539,19.65314387631034,20.754051036694854,18.66785349974388,23.80449276074567,19.63605828383617,24.05587570275566,21.36373664501086
2016-12-18 06:00:00,25.374311858207907,26.87940135042966,24.265677243523623,25.36526698363242,26.02820843544007,24.516882711644616,22.860157087199365,26.14962182797953,22.992094904520506,26.792740829155502,22.584175405251028,28.890202686283917,20.91429711492102
2016-12-18 07:00:00,25.927127641725676,26.294052010255854,25.933084850770133,25.870358159173964,26.818662315625566,26.01391903496332,25.34212102538962,26.731180709198703,25.009573176307374,29.324399529230195,25.374311858207907,29.82410212183966,25.7805779130444
2016-12-18 08:00:00,25.46795723872618,26.542665711570262,26.727848673586806,26.112401095316986,27.909371552649954,26.04824550565658,25.899738307772207,27.550399558877395,26.283140953447887,29.49208816695888,25.927127641725676,26.85329985867068,27.548967295676842
2016-12-18 09:00:00,26.92448833396895,26.56466844122993,26.411913523549828,26.394274274375174,27.3861319706454,26.34770996540084,25.847862467636087,27.561424204332113,26.21325319058614,28.709984807371768,25.46795723872618,25.993787410276052,32.7351667392478
2016-12-18 10:00:00,26.463676601027203,27.91225933606711,27.412687657111704,27.528926838187548,29.3708569780543,27.337329834575517,27.00226091714148,27.92734175466857,28.658752366339293,29.86452763019654,26.92448833396895,25.486203301197442,28.2173818442373
2016-12-18 11:00:00,26.387968926682706,27.779040136020985,27.889377388064407,27.68893934536121,29.16967998036716,27.531077527399503,27.540732256451964,28.685115700822042,29.409074019271152,29.101287867266592,26.463676601027203,27.99463565725613,27.120718854959314
2016-12-18 12:00:00,31.054824282212646,27.990626630603188,28.06099872835731,27.936655105937813,29.24205944924076,28.067810804394725,27.66713411861116,29.030169086691338,30.292662481279976,28.80691010505956,26.387968926682706,27.623325062598187,31.48304344624422
2016-12-18 13:00:00,26.75513527910618,31.900094762974746,30.803101149053674,31.05923046933673,32.291598450355835,31.221066543880244,30.207154952555353,30.484109246851556,32.671596499753555,33.100960306782326,31.054824282212646,27.86493475561005,32.415980745160596
2016-12-18 14:00:00,26.00690963956917,28.05154749827554,29.093353037216602,28.187088107017377,29.38538173329193,28.174508569735522,28.397864253830488,27.87698447818344,30.010671553042865,28.444611298629308,26.75513527910618,25.94288722965909,28.056176793937407
2016-12-18 15:00:00,25.72603186783337,27.76242103556868,28.29013855406558,27.695287919759267,28.183436475036746,27.952841717541133,28.100259834944925,27.45160395959548,29.916929899033796,27.6667175714648,26.00690963956917,26.680014701004893,32.03172653644398
2016-12-18 16:00:00,26.38064131176162,27.46347334604206,27.576602559910743,27.472832952639575,27.99066129356176,27.422684620527548,27.307148814126123,27.224762506695228,29.66831072172484,27.405608527625432,25.72603186783337,28.280709233772704,35.92497419170402
2016-12-18 17:00:00,29.672271609537823,27.812144259187505,27.256097248834624,27.533722738689224,27.798513444945097,27.325138068069833,27.70593574642692,27.09915102328031,28.416048846289325,28.054484726127946,26.38064131176162,27.82903345466768,33.82549843869154
2016-12-18 18:00:00,28.41847770990605,30.540402730871318,28.88677884434533,29.097310253971784,29.555935475974675,28.446195404683625,28.407611371170912,28.763264215609336,30.14201686163513,31.16133106877638,29.672271609537823,27.96596487323402,27.28596858496647
2016-12-18 19:00:00,25.533084006727496,28.69140505264495,27.87363656524656,27.99902919243232,28.274767550961425,27.168280223232046,28.02480311564122,28.853312819888075,28.638288375852433,29.641070819540264,28.41847770990605,23.57035861004543,29.669926813144713
2016-12-18 20:00:00,26.505179561428797,25.600913896955323,25.508028303033,25.866304087677165,25.55312669628639,25.471893714004793,26.031794822628868,24.556986815471635,25.939075466440574,26.730716186990133,25.533084006727496,22.315637598116723,29.25867819216547
2016-12-18 21:00:00,21.844098229159115,26.140245640437616,25.071401865981443,25.719702352343727,25.212302984155276,25.478025359479034,25.47135639351151,26.222661744620986,25.836395979783028,27.785817178341283,26.505179561428797,21.614008086095964,24.613072502323856
2016-12-18 22:00:00,25.122744179050677,21.554762829727185,22.770005574757665,22.6062350363066,22.471830382232383,23.265660051487895,23.41056685943521,24.739024659902586,22.466601702888546,23.329063902004556,21.844098229159115,20.670842482086766,22.552433236880162
2016-12-18 23:00:00,25.180543515683798,24.68043763663424,23.369145580069667,23.396872590156406,25.319489910823524,23.467403399976067,22.693266271987152,25.285295681575057,26.064312869065702,26.860598799535502,25.122744179050677,23.20963133032268,21.532269034902505
2016-12-19 00:00:00,22.749454503720578,24.32727196444726,22.663213157309926,22.898427008181063,23.326621915831943,22.965122419180194,22.458868252527704,24.66198971461061,24.094791827950964,26.93372452270617,25.180543515683798,22.78664903960772,25.187870947051998
2016-12-19 01:00:00,24.385919927275076,22.149648690892306,22.235441801145615,21.58586011561124,22.426887487323743,21.897313148811975,21.008957787658094,22.04785515285042,22.50750316046966,24.605719977328604,22.749454503720578,20.62991106670444,21.677998282165547
2016-12-19 02:00:00,22.08833810984237,23.587086369781662,22.14284866816133,21.73371123428251,22.294683550293065,21.72566305189964,20.973857825086437,22.539594079331497,23.54048559496652,26.369421930442268,24.385919927275076,20.48464848596126,20.482795107452063
2016-12-19 03:00:00,19.336451509417877,21.6737288419445,20.9109197417453,21.012816314142764,21.210236374539175,21.173000718597894,20.587513499611564,21.437795096638844,21.947119858403592,24.17309329180143,22.08833810984237,20.312011961429015,20.730318382231367
2016-12-19 04:00:00,20.07327612829926,19.29415137881508,20.448460193325865,20.256839541983172,19.73730415025655,20.474274092824594,19.703033307071045,20.56630800133739,19.726054265795764,21.724038452999864,19.336451509417877,22.397104141374832,19.658862160676335
2016-12-19 05:00:00,20.9094314949133,21.27566038154333,22.41301869850697,21.45212641681449,20.698378749909246,20.979658585884334,20.79476037558445,21.609406035601317,21.67045278996405,22.794138675385977,20.07327612829926,23.49402571774086,19.63605828383617
2016-12-19 06:00:00,25.34500176562934,25.660197442256862,24.893069220187726,25.529815296862648,25.105863816869324,25.235125292524078,23.25944238089255,25.492045251584674,23.36918559459968,23.801329239549936,20.9094314949133,26.332860591435214,22.584175405251028
2016-12-19 07:00:00,27.74598911317593,26.183718429270233,25.87670137994606,26.219263752337287,26.49285233766377,26.5966434158496,25.57557974352672,26.529181304429002,27.30039639277795,28.12515941680502,25.34500176562934,27.36896525004104,25.374311858207907
2016-12-19 08:00:00,25.73418014772558,27.671865316719117,26.756537990291445,27.06361451075197,28.068917591426832,26.916220683513952,26.345594518343763,27.432745001466877,27.046453355671428,30.096902246749984,27.74598911317593,26.8581111226668,25.927127641725676
2016-12-19 09:00:00,25.450019716105295,25.836161399189624,26.504668427814483,26.344250911189068,26.822751863505218,26.700537288427284,26.14529664886422,27.07121537474195,26.494532943151004,27.703929260861685,25.73418014772558,26.308678849060346,25.46795723872618
2016-12-19 10:00:00,25.07634641373186,25.778230761055866,26.33194393465277,26.389268909433877,26.97344147796076,26.68772119735846,26.224274623865284,27.21634183431428,28.73599647014941,27.23230110305652,25.450019716105295,26.018010454276563,26.92448833396895
2016-12-19 11:00:00,26.21618287826319,25.545156402670397,26.29948230013746,26.24385476129864,26.89123979279935,26.55065638071427,26.565056043749284,26.97682807344236,27.123032355584684,26.736084167706103,25.07634641373186,26.243869593017887,26.463676601027203
2016-12-19 12:00:00,25.598210774728813,26.53241538398194,26.6872916835959,26.90688102299715,27.659541930715484,26.997689777153585,27.08852225552107,27.849935298327264,28.07894909968049,27.74485125984455,26.21618287826319,26.515821960721382,26.387968926682706
2016-12-19 13:00:00,25.32301947152475,25.93469699580287,26.141279532682606,26.412071317850916,26.569386581891575,26.81791281485288,26.65482136091046,26.21669444016758,26.549555491664435,26.985861750945418,25.598210774728813,26.66863935842523,31.054824282212646
2016-12-19 14:00:00,25.462241768837828,25.78960779746721,25.9956356986977,26.358581007678783,26.547594450364826,26.598435871004597,26.452197815130518,26.760873142447107,27.00633126366119,26.638873719614836,25.32301947152475,27.781505053176303,26.75513527910618
2016-12-19 15:00:00,25.077958375211704,26.140013078926007,25.92255105633539,26.376236898982132,26.672558993647755,26.468679824518116,26.378615438514856,26.405373044605295,25.86916237328001,26.72487573725034,25.462241768837828,26.646659225291263,26.00690963956917
2016-12-19 16:00:00,25.820498096875653,26.072587861636297,25.54708713433585,26.015449070669934,26.370918864394582,26.05048913381516,26.23395367367567,26.455065217193564,25.93521351363529,26.302636008946738,25.077958375211704,26.4784236815668,25.72603186783337
2016-12-19 17:00:00,26.523117267602572,26.92428997447917,25.56027235026643,26.216120898570676,26.18821531578291,26.12080359596182,26.317330860791003,26.60376435021656,27.54188756893368,26.998681620450935,25.820498096875653,27.578798385167367,26.38064131176162
2016-12-19 18:00:00,25.86525416514645,27.534599540252533,25.518308855663864,26.4082778302736,26.851559512795717,26.120612762140535,26.37977225001184,27.008448546247166,28.798214108397357,27.591993207472928,26.523117267602572,25.241949490143625,29.672271609537823
2016-12-19 19:00:00,25.086927136522146,26.53656673851043,24.81870337865331,25.81502571219794,26.516400847856836,25.378889422546944,25.741937643515012,26.26765422901408,27.005936808500614,26.836290504922733,25.86525416514645,22.637439875836797,28.41847770990605
2016-12-19 20:00:00,21.08203802475105,25.17172392168862,23.991548466815384,24.941229582724773,25.134950136098087,24.546532988912617,24.70967369621385,25.239164067946714,25.618871120919735,26.044688668646007,25.086927136522146,20.658961192853003,25.533084006727496
2016-12-19 21:00:00,23.26888642181946,21.045160046518408,21.682431206827278,22.197436808168465,21.42134303812939,22.594493157934266,22.41106716418065,24.693114043953788,22.83911127993948,22.234023332715047,21.08203802475105,19.730736890434464,26.505179561428797
2016-12-19 22:00:00,24.64156174637841,23.29605004690254,22.22337087362584,22.58443629509199,24.154264590334257,22.400454870293288,22.45837571893958,26.20248707937697,24.509091625676316,24.679696943823505,23.26888642181946,20.612534944819487,21.844098229159115
2016-12-19 23:00:00,21.603931754210407,24.43060673492205,22.456485980752888,22.848599863034355,24.648143791132885,22.552768893931646,22.515030175013568,24.961250308278395,25.324862709645977,26.074712738914698,24.64156174637841,19.46293204960083,25.122744179050677
2016-12-20 00:00:00,19.724809042990106,21.173345798031068,20.977019584800725,21.105051641360173,21.440635503505526,21.590621722314637,21.204085522885432,23.027196090778094,22.11124918157028,23.104812992494622,21.603931754210407,18.064954245980786,25.180543515683798
2016-12-20 01:00:00,19.338093206465903,19.393424368571694,20.255294760861062,19.978888337525294,21.598093084690476,20.624511154328477,19.50726778673531,21.999724648250144,20.296472037251526,21.50679556712676,19.724809042990106,18.51362278600006,22.749454503720578
2016-12-20 02:00:00,19.463451753998424,19.05330551343624,19.12607346587904,19.470041792223256,19.520842087101926,20.15424865018719,19.173855709462718,20.15844540346381,18.436159826196878,21.441772255113925,19.338093206465903,18.236937996695328,24.385919927275076
2016-12-20 03:00:00,19.715870017247845,19.261306424681184,18.327730484076255,19.36887404716762,19.46936792562311,19.91387904337357,18.967863601045767,20.062039020374385,18.063544522681312,21.82004703701019,19.463451753998424,18.82990598219392,22.08833810984237
2016-12-20 04:00:00,20.006537031712313,19.82129765777424,18.854745094429003,19.62901670550198,19.97730019080924,19.905971829610206,19.07429711140929,20.060374562768,19.679778379595895,22.239375308504524,19.715870017247845,19.74342746146816,19.336451509417877
2016-12-20 05:00:00,19.502551456411446,20.865017569229437,21.357447633525606,20.53183578964948,20.40179683110275,20.223692582160954,20.363465660512578,20.877914729491337,21.207815072872737,22.621668223634426,20.006537031712313,21.341979317546805,20.07327612829926
2016-12-20 06:00:00,24.89641245252591,24.648601611552298,24.39513440472091,23.79530375106819,24.762347819908744,22.812308152732328,22.241410206916367,24.905110656876516,21.995687953093594,22.182333025342842,19.502551456411446,24.644635672616904,20.9094314949133
2016-12-20 07:00:00,26.113597921343985,25.933092437622918,25.47308595120954,26.61013351313044,26.103495208622803,26.744758238839477,25.047584960741457,26.34334520004559,25.764597431336536,27.412137872716514,24.89641245252591,25.970007732312936,25.34500176562934
2016-12-20 08:00:00,26.400982459476857,26.175068254592507,25.49856902721622,25.821757942728215,26.762850754192947,26.344629825538295,25.70551873106022,25.975880390623004,25.53898339661161,28.161430020643763,26.113597921343985,25.60907647255321,27.74598911317593
2016-12-20 09:00:00,24.84916447022068,26.190532707942328,25.808123266954354,26.179178860379423,26.42084434519953,26.406764620248566,25.778849334295117,26.30254194326062,26.660311672587095,28.003422004537953,26.400982459476857,26.048002286707884,25.73418014772558
2016-12-20 10:00:00,24.688780360221244,24.743184335495425,25.3947747014892,25.596659140965475,25.69614387390559,25.98929327332146,25.64826118137404,25.120869002726593,24.96747532098934,26.15114271030816,24.84916447022068,25.44589576211744,25.450019716105295
2016-12-20 11:00:00,25.97191344556465,24.676340613761187,25.313665616251125,25.59943109552573,25.812785426976667,25.824390152354894,25.72497735648041,25.972916562108416,25.41169350557067,25.839721647764886,24.688780360221244,26.23626939084654,25.07634641373186
2016-12-20 12:00:00,26.880523378653987,25.808170501231377,25.585697729481357,26.112582139650808,26.3154150624293,26.216283648799788,26.1971623324071,25.885730591341606,25.862278772799794,26.955152921583746,25.97191344556465,25.892026616164934,26.21618287826319
2016-12-20 13:00:00,23.923466864391088,26.544138907065275,25.774557500621487,26.580457660826436,27.710742487118246,26.637571916889836,26.52927773088054,26.046575051989123,24.95361597647814,27.625313061678195,26.880523378653987,25.22579111121223,25.598210774728813
2016-12-20 14:00:00,24.109116295485386,24.073514744049692,24.830725481104356,25.08536779353743,25.66795020574751,25.434501665311597,25.55969801327367,25.486936240444834,24.990386025611475,24.55861413477249,23.923466864391088,25.904532254853148,25.32301947152475
2016-12-20 15:00:00,24.19783768617692,24.523117880948814,24.569637403017982,24.97098840093506,25.302106895045462,25.257429905503482,25.363407592856873,24.740911583611634,25.327778997962056,24.80143906037662,24.109116295485386,26.456831068419536,25.462241768837828
2016-12-20 16:00:00,24.315898537909423,24.712073344328918,24.46279297891809,24.83294071974929,25.341172781179516,25.022600659121164,25.048015269899878,25.640846807120283,25.47168629923911,24.917694856057675,24.19783768617692,25.90685512044589,25.077958375211704
2016-12-20 17:00:00,25.748014161937963,24.847436870420143,24.287321066099082,24.621325040257574,25.42729762999746,24.788042214435865,24.944538429488233,26.20343145899594,25.635224214994267,25.04406261344274,24.315898537909423,26.468384655085014,25.820498096875653
2016-12-20 18:00:00,25.39550303935666,25.676700499042514,24.337165465217442,25.112632372710006,26.12257839667832,25.092796178995115,25.1658795364872,26.430887079866082,26.374055250516072,26.412716566082885,25.748014161937963,24.90395949400835,26.523117267602572
2016-12-20 19:00:00,23.955209399867737,24.97243589902548,23.778782155440656,24.75030985868464,25.321768005062133,24.482159032497425,24.667469624956812,25.982805106950572,25.30360398103371,25.949118845572922,25.39550303935666,23.3242530788863,25.86525416514645
2016-12-20 20:00:00,21.831084329259184,23.547430869217767,22.700623683660712,23.650939280726487,22.3203117477791,23.41138379216424,23.742312521203928,23.31964907486212,23.254384642193312,24.49944111802895,23.955209399867737,20.026510346029283,25.086927136522146
2016-12-20 21:00:00,19.23794087599767,21.681039141709633,22.044358347927613,22.149389758948832,22.773571126326818,22.060627007672753,21.937557609415535,25.213647646498355,23.492703106645653,22.52935625510935,21.831084329259184,20.05249847833961,21.08203802475105
2016-12-20 22:00:00,22.097307238258587,19.225872640586942,20.938206714370452,20.404705834360012,21.578393908934807,20.636298431448935,20.519877441235558,23.496794500563414,21.649550521064132,20.270623676258037,19.23794087599767,19.26980380991357,23.26888642181946
2016-12-20 23:00:00,21.542029643380342,21.708446525030613,20.65840847836495,20.99209931129314,22.317699274169964,20.89143474589325,20.762088205904327,24.483989299547765,23.064715035702566,23.39632591357815,22.097307238258587,19.01931909295864,24.64156174637841
2016-12-21 00:00:00,19.72155575156801,21.058929205376327,19.920411078885166,20.31434152293452,20.89740726049932,20.403238390188882,20.102906704223738,22.458000414463854,21.570649944198347,22.91627470730654,21.542029643380342,18.53056088634344,21.603931754210407
2016-12-21 01:00:00,22.63139401909386,19.347337419479917,19.759100883371456,19.381667928336753,19.491810601231123,19.745954335916366,19.078416772472107,20.31232146219594,20.1524689213659,21.252753382762027,19.72155575156801,17.991906521871048,19.724809042990106
2016-12-21 02:00:00,20.118061565032452,22.276301653405,19.998038532906012,20.022065850942223,21.546276472793053,20.16764703220734,19.660981095238323,20.966905575825372,21.118901318752496,24.247729264740464,22.63139401909386,18.741178014237384,19.338093206465903
2016-12-21 03:00:00,18.473448228691524,20.034120870544868,19.326149052808805,19.520230781300413,19.62923750464237,19.936869409949953,19.378807929573604,20.148980682244627,18.82882277635659,21.748305678754065,20.118061565032452,19.295162314861514,19.463451753998424
2016-12-21 04:00:00,18.434348526278505,18.63688494562,19.232958516351918,19.37163076683801,18.566800303913887,19.700473356098723,19.019151704828158,19.00531475376954,19.53503371003473,20.305747575671198,18.473448228691524,19.608767359907517,19.715870017247845
2016-12-21 05:00:00,18.369221758277185,19.051313352736937,20.244359903361694,20.176555710538462,18.838540734829678,19.86957622837244,20.179364803966788,19.465042790448813,20.293085119325525,20.500384836074648,18.434348526278505,20.643187062386467,20.006537031712313
2016-12-21 06:00:00,24.185615633444385,23.639717468875773,24.101312238446194,23.447184070195487,23.987454431641,22.570468532007112,21.804068035962462,24.067557351452347,21.589737976333655,20.610607182822207,18.369221758277185,23.5809899029316,19.502551456411446
2016-12-21 07:00:00,26.557292796635966,25.410167813949116,25.389061495419828,26.18736727717024,25.77467783341539,26.45529337343582,24.64580365366596,25.810796959534173,25.61588655092858,26.309933592823157,24.185615633444385,25.70167868480456,24.89641245252591
2016-12-21 08:00:00,24.8882641726337,26.548616863369347,25.7528116226392,25.999902691546882,26.059507825156484,26.338708164570203,26.00282913645621,26.137172169663415,26.53365834296862,28.181336908521928,26.557292796635966,24.443641532950448,26.113597921343985
2016-12-21 09:00:00,24.66111159758492,24.857363777816303,25.264884844945925,25.46688724774616,25.421239365832054,25.90316499549104,25.54683664582532,25.036533057682576,25.712162978571893,26.06683379061456,24.8882641726337,25.27631061032673,26.400982459476857
2016-12-21 10:00:00,24.417662829857505,24.638666015986008,25.06284585393628,25.45767742030687,25.33410166904957,25.7227176368518,25.460347441828887,24.636199799356174,25.37375459163391,25.586237006152697,24.66111159758492,25.762217914991087,24.84916447022068
2016-12-21 11:00:00,24.89884489542399,24.41076270961719,24.958147163120305,25.392531195699217,25.392067278841544,25.524159175742057,25.543313776392136,25.50547251259285,24.84744604806464,25.164948509978615,24.417662829857505,26.061640838939304,24.688780360221244
2016-12-21 12:00:00,25.393040860890405,24.821941618738425,24.79972523351481,25.535697555143695,25.484548996393762,25.592055756853245,25.69949128244319,25.871808471742032,25.042562035907018,25.497736454084254,24.89884489542399,25.360684961371295,25.97191344556465
2016-12-21 13:00:00,29.550342013543112,25.10389868146734,24.538327562887332,25.606029026524833,25.47591431632873,25.73252376644636,25.841937196794486,25.186841215339182,24.23054534274911,25.829014907677614,25.393040860890405,24.64860612860754,26.880523378653987
2016-12-21 14:00:00,25.658472289828193,28.30238295436247,26.221389784277687,27.483095211165743,27.77261247613699,27.556430250262142,27.14353016569152,27.028980588967986,28.008423306973157,29.657892156670705,29.550342013543112,25.222580841894054,23.923466864391088
2016-12-21 15:00:00,25.09100127646825,25.127747463725886,25.235938309458117,25.879427568652414,25.603213539601335,26.00093878642655,26.40947061813702,25.561489550664216,25.51053269866395,25.46178456480144,25.658472289828193,25.374051788153988,24.109116295485386
2016-12-21 16:00:00,25.272547566259824,24.99312977421097,24.84234609220071,25.306935221249745,25.602350720824727,25.58695531151494,25.99292627448864,24.97185379162704,25.356150033955462,24.885269444674506,25.09100127646825,25.689187045853483,24.19783768617692
2016-12-21 17:00:00,26.006118159507555,25.207167372901733,24.67084650865816,25.107216583506702,25.803812249739543,25.261992540874132,25.690249945091125,25.849663916882694,26.07745158493082,25.08242709622472,25.272547566259824,24.967969116474936,24.315898537909423
2016-12-21 18:00:00,26.427859742051563,25.528238577537678,24.44748111920414,25.19748899611861,26.24995226790162,25.185606638601143,25.738356159525626,26.34216495496299,25.962866123617296,25.788645635757245,26.006118159507555,22.967092495087982,25.748014161937963
2016-12-21 19:00:00,23.698776467808568,25.530768548204634,24.047376690147257,25.186033093148875,25.71707782625676,24.92281249758666,25.527116518721197,25.399166387934983,25.34002564678185,26.13469199749796,26.427859742051563,21.243078694749297,25.39550303935666
2016-12-21 20:00:00,20.8149656329768,22.874787965691468,22.17079569697887,23.523401593284063,22.10132198457015,23.38961564309797,23.76622640355413,21.99501614951625,22.803193650427236,23.441873686898642,23.698776467808568,20.532807460106618,23.955209399867737
2016-12-21 21:00:00,20.05211394850712,20.24726933903655,20.899971668437853,21.651534115961898,21.3128653313271,21.74076969948258,21.802382775695218,22.17396553302032,22.130367316379548,20.84957535671054,20.8149656329768,19.950713930598514,21.831084329259184
2016-12-21 22:00:00,20.02198337451032,19.66806403415706,20.925613028219995,20.69653192414044,20.428574118107957,20.739349918630186,20.82722378444436,23.113809560081044,21.68709663181632,20.492323750586245,20.05211394850712,19.6296489562474,19.23794087599767
2016-12-21 23:00:00,19.759013756933008,19.587876629163887,20.15992435028271,20.14691436617777,20.33107216985035,20.352151215636727,20.775237934942844,22.24332282803001,21.383829812771726,20.813586578561665,20.02198337451032,19.097484730595646,22.097307238258587
2016-12-22 00:00:00,19.266430487158004,19.309772463964354,19.322738395375698,19.652286072471146,19.73138086919334,20.045299486282136,20.027847522239558,20.65256097276441,19.969786806291097,20.830568649341128,19.759013756933008,20.026065957940617,21.542029643380342
2016-12-22 01:00:00,18.99534195815088,18.879895266677543,19.48770985920164,19.243496899608918,19.70882247998562,19.93054833789325,19.73578036633028,21.115600303579008,20.18002902069135,20.583209872912143,19.266430487158004,19.725227291578275,19.72155575156801
2016-12-22 02:00:00,19.38041683183862,18.667818012851814,18.66576638101616,19.10447565389467,18.99171114015516,19.93459653569757,19.511233263370542,20.152981401034737,18.355507420549074,20.53192156529096,18.99534195815088,20.454961904618298,22.63139401909386
2016-12-22 03:00:00,18.976583587005983,19.17029845445481,18.355045601477872,19.16451164367655,19.14490741514861,19.73250651698451,18.906019982403315,20.444037547625975,17.86949901529333,21.07707170443545,19.38041683183862,20.47221985577243,20.118061565032452
2016-12-22 04:00:00,18.913098516052692,19.005273637922183,18.730788156764408,19.22496907089384,19.14500346528679,19.52807044760026,18.779103437940602,19.99892178941262,18.618024763805465,20.785900454967845,18.976583587005983,20.479585417682998,18.473448228691524
2016-12-22 05:00:00,19.90881714414216,19.32023546816787,19.629380874435707,19.857886846126643,19.408621074827362,19.68725167432733,20.073782000064057,19.99951062708369,19.874705675067368,20.824330919659857,18.913098516052692,20.422149002206783,18.434348526278505
2016-12-22 06:00:00,23.70446256923452,24.81053013556807,24.361450613879786,23.4292338212409,24.66686369346082,23.027245650058394,22.18338497785997,24.80557249437817,22.01969373425738,21.85099735492045,19.90881714414216,23.75470091356113,18.369221758277185
2016-12-22 07:00:00,25.45248152746577,25.0573655764843,25.594205100010672,26.30967872436042,25.507101528498236,26.386019900912554,24.740677370124008,26.655686873971035,25.316998202521685,25.450050164892303,23.70446256923452,25.509157501857914,24.185615633444385
2016-12-22 08:00:00,24.64971002627062,25.72078617097479,25.825792190512896,25.831350845048902,26.243169861681842,26.116435037180185,25.6745949638415,26.136997243759257,26.099473159353867,26.768766523418797,25.45248152746577,26.22864334108777,26.557292796635966
2016-12-22 09:00:00,25.712197486515212,24.87148731612049,25.47017688264047,25.422518108967452,25.335217623826313,25.81845331768122,25.54191963100841,25.02881832971651,25.433021250069572,25.572364104493957,24.64971002627062,25.887122117374552,24.8882641726337
2016-12-22 10:00:00,24.73438664547845,25.750539972072747,25.576632908825157,26.083187062084182,26.009707747418275,26.181420591824807,26.021549450968582,25.600676257147093,25.896077100644273,26.323549075012444,25.712197486515212,26.50478595831381,24.66111159758492
2016-12-22 11:00:00,25.110521759212364,24.916640837582403,25.35625184462511,25.627122863457597,25.233266273826416,25.83291330843275,26.132845766862175,25.212531277821466,25.680054438632617,25.089169068840256,24.73438664547845,26.138513826075773,24.417662829857505
2016-12-22 12:00:00,24.122129828279533,25.281789331901972,25.390828069617342,25.723522516274386,25.79819959051051,26.036803552706484,26.31842630443843,25.71436781588639,26.005340996571356,25.300339234481925,25.110521759212364,26.00136785908783,24.89884489542399
2016-12-22 13:00:00,23.539183470764964,24.372120053900233,24.926050003460215,25.175302101725986,25.038129458865935,25.545134131586412,25.76708426707435,25.838830625315786,26.846170353975975,24.20607738069306,24.122129828279533,26.34952610436234,25.393040860890405
2016-12-22 14:00:00,23.42033150607663,23.86838692500739,23.996291962966968,24.658882776026132,24.798222725183507,25.094924413570197,25.53325165170035,25.52571729504084,25.350626927495817,23.616639574064596,23.539183470764964,26.313996764554616,29.550342013543112
2016-12-22 15:00:00,23.897410063234613,23.723463597299972,23.663067109642157,24.29057594831289,24.495607620223105,24.646687277278346,25.22465512975786,24.813166811648404,25.37217750520316,23.527499636298987,23.42033150607663,25.626504049920573,25.658472289828193
2016-12-22 16:00:00,24.151439920858103,24.213165576176593,23.654171647119117,24.24662836933818,24.252985109038224,24.49411884933447,25.101855064774544,25.37295687077404,25.249466524555785,24.01301508230928,23.897410063234613,27.458166863141788,25.09100127646825
2016-12-22 17:00:00,25.0437830297312,24.43715198624173,23.657546083448597,24.092957767474235,25.0102694670171,24.27664636422912,25.05987774252093,26.189254751537955,25.163744020980822,24.237691263777844,24.151439920858103,27.324061155562507,25.272547566259824
2016-12-22 18:00:00,26.759209235499394,25.07861696298097,23.632797157817567,24.245690658807543,25.741593592303275,24.378686230249368,25.045889237959482,25.848202101666853,24.71059819093641,25.056273058634783,25.0437830297312,24.695628100247685,26.006118159507555
2016-12-22 19:00:00,23.424376277560338,26.0152920717647,23.547604265514508,24.91234227363614,25.060353304372367,24.815423166140693,25.298177423394197,24.72087605145822,24.09022466494236,26.59641193183729,26.759209235499394,23.224840227020053,26.427859742051563
2016-12-22 20:00:00,20.55038442102542,22.66799691272871,21.64776712118504,23.001274996391615,21.12110618412873,23.19723924332291,23.995553223769075,21.94853615250272,21.605068313705193,23.17921223237093,23.424376277560338,21.400436829513183,23.698776467808568
2016-12-22 21:00:00,20.54713039539177,20.05761882204636,20.285820585414296,21.164988267844276,20.56969205861588,21.81674101696139,21.763811827973942,23.22977056675212,20.690582852607438,20.536013262612947,20.55038442102542,23.22375537329186,20.8149656329768
2016-12-22 22:00:00,20.3020696661845,20.27867401482703,20.47327067035934,20.60019749378389,20.801001471859042,21.10752642379154,20.720964771694923,24.511919808605203,20.786752085363002,20.85923388132269,20.54713039539177,22.472884971394222,20.05211394850712
2016-12-22 23:00:00,19.2737579185262,20.11641154692008,20.287099092477334,20.03080101060801,20.236867550820246,20.476493859107478,20.231952462210277,23.988514337543933,20.759722820995385,20.875012218668605,20.3020696661845,21.75115726218797,20.02198337451032
2016-12-23 00:00:00,20.024445185870796,18.9512087460201,19.975927507041245,19.417536855148857,19.561274345875667,19.931975645165767,19.419843258395815,23.383381575111112,20.515243587343594,20.10118005606643,19.2737579185262,20.591580348457164,19.759013756933008
2016-12-23 01:00:00,20.320798668867,19.650584659549576,20.11026741984932,19.344405712721077,19.77460283065639,19.787157064974238,19.16555618198916,21.993016891438536,20.743745643239542,21.065670812402704,20.024445185870796,19.847061613593507,19.266430487158004
2016-12-23 02:00:00,19.255849030156156,19.99509556823659,19.495437435870002,19.35839684820729,19.534754987582346,19.71609664388268,19.07194029230188,20.166045227320744,20.37789169397946,21.47082709089074,20.320798668867,19.61620657874831,18.99534195815088
2016-12-23 03:00:00,18.597195181849976,19.077874434866498,18.806482921222308,19.10865968083758,19.073194676539174,19.590744948991382,19.17111661086977,19.795318315937344,19.250386496150206,20.514000304175358,19.255849030156156,19.824285532307297,19.38041683183862
2016-12-23 04:00:00,18.449003389014898,18.62278392313699,18.788138155922844,19.228690299816805,18.80203014125697,19.386339716492653,19.194489501668887,19.317928820183724,18.890324741886488,20.015537546568197,18.597195181849976,20.255329929131015,18.976583587005983
2016-12-23 05:00:00,18.706286538060475,19.041597286427073,19.627339032087516,20.257847369717783,18.672434810263383,20.098359732033032,19.66992844204493,19.47065950888235,19.703653471102008,20.024471145243982,18.449003389014898,21.169267945285597,18.913098516052692
2016-12-23 06:00:00,24.151439920858103,23.94585309722224,23.261972596296697,23.7229957821677,24.1315587299452,24.41860408907735,21.31889345030162,23.972430699111897,21.04887589122326,20.392353130147107,18.706286538060475,24.554546357448658,19.90881714414216
2016-12-23 07:00:00,24.521888933166064,25.22798545220945,24.820642553751707,25.90097710622672,25.47135920576285,25.740571826460638,24.592385846885374,25.59097365138249,24.936697539502454,25.672118142521427,24.151439920858103,27.147410971437527,23.70446256923452
2016-12-23 08:00:00,24.366370076068566,24.917668856134906,24.856695522928167,25.32187275543672,25.084578981805574,25.487975761645117,25.3760274658863,24.937674775088734,24.753627026512447,25.611357337602985,24.521888933166064,27.355963730673363,25.45248152746577
2016-12-23 09:00:00,25.602284914674918,24.798145332606413,24.927122931286473,25.200866491662925,25.216059047743332,25.434568845669332,25.076265283354484,25.609718806719307,24.49920142885815,25.10558422111301,24.366370076068566,27.749171903582766,24.64971002627062
2016-12-23 10:00:00,27.811936546148374,25.884959546835073,25.115129548593952,26.06258373965775,25.433385856190778,25.913076973918816,25.855632995680708,25.527011710021014,25.987497820135925,26.023813171478285,25.602284914674918,27.07095157180478,25.712197486515212
2016-12-23 11:00:00,25.48179162004434,27.75690995947137,26.297799731979268,27.235767970872942,27.815067617503175,27.084547616537407,27.483809981415416,27.24295351585718,27.465182835290786,27.82956646581088,27.811936546148374,27.21256387791653,24.73438664547845
2016-12-23 12:00:00,24.18318282344053,25.68054819590667,25.764178441273,26.282013571597602,25.693431769546272,26.467669977701718,26.817852425952072,26.107159803727765,26.067200890236723,25.172040524373344,25.48179162004434,26.896087011033906,25.110521759212364
2016-12-23 13:00:00,24.12620396822564,24.66505088734118,25.390548212644415,25.428747649316353,24.57135692936557,26.04269694652952,26.477772422845003,25.607395761343657,27.127819965614158,23.797319967076223,24.18318282344053,27.225993623665445,24.122129828279533
2016-12-23 14:00:00,23.925108194333333,24.6416132635562,24.841504808121613,25.397972682307113,24.453795313008897,25.68113115988527,26.018099819138502,25.85686432965102,25.502342568712827,23.752840303729357,24.12620396822564,26.683603086074402,23.539183470764964
2016-12-23 15:00:00,23.861593387811862,24.554754322855043,24.44961400378577,25.19211615829157,24.609409582683547,25.21570649808102,25.827621295061594,26.38000419968048,24.933897990824406,23.574551649430678,23.925108194333333,25.773335708099506,23.42033150607663
2016-12-23 16:00:00,24.543871594376434,24.472649279635903,24.133122321386356,24.82769208604447,24.541947643544177,24.80591573828244,25.088998469701327,26.42059545287752,25.539309019438445,23.54332345246219,23.861593387811862,26.17692547786501,23.897410063234613
2016-12-23 17:00:00,25.78629301582697,24.963736348620348,24.179662401379208,24.719174393799467,25.24103816986035,24.755589818749353,24.970226534073024,26.14600161433036,26.21616323810396,24.226515901966657,24.543871594376434,26.557638988188632,24.151439920858103
2016-12-23 18:00:00,25.47607615015599,26.02571041143165,24.413879437689136,25.092313679631644,26.109795803687966,25.019376736161473,25.244583038733442,26.411223242314893,26.12227299803045,25.383567284863197,25.78629301582697,25.778631546103277,25.0437830297312
2016-12-23 19:00:00,23.171987749879094,25.350801792215677,23.587067280281104,24.682152632469666,23.92550439757218,24.625788557067636,24.98399795674992,25.06766950151649,24.973593505918316,24.958376744492128,25.47607615015599,22.324715021193725,26.759209235499394
2016-12-23 20:00:00,19.693886988931695,22.70269012209616,21.77004883280704,23.000179185638405,21.235130943123572,23.32495191785378,23.157607971740493,23.17688604230123,22.882024844300606,22.681158108991745,23.171987749879094,22.197225319069595,23.424376277560338
2016-12-23 21:00:00,19.311215923891197,19.279623289941373,19.878627588483376,20.797294384414986,19.911685868526057,21.53773352680595,21.008143057563746,22.9399346797735,19.63598339425706,19.491545752573998,19.693886988931695,22.222647350796798,20.55038442102542
2016-12-23 22:00:00,19.801337382305725,18.97107455293457,19.36913958701513,19.984075786933456,19.961056763125036,20.632511123485582,20.038903769383502,23.797076015405295,20.214773380130808,19.527886287108682,19.311215923891197,23.915855028932395,20.54713039539177
2016-12-23 23:00:00,19.313648366789273,19.494286436881207,19.251994908940844,19.635480214601316,19.892581944352386,20.22372806905302,19.808984440439684,21.91741953238092,19.719860457076116,20.33925417164593,19.801337382305725,23.258245099809333,20.3020696661845
2016-12-24 00:00:00,19.209451264837334,19.037824907432103,19.016534240616977,19.38016964728011,19.556144997418265,19.82483778117908,19.54718637977485,20.729772128830774,20.38020299197015,20.092087576288435,19.313648366789273,23.113851904975935,19.2737579185262
2016-12-24 01:00:00,19.500910493574978,18.971837398745347,18.8256446192508,19.071276565051694,19.291041389431836,19.387812789619076,18.833811988643564,21.20706764550472,19.542630597045424,20.19930186596158,19.209451264837334,20.67215599561693,20.024445185870796
2016-12-24 02:00:00,19.154905953837865,19.312204906862434,18.76930587414758,18.836196952527438,19.15742675038571,19.270122102881377,18.573275058701523,20.111252487025574,20.029829893451396,20.642267036937067,19.500910493574978,21.270195889626184,20.320798668867
2016-12-24 03:00:00,18.878893067898225,19.041856707844918,18.43275137139845,18.755241806979758,18.986777590215855,19.050458485743984,18.49276998484008,20.02271171237778,19.23496952181459,20.407312244162746,19.154905953837865,21.318051014504356,19.255849030156156
2016-12-24 04:00:00,18.834107631165033,18.890700168730802,18.20163283024006,18.931921987289233,19.049942124974567,18.854723068082205,18.500834809351645,20.082675504689604,17.909117071067662,20.24055961605288,18.878893067898225,20.916698087068315,18.597195181849976
2016-12-24 05:00:00,19.03520377216312,19.303528973595814,19.124740871897746,20.057305558447453,19.195294755616086,20.264797905818543,19.303487368274087,20.398099398743675,18.86911924361231,20.289783568741395,18.834107631165033,21.040821810932705,18.449003389014898
2016-12-24 06:00:00,22.84796550424657,24.276806299980596,23.026279917119883,23.731261291172313,24.084507116098653,24.420823732991636,21.0916334356279,24.544192811933907,21.05846983367699,20.55039383918965,19.03520377216312,25.206252661174133,18.706286538060475
2016-12-24 07:00:00,23.496038996868236,24.306244023001994,23.955116644473993,24.701898762899873,24.930367752278897,24.554503956713106,23.64923162700666,25.414511409537717,23.064233392919245,24.230871228679568,22.84796550424657,26.23114657700787,24.151439920858103
2016-12-24 08:00:00,23.243650836292776,24.21739047422967,24.25020593753258,24.291397408679867,24.737330601192415,24.377941127884622,24.09699323894485,24.982935980912767,24.36198169357481,24.546422121951856,23.496038996868236,26.65167518090489,24.521888933166064
2016-12-24 09:00:00,22.48402307478279,24.122200067852106,24.216662013993616,24.28030726543557,24.8738096016269,24.272527926852234,24.10047364647615,25.17253693862266,24.615007883995858,24.009840606591755,23.243650836292776,26.10241433072705,24.366370076068566
2016-12-24 10:00:00,22.87563426688289,23.48109779162347,23.778720726406807,24.175508966584633,24.717732049873923,23.924280248430907,23.721784577830988,25.70931350350777,24.725225520739304,23.07246146935456,22.48402307478279,25.978663916159906,25.602284914674918
2016-12-24 11:00:00,22.969250278938766,23.66965849392152,23.243610577025574,24.306098893850315,24.278967778682077,23.981572244876116,24.08979050117325,25.40903015313699,25.510778292430754,23.346894450090794,22.87563426688289,25.656940762628917,27.811936546148374
2016-12-24 12:00:00,23.141886177238913,23.69176535925411,22.986595782305148,24.228620607144723,24.22185281540629,24.027879824541653,24.654449973732998,26.167363132561018,24.85145741292237,23.3237737047339,22.969250278938766,24.863062398240594,25.48179162004434
2016-12-24 13:00:00,23.60105694734419,23.778063117586285,22.892504490632813,24.38078007924972,23.94062199968495,24.116450090020436,24.52214101246831,26.264988306839943,25.716858995709266,23.392602566616738,23.141886177238913,24.476146215906446,24.18318282344053
2016-12-24 14:00:00,23.474056702763647,24.164445254956494,23.049795489698813,24.70082620217939,24.26478585587443,24.315647437555924,24.618715040530585,25.614764308559213,25.400950522025635,23.742271956634326,23.60105694734419,24.214380980130024,24.12620396822564
2016-12-24 15:00:00,23.030332642562158,23.961935634336935,23.041250857932834,24.3295401886931,24.123884572559206,24.185262600052653,24.600469271423123,25.45831704094417,26.265695352572163,23.511817842072567,23.474056702763647,24.15766282930416,23.925108194333333
2016-12-24 16:00:00,23.255052407607078,23.53292272642477,22.838977531066977,23.77330285693742,24.267159088705057,23.83198324744247,24.004950886999115,26.089305430566046,26.130453216125517,23.013377895262916,23.030332642562158,24.09580332801802,23.861593387811862
2016-12-24 17:00:00,23.3844850950857,23.651464976203403,22.72783711276128,23.664224227060625,24.075929797823797,23.71009727585128,23.870086869505837,26.061012771656664,25.187525500513043,23.20939401549185,23.255052407607078,24.103874224066217,24.543871594376434
2016-12-24 18:00:00,23.448820750131183,23.553527639642912,22.374943465957255,23.53808301000521,23.86538691913225,23.532342821661008,23.779557849953733,25.58189108728026,24.628615393942,23.299854138531813,23.3844850950857,23.924540187351603,25.78629301582697
2016-12-24 19:00:00,22.7356204895082,23.16899804040702,21.477684565953172,22.988469123100334,22.204922845262196,23.094766804325264,23.11789948557569,23.182108856232862,23.573927463098645,23.32513844248799,23.448820750131183,23.80076268925316,25.47607615015599
2016-12-24 20:00:00,19.869747544403094,22.176069783351107,20.322143254970438,22.035333664170025,20.69824261330851,22.201123039673735,21.691260100835553,20.937355028960923,23.088871330236138,22.60914072804727,22.7356204895082,23.322861156451324,23.171987749879094
2016-12-24 21:00:00,18.900055247690364,19.45652104160978,19.38699805952473,20.138106519567547,19.965564404994346,20.48803468588098,20.070401690042097,21.991466236623943,20.43997074979547,19.899290029038802,19.869747544403094,22.31713016378951,19.693886988931695
2016-12-24 22:00:00,18.404247320744105,18.565484584576186,19.096766187778115,19.33676599670272,19.67277439024236,19.551948720689804,19.24540756282507,21.458778863021916,20.127624670600664,19.23851215592926,18.900055247690364,22.105897275208328,19.311215923891197
2016-12-24 23:00:00,18.887041347790436,18.11689967674212,18.673322152179498,18.68506660029229,18.299709925405416,18.936057801006374,18.473617342087497,19.42907670297361,19.761642968529152,19.05030068478729,18.404247320744105,21.563870233715992,19.801337382305725
2016-12-25 00:00:00,19.006714161002783,18.654992315848418,18.596529007227925,18.57221265457429,19.494084428578752,18.764950531174023,18.40112692161436,21.08132437111479,19.879922982412296,19.772538396269457,18.887041347790436,20.646692978710206,19.313648366789273
2016-12-25 01:00:00,18.966002864215696,18.831121837487945,19.18002431025214,18.468628619274895,19.341879416776443,18.660145257313264,17.66638893198633,20.121308248550505,19.44393934758147,20.04278752707669,19.006714161002783,20.206939813118012,19.209451264837334
2016-12-25 02:00:00,18.941587393001466,18.841458802040336,18.933563929074445,18.353380654397117,19.051693325420352,18.593254668407784,17.817236612770895,19.732983020286916,19.734322956383803,20.108896205007706,18.966002864215696,20.44659518771575,19.500910493574978
2016-12-25 03:00:00,18.9285448588507,18.870881351356164,18.630774592281,18.325239548990567,19.05286054055431,18.61576853168177,17.945031518996483,19.716721702657374,19.4406398008311,20.164638332555402,18.941587393001466,19.87731337668982,19.154905953837865
2016-12-25 04:00:00,18.626504907322765,19.01327311760491,18.64126182546599,18.623535021562812,19.275661932268214,18.712043490901962,18.24066278255489,19.936200298481666,18.54564765664974,20.209491848573226,18.9285448588507,19.535167383242243,18.878893067898225
2016-12-25 05:00:00,18.757579291849414,19.10106524119875,19.170835897316685,19.84561694727412,19.1086077834249,19.34892062434033,19.174766376534226,19.705034523046255,19.430541455035694,19.959501928479817,18.626504907322765,20.4431112956893,18.834107631165033
2016-12-25 06:00:00,22.777944114880917,23.3001708092827,22.003726101251814,23.260284032077426,22.667164455334365,22.518014255530346,20.749399072251077,23.462762326337096,21.75173147807248,20.134525104356513,18.757579291849414,24.989973371296262,19.03520377216312
2016-12-25 07:00:00,23.010782791355645,23.845819341920933,23.2001754777197,24.309146606035625,23.683352165526617,24.649670501214974,23.16964830711194,24.506086864867264,23.676843365878494,24.006110088360135,22.777944114880917,26.087065422428594,22.84796550424657
2016-12-25 08:00:00,22.57031202257625,23.38434596199509,23.539090348265447,23.755143724794028,23.594766716423123,24.14804088844136,23.502544356026487,23.888056575066763,23.26044629283217,23.901221840432314,23.010782791355645,26.48628224429659,23.496038996868236
2016-12-25 09:00:00,22.649302173252345,22.864632840868754,23.416503204634513,23.716565067851377,23.634506414413003,23.791105406999865,23.304573876007662,23.799030853683632,23.54530863070376,23.20264260258374,22.57031202257625,26.005505582973594,23.243650836292776
2016-12-25 10:00:00,22.79910556046149,22.866316999818665,23.485867597022615,23.9334094349672,23.58012993067738,23.713356808071627,23.716504984872056,23.90328889519505,24.205423927119995,23.098983266596235,22.649302173252345,25.68402330431335,22.48402307478279
2016-12-25 11:00:00,22.952983454722524,22.924337456499924,23.31944655484017,24.109451340693905,23.44731258004277,23.749296586299263,24.126467305438467,24.184390968562408,24.09884504286761,23.095412123958024,22.79910556046149,26.1744117873851,22.87563426688289
2016-12-25 12:00:00,22.503572925989303,22.952573764672078,23.210206153683004,24.170608471527817,23.31160218449712,23.84404744468962,24.425331669601075,23.87661388790511,23.937975986132834,23.11538951537944,22.952983454722524,26.610642271061373,22.969250278938766
2016-12-25 13:00:00,22.027285481787153,22.476019924042266,22.789568274666475,23.76367538548912,23.225560822073454,23.649123453170162,24.283770174258027,24.33098511704306,24.081642466018227,22.57294582183277,22.503572925989303,26.478118290374603,23.141886177238913
2016-12-25 14:00:00,22.498678671730744,22.11886491334435,22.41415354484145,23.45504123520418,23.216114189428296,23.414223600109494,23.501040323645952,25.156777454594337,24.188763565507628,22.067836077165975,22.027285481787153,25.1909812073779,23.60105694734419
2016-12-25 15:00:00,22.810507865987354,22.638235035303598,22.389462499555055,23.511046158784808,23.122796702840656,23.525415902698757,23.84053448711249,24.596588718591654,24.255207141941696,22.521509626905644,22.498678671730744,25.736696872136235,23.474056702763647
2016-12-25 16:00:00,22.063102524315685,22.779801670127565,22.469584804456584,23.475013625163438,23.363971886230892,23.631518406017335,23.587240676577846,24.752781214795395,24.40244592817198,22.782103771604596,22.810507865987354,25.854157214878633,23.030332642562158
2016-12-25 17:00:00,23.583148426079926,21.785993949991433,21.97099372622377,22.694252440480742,22.75715143796606,23.168473935721817,22.88843120726686,24.575483440195413,23.667917188838526,22.010731308178272,22.063102524315685,24.2692050864988,23.255052407607078
2016-12-25 18:00:00,23.40646775629607,23.113149014414287,22.145021200167193,23.170217443439487,23.572286831961073,23.446605878592035,23.152956252033903,24.959035559107836,24.653527192170746,23.48702443479962,23.583148426079926,23.66532061425545,23.3844850950857
2016-12-25 19:00:00,22.51658682588923,22.874634148369662,21.516167041181472,22.684827856160172,22.44560285957898,22.926632968942073,22.57564741561374,22.975108552975524,23.466956142767472,23.206080772867047,23.40646775629607,22.114119155322076,23.448820750131183
2016-12-25 20:00:00,19.842870261828388,21.955603672978697,20.078032840258924,21.849824100377898,20.974960306259955,22.031149392489926,21.710175593254274,21.070347908293694,21.937061894243982,22.283345247055788,22.51658682588923,21.40539359941789,22.7356204895082
2016-12-25 21:00:00,19.417053988679605,19.39461966499128,18.579663922958925,19.992003558620496,19.92938793707486,20.436370176305527,20.017900913499872,20.92094319796159,19.969611329728274,19.743984121300667,19.842870261828388,20.954723341767455,19.869747544403094
2016-12-25 22:00:00,20.1660716589369,19.04734175767204,18.173809148964594,19.519042092784872,19.48126614859484,19.76372763988501,18.99677416016714,20.82573284550331,19.83163976180755,19.578136822775935,19.417053988679605,21.17950051989809,18.900055247690364
2016-12-25 23:00:00,20.38267214544623,19.839475512312415,18.369447161226088,19.417634750023513,20.23983012411524,19.49528594355147,19.009288061994745,20.3079382191831,20.002520160267885,20.517305351887263,20.1660716589369,20.41052072950771,18.404247320744105
2016-12-26 00:00:00,21.627526376900626,20.095647065056244,18.372506620796354,19.02887095272145,20.05698601798316,19.227913259249203,18.518682023950657,20.24031219503175,19.57233239149122,20.83115139896131,20.38267214544623,19.81533131015665,18.887041347790436
2016-12-26 01:00:00,22.58499625377504,21.374879529118875,18.856300888724515,19.52714313840006,20.673703358528037,19.496086478888994,18.41240661380971,20.530164234664685,20.086345828277743,22.085262436874626,21.627526376900626,19.131686220621482,19.006714161002783
2016-12-26 02:00:00,18.875639776476135,22.321971325593548,19.311311126656804,19.851349915871314,21.147409583488873,19.847383460287336,19.41165068107282,20.948225031105828,20.81216314745251,22.943149319389086,22.58499625377504,19.52314932531435,18.966002864215696
2016-12-26 03:00:00,18.35374604701678,18.75559300484259,18.748148589099177,18.687099387364576,19.106276049408983,19.345031995181703,18.271528547060374,20.015741842039276,19.381037240606766,19.262259607444076,18.875639776476135,19.595414591467804,18.941587393001466
2016-12-26 04:00:00,18.196615228439434,18.481584026987218,18.84520303625884,18.87952546878852,18.224909946012964,19.259406040426878,18.445740063368152,19.940034351247668,18.88272712066423,18.973860666556646,18.35374604701678,20.179680771229627,18.9285448588507
2016-12-26 05:00:00,18.435990223326527,18.798602628549478,19.710851925972843,20.055108063248557,18.328900379748646,19.450841915193646,19.765304236841384,20.03351783811697,20.21220143703634,19.027459160517722,18.196615228439434,21.51409899884331,18.626504907322765
2016-12-26 06:00:00,22.301656670678767,23.3623234086233,22.062203359891942,23.788204292389356,22.663268736425767,21.83403463604421,21.297302735695663,24.147622387852195,21.544793215691953,19.423486410004152,18.435990223326527,24.169378109454914,18.757579291849414
2016-12-26 07:00:00,23.04416665677454,23.60323816752018,23.093928457092403,24.675869494676892,23.181590202049723,25.547646236438748,23.628674682277097,24.200559041323835,23.348759461896382,23.230060917125364,22.301656670678767,26.0595627059466,22.777944114880917
2016-12-26 08:00:00,22.700594927041283,23.3200690438744,23.360750972199096,24.113963070729728,23.586769050351478,25.048622095754165,24.03343645999587,23.731990363251334,23.536592805275717,23.69192381111729,23.04416665677454,26.221163671760014,23.010782791355645
2016-12-26 09:00:00,22.618351484943094,22.801938760502708,23.494266732531134,24.022956079452104,23.591039729739546,24.4667808490059,23.731686766771293,24.185022757609737,23.41173572423864,23.105030072068043,22.700594927041283,26.47216559418133,22.57031202257625
2016-12-26 10:00:00,22.684298367256865,22.636932176890483,23.498025161506465,24.00314986604258,23.584144955359157,24.18011002569359,24.002034231577255,24.379218044155948,24.092613055146842,22.854407493008935,22.618351484943094,27.049463881642815,22.649302173252345
2016-12-26 11:00:00,22.870769013980954,22.63382572778038,23.440877804738573,24.04116954325093,23.574537337634357,24.0414743634169,24.292054283288824,23.952883050540066,23.18920023858454,22.7908417963913,22.684298367256865,26.185086881252,22.79910556046149
2016-12-26 12:00:00,22.95705759466863,22.628048951226774,23.350725680453902,24.041365088263063,23.441153025736554,23.991396240285287,24.418356537413057,24.058983963066932,23.085852252301667,22.8656582575711,22.870769013980954,26.868936031268873,22.952983454722524
2016-12-26 13:00:00,23.186671981077886,22.65345218172631,23.16651395796256,24.019112726673004,23.421658811229047,23.98370818867257,24.262749697296954,23.625444885624923,22.98533501868814,22.85259690521364,22.95705759466863,26.81779381804867,22.503572925989303
2016-12-26 14:00:00,23.797287101228775,22.838141019363018,23.187289820105576,24.02642706460172,23.456908391690323,24.043688745481678,24.33129862537915,23.782972912656195,22.908717839773768,22.99194426452975,23.186671981077886,26.353052869662758,22.027285481787153
2016-12-26 15:00:00,23.469982562817542,23.409633064699563,23.260646610219442,24.16531798776408,23.835854840964625,24.250864892407623,24.3627882249734,24.421388953524197,22.748412657517026,23.496268522715066,23.797287101228775,25.851856287994146,22.498678671730744
2016-12-26 16:00:00,24.112369586907477,22.949787798907888,23.019966921390335,23.797889644182302,23.654054426283103,24.115868349727776,24.072601507237724,24.446091868564142,23.08288016390703,23.070690455253555,23.469982562817542,24.486925586362368,22.810507865987354
2016-12-26 17:00:00,23.98616082238855,23.56344255491693,23.327446401628677,23.996834545309763,24.118309148053076,24.25696863784259,24.022374583896635,24.472103148603903,24.483456996166808,23.628962023612857,24.112369586907477,23.606295867296886,22.063102524315685
2016-12-26 18:00:00,24.24913007286008,23.359425842701995,22.885522750540748,23.571139661805557,23.98779716850855,23.88673646268199,23.540353192148544,24.50442277436666,24.91755223886547,23.412323937751985,23.98616082238855,22.94727487965767,23.583148426079926
2016-12-26 19:00:00,24.95095813063116,23.61004112709739,22.344736778695406,23.464314939049185,23.069963571874517,23.501507282198077,23.166513101382407,23.600511795260935,24.14649206915567,23.60366470373772,24.24913007286008,21.367416409112344,23.40646775629607
2016-12-26 20:00:00,21.789552183948086,24.17842806937836,21.78780329201231,23.576756869713467,22.935302234115568,23.331627491725346,22.983337963245106,21.85178762682636,23.146287408434972,24.210126678723324,24.95095813063116,19.399861162303893,22.51658682588923
2016-12-26 21:00:00,20.133537276292856,21.269844447039855,20.44638286408561,21.475006651656887,21.668299968648103,21.865260653688438,21.159598910257134,22.36711089703582,21.550053841518924,21.075687320717066,21.789552183948086,19.79605436005363,19.842870261828388
2016-12-26 22:00:00,20.003254371827822,19.774954224110857,19.858059630580417,20.393217136607266,20.28573526394174,20.6534738424706,19.883725219344033,21.45752629810066,20.950932069127326,19.676708036876736,20.133537276292856,20.25112052313424,19.417053988679605
2016-12-26 23:00:00,20.152266278975354,19.694575924112105,19.36612662751033,19.8306894473118,20.153930875490488,19.983873634017286,19.156132576617335,20.5265680664441,21.287635616823124,19.83773771151216,20.003254371827822,20.284879812490615,20.1660716589369
2016-12-27 00:00:00,19.80215823082974,19.894048233876788,19.44454996686215,19.349160711520433,20.206741268167654,19.56839652805557,18.541769306452956,20.3868659618766,20.500685640533113,20.212653027666374,20.152266278975354,19.922564898477418,20.38267214544623
2016-12-27 01:00:00,19.21839102479116,19.585778007788388,19.513740840584923,19.01429269272448,19.561382289049313,19.302579882786002,18.35770736311984,20.979989225823495,19.76959888499266,20.043568608148146,19.80215823082974,20.2396641796623,21.627526376900626
2016-12-27 02:00:00,19.189110667780767,19.050764407227295,18.41369246298835,18.588601480278072,19.084653037634645,19.116281286304126,18.321563596447138,19.95978978169096,18.776470555286657,19.640957116790922,19.21839102479116,19.576355177524626,22.58499625377504
2016-12-27 03:00:00,19.17038166509827,19.12955069182691,18.38948575259433,18.571080255611673,19.13151597643042,19.172538044449812,18.27927668165242,19.79487485215514,18.218742896432893,19.780766917525952,19.189110667780767,19.78944718418113,18.875639776476135
2016-12-27 04:00:00,20.539802964023572,19.293083835206932,18.792110729936493,18.91169005354354,19.467971907897926,19.404500928902127,18.869391880838236,20.17407456494024,19.45402374335724,19.89198015374774,19.17038166509827,20.484693500292195,18.35374604701678
2016-12-27 05:00:00,19.823320410621875,20.949219153557983,19.904669827777244,20.43126422438052,20.881701549439516,20.04188540252842,20.876501372238454,20.56507379170513,21.248504343313027,21.30148604295868,20.539802964023572,21.820706838689766,18.196615228439434
2016-12-27 06:00:00,22.183596186052046,24.578059543822054,22.612995411613337,23.65729645151822,23.788091987955035,21.974897039613598,22.1407050151435,23.7802365061723,21.838495460745214,20.571901270001717,19.823320410621875,24.932269414165173,18.435990223326527
2016-12-27 07:00:00,23.32179113708824,24.202883555122607,23.718322036114312,25.377846536210345,24.046510355323786,25.550434955496286,23.83407905434031,24.460255543766937,23.360676816831543,22.856037038392053,22.183596186052046,26.394564957354063,22.301656670678767
2016-12-27 08:00:00,21.236736400430317,23.936190873093437,23.871104241990725,24.6690845232829,23.704649861262943,25.63827468047293,24.56585401084962,23.602234989792116,23.722386508941543,23.762617726407598,23.32179113708824,26.526704295883164,23.04416665677454
2016-12-27 09:00:00,21.994722464892273,21.891970536027483,23.508477030167985,23.596751286019522,23.227789430660877,24.48008280457451,23.858965889376023,23.495561759354278,22.452084871925422,21.526020527411987,21.236736400430317,26.577771888139786,22.700594927041283
2016-12-27 10:00:00,21.819682757944886,22.488050714663434,23.586583312494508,24.035468512856596,23.568188694783213,24.1856319084673,23.95988901961361,23.815260233110315,22.66627861294127,22.241379448318575,21.994722464892273,26.252201090359453,22.618351484943094
2016-12-27 11:00:00,21.644614416746656,22.182937353545594,23.46578323980047,23.81187086781245,22.937766086885006,23.91001672045596,24.185813136354014,23.860955357966276,22.214571103342774,22.000580747634885,21.819682757944886,25.826346079372858,22.684298367256865
2016-12-27 12:00:00,21.30919059979983,21.929508570452512,23.111021758787956,23.57200040249099,22.60833323117194,23.642384247630066,24.22133441399248,23.745199930531985,22.439983596994498,21.790352739667387,21.644614416746656,25.330504025433584,22.870769013980954
2016-12-27 13:00:00,19.52371363620358,21.681811777007876,22.716259085935405,23.229824164195993,22.340256179345282,23.318264107122886,23.82749452270218,23.77210291051129,20.969756519312615,21.450296532081186,21.30919059979983,24.700963012460253,22.95705759466863
2016-12-27 14:00:00,22.029718658896794,20.16682691789489,22.020641846118448,22.15155445936472,20.91866912532784,22.492649081663334,22.741220198707264,23.232607560219726,21.785204183090123,19.753144635812376,19.52371363620358,24.637230767798712,23.186671981077886
2016-12-27 15:00:00,23.908812001654695,22.109250657704123,22.28211171421599,23.026073603671538,22.854300559727598,23.118194271517,23.30548001544122,24.007338787729225,23.39665575300904,22.312678856739147,22.029718658896794,24.34229129990406,23.797287101228775
2016-12-27 16:00:00,23.922646015867077,23.774350821570636,22.895271122159254,23.780740542408196,24.554423615420035,23.961959863318413,23.842972191860085,24.68772603242117,24.174113842252154,24.023251198739082,23.908812001654695,24.25277546005628,23.469982562817542
2016-12-27 17:00:00,23.96986462970991,23.641549204349232,23.025470693612235,23.59918862366133,24.487531039753833,24.030622716560995,23.783471075199614,24.608475970852854,24.38588248248552,23.80904984941541,23.922646015867077,24.007095878684016,24.112369586907477
2016-12-27 18:00:00,25.074705083789613,23.44468261141077,22.858228680537184,23.454293440730382,24.433352482603716,23.790898481708552,23.52800730239957,24.800299019848904,24.638574973752576,23.67821548775163,23.96986462970991,23.865007883450513,23.98616082238855
2016-12-27 19:00:00,22.837384414350502,24.27479052214278,22.837951348043372,23.81535347797843,25.006175945561612,23.804681835323304,23.51098595343689,25.35074109739339,24.10175141932763,24.598089417723138,25.074705083789613,22.792237895881435,24.24913007286008
2016-12-27 20:00:00,21.254615186126404,22.096096523396245,20.92973611560343,22.31726405054559,21.581878417245704,22.51914800054749,22.292422002415034,20.837105782566773,21.276694396156905,22.257648305289642,22.837384414350502,20.837956097684575,24.95095813063116
2016-12-27 21:00:00,20.820680735759368,20.670032760519103,20.044962727913312,21.30655086450466,21.75823165341645,21.426515893917866,20.822256353767,22.20396248051321,21.560420174533707,20.780192117905123,21.254615186126404,20.673347761650156,21.789552183948086
2016-12-27 22:00:00,19.285980338364514,20.322881627062547,19.966292204002972,20.728360484738193,21.559602952884177,20.720132909997513,19.975442437937314,21.311254468494823,21.011166051293205,20.529650728486228,20.820680735759368,21.039914840477586,20.133537276292856
2016-12-27 23:00:00,19.46834674246854,18.880610388736926,19.070122139742285,19.52351246223616,19.253870959963585,19.646251832397187,18.982281802922675,20.22960371943003,20.480684983428798,19.224836654874384,19.285980338364514,21.319272044554644,20.003254371827822
2016-12-28 00:00:00,18.859343950903277,19.13180080552094,18.826518575744313,18.923855449617367,19.461090046836773,19.093195227487758,18.09503265385244,20.05043407245798,20.08978560943606,19.65628398685664,19.46834674246854,20.717237455841502,20.152266278975354
2016-12-28 01:00:00,19.398324985997107,18.593168276180894,18.669525054728677,18.42738085857468,19.000332112482763,18.704260603629415,17.874686709438674,20.1359007033043,19.24153337316045,19.25477397911709,18.859343950903277,19.97574758247392,19.80215823082974
2016-12-28 02:00:00,19.18339483078664,19.210243479110506,18.334929183684277,18.438541119022947,19.203370785976233,18.757890842288017,18.107372547540344,20.11223853315057,19.083561882346977,19.960637061292474,19.398324985997107,20.026829899805108,19.21839102479116
2016-12-28 03:00:00,18.91553095895077,19.108694678255265,18.510870257690083,18.42021421953811,19.13918610085678,18.92653630075989,18.220848370449616,20.014848306570826,18.854251459523535,19.853037786977044,19.18339483078664,20.57279369649625,19.189110667780767
2016-12-28 04:00:00,20.205991475662373,19.040377761026015,19.104567185602477,18.734484177757142,19.463821586999465,19.16462862805177,18.871278315072907,20.251295265756884,19.699565381136267,19.68719365785889,18.91553095895077,21.167472672462253,19.17038166509827
2016-12-28 05:00:00,20.508060795652703,20.604581960482665,19.601979854281577,20.06519270376151,20.358492668760512,19.804460963018897,20.63340074315904,20.44103755919206,21.043121875228017,21.012147619425072,20.205991475662373,21.706182306681654,20.539802964023572
2016-12-28 06:00:00,21.691041550527874,24.439211694404545,21.93713898645778,23.095874362463434,23.211787418643507,21.77501577401003,22.137702089863343,23.549260524425137,21.628508017756264,21.2577359197585,20.508060795652703,24.60212825970349,19.823320410621875
2016-12-28 07:00:00,22.076936538528066,23.74469907587951,22.652355759130135,25.01060976066142,23.457470010240606,24.895992850619404,23.474902025006326,24.6441241447226,22.770804641672065,22.328192312971876,21.691041550527874,26.102400086039424,22.183596186052046
2016-12-28 08:00:00,21.62101979405644,22.968952189045428,22.427073710398897,24.144362610894657,23.305610835084924,25.094490494538274,24.08125137599397,22.85329147490237,22.69441506834127,22.5470179167142,22.076936538528066,26.339730425058196,23.32179113708824
2016-12-28 09:00:00,21.86687200332532,22.13026281360085,22.72391005986435,23.78855634683235,22.765892216983143,24.357164409161452,23.840534609481082,23.24695882647608,22.319382740370386,21.95934568790672,21.62101979405644,26.275409725918525,21.236736400430317
2016-12-28 10:00:00,22.0679975127858,22.150631555433876,22.78187606252158,23.911205898445882,22.929006606262693,23.999871611427455,23.9149699563765,23.40870343049609,22.087972472485518,22.115146249323143,21.86687200332532,26.213909529589795,21.994722464892273
2016-12-28 11:00:00,21.90597170573834,22.210113949699565,22.821529482819386,23.87500388432275,22.778960467090464,23.829350120051334,24.234748948666947,23.001441784784316,22.611322143468232,22.22449063778076,22.0679975127858,25.805826955515737,21.819682757944886
2016-12-28 12:00:00,21.708128856162347,22.07022951592802,22.62286566235079,23.65415953262838,22.838351126142577,23.61928962301217,24.270496975308845,22.915044173679988,22.21634349004847,21.987394966706333,21.90597170573834,25.527757878019248,21.644614416746656
2016-12-28 13:00:00,21.993901616368262,21.92947063618858,22.20809658107004,23.39669992807123,22.484889292274683,23.395374798574135,24.08579467712687,23.243282996301247,21.76254641435039,21.747967113053512,21.708128856162347,25.00580935058866,21.30919059979983
2016-12-28 14:00:00,22.359456007311888,22.317139724054773,22.614275631836687,23.364974157091865,22.96952640156262,23.360974050144723,24.058750239053683,23.39493219137208,23.581492044800704,21.999639319261597,21.993901616368262,24.596213868065085,19.52371363620358
2016-12-28 15:00:00,21.34744008522644,22.61153078191985,22.65791790117105,23.25619802237777,23.604442868243183,23.36380149886205,23.71434713709739,24.62116681766641,23.897137303640097,22.30871540766213,22.359456007311888,23.73148116375347,22.029718658896794
2016-12-28 16:00:00,21.546923897638898,21.52535765675161,22.0445492429332,22.427029902442484,23.137824998326074,22.80003409334763,23.368495680470527,24.510457259177805,23.203091888404373,21.277174606766895,21.34744008522644,22.924342004369013,23.908812001654695
2016-12-28 17:00:00,22.654197161722465,21.520915432076787,21.74964484881913,22.22157034214368,23.476993472316803,22.628395131977285,22.75146134865108,24.210305699782033,23.56015218581106,21.50572738790131,21.546923897638898,23.597624316357596,23.922646015867077
2016-12-28 18:00:00,22.843070882882234,22.392493324874483,21.806316191759,22.43952789635296,23.77883911842354,22.68226827229363,22.682631951752985,25.296371262956743,23.947419782322555,22.578652691467262,22.654197161722465,23.530489091581597,23.96986462970991
2016-12-28 19:00:00,22.359456007311888,22.120983358431957,21.143345913691938,22.21600550799371,22.86093247521906,22.260942681782623,22.416193306923557,23.736287703511657,22.872709168028095,22.676306579099272,22.843070882882234,22.42785544033481,25.074705083789613
2016-12-28 20:00:00,22.30816325352295,21.58950694442946,20.20386446477323,21.724499571314322,21.332332045003927,21.670954256459492,21.563764018714863,20.864147528530907,21.032790050156546,22.133757592301034,22.359456007311888,20.683534472374514,22.837384414350502
2016-12-28 21:00:00,21.409313561805668,21.5737316748526,19.766312309313182,21.42788813532339,21.83124849315925,21.30310765702573,21.116291196656913,22.40558431698821,21.792247474584624,22.06517888256999,22.30816325352295,21.036427474613227,21.254615186126404
2016-12-28 22:00:00,24.92897583652657,20.75594432357075,19.381830923303063,20.650566609430424,21.450093692270126,20.612427989949367,20.314784252505163,21.86392634654684,21.138241919664424,21.19466830529155,21.409313561805668,21.1529373738992,20.820680735759368
2016-12-28 23:00:00,21.635674656792833,23.60466461821255,20.40757415418751,22.002864626354818,22.843946809121142,21.40884489009324,20.845271683536424,22.89724651836127,23.38899866065043,24.635212373175474,24.92897583652657,21.946108431999082,19.285980338364514
2016-12-29 00:00:00,19.078377614522246,20.75266606895562,19.415056199025006,19.75147267000087,21.02931083593658,20.091780706981602,19.21255159551777,21.491961554473384,20.44445604821514,21.23950808329281,21.635674656792833,21.284491335909593,19.46834674246854
2016-12-29 01:00:00,19.196408730686567,18.636157097226917,19.05895649507591,18.61722887847449,19.044172814183398,19.070657869443853,18.160339548423128,19.889693869851975,20.19925141354213,18.882766765171155,19.078377614522246,20.6727399230516,18.859343950903277
2016-12-29 02:00:00,18.780382434478017,18.89108416137665,18.771391279714997,18.53051898272,19.11448580407838,18.883806901131717,17.913229390014887,19.904843591179763,19.608823440231774,19.283351495402705,19.196408730686567,20.460638313023182,19.398324985997107
2016-12-29 03:00:00,18.51090623405652,18.63125501137839,18.587993308369256,18.395474716288756,18.99497040194754,18.8689214959655,18.3827124062167,19.871181459579656,19.147525659237353,19.096294600667417,18.780382434478017,20.83779299049954,19.18339483078664
2016-12-29 04:00:00,19.034412292101504,18.665170445966677,19.212111313318996,18.633083932374195,18.62641450422244,18.992024790323075,18.95159029129408,20.44458086418033,20.07095088028893,19.03475816415138,18.51090623405652,21.572609195788985,18.91553095895077
2016-12-29 05:00:00,19.489508922260676,19.5627639017049,19.529565302336298,19.716657092040098,19.547937448405854,19.487086513587247,20.263645683143814,20.49622603951804,20.5338698004077,19.708024608252828,19.034412292101504,23.175171335461364,20.205991475662373
2016-12-29 06:00:00,21.457353024172512,22.955262325035985,21.125989886626527,22.807938859739124,22.416592579133212,21.931869550092088,21.770238014652318,23.0237229029938,20.986787290656974,20.229281697237045,19.489508922260676,26.069795257041143,20.508060795652703
2016-12-29 07:00:00,21.967845182317568,23.47905203348029,21.979041908606646,24.816795162809033,22.56098302487814,24.536245338903342,23.34116930515832,23.32596109164292,22.513031773516005,22.13826400906231,21.457353024172512,27.819289500739053,21.691041550527874
2016-12-29 08:00:00,22.396093164152873,22.79611156808865,21.861894293686117,24.071749944196792,22.8338505162706,24.767389944572106,24.154239714273334,23.033980572697715,22.452688393827692,22.47713019265795,21.967845182317568,27.473348659417297,22.076936538528066
2016-12-29 09:00:00,21.91411998563055,22.683195826231024,22.43716397986714,24.149501357602674,23.100948717802275,24.350263065235207,24.227003139078178,23.513316830402516,22.864869991202617,22.72623068794095,22.396093164152873,27.768108546533718,21.62101979405644
2016-12-29 10:00:00,21.25382444027635,22.08047739614447,22.38864997209539,23.879750317320575,22.841531540166145,23.854266568286633,24.24069422677356,23.49649714488164,22.5378620742616,22.102756065806524,21.91411998563055,27.213163492509945,21.86687200332532
2016-12-29 11:00:00,21.98332089357797,21.295674254455715,22.090158220299458,23.499930685241697,21.935716543867585,23.34185860744451,24.103325324174957,22.74934290356347,22.418262682205246,21.38513181836938,21.25382444027635,26.025121815492422,22.0679975127858
2016-12-29 12:00:00,24.54469244290045,21.960747559167633,22.057234705528646,23.68182523604987,22.567968319491648,23.351924036088317,24.38390072311665,23.384294200080117,22.650056942735965,22.073110345930502,21.98332089357797,25.591184401583817,21.90597170573834
2016-12-29 13:00:00,24.04234819754182,24.166828138574278,22.814575275660825,24.782992307326598,24.0385490913133,24.316663586354878,25.2675207868147,24.921134824172196,25.048305772940427,24.456445290185865,24.54469244290045,25.891504675102475,21.708128856162347
2016-12-29 14:00:00,22.290255099364465,23.675695058998752,22.908367376122488,24.36637240107184,23.830327019038037,24.275038808018632,25.072062166911014,24.31666799162424,24.4284212318453,23.706236926303784,24.04234819754182,25.263009492483572,21.993901616368262
2016-12-29 15:00:00,21.69429484194997,22.14865505791452,22.251336012995186,23.27649468910933,22.959661833261364,23.538071262620253,24.19032082822626,23.81169930704461,23.56024506357339,21.864309283287206,22.290255099364465,24.966758236789484,22.359456007311888
2016-12-29 16:00:00,21.583561788691444,21.65488456804709,21.85852670999786,22.739660610985357,22.694337794648536,23.089814914459254,23.48800415266204,24.132103358109752,23.611241562997893,21.3165635307233,21.69429484194997,25.191951038404596,21.34744008522644
2016-12-29 17:00:00,22.745380363774476,21.581486906823056,21.68129195522344,22.343665564029454,22.187355810263096,22.730657953574568,22.894125996862936,23.285948030049333,23.85302513890737,21.280200892300194,21.583561788691444,25.27772388284938,21.546923897638898
2016-12-29 18:00:00,22.770616683512717,22.615690335144095,21.730384766441613,22.540937197011814,23.517173431215603,22.77835037861075,22.946079663424413,24.570264664427363,23.77330371351757,22.457546770315204,22.745380363774476,25.144116784301982,22.654197161722465
2016-12-29 19:00:00,22.83981759146014,22.4691464801553,21.054965686638585,22.141410592452598,22.43236715330861,22.212879602277265,22.530925243443292,22.996856633592493,23.23935166050355,22.43511001751721,22.770616683512717,24.359805639951013,22.843070882882234
2016-12-29 20:00:00,20.39079105687604,22.401573074499073,20.624914970686444,21.872768945837567,21.476628071838213,21.815122325208915,21.886553033663873,21.106873464977568,22.85794197092303,22.464896710159472,22.83981759146014,22.90511017599644,22.359456007311888
2016-12-29 21:00:00,19.916145309721912,20.027028876350226,19.597999693415147,20.359666605164268,20.218943080367616,20.55376057051521,20.531168636078682,21.3435920824408,20.92425449209692,20.086884474683075,20.39079105687604,22.07683359053135,22.30816325352295
2016-12-29 22:00:00,21.651941848114852,19.575090090110354,19.61515258861564,19.826131217210513,21.298488297827912,19.891423917024376,19.603550577545477,23.11779045515904,20.625887801003365,19.814780770086525,19.916145309721912,22.00203843353958,21.409313561805668
2016-12-29 23:00:00,20.013835094618113,21.128262516141728,19.077847513775968,20.22430907513412,21.03347497080945,20.08950220377392,19.843867076389596,21.57434523097952,20.720587142215926,21.65859496363123,21.651941848114852,21.865712205731317,24.92897583652657
2016-12-30 00:00:00,19.412159734421046,19.524126263100268,18.121546501704973,19.069875444658148,19.937247461337414,19.34516757958311,18.533790139956718,20.308637922799722,19.29977617357578,20.08327043049436,20.013835094618113,21.083559583653795,21.635674656792833
2016-12-30 01:00:00,19.54244263888608,19.025929456475147,18.14144926393463,18.47712491544652,19.25533501384662,18.85444235452912,17.740134854226962,19.901778992128577,19.48801553594776,19.639557707705762,19.412159734421046,20.46893963268348,19.078377614522246
2016-12-30 02:00:00,19.091390780210613,19.26708613808103,18.180373489784827,18.349683899192822,19.3592953036002,18.757529610200525,17.971196861095233,19.92822602672916,19.532314190416713,19.916156617895087,19.54244263888608,20.967785773101788,19.196408730686567
2016-12-30 03:00:00,18.6737235211656,18.972866763352382,18.225524808612057,18.236502005644713,19.03448813864769,18.779588996518907,18.292269289417106,19.961383020776033,19.329829655358786,19.588494669240756,19.091390780210613,21.21061267596019,18.780382434478017
2016-12-30 04:00:00,18.760832583271508,18.786118584658638,18.756737640664536,18.430407523361936,19.09502723861395,18.884749139300304,18.807702201886183,20.066411250213825,18.96373708734172,19.30453738106903,18.6737235211656,21.986312118585516,18.51090623405652
2016-12-30 05:00:00,18.844688353955323,19.52188569415652,19.349918662587474,19.39259275161147,19.241864840443384,19.321770215065328,19.999196629273225,20.42756477706717,19.68805000703017,19.509691590039655,18.760832583271508,23.58100065887516,19.034412292101504
2016-12-30 06:00:00,21.958876053901346,22.531057279155487,20.706039963841658,22.978998895294456,22.420090943109106,21.938348967108556,21.4713957992051,22.94198863661243,20.466071970751322,19.673053266075144,18.844688353955323,26.178006920632406,19.489508922260676
2016-12-30 07:00:00,21.680460093526026,23.299407718734738,21.684186461929908,24.85674385852253,22.953470365925867,24.722347044318564,23.595417835458075,23.804987512069424,22.625949840376908,22.709089825038696,21.958876053901346,27.73550960736518,21.457353024172512
2016-12-30 08:00:00,21.384898090591438,22.29783828109271,21.921520593417554,23.722065903227037,22.66675237131769,24.50643463640949,23.902218414740656,23.11692041446051,22.1333922680065,22.217960858088876,21.680460093526026,27.87716671889217,21.967845182317568
2016-12-30 09:00:00,22.15753901778979,21.80127901098344,22.038987835103843,23.4538898691096,22.39607618025647,23.830737902268215,23.52794966679211,22.91590063146466,22.252214864232435,21.782634057752773,21.384898090591438,28.113279647123374,22.396093164152873
2016-12-30 10:00:00,22.4620407806782,22.304538695788718,22.19053962477439,23.887804373395927,22.765390567759347,23.6986952150626,24.07300495648991,23.39253242088842,23.259942990807833,22.42829075298608,22.15753901778979,28.220591832221128,21.91411998563055
2016-12-30 11:00:00,21.30919059979983,22.49248951301764,22.469708641473023,24.02471586219269,22.928990378141428,23.685628207193172,24.736914902985102,23.219823835643837,23.506776473826573,22.58088762368849,22.4620407806782,28.236026722576202,21.25382444027635
2016-12-30 12:00:00,21.608797374218128,21.403606290613073,22.281631050381417,23.36552138944121,23.173626580312828,23.200663483669874,24.258986740683678,23.880054403274983,22.867437529027725,21.34320080803883,21.30919059979983,27.639131505147166,21.98332089357797
2016-12-30 13:00:00,21.255465403112815,21.639933818052043,21.778061283560657,23.239825961171267,23.312499137402696,23.05687475755975,23.86394359901523,24.18471769270658,24.658662634926742,21.624058392725132,21.608797374218128,27.58042948833585,24.54469244290045
2016-12-30 14:00:00,21.342574465218725,21.361060688612067,21.123812459876934,22.736997870394646,21.956555338323682,22.782486069959294,23.38297237453504,23.43830867612175,22.60295360010804,21.255630533198516,21.255465403112815,26.8264490833458,24.04234819754182
2016-12-30 15:00:00,21.87666124605399,21.417922681820333,20.85641407817007,22.555137093318233,22.098397971551844,22.70148821777254,23.057958820928004,22.76318058883365,22.483526747768273,21.34565159784507,21.342574465218725,26.415637014306476,22.290255099364465
2016-12-30 16:00:00,21.572160217377142,21.843353249162963,21.003712090799514,22.588765940660952,22.883858240150282,22.795910149384042,23.015749487821452,24.08172690034762,23.051505101316135,21.854964618155208,21.87666124605399,26.922279246688156,21.69429484194997
2016-12-30 17:00:00,24.965613360473334,21.57761785663936,21.10608149544158,22.08829258872565,22.02146527585109,22.537358160394295,22.45405843259854,23.309049996782832,23.188240256969916,21.516739578291975,21.572160217377142,26.317368524137752,21.583561788691444
2016-12-30 18:00:00,27.754928597800422,24.782841549219626,22.118218072960044,23.58356533587738,24.293014685794596,23.757658644124007,23.30135203331405,24.83095308668794,24.363496739128742,24.757118443069746,24.965613360473334,26.7309037891983,22.745380363774476
2016-12-30 19:00:00,23.391812893559678,26.779008535083392,23.255082999755405,24.855395723729885,25.177649544099467,24.885934886459793,24.32697668903157,26.399393442108256,25.673612466405707,27.136720705048553,27.754928597800422,26.563106789153416,22.770616683512717
2016-12-30 20:00:00,20.21657219845266,22.449233683700992,21.381085819435043,21.958937727672378,21.97091023125252,22.773595257442803,22.624686507019437,21.293581996247077,22.849588846005595,22.500506984052166,23.391812893559678,24.980419830413783,22.83981759146014
2016-12-30 21:00:00,20.78325209885677,19.604597563229948,20.04570868685821,20.376826842480366,20.660092000515014,20.97409252804843,20.42160811868138,21.498149489500555,20.6779595532574,19.477725259951384,20.21657219845266,24.84963150803453,20.39079105687604
2016-12-30 22:00:00,23.16548079992913,20.33249514849121,20.516665265660823,20.315629085273468,21.444174205222332,20.47213949508266,19.842404771699385,21.987923665847234,21.174567036592435,20.30537685991886,20.78325209885677,23.76333816575349,19.916145309721912
2016-12-30 23:00:00,20.809279164445066,22.546289109809397,20.174958800395597,20.932331308730628,21.955959800103276,20.849824774156797,20.397344873997245,21.737931971803413,21.67382575787041,22.761489834832393,23.16548079992913,23.076219375568016,21.651941848114852
2016-12-31 00:00:00,19.021369023739176,20.26575556242989,19.139753785138204,19.667108335443203,21.074758593386207,20.163022723065655,19.47806599036183,20.9787006845358,20.897857383882414,20.440589713710054,20.809279164445066,22.552562609022797,20.013835094618113
2016-12-31 01:00:00,18.804006425630632,18.715792130389826,18.610865956358865,18.556012276504223,19.13323493600698,19.205380551211842,18.2130740489786,20.06465061089309,19.290170483737086,18.878545961267776,19.021369023739176,21.45813952870219,19.412159734421046
2016-12-31 02:00:00,18.341552995640864,18.607952360151838,18.16883951565255,18.248505630438164,19.09778923425771,18.751589349206238,17.666702929796795,20.287243732154643,19.693351014492936,18.937456341636203,18.804006425630632,21.462465961266254,19.54244263888608
2016-12-31 03:00:00,18.362715175433003,18.218704717431777,17.914434475921933,17.96098128618742,17.95786486649308,18.447829139993367,17.65643228902199,19.73474953330013,18.50718965514011,18.71816941793107,18.341552995640864,20.913879600957742,19.091390780210613
2016-12-31 04:00:00,18.454719226009026,18.3571801992198,18.152720145591264,18.104943530962874,18.11518637372856,18.40203685447431,18.183412391431418,19.660558923591356,17.91940264081086,18.948081011133777,18.362715175433003,21.120433245055683,18.6737235211656
2016-12-31 05:00:00,18.51008538553251,18.827938296164046,18.568264799016493,18.98821129548075,18.36904293371547,18.826427533510877,19.248586209405232,20.374018728000777,18.769215810862896,19.19337624358527,18.454719226009026,22.485011613706185,18.760832583271508
2016-12-31 06:00:00,21.87502028321753,23.230020810525463,20.359368515270933,22.573526400785664,22.364741456412148,21.514378501821458,20.69780553645975,23.49978641267017,20.39440851723186,19.35642986010299,18.51008538553251,25.96429310019056,18.844688353955323
2016-12-31 07:00:00,21.30511645985373,23.504148975390734,21.114724389188,24.291974376597384,22.97412361788937,24.232230603016358,22.883890965348787,23.089660974768854,21.990725417159965,22.655765905501582,21.87502028321753,26.91979359278491,21.958876053901346
2016-12-31 08:00:00,21.052728299278265,22.333665357845888,21.444464674449335,23.04223470142315,22.890983609012483,23.694451961720528,22.85050000255148,22.447399867961447,21.955825404869795,21.882038066915563,21.30511645985373,27.281270096972815,21.680460093526026
2016-12-31 09:00:00,20.89231482081643,22.1389546547846,21.887263750453894,23.086733673279372,22.48003887879014,23.18639799779744,22.65102561252071,22.855267238210168,22.104449648313683,21.50977331134325,21.052728299278265,28.335000517009895,21.384898090591438
2016-12-31 10:00:00,21.353976036533023,21.682692096668244,21.95167906745363,23.100768371984802,22.125286873248342,22.854472576565126,22.961929577843204,23.0730277789842,22.069882968071727,21.274537491164438,20.89231482081643,28.94589793059743,22.15753901778979
2016-12-31 11:00:00,21.742333570105252,21.79758812947162,21.87939985517257,23.27484907626632,21.84483415735764,22.881091171933548,23.46729510377098,22.316872471046953,22.861916258096983,21.66551311986843,21.353976036533023,29.299292195452917,22.4620407806782
2016-12-31 12:00:00,21.92226826552276,22.06333159832239,22.240908740420924,23.455739592766275,22.405224862982905,23.06115202937077,23.80644222990685,23.490269562430232,22.72202215720656,21.957704752626228,21.742333570105252,28.178042060905383,21.30919059979983
2016-12-31 13:00:00,27.49603339549855,22.1356776238554,22.111869100864055,23.455063506288166,22.796597185631622,23.181231473418734,23.8023066609269,23.442155210484273,23.505955625302562,22.034838337970655,21.92226826552276,27.32625535159976,21.608797374218128
2016-12-31 14:00:00,21.540417314794716,27.109408509431333,24.115611620418985,26.832619623057138,26.38116970467815,25.90924237049414,26.077156982542395,27.039655290837946,26.677293985968497,27.284573413617984,27.49603339549855,28.929856417189626,21.255465403112815
2016-12-31 15:00:00,21.119496030116046,21.609700699174038,22.495988398206535,22.75406975758636,22.18129315802273,23.518875790860005,24.02208873086263,22.769067497121245,24.043814785132803,21.0435189387545,21.540417314794716,27.27427246070645,21.342574465218725
2016-12-31 16:00:00,21.92552155694485,21.479001741491704,22.094926434906892,22.63969183340711,21.88404988757359,23.169427921275368,23.011333939499973,23.585845552245363,24.348994225291037,20.72974775243411,21.119496030116046,28.10528469293205,21.87666124605399
2016-12-31 17:00:00,23.503366428236433,22.373472840202695,22.753053241681627,22.652075779788607,23.580622835814186,23.277831933097172,22.973767515561292,24.595105978346357,24.2391558088183,21.607985269606814,21.92552155694485,27.02199220915394,21.572160217377142
2016-12-31 18:00:00,23.308777604294093,23.71140245926766,23.05587463904652,23.171270058079255,23.869538441508386,23.740451050162296,23.32127033635506,26.04706201780625,24.960378799156743,23.134931151041183,23.503366428236433,26.997711785291404,24.965613360473334
2016-12-31 19:00:00,22.69895396420482,23.1422144921748,21.843002296037312,22.595559600225076,22.482746994697585,23.209067513922133,22.818163734660033,23.606625207814773,23.64552814152973,22.829617560455905,23.308777604294093,25.84600291649925,27.754928597800422
2016-12-31 20:00:00,20.05454712561676,22.16497217562262,20.572727702480318,21.744686473417673,21.344899378357066,22.28001040073144,21.542985342094198,21.024948670696393,23.093406555041884,22.17238272005878,22.69895396420482,24.920110873426296,23.391812893559678
2016-12-31 21:00:00,19.29330776973271,19.649942958646193,19.796625212514034,19.882939368237714,19.739052771347897,20.594507843668733,19.85291501017992,21.263375064248045,20.677765721405574,19.636797699768657,20.05454712561676,24.453804882917506,20.21657219845266
2016-12-31 22:00:00,19.29412788404516,18.98736230218027,19.82210798259923,19.277401321023806,19.220904870214365,19.76288990449512,19.21572706051451,21.38559192051558,20.52145942241004,19.12995441054811,19.29330776973271,24.71234890050535,20.78325209885677
2016-12-31 23:00:00,19.618970978201702,18.967362624024705,18.875395039289486,18.833157316669286,19.102563616176212,19.337065555019176,18.70081127772082,19.777775064924146,19.09057653959064,19.3669901964608,19.29412788404516,23.166209341568482,23.16548079992913
