timestamp,actual_clean,actual_contaminated,forecast,abs_error,true_label,fault_type,score_residual_robust_z_mad,flag_residual_robust_z_mad,score_residual_adaptive_rolling,flag_residual_adaptive_rolling,score_lstm_autoencoder,flag_lstm_autoencoder,score_isolation_forest,flag_isolation_forest,score_local_outlier_factor,flag_local_outlier_factor,score_one_class_svm,flag_one_class_svm,score_consensus_ensemble,flag_consensus_ensemble
2016-11-07 02:00:00,27.10034833878168,27.10034833878168,27.62912031509529,0.5287719763136103,0,,0.35211078330493134,0,0.0954413829316682,0,0.07845623,0,0.5485810114324288,0,1.2902846,0,-28.260032607711103,0,0.38543247344461307,0
2016-11-07 03:00:00,27.073471056206973,27.073471056206973,23.620233941446845,3.453237114760128,0,,1.342267955930654,0,0.0954413829316682,0,0.09849879,0,0.5489338047780495,0,1.2924061,0,-28.38179280311248,0,0.5005058168942842,0
2016-11-07 04:00:00,22.88052925535301,22.88052925535301,23.72705438130245,0.8465251259494408,0,,0.3358617450533813,0,0.0954413829316682,0,0.10011651,0,0.554847365535937,0,1.2886739,0,-28.501500596053223,0,0.4142640364188164,0
2016-11-07 05:00:00,22.24221563699762,22.24221563699762,21.630861900017432,0.6113537369801882,0,,0.8442280731425897,0,0.0954413829316682,0,0.09417552,0,0.561607595326084,0,1.2864324,0,-28.43749286780405,0,0.5005058168942843,0
2016-11-07 06:00:00,26.19173840569234,26.19173840569234,26.901376914261615,0.7096385085692738,0,,0.221552233391981,0,0.0954413829316682,0,0.07026232,0,0.5586402875310778,0,1.2633368,0,-28.463683372695456,0,0.3768335862417805,0
2016-11-07 07:00:00,28.92899931108186,28.92899931108186,27.275310525225205,1.6536887858566551,0,,0.3220489526069467,0,0.0954413829316682,0,0.05546522,0,0.5539857926398171,0,1.2627685,0,-28.470029384929468,0,0.35508345978755695,0
2016-11-07 08:00:00,29.392947291798194,29.392947291798194,29.295208207654955,0.09773908414323884,0,,0.8771962056408134,0,0.0954413829316682,0,0.047743946,0,0.5533733398332832,0,1.2656714,0,-28.501832250753218,0,0.4127465857359636,0
2016-11-07 09:00:00,30.109576825176543,30.109576825176543,29.746524734301715,0.36305209087482737,0,,0.6065508362346974,0,0.0954413829316682,0,0.045825213,0,0.5576630851424371,0,1.26006,0,-28.56719635183236,0,0.3807536671724836,0
2016-11-07 10:00:00,31.27875275074884,31.27875275074884,30.482330802900492,0.7964219478483479,0,,0.3008047625245689,0,0.0954413829316682,0,0.044514567,0,0.5562598673415454,0,1.256154,0,-28.62195873380819,0,0.32802225594334855,0
2016-11-07 11:00:00,29.360413207427598,29.360413207427598,31.416897776150602,2.056484568723004,0,,0.778644078054179,0,0.0954413829316682,0,0.045270238,0,0.5545941157584204,0,1.2721633,0,-28.590348284933782,0,0.3936519979767325,0
2016-11-07 12:00:00,30.11778356666421,30.11778356666421,30.090475760786045,0.02730780587816639,0,,0.9429290236472859,0,0.0954413829316682,0,0.056409318,0,0.5549774989010403,0,1.2829453,0,-28.86738194470216,0,0.43854324734446126,0
2016-11-07 13:00:00,34.16578787564608,34.16578787564608,30.905295979601288,3.260491896044794,0,,1.7641463827983588,0,0.0954413829316682,0,0.054643765,0,0.5520549606610059,0,1.297645,0,-29.086210882420172,0,0.45042994436014167,0
2016-11-07 14:00:00,35.35196318501855,35.35196318501855,33.50495403084985,1.8470091541686955,0,,0.6224189883948579,0,0.0954413829316682,0,0.050147194,0,0.5521107882013487,0,1.2927924,0,-29.26149532071582,0,0.368361153262519,0
2016-11-07 15:00:00,40.22709563770856,40.22709563770856,34.244787693441054,5.982307944267504,0,,4.0508363577933295,1,0.0954413829316682,0,0.03330542,0,0.5500316501746544,0,1.2857877,0,-29.258081406015,0,0.4061709661102681,0
2016-11-07 16:00:00,35.081725240103616,35.081725240103616,37.41470119420633,2.3329759541027144,0,,0.827035395135225,0,0.0954413829316682,0,0.05452625,0,0.5518017973596357,0,1.2835565,0,-28.91757601041736,0,0.4076884167931209,0
2016-11-07 17:00:00,36.67912032970749,36.67912032970749,34.60672450166026,2.0723958280472274,0,,0.5372671345527404,0,0.0954413829316682,0,0.07625922,0,0.5488542767202537,0,1.2949786,0,-28.92072685176427,0,0.3896054628224583,0
2016-11-07 18:00:00,37.20728642852341,37.20728642852341,36.317350309880986,0.8899361186424244,0,,0.5968869728572347,0,0.0954413829316682,0,0.04813755,0,0.5447053939159422,0,1.2756189,0,-28.818939884789256,0,0.3455993930197268,0
2016-11-07 19:00:00,37.462283242771335,37.462283242771335,36.85029563647773,0.6119876062936029,0,,0.8459988613321535,0,0.0954413829316682,0,0.06031012,0,0.5417510849474627,0,1.2739425,0,-28.722930220049168,0,0.3969398077895801,0
2016-11-07 20:00:00,34.03535812886906,34.03535812886906,36.91513826460535,2.87978013573629,0,,1.835717239970246,0,0.0954413829316682,0,0.058702275,0,0.539332679555703,0,1.2561361,0,-28.599387094785687,0,0.42450682852807287,0
2016-11-07 21:00:00,32.241000142243784,32.241000142243784,34.07850761987812,1.8375074776343325,0,,1.0064173195858186,0,0.0954413829316682,0,0.056513134,0,0.537835158841449,0,1.2390206,0,-28.587494968740305,0,0.38391502276176026,0
2016-11-07 22:00:00,33.06578330600592,33.06578330600592,32.57320896913823,0.4925743368676905,0,,0.8301332236431817,0,0.0954413829316682,0,0.06383213,0,0.531314001467142,0,1.2422758,0,-28.53991578621094,0,0.36747597369752155,0
2016-11-07 23:00:00,36.500622486312785,36.500622486312785,32.98021498685855,3.5204074994542367,0,,1.4024848122607436,0,0.0954413829316682,0,0.07985517,0,0.5227437631095008,0,1.2420058,0,-28.459875736738297,0,0.3973191704602934,0
2016-11-08 00:00:00,35.18812020436024,35.18812020436024,35.04042877670326,0.14769142765698007,0,,0.5464684478192199,0,0.0954413829316682,0,0.07815964,0,0.5182690474368624,0,1.2372693,0,-28.469282617382824,0,0.3000758725341426,0
2016-11-08 01:00:00,29.99292299812222,29.99292299812222,32.23361507526813,2.240692077145912,0,,1.365575602699295,0,0.0954413829316682,0,0.065919496,0,0.5273511096864493,0,1.2183007,0,-28.410104064590676,0,0.37873039959534655,0
2016-11-08 02:00:00,27.819264069293016,27.819264069293016,26.759053949754463,1.060210119538553,0,,0.6851211930859626,0,0.0954413829316682,0,0.05821243,0,0.5257344094713512,0,1.2229029,0,-28.317326085341683,0,0.3190440060698027,0
2016-11-08 03:00:00,23.415436517606512,23.415436517606512,24.485198545986986,1.0697620283804739,0,,0.5079551557552575,0,0.0954413829316682,0,0.059309453,0,0.5232574936330048,0,1.2327982,0,-28.436687759308544,0,0.29071825998988365,0
2016-11-08 04:00:00,22.03133025327086,22.03133025327086,21.4094413146171,0.6218889386537576,0,,0.5878102572677087,0,0.0954413829316682,0,0.054400485,0,0.5282730858990917,0,1.2351353,0,-28.404924395931996,0,0.31246838644410724,0
2016-11-08 05:00:00,21.82372752942859,21.82372752942859,21.4832574764303,0.3404700529982918,0,,0.9313773928757197,0,0.0954413829316682,0,0.048791956,0,0.5251106975745159,0,1.2431933,0,-28.384829429553346,0,0.35116337885685384,0
2016-11-08 06:00:00,25.7993069157269,25.7993069157269,26.668274288731084,0.8689673730041854,0,,0.1359868053329875,0,0.0954413829316682,0,0.047425512,0,0.5259375551321509,0,1.2424138,0,-28.39356682343012,0,0.2458270106221548,0
2016-11-08 07:00:00,26.41563750576614,26.41563750576614,27.120546682348508,0.704909176582369,0,,0.13590859402010455,0,0.0954413829316682,0,0.05174187,0,0.5254261560481239,0,1.2424378,0,-28.332364134045232,0,0.255563985837127,0
2016-11-08 08:00:00,26.446559559824554,26.446559559824554,27.297350485529392,0.8507909257048389,0,,0.22953639248408106,0,0.0954413829316682,0,0.047190815,0,0.5275168488758101,0,1.252909,0,-28.26063235638945,0,0.2716236722306525,0
2016-11-08 09:00:00,27.93975745570004,27.93975745570004,27.59968987300519,0.34006758269485005,0,,0.6645965780438773,0,0.0954413829316682,0,0.041502308,0,0.5345373283473172,0,1.262286,0,-28.142154778644045,0,0.33700050581689434,0
2016-11-08 10:00:00,27.773687060721763,27.773687060721763,28.823678255512252,1.0499911947904899,0,,0.2586840299480176,0,0.0954413829316682,0,0.03709234,0,0.5310036064351557,0,1.268155,0,-28.03432146774762,0,0.2761760242792109,0
2016-11-08 11:00:00,28.2466917991512,28.2466917991512,28.765261446957226,0.5185696478060251,0,,0.7283142538021516,0,0.0954413829316682,0,0.031471044,0,0.5304634284337563,0,1.2710552,0,-27.960521711017932,0,0.33168942842690946,0
2016-11-08 12:00:00,28.61634956083866,28.61634956083866,29.26660192760094,0.650252366762281,0,,0.6801817959008629,0,0.0954413829316682,0,0.03448434,0,0.5290387288501114,0,1.2744697,0,-27.885889408066532,0,0.3320687910976226,0
2016-11-08 13:00:00,27.63039043990969,27.63039043990969,29.68372993693532,2.053339497025629,0,,0.4466145559790766,0,0.0954413829316682,0,0.034055002,0,0.5288644168413087,0,1.2780272,0,-27.75919689422677,0,0.3043753161355589,0
2016-11-08 14:00:00,29.33520660031342,29.33520660031342,29.257882643348125,0.07732395696529437,0,,0.578548896928,0,0.0954413829316682,0,0.04318309,0,0.5305780921398403,0,1.2960194,0,-27.52616039206678,0,0.35773899848254936,0
2016-11-08 15:00:00,29.52484229540774,29.52484229540774,30.775320403858387,1.2504781084506469,0,,0.169951231364374,0,0.0954413829316682,0,0.05259015,0,0.5241585357646417,0,1.3069136,0,-27.293904508327252,0,0.3247344461305008,0
2016-11-08 16:00:00,30.047732717059716,30.047732717059716,31.086695059975096,1.0389623429153794,0,,0.39654922031991946,0,0.0954413829316682,0,0.024668336,0,0.525803300683939,0,1.3300484,0,-27.0034706921785,0,0.3091805766312595,0
2016-11-08 17:00:00,32.52501373155208,32.52501373155208,31.706097713549713,0.8189160180023656,0,,0.060637335960388755,0,0.0954413829316682,0,0.024950728,0,0.5232697585299086,0,1.3390213,0,-26.713609176705354,0,0.2717501264542236,0
2016-11-08 18:00:00,31.988640983024936,31.988640983024936,33.46842468073959,1.4797836977146517,0,,0.03993685805257811,0,0.0954413829316682,0,0.024412975,0,0.5262435689053468,0,1.3470112,0,-26.563322068007633,0,0.2835103692463328,0
2016-11-08 19:00:00,34.79184933859498,34.79184933859498,33.08951742889253,1.7023319097024512,0,,0.5407420586805896,0,0.0954413829316682,0,0.012289549,0,0.5239233807738849,0,1.3580719,0,-26.941154564087032,0,0.3190440060698027,0
2016-11-08 20:00:00,32.525893317000886,32.525893317000886,34.803872052889,2.2779787358881123,0,,1.1120839557617856,0,0.0954413829316682,0,0.036880616,0,0.5223742426092867,0,1.3724518,0,-27.106002918649136,0,0.40579160343955495,0
2016-11-08 21:00:00,33.62824222415193,33.62824222415193,32.709215542187366,0.9190266819645672,0,,0.566060006402153,0,0.0954413829316682,0,0.049408276,0,0.5223888820417047,0,1.3828297,0,-27.05409278006526,0,0.3767071320182094,0
2016-11-08 22:00:00,33.960617594701894,33.960617594701894,33.311914515667574,0.6487030790343198,0,,0.9374811778696003,0,0.0954413829316682,0,0.04404174,0,0.5182454520381995,0,1.389636,0,-26.958260511156784,0,0.4026302478502782,0
2016-11-08 23:00:00,34.409060799704896,34.409060799704896,32.96096298080818,1.4480978188967129,0,,0.10022261839919674,0,0.0954413829316682,0,0.028385067,0,0.5163518240980202,0,1.4120942,0,-27.229794575010022,0,0.2577137076378351,0
2016-11-09 00:00:00,32.0097440587865,32.0097440587865,32.59612603692722,0.5863819781407145,0,,0.11905878480088462,0,0.0954413829316682,0,0.02735958,0,0.5146665912583621,0,1.3976061,0,-27.5545562343304,0,0.24544764795144156,0
2016-11-09 01:00:00,31.137771649643927,31.137771649643927,29.568956494518336,1.5688151551255913,0,,0.5111672238200411,0,0.6095622124263772,0,0.024998061,0,0.5201801526404884,0,1.4096249,0,-27.693335532849716,0,0.37000505816894286,0
2016-11-09 02:00:00,29.12270909449804,29.12270909449804,27.227571967229334,1.895137127268704,0,,0.14110793873816263,0,0.05856024872438789,0,0.019925268,0,0.523624106729357,0,1.4243884,0,-27.67914025399681,0,0.26340414769853315,0
2016-11-09 03:00:00,24.791365133587558,24.791365133587558,24.45426988402453,0.3370952495630277,0,,0.8639259150451292,0,1.291292736481602,0,0.023998791,0,0.5228560981164474,0,1.4282385,0,-27.711573828388772,0,0.4836874051593323,0
2016-11-09 04:00:00,21.70566704480187,21.70566704480187,21.60516278225924,0.100504262542632,0,,0.13836121672620766,0,0.6259636817123304,0,0.025615579,0,0.5257821507899091,0,1.4432522,0,-27.668013699506723,0,0.3548305513404148,0
2016-11-09 05:00:00,22.241395522685167,22.241395522685167,20.54748330641491,1.693912216270256,0,,0.32842371409231674,0,0.28370840410712206,0,0.023143211,0,0.5210182246720866,0,1.4576557,0,-27.57236775769761,0,0.3115832068791098,0
2016-11-09 06:00:00,26.45716983463013,26.45716983463013,26.82050008461366,0.36333024998353025,0,,0.4334550522335026,0,0.4582975498028479,0,0.028829241,0,0.521121137982444,0,1.4783691,0,-27.492327367284293,0,0.3598887202832574,0
2016-11-09 07:00:00,27.85264821004124,27.85264821004124,27.439640288147746,0.4130079218934952,0,,0.9396456496830382,0,1.5270484996237699,0,0.031954963,0,0.5178751886688523,0,1.4997693,0,-27.45693079432144,0,0.5044258978249874,0
2016-11-09 08:00:00,28.896377276196823,28.896377276196823,28.000026037585684,0.896351238611139,0,,0.24237980468322967,0,0.02777737631881122,0,0.031719577,0,0.5235976438575181,0,1.5149689,0,-27.407736460941948,0,0.29742033383915023,0
2016-11-09 09:00:00,30.503503169878023,30.503503169878023,28.55804901774336,1.945454152134662,0,,0.7409517233048265,0,2.066774344330893,0,0.029931406,0,0.5228545163968304,0,1.5159303,0,-27.370174296896316,0,0.5024026302478503,0
2016-11-09 10:00:00,31.137771649643927,31.137771649643927,29.5552989511136,1.582472698530328,0,,0.6471549673885494,0,1.7637275468385627,0,0.02775336,0,0.5304018597281722,0,1.5179995,0,-27.3605123028613,0,0.5039200809307031,0
2016-11-09 11:00:00,32.056347036236325,32.056347036236325,29.953636943637644,2.102710092598681,0,,1.0999134273123155,0,2.5039623694268793,0,0.026167205,0,0.5278198867690795,0,1.5206882,0,-27.376411832663187,0,0.5542488619119879,0
2016-11-09 12:00:00,29.91319982897997,29.91319982897997,30.683136563226622,0.7699367342466523,0,,0.6619975155379347,0,0.8259910786819209,0,0.026809042,0,0.5343971081142984,0,1.4938262,0,-27.360690190726,0,0.4733181588265048,0
2016-11-09 13:00:00,31.20283986427334,31.20283986427334,29.503410981190665,1.6994288830826747,0,,0.38297036282667163,0,1.0541020357955397,0,0.03299041,0,0.5319509995559367,0,1.495147,0,-27.326619598513116,0,0.4582701062215478,0
2016-11-09 14:00:00,29.943389139901566,29.943389139901566,30.728295132393004,0.7849059924914386,0,,0.25845446248117443,0,0.06920476446617842,0,0.03178555,0,0.5289211146581364,0,1.4946016,0,-27.33263978686524,0,0.31967627718765806,0
2016-11-09 15:00:00,31.16297823381399,31.16297823381399,30.11250036383178,1.0504778699822097,0,,0.21373755716407813,0,0.007551200654572601,0,0.029923463,0,0.5280133613901556,0,1.4872837,0,-27.305942367403077,0,0.30462822458270106,0
2016-11-09 16:00:00,35.609305070988924,35.609305070988924,31.287221513986964,4.32208355700196,0,,2.4374779335262393,0,4.971969122484177,1,0.028845489,0,0.5259365380095004,0,1.475946,0,-27.551420687898847,0,0.5837126960040465,0
2016-11-09 17:00:00,32.70585664666923,32.70585664666923,33.31488550274488,0.6090288560756463,0,,0.2666085547905113,0,0.09462565229273591,0,0.033703577,0,0.5245003925067844,0,1.4799869,0,-27.340056188815492,0,0.3134800202326758,0
2016-11-09 18:00:00,31.594421320805264,31.594421320805264,32.10378933986775,0.5093680190624887,0,,0.1203286302820319,0,0.18964721060728942,0,0.043803733,0,0.5224649043297184,0,1.4975096,0,-27.396787780506997,0,0.32448153768335863,0
2016-11-09 19:00:00,34.64354080612187,34.64354080612187,31.918170011447412,2.7253707946744576,0,,0.8108845338484021,0,1.9378428785794837,0,0.051564932,0,0.522839893932958,0,1.4905719,0,-27.477561166940472,0,0.5504552352048558,0
2016-11-09 20:00:00,36.30219373591196,36.30219373591196,34.09397109427919,2.208222641632773,0,,0.20494651552544565,0,0.7030662079979523,0,0.054184023,0,0.5235699575542541,0,1.504769,0,-27.60646059693826,0,0.4250126454223571,0
2016-11-09 21:00:00,35.30477393963812,35.30477393963812,34.49843771895086,0.8063362206872569,0,,0.535935890939216,0,0.6649805722334657,0,0.05415268,0,0.5217460210200342,0,1.4783638,0,-27.625372157282484,0,0.4490389479008599,0
2016-11-09 22:00:00,36.71224061317636,36.71224061317636,34.225069340681536,2.4871712724948267,0,,0.810163668734271,0,1.8380629703201832,0,0.05299315,0,0.5223769098473569,0,1.4719805,0,-27.744528958286097,0,0.5440060698027315,0
2016-11-09 23:00:00,36.70755120394303,36.70755120394303,34.6614921563938,2.046059047549228,0,,0.3738196016899658,0,0.9641727178105033,0,0.045454457,0,0.523248240490376,0,1.455758,0,-27.859858457336955,0,0.439934243803743,0
2016-11-10 00:00:00,35.40735944721599,35.40735944721599,32.932433844592204,2.4749256026237845,0,,1.1651061218950716,0,2.364525484416166,0,0.042278696,0,0.5164305858077046,0,1.455232,0,-28.181667503084075,0,0.5126454223571068,0
2016-11-10 01:00:00,30.694897439323068,30.694897439323068,31.22576549786386,0.5308680585407934,0,,0.16923156719170904,0,0.025612616359798047,0,0.03837663,0,0.5177263053596357,0,1.4516947,0,-28.42050763560954,0,0.23912493677288824,0
2016-11-10 02:00:00,31.243580713075715,31.243580713075715,27.586402922885338,3.657177790190378,0,,0.5446337470260845,0,1.2413384150297744,0,0.04153342,0,0.5201993783258645,0,1.445976,0,-28.64070674080274,0,0.42185128983308046,0
2016-11-10 03:00:00,24.902098553951863,24.902098553951863,26.286586547114386,1.384487993162523,0,,0.7154924022552351,0,1.5365308027682651,0,0.054561388,0,0.5255256045205885,0,1.4377116,0,-28.78952747587627,0,0.4996206373292868,0
2016-11-10 04:00:00,21.653583545162878,21.653583545162878,21.776386546992438,0.12280300182955983,0,,0.18207008180144374,0,0.5757506658279683,0,0.04525583,0,0.5212140244512894,0,1.436448,0,-28.916355318925486,0,0.32549317147192713,0
2016-11-10 05:00:00,21.929595696890956,21.929595696890956,20.672718995879737,1.256876701011219,0,,0.5001919698926477,0,0.6587104760544235,0,0.047754373,0,0.5242508717157451,0,1.4364297,0,-28.862840009739468,0,0.394790085988872,0
2016-11-10 06:00:00,26.524729229082418,26.524729229082418,26.40991120625728,0.11481802282513698,0,,0.797471668983218,0,1.1881580622846066,0,0.04724757,0,0.5222100001678849,0,1.4354692,0,-28.91866256488827,0,0.4666160849772382,0
2016-11-10 07:00:00,26.27641502490017,26.27641502490017,27.53137466893624,1.2549596440360702,0,,0.3383706618906391,0,0.8580387841208227,0,0.050952464,0,0.5189934813835483,0,1.4286386,0,-28.941914910915983,0,0.37898330804248864,0
2016-11-10 08:00:00,26.032966073619864,26.032966073619864,27.26371567271774,1.2307495990978765,0,,0.1721337923586204,0,0.5577638669439468,0,0.05567622,0,0.5221697025261275,0,1.4297144,0,-28.927805896400805,0,0.34635811836115327,0
2016-11-10 09:00:00,27.582351344648625,27.582351344648625,27.614073628123077,0.031722283474451274,0,,0.5938968537868833,0,0.8192340986887217,0,0.058027193,0,0.5225431873479991,0,1.4313197,0,-28.908261243721558,0,0.4386697015680323,0
2016-11-10 10:00:00,27.456142488353247,27.456142488353247,28.925957275652078,1.46981478729883,0,,0.3214963459596571,0,0.7569038973155516,0,0.056923747,0,0.5210907248915846,0,1.4342692,0,-28.96211123644913,0,0.38480020232675777,0
2016-11-10 11:00:00,28.438027515224338,28.438027515224338,28.952834191121003,0.514806675896665,0,,0.5671650226672742,0,0.6744907594765952,0,0.051321458,0,0.5226623112015324,0,1.4340262,0,-29.031285623346072,0,0.4030096105209913,0
2016-11-10 12:00:00,29.15204840640228,29.15204840640228,29.80113650674343,0.6490881003411495,0,,0.56287823396228,0,0.6690597347639647,0,0.04362523,0,0.5234005467599258,0,1.4336109,0,-29.10706726284305,0,0.38353566009104706,0
2016-11-10 13:00:00,32.61968517272537,32.61968517272537,30.33181654594058,2.287868626784789,0,,1.1159527886900271,0,1.9741342077823048,0,0.043090522,0,0.5248413053657718,0,1.451654,0,-29.14790330863537,0,0.5097369752149722,0
2016-11-10 14:00:00,29.936940926876396,29.936940926876396,32.69961070892883,2.762669782052434,0,,1.3045869163016661,0,2.2360950558133568,0,0.04718688,0,0.5257316580204773,0,1.4524164,0,-29.232219049725213,0,0.5292109256449166,0
2016-11-10 15:00:00,30.96279086317422,30.96279086317422,30.887687016653476,0.07510384652074364,0,,0.8274000309874133,0,1.054897786258796,0,0.04725199,0,0.5244329513086626,0,1.4582124,0,-29.192634828153377,0,0.47192716236722304,0
2016-11-10 16:00:00,31.957572270207425,31.957572270207425,32.014965159557825,0.057392889350399656,0,,0.8838363235869074,0,1.1243826032478157,0,0.03636493,0,0.5264174358412159,0,1.4514978,0,-29.180558388789684,0,0.462443095599393,0
2016-11-10 17:00:00,29.681943883187355,29.681943883187355,32.65986991745538,2.9779260342680267,0,,1.6776844894654557,0,2.7183936602065892,0,0.036011945,0,0.527278419415539,0,1.4438765,0,-29.16128205040086,0,0.5193474962063732,0
2016-11-10 18:00:00,31.52290507670357,31.52290507670357,31.31047142434979,0.21243365235378064,0,,0.9345343677508147,0,1.181372662151968,0,0.04624184,0,0.5211121742111231,0,1.4439791,0,-29.170420312730677,0,0.4747091552857865,0
2016-11-10 19:00:00,32.63434003546176,32.63434003546176,32.54143192571826,0.0929081097435045,0,,0.798184577860149,0,0.9524718375218313,0,0.044068232,0,0.5235992408581744,0,1.4246362,0,-29.14486256261212,0,0.4443601416287304,0
2016-11-10 20:00:00,31.615817714085022,31.615817714085022,32.93074833958777,1.3149306255027504,0,,0.5834464863383639,0,1.0707445083823226,0,0.044231255,0,0.522964107835242,0,1.4222237,0,-29.210687465467245,0,0.42109256449165405,0
2016-11-10 21:00:00,39.39029489913333,39.39029489913333,32.088737391046024,7.301557508087306,0,,4.507875648626539,1,6.850458608586385,1,0.05404946,0,0.5218568352155589,0,1.4541625,0,-29.08805631359326,0,0.5773899848254932,0
2016-11-10 22:00:00,36.179091420503134,36.179091420503134,36.506603863154425,0.3275124426512903,0,,0.8009287291067857,0,0.9525737617936356,0,0.06331473,0,0.5200585700916381,0,1.4252924,0,-28.832932625313912,0,0.47723823975720786,0
2016-11-10 23:00:00,39.07257512553133,39.07257512553133,33.70170058019826,5.370874545333066,0,,4.054610316345873,1,5.930256171187471,1,0.06536474,0,0.5187907163758336,0,1.4067749,0,-28.929094067250663,0,0.5778958017197776,0
2016-11-11 00:00:00,37.867640710802405,37.867640710802405,35.24667100652496,2.6209697042774422,0,,1.6777649150141607,0,2.54139706294518,0,0.08083803,0,0.5207769878349574,0,1.3674811,0,-28.903155495341103,0,0.569296914516945,0
2016-11-11 01:00:00,34.23232139299625,34.23232139299625,33.03637213696927,1.195949256026978,0,,0.13922949740512014,0,0.3891747919915507,0,0.079936676,0,0.5218706661553956,0,1.3549435,0,-28.842274916246215,0,0.3464845725847243,0
2016-11-11 02:00:00,27.309592576119083,27.309592576119083,29.369683722041135,2.0600911459220512,0,,1.2026594113757647,0,1.8755779852902614,0,0.057023387,0,0.5259607042676457,0,1.3450155,0,-28.74905076028151,0,0.5442589782498736,0
2016-11-11 03:00:00,24.473849837905,24.473849837905,23.943961034032274,0.5298888038727263,0,,0.4082112626473869,0,0.38505412733966315,0,0.05899027,0,0.5232358017344967,0,1.336294,0,-28.648141559204632,0,0.355209914011128,0
2016-11-11 04:00:00,21.746378341588958,21.746378341588958,21.644077952833527,0.10230038875543102,0,,0.07980451185325925,0,0.31142190080912974,0,0.0579078,0,0.526450797045248,0,1.3321786,0,-28.546648159728694,0,0.3232169954476479,0
2016-11-11 05:00:00,21.53634317484861,21.53634317484861,20.615028812031856,0.921314362816755,0,,0.8453227312875785,0,1.0032476647739526,0,0.059032056,0,0.5240017558794752,0,1.3327608,0,-28.423770920307582,0,0.4978502781992918,0
2016-11-11 06:00:00,24.62529492216217,24.62529492216217,26.071490337722782,1.446195415560613,0,,0.35290205361242993,0,0.6849128964530428,0,0.058185756,0,0.5224128158512334,0,1.3475231,0,-28.171497699976886,0,0.4033889731917046,0
2016-11-11 07:00:00,25.025845140004535,25.025845140004535,26.04978337295317,1.023938232948634,0,,0.1777606534733726,0,0.4325957994934864,0,0.04885873,0,0.5195460259235579,0,1.3374362,0,-28.09362899804098,0,0.323216995447648,0
2016-11-11 08:00:00,25.34500176562934,25.34500176562934,26.368845958314008,1.0238441926846669,0,,0.015642562811920304,0,0.19629965104420893,0,0.047403216,0,0.5209940998219228,0,1.3374242,0,-28.027795780248745,0,0.27984319676277186,0
2016-11-11 09:00:00,26.877270087231896,26.877270087231896,27.12855705283604,0.25128696560414454,0,,0.41557588606143026,0,0.4238129304850512,0,0.048081305,0,0.5222908615111672,0,1.3390187,0,-27.95064497952661,0,0.36456752655538693,0
2016-11-11 10:00:00,26.0761397324261,26.0761397324261,28.56057386422547,2.4844341317993717,0,,1.2472889857307285,0,1.974409833998571,0,0.047982227,0,0.5276928244937694,0,1.3469266,0,-27.97381707536728,0,0.5632271117855336,0
2016-11-11 11:00:00,35.16877593239051,35.16877593239051,28.27532683008862,6.89344910230189,0,,4.534828490505061,1,6.582750051441295,1,0.048755426,0,0.5276252895394093,0,1.3799533,0,-28.00582252074541,0,0.6155791603439554,0
2016-11-11 12:00:00,36.71224061317636,36.71224061317636,35.12228112877719,1.5899594843991736,0,,0.4721842135257298,0,0.8284393076393988,0,0.075892575,0,0.5303627434584962,0,1.36851,0,-28.04880667618214,0,0.48786039453717756,0
2016-11-11 13:00:00,31.750057468199458,31.750057468199458,35.784175419803155,4.034117951603697,0,,2.263573953448784,0,3.2948172121771826,0,0.07097143,0,0.5301890505396212,0,1.3731418,0,-28.0754657991675,0,0.6278452200303489,0
2016-11-11 14:00:00,38.599804554701294,38.599804554701294,32.089475273663766,6.510329281037528,0,,4.192421351763606,1,5.94138452235328,1,0.117673285,0,0.528993730635941,0,1.3729508,0,-28.217105591285424,0,0.6772888214466363,0
2016-11-11 15:00:00,38.80145722806181,38.80145722806181,36.94475954051674,1.856697687545065,0,,0.46958927925607363,0,0.758950132933822,0,0.13231851,0,0.5252810644055922,0,1.3466477,0,-28.096496888053764,0,0.5045523520485584,0
2016-11-11 16:00:00,35.65649431636936,35.65649431636936,36.54607899241176,0.8895846760423964,0,,0.3116603726585523,0,0.29264784345719397,0,0.12267635,0,0.5282091237069024,0,1.3414742,0,-27.939693923727987,0,0.43361153262518964,0
2016-11-11 17:00:00,34.409060799704896,34.409060799704896,34.67478542379229,0.2657246240873903,0,,0.27436453500433294,0,0.2286918801894484,0,0.12900503,0,0.5283722127823934,0,1.3516943,0,-28.002274314243127,0,0.4246332827516439,0
2016-11-11 18:00:00,33.9116699126354,33.9116699126354,34.082531955806736,0.1708620431713328,0,,0.16525570035543172,0,0.06473030690495031,0,0.12930168,0,0.5272847244671158,0,1.3527898,0,-27.981742575692348,0,0.389099645928174,0
2016-11-11 19:00:00,39.74523919882427,39.74523919882427,33.84277027616474,5.90246892265953,0,,3.211894678860281,0,4.611404164016088,1,0.1366892,0,0.5263633821204335,0,1.341964,0,-27.991311277297395,0,0.6812089023773394,0
2016-11-11 20:00:00,32.7351667392478,32.7351667392478,37.241596624193754,4.506429884945952,0,,2.7662057860444684,0,3.967380820531804,1,0.15753604,0,0.5270978689920202,0,1.3465708,0,-27.91531391742391,0,0.6939807789580171,0
2016-11-11 21:00:00,37.44264602038919,37.44264602038919,32.620255410370255,4.822390610018935,0,,2.3413418186957413,0,3.341708503672059,0,0.15416116,0,0.5266480087959309,0,1.3279247,0,-28.35586028405324,0,0.6611026808295398,0
2016-11-11 22:00:00,38.253653172652186,38.253653172652186,36.730738094480294,1.5229150781718914,0,,0.3946069977362803,0,0.40745303062009836,0,0.12141022,0,0.5283382126054735,0,1.3163664,0,-28.55027971974303,0,0.4272888214466363,0
2016-11-11 23:00:00,35.3886010760711,35.3886010760711,36.00018951601328,0.6115884399421816,0,,0.35045858808499897,0,0.3343359251986617,0,0.107990175,0,0.5236293326957498,0,1.3148975,0,-28.7264777399022,0,0.38416793120890236,0
2016-11-12 00:00:00,32.49335893435685,32.49335893435685,34.43213963877425,1.938780704417404,0,,0.9665001269497226,0,1.4764350486345836,0,0.11242577,0,0.5177237849954625,0,1.3071222,0,-28.89740034786043,0,0.5381891755184623,0
2016-11-12 01:00:00,34.640316516056394,34.640316516056394,30.705274999656293,3.9350415164001014,0,,1.3659027841895548,0,1.9957382012784168,0,0.13190486,0,0.528912694526756,0,1.2990174,0,-29.131308315715625,0,0.5972432979261507,0
2016-11-12 02:00:00,32.392532597676585,32.392532597676585,31.29207538660972,1.100457211066864,0,,0.8655724057931119,0,1.0412090864893204,0,0.14300083,0,0.5383055827093433,0,1.2720494,0,-29.17348329146024,0,0.5555134041476985,0
2016-11-12 03:00:00,27.46754405966755,27.46754405966755,27.679038150665722,0.21149409099817262,0,,0.24770119507762714,0,0.19050429353456835,0,0.15127656,0,0.5398710888467221,0,1.2560587,0,-29.226868067118843,0,0.3754425897824987,0
2016-11-12 04:00:00,21.8921369573144,21.8921369573144,23.618867696102388,1.7267307387879889,0,,1.2044528673354775,0,1.7749269589430745,0,0.14794436,0,0.54256391320932,0,1.2541414,0,-29.288072731573667,0,0.5987607486090036,0
2016-11-12 05:00:00,21.810714363740225,21.810714363740225,20.010269518545858,1.8004448451943666,0,,0.39461960762165454,0,0.39323128431896703,0,0.14903407,0,0.5402321423231504,0,1.2431927,0,-29.38854143459483,0,0.40364188163884673,0
2016-11-12 06:00:00,24.665185737531026,24.665185737531026,26.056704173485752,1.3915184359547261,0,,0.4839100558685067,0,0.7946748770047085,0,0.14561842,0,0.5382206499753038,0,1.2301848,0,-29.366316715452008,0,0.44815376833586235,0
2016-11-12 07:00:00,25.660084251308042,25.660084251308042,26.268344877354803,0.6082606260467607,0,,0.32888667702692576,0,0.3025289755738619,0,0.1440488,0,0.541864553111669,0,1.2231307,0,-29.23711257963849,0,0.3692463328275164,0
2016-11-12 08:00:00,25.689394343886608,25.689394343886608,27.00576714444597,1.3163728005593605,0,,0.16928530932224964,0,0.3730219048086998,0,0.14217071,0,0.5451425486520008,0,1.2266955,0,-29.15293016192024,0,0.37190187152250886,0
2016-11-12 09:00:00,28.05860951216482,28.05860951216482,27.739416818397135,0.3191926937676861,0,,0.7398462942160737,0,0.869596132671669,0,0.13822527,0,0.544971189529637,0,1.213385,0,-29.092152241297217,0,0.49620637329286804,0
2016-11-12 10:00:00,32.25243108202048,32.25243108202048,29.94123872601895,2.3111923560015306,0,,1.0080812239850343,0,1.5077759872526797,0,0.1331654,0,0.5495574724865373,0,1.2086993,0,-29.13781762949751,0,0.565882650480526,0
2016-11-12 11:00:00,38.61504605247407,38.61504605247407,33.30829938031503,5.3067466721590435,0,,3.5733918705349215,0,4.901782848874263,1,0.114139795,0,0.5489588465874891,0,1.1995014,0,-29.260479119896903,0,0.6026808295397066,0
2016-11-12 12:00:00,36.88839338484862,36.88839338484862,38.46211443454521,1.5737210496965872,0,,0.313778533166759,0,0.5093686723144465,0,0.10191683,0,0.5525332502489861,0,1.2092882,0,-28.923243447748774,0,0.39681335356600905,0
2016-11-12 13:00:00,38.59570104629279,38.59570104629279,36.676246870399076,1.919454175893712,0,,0.4900755392301339,0,0.7249232209101245,0,0.1143088,0,0.5532912556446967,0,1.2106307,0,-28.94776283592543,0,0.45966110268082955,0
2016-11-12 14:00:00,38.78445729360297,38.78445729360297,37.92671292554328,0.8577443680596915,0,,0.36978714048717015,0,0.4205783954755446,0,0.095478326,0,0.5528974297778155,0,1.1984038,0,-28.945300521905672,0,0.3810065756196257,0
2016-11-12 15:00:00,43.86886280143411,43.86886280143411,38.22198369122575,5.64687911020836,0,,3.513339393067804,0,4.780781312522279,1,0.09367362,0,0.5560126371780124,0,1.1858581,0,-28.9919914399321,0,0.6047040971168437,0
2016-11-12 16:00:00,45.016056616454705,45.016056616454705,41.6309886588474,3.385067957607305,0,,2.2317985434720145,0,2.9691621738650174,0,0.09802756,0,0.554670588740877,0,1.1885214,0,-28.625325732058066,0,0.5992665655032878,0
2016-11-12 17:00:00,45.87337342864933,45.87337342864933,42.33602240665777,3.5373510219915616,0,,2.5133754825597547,0,3.2179924321640634,0,0.09657258,0,0.5621048318597405,0,1.1810069,0,-28.02773047452576,0,0.6435255437531614,0
2016-11-12 18:00:00,37.02497802713262,37.02497802713262,43.07770726132876,6.052729234196143,0,,3.3773754056226424,0,4.239380531464437,1,0.095662355,0,0.5607456984474669,0,1.1817961,0,-27.46749691448391,0,0.6669195751138087,0
2016-11-12 19:00:00,37.68621189486042,37.68621189486042,36.986663931088735,0.6995479637716855,0,,0.7795976068123681,0,0.9579460317356836,0,0.1503581,0,0.5555873216006766,0,1.1703016,0,-27.443056261349316,0,0.5695498229640871,0
2016-11-12 20:00:00,33.64700059529683,33.64700059529683,37.707169719101714,4.060169123804883,0,,2.8727121805395646,0,3.534664449746974,0,0.14126362,0,0.554426204028432,0,1.1603272,0,-27.34480504973342,0,0.661608497723824,0
2016-11-12 21:00:00,35.76787200737751,35.76787200737751,33.963912124339934,1.803959883037578,0,,0.11941186159148018,0,0.1338898242397369,0,0.1484314,0,0.5543237109999692,0,1.1627039,0,-27.27324329687219,0,0.385306019221042,0
2016-11-12 22:00:00,36.26379740817336,36.26379740817336,35.737908588879186,0.525888819294174,0,,0.8295501665621142,0,0.9768813728996808,0,0.15332982,0,0.5517641308759031,0,1.1433935,0,-27.526209050685374,0,0.5560192210419828,0
2016-11-12 23:00:00,32.00651995227392,32.00651995227392,35.792805587215874,3.7862856349419545,0,,2.4413719862252354,0,3.008760083604119,0,0.15220684,0,0.5518628676506456,0,1.1409906,0,-27.57792155932225,0,0.6393525543753161,0
2016-11-13 00:00:00,33.53884682724838,33.53884682724838,31.559774550318977,1.9790722769294007,0,,0.3934536435772045,0,0.46741437016983317,0,0.16505246,0,0.5550142985564454,0,1.1326209,0,-27.866398596144112,0,0.4355083459787557,0
2016-11-13 01:00:00,31.121651117081004,31.121651117081004,31.688991257230384,0.5673401401493798,0,,0.3207393400133229,0,0.3407834364376827,0,0.18169372,0,0.5545349742725372,0,1.1241068,0,-28.075394796981772,0,0.3976985331310066,0
2016-11-13 02:00:00,30.305660687407812,30.305660687407812,28.739699427911777,1.565961259496035,0,,0.7610163402365456,0,0.9608546453160276,0,0.19906779,0,0.5579211024567794,0,1.1189644,0,-28.1820534604561,0,0.533763277693475,0
2016-11-13 03:00:00,32.850061670733844,32.850061670733844,26.90284200283732,5.947219667896523,0,,3.2526127493355874,0,3.9301681411118095,1,0.1643169,0,0.5581096303859988,0,1.128289,0,-28.129317262525706,0,0.6435255437531614,0
2016-11-13 04:00:00,21.99879660483838,21.99879660483838,27.76512369126492,5.766327086426543,0,,3.438825929072254,0,4.014434136757578,1,0.14403673,0,0.5594961682296125,0,1.1355801,0,-28.073769764649576,0,0.6470662620131513,0
2016-11-13 05:00:00,20.223079515508406,20.223079515508406,19.83878755608075,0.3842919594276566,0,,0.40417609932629533,0,0.5541662870357876,0,0.14961387,0,0.5585132857421486,0,1.1393945,0,-27.785000085836913,0,0.45928174001011635,0
2016-11-13 06:00:00,24.455120835222502,24.455120835222502,24.926031648171215,0.47091081294871273,0,,0.6285026576192124,0,0.7698309241710279,0,0.16791804,0,0.5590132605183427,0,1.1410046,0,-27.51446928112408,0,0.5342690945877592,0
2016-11-13 07:00:00,26.253611882271567,26.253611882271567,26.109709598106843,0.1439022841647244,0,,0.7771293718672283,0,0.8915737720982436,0,0.17107706,0,0.5638968293442487,0,1.148608,0,-27.46146913355366,0,0.5866211431461811,0
2016-11-13 08:00:00,26.71199098876234,26.71199098876234,27.410501633968426,0.6985106452060847,0,,0.4798149955918678,0,0.5257072200549006,0,0.16192144,0,0.5656216874892472,0,1.1569185,0,-27.474249415299248,0,0.5060698027314111,0
2016-11-13 09:00:00,26.79910023442114,26.79910023442114,28.512149740009534,1.713049505588394,0,,0.2524831188131854,0,0.32451712789813436,0,0.14652686,0,0.5595637196713908,0,1.1512108,0,-27.484433274926396,0,0.4290591805766313,0
2016-11-13 10:00:00,28.898868628100534,28.898868628100534,29.15768284151372,0.258814213413185,0,,0.8307452628194401,0,0.9451110491457522,0,0.14435582,0,0.5602573249467773,0,1.1585017,0,-27.464332346014316,0,0.5820687910976227,0
2016-11-13 11:00:00,29.05432886872982,29.05432886872982,31.34792526918261,2.293596400452792,0,,1.0255742921674151,0,1.2094466892608053,0,0.15746363,0,0.5615203613300545,0,1.1623297,0,-27.46378342247191,0,0.6322711178553364,0
2016-11-13 12:00:00,31.643369186424643,31.643369186424643,31.78536759883015,0.14199841240550626,0,,0.705922099723751,0,0.7725829626321121,0,0.12941943,0,0.5629451849883004,0,1.1601235,0,-27.748848444266283,0,0.5435002529084472,0
2016-11-13 13:00:00,32.61968517272537,32.61968517272537,33.80919649468901,1.1895113219636428,0,,0.27419880508221894,0,0.2609652876347256,0,0.11083895,0,0.5605643359003787,0,1.1628765,0,-28.003399765308234,0,0.39554881133029834,0
2016-11-13 14:00:00,40.60578066819015,40.60578066819015,34.40215872156709,6.203621946623059,0,,4.455239585174127,1,5.214675216146747,1,0.08898902,0,0.5668692268237239,0,1.1603374,0,-28.167028969871307,0,0.6479514415781488,0
2016-11-13 15:00:00,40.369542225087116,40.369542225087116,39.26663825399675,1.1029039710903632,0,,0.013817281903389385,0,0.015220960889558795,0,0.09830154,0,0.5654357400183048,0,1.1724399,0,-28.153553892018515,0,0.33308042488619116,0
2016-11-13 16:00:00,37.932708741878926,37.932708741878926,38.949193564992534,1.0164848231136077,0,,0.6397828005609286,0,0.6958573950123204,0,0.09746957,0,0.5724983710951289,0,1.1673635,0,-28.166999947426252,0,0.5094840667678301,0
2016-11-13 17:00:00,37.92626089595954,37.92626089595954,37.96147196921394,0.03521107325440198,0,,0.6355650941372172,0,0.6758132495918754,0,0.11111247,0,0.5698562387135354,0,1.1721151,0,-28.133571563156366,0,0.5147951441578149,0
2016-11-13 18:00:00,38.646993800081724,38.646993800081724,38.14207161556755,0.5049221845141716,0,,0.8349099683186723,0,0.8931673852723816,0,0.08634297,0,0.5634540373928281,0,1.1600788,0,-27.80545459472531,0,0.5452706120384421,0
2016-11-13 19:00:00,40.212440774972166,40.212440774972166,38.31637368463439,1.8960670903377732,0,,0.4025395163453968,0,0.5228732782904543,0,0.09803149,0,0.5628649369355596,0,1.1739006,0,-27.15105658697384,0,0.4690187152250885,0
2016-11-13 20:00:00,35.44135858192211,35.44135858192211,39.171335146144735,3.729976564222625,0,,1.9100477105101217,0,2.249417770482052,0,0.11188489,0,0.5614248955666861,0,1.1719123,0,-26.992749106175616,0,0.659458775923116,0
2016-11-13 21:00:00,39.21765900083318,39.21765900083318,35.384767268042275,3.8328917327909053,0,,1.6445675903432913,0,1.926219649277836,0,0.097126365,0,0.5630801533558862,0,1.1708248,0,-26.886045039434194,0,0.6452959028831563,0
2016-11-13 22:00:00,36.16766048072644,36.16766048072644,38.1878056536362,2.020145172909757,0,,0.742532049683993,0,0.8672189226740967,0,0.08595702,0,0.5680573000635606,0,1.1709477,0,-26.728334683810594,0,0.563732928679818,0
2016-11-13 23:00:00,33.3190216835678,33.3190216835678,35.142356430723424,1.8233347471556272,0,,0.8071925395508219,0,0.9198051275559076,0,0.089182764,0,0.564459235835708,0,1.1733388,0,-26.541534814732554,0,0.5765048052604957,0
2016-11-14 00:00:00,33.68451733758663,33.68451733758663,32.00614984846341,1.678367489123218,0,,0.14336584004460431,0,0.14853845482935732,0,0.077715166,0,0.5653366946001817,0,1.1842109,0,-26.366843796083824,0,0.3987101669195751,0
2016-11-14 01:00:00,36.00645552220299,36.00645552220299,31.332827065032607,4.673628457170384,0,,1.903891984797897,0,2.170921240280895,0,0.083307624,0,0.5636284780142825,0,1.1895318,0,-26.11152006218516,0,0.6697015680323722,0
2016-11-14 02:00:00,30.227403004539198,30.227403004539198,31.289458228320026,1.0620552237808276,0,,0.14806534917215106,0,0.17081595272230024,0,0.11821461,0,0.5666903689937378,0,1.1952994,0,-26.036958369421484,0,0.4532119372787051,0
2016-11-14 03:00:00,23.443925761661067,23.443925761661067,26.326905652559873,2.882979890898806,0,,1.8110017145108757,0,2.06495190257845,0,0.11801634,0,0.5610401321153682,0,1.1941762,0,-26.16029569665281,0,0.6870257966616085,0
2016-11-14 04:00:00,22.444132626519718,22.444132626519718,20.831220342702302,1.6129122838174155,0,,0.4441242162051012,0,0.47840938773688535,0,0.08586509,0,0.5659681692260473,0,1.1882954,0,-26.138922812361923,0,0.49089529590288317,0
2016-11-14 05:00:00,22.903303029519215,22.903303029519215,21.374085601685398,1.5292174278338173,0,,0.05675934585347793,0,0.06435930775399806,0,0.08405065,0,0.5676684899855723,0,1.1833602,0,-26.230593531808104,0,0.39049064238745573,0
2016-11-14 06:00:00,27.298190821251893,27.298190821251893,27.345218922490997,0.04702810123910339,0,,0.8175152319098858,0,0.9383972565540545,0,0.09098097,0,0.5692113584599442,0,1.1811521,0,-26.36483566377326,0,0.5993930197268589,0
2016-11-14 07:00:00,26.747807664185093,26.747807664185093,28.03507032244738,1.2872626582622857,0,,0.16363487973125468,0,0.187525666933884,0,0.10595793,0,0.5667897840824879,0,1.1851215,0,-26.46591716870969,0,0.4314618108244815,0
2016-11-14 08:00:00,27.544893155730737,27.544893155730737,27.550697465217837,0.005804309487100312,0,,0.8735219627592612,0,1.0026137432504296,0,0.104085214,0,0.5648444695077077,0,1.1847434,0,-26.51135167263252,0,0.6111532625189681,0
2016-11-14 09:00:00,31.86407336489536,31.86407336489536,28.685028050493056,3.1790453144023054,0,,1.7715849016418943,0,1.979728199601381,0,0.10148999,0,0.5657419605500327,0,1.1812243,0,-26.516560378226554,0,0.6689428426909458,0
2016-11-14 10:00:00,32.95088837451988,32.95088837451988,31.990088542299656,0.9607998322202214,0,,0.002347240092583333,0,0.04419878784101613,0,0.09903274,0,0.5586032692754398,0,1.186606,0,-26.46870234731157,0,0.36798179059180575,0
2016-11-14 11:00:00,29.98911271545547,29.98911271545547,32.51030894242961,2.5211962269741406,0,,0.8658807475141513,0,0.9464997562917465,0,0.10118274,0,0.5568332922016093,0,1.1812989,0,-26.432808405054978,0,0.582701062215478,0
2016-11-14 12:00:00,28.308565229842202,28.308565229842202,30.548425537067146,2.2398603072249443,0,,0.8747708668236165,0,0.9133983494124248,0,0.11125482,0,0.5509601264747628,0,1.1775101,0,-26.650678621484968,0,0.5613302984319676,0
2016-11-14 13:00:00,31.443768083715486,31.443768083715486,29.797022948814202,1.646745134901284,0,,0.6109170841058169,0,0.619038870685682,0,0.114102066,0,0.552966665229173,0,1.1829836,0,-26.713620797831126,0,0.5034142640364188,0
2016-11-14 14:00:00,33.07135230068806,33.07135230068806,32.30509179431419,0.7662605063738752,0,,0.2282922171267452,0,0.3032639464707645,0,0.09005302,0,0.5512275699528973,0,1.1798166,0,-26.83897460066367,0,0.38872028325746083,0
2016-11-14 15:00:00,35.03776028478866,35.03776028478866,33.711248512060905,1.3265117727277556,0,,0.42429397050608697,0,0.44724926361426215,0,0.08561823,0,0.5497499543852995,0,1.1799122,0,-26.886954651433307,0,0.42109256449165405,0
2016-11-14 16:00:00,38.30670436312718,38.30670436312718,35.103235803280946,3.203468559846236,0,,1.911491842621322,0,2.150180711377176,0,0.07723442,0,0.5451902786930486,0,1.177534,0,-26.978605503088847,0,0.5867475973697521,0
2016-11-14 17:00:00,34.41228472266459,34.41228472266459,36.164856282041846,1.7525715593772588,0,,0.21619423304762514,0,0.20742929660141474,0,0.07163228,0,0.5420663522367699,0,1.1779705,0,-27.37205463189,0,0.31929691451694486,0
2016-11-14 18:00:00,33.20647145669842,33.20647145669842,34.594568283230934,1.388096826532518,0,,0.2664533331062145,0,0.22860195178688195,0,0.082510345,0,0.546855021615065,0,1.1690742,0,-28.098342851497804,0,0.3237228123419322,0
2016-11-14 19:00:00,38.28941147825592,38.28941147825592,34.12709945407522,4.1623120241807,0,,2.304180186250199,0,2.5296916458033842,0,0.08288695,0,0.538517748928124,0,1.1693965,0,-28.460816692422988,0,0.5398330804248862,0
2016-11-14 20:00:00,34.27980358878909,34.27980358878909,37.47694397920021,3.197140390411114,0,,1.547788521476184,0,1.6495985624153569,0,0.0805799,0,0.5317609143634889,0,1.1743946,0,-28.460459735093057,0,0.5039200809307031,0
2016-11-14 21:00:00,35.162327719365344,35.162327719365344,34.347896449123986,0.8144312702413572,0,,0.7005522400824271,0,0.8770869912789943,0,0.10022613,0,0.5286029778863898,0,1.1831468,0,-28.375405580689613,0,0.43942842690945877,0
2016-11-14 22:00:00,34.640316516056394,34.640316516056394,35.12693811033329,0.48662159427689744,0,,0.1294700465929582,0,0.22673948127026924,0,0.11274757,0,0.5287026082853624,0,1.1875353,0,-28.32599219939778,0,0.2999494183105716,0
2016-11-14 23:00:00,40.27926724273475,40.27926724273475,34.33568895825405,5.943578284480694,0,,3.455166088757428,0,3.8637617286606383,1,0.10795631,0,0.5265175067224799,0,1.1948999,0,-28.612626451082733,0,0.5643651997976733,0
2016-11-15 00:00:00,41.71047464706364,41.71047464706364,36.621584330287206,5.088890316776435,0,,4.282104657987063,1,4.726203967556256,1,0.11730721,0,0.518234924481506,0,1.2002878,0,-28.575160737444417,0,0.5498229640870005,0
2016-11-15 01:00:00,32.225465694058585,32.225465694058585,36.38075682019737,4.155291126138785,0,,2.003772785232732,0,2.1458529248934792,0,0.1108286,0,0.5199306977482681,0,1.209214,0,-28.25034350906448,0,0.5402124430955996,0
2016-11-15 02:00:00,29.344878896907062,29.344878896907062,28.173319024639827,1.1715598722672347,0,,0.13073713366167994,0,0.27497405176869777,0,0.09869734,0,0.5296020010477652,0,1.2115813,0,-28.241168767424025,0,0.32169954476479506,0
2016-11-15 03:00:00,24.473029356486766,24.473029356486766,25.500767195442382,1.0277378389556162,0,,0.19073937799910337,0,0.09362614719278181,0,0.093015246,0,0.5245022626790801,0,1.2118562,0,-28.174448866824438,0,0.2849013657056146,0
2016-11-15 04:00:00,25.195198378420194,25.195198378420194,21.935239581152214,3.2599587972679807,0,,0.9148034999579967,0,0.889759424065368,0,0.08985826,0,0.5226457928273914,0,1.206227,0,-27.988355927762324,0,0.47926150733434497,0
2016-11-15 05:00:00,22.23732138273906,22.23732138273906,23.515962806495946,1.2786414237568842,0,,0.9410873048524638,0,0.9054068412950296,0,0.09163586,0,0.5229036964807466,0,1.2120881,0,-28.057836441650227,0,0.4881133029843196,0
2016-11-15 06:00:00,25.529830715305405,25.529830715305405,26.870411052246794,1.3405803369413896,0,,0.24480321073526123,0,0.08982705477465674,0,0.09349096,0,0.5254837173311009,0,1.2076232,0,-28.13491262721753,0,0.2916034395548811,0
2016-11-15 07:00:00,26.361091644108,26.361091644108,27.14452811216222,0.7834364680542194,0,,0.008366208595525856,0,0.20045324550046348,0,0.09264737,0,0.523766549759104,0,1.2085454,0,-28.11144480070073,0,0.27921092564491656,0
2016-11-15 08:00:00,26.557292796635966,26.557292796635966,27.482063766292615,0.9247709696566488,0,,0.18674159398109494,0,0.404975816071121,0,0.09540427,0,0.5241006462940471,0,1.206684,0,-28.041625856586105,0,0.3316894284269094,0
2016-11-15 09:00:00,28.565848424776004,28.565848424776004,27.915962408550033,0.6498860162259703,0,,0.4300796186001118,0,0.6774985361969513,0,0.09863868,0,0.5264424006023423,0,1.2057492,0,-27.967206644174777,0,0.40971168437025796,0
2016-11-15 10:00:00,28.14410679634377,28.14410679634377,29.49083392952086,1.3467271331770903,0,,0.02089112736531683,0,0.21277741580901782,0,0.08482202,0,0.5296238087413915,0,1.2077097,0,-27.94835926048603,0,0.29906423874557414,0
2016-11-15 11:00:00,29.3410685912962,29.3410685912962,29.192007239588932,0.14906135170726742,0,,0.621524774886196,0,0.8884902799076342,0,0.0659728,0,0.5364024666314934,0,1.2052456,0,-27.907064585793687,0,0.447395042994436,0
2016-11-15 12:00:00,34.0069276217393,34.0069276217393,30.134487828009437,3.872439793729864,0,,2.4626663296873,0,2.51355918725085,0,0.06932592,0,0.531015413307016,0,1.2105098,0,-27.885085326162947,0,0.5649974709155287,0
2016-11-15 13:00:00,30.4741931690759,30.4741931690759,32.814423898194526,2.340230729118627,0,,0.5544837563305598,0,0.43272360230886425,0,0.06840505,0,0.528327172999912,0,1.2050575,0,-27.794209633639475,0,0.37367223065250377,0
2016-11-15 14:00:00,31.671799877107293,31.671799877107293,30.77962214938807,0.892177727719222,0,,0.1047371074823548,0,0.31057915964194094,0,0.08773739,0,0.5234844960602837,0,1.2186445,0,-27.703709336221518,0,0.32789580171977745,0
2016-11-15 15:00:00,32.250086010298034,32.250086010298034,32.09571839692652,0.1543676133715124,0,,0.7868739610287625,0,1.0501693819155444,0,0.098619126,0,0.5200273054951154,0,1.223235,0,-27.899733755613482,0,0.48482549317147194,0
2016-11-15 16:00:00,36.92503127590117,36.92503127590117,32.66454390824597,4.260487367655202,0,,2.503033875372625,0,2.4666160120369347,0,0.112473436,0,0.5254739901616511,0,1.2260916,0,-28.296651490005196,0,0.5811836115326252,0
2016-11-15 17:00:00,37.41099122319396,37.41099122319396,35.25618748965912,2.154803733534841,0,,0.920609451468655,0,0.7762691468821851,0,0.10032722,0,0.5180197026867116,0,1.2389759,0,-28.16313272541558,0,0.47496206373292865,0
2016-11-15 18:00:00,37.11525300948499,37.11525300948499,35.45770971809915,1.657543291385835,0,,0.40066544718987174,0,0.2245515224861107,0,0.093651526,0,0.5220247103763941,0,1.2380999,0,-28.048446491368367,0,0.34357612544258975,0
2016-11-15 19:00:00,35.18020687216721,35.18020687216721,35.938083539106735,0.7578766669395236,0,,0.1345617381675492,0,0.3331896017611793,0,0.06198593,0,0.5184850799662971,0,1.2390398,0,-28.071351624510633,0,0.28502781992918563,0
2016-11-15 20:00:00,34.26983813528604,34.26983813528604,35.29208688625095,1.0222487509649127,0,,0.10647261801640123,0,0.0750952085254176,0,0.09023794,0,0.5165081433517413,0,1.2459654,0,-28.315032611556138,0,0.2680829539706626,0
2016-11-15 21:00:00,34.51076635472818,34.51076635472818,34.61318225943571,0.10241590470752726,0,,0.5055160436406312,0,0.7209532287470573,0,0.0819025,0,0.5137581177389545,0,1.2550782,0,-28.30665236445915,0,0.394790085988872,0
2016-11-15 22:00:00,37.48573175736112,37.48573175736112,34.70212905307615,2.7836027042849736,0,,0.9793625102710695,0,0.8470170647284789,0,0.078868784,0,0.5120666824707361,0,1.2596334,0,-28.497823734880196,0,0.4654779969650986,0
2016-11-15 23:00:00,36.21162580314718,36.21162580314718,36.210236674875766,0.0013891282714126874,0,,0.8694268274237829,0,1.0997414294633612,0,0.063570805,0,0.5097616601430016,0,1.254791,0,-28.472588651228214,0,0.44714213454729385,0
2016-11-16 00:00:00,33.131730922531254,33.131730922531254,35.16812848016323,2.036397557631979,0,,1.121654858763997,0,0.9701087707084034,0,0.05861606,0,0.5101451051283695,0,1.2445503,0,-28.546288506337074,0,0.44271623672230653,0
2016-11-16 01:00:00,30.870757444135798,30.870757444135798,31.693196943414318,0.82243949927852,0,,0.3408995443797441,0,0.1483886029772812,0,0.06262568,0,0.5138632803236829,0,1.2439861,0,-28.705274287226633,0,0.2541729893778452,0
2016-11-16 02:00:00,29.681943883187355,29.681943883187355,28.183709632524312,1.4982342506630424,0,,0.5775961750523555,0,0.7947616979369272,0,0.060323328,0,0.5123408504579068,0,1.237573,0,-28.85566486243148,0,0.35419828022255945,0
2016-11-16 03:00:00,24.31507768938541,24.31507768938541,25.619362981480595,1.3042852920951837,0,,0.44751402360664866,0,0.24577501277478195,0,0.060387578,0,0.5154789818372143,0,1.2465608,0,-28.89485955103822,0,0.2789580171977744,0
2016-11-16 04:00:00,22.733978792460174,22.733978792460174,21.88363062691813,0.8503481655420444,0,,0.8973877470735759,0,1.1355664848512377,0,0.053580146,0,0.5131828645462402,0,1.2433909,0,-29.006748784928387,0,0.41502276176024283,0
2016-11-16 05:00:00,22.107067846736427,22.107067846736427,21.895858430974545,0.211209415761882,0,,0.795113170064407,0,1.023263194207613,0,0.043743476,0,0.5117763485190074,0,1.242401,0,-28.950903148425038,0,0.3689934243803743,0
2016-11-16 06:00:00,26.336646987984263,26.336646987984263,26.767101122596443,0.4304541346121802,0,,0.5239977821925755,0,0.7359500652617501,0,0.04428829,0,0.5120326771696025,0,1.2425956,0,-28.88873804152292,0,0.3095599393019727,0
2016-11-16 07:00:00,25.48747772147029,25.48747772147029,27.56532042034352,2.07784269887323,0,,1.1656438434358527,0,0.936904366408356,0,0.041141223,0,0.5163496635473257,0,1.2426443,0,-28.877597449516074,0,0.3997218007081436,0
2016-11-16 08:00:00,26.81539661065267,26.81539661065267,26.806735545170138,0.008661065482531427,0,,0.8401882561733212,0,1.0571890722102886,0,0.04364273,0,0.515025142038272,0,1.24225,0,-28.826389450119642,0,0.38694992412746587,0
2016-11-16 09:00:00,26.910654136203675,26.910654136203675,27.981167920741157,1.0705137845374821,0,,0.10849455308975312,0,0.31966516932999206,0,0.043162715,0,0.51466614076939,0,1.2435393,0,-28.76595916443505,0,0.212443095599393,0
2016-11-16 10:00:00,26.97742223414724,26.97742223414724,28.224445555990812,1.247023321843571,0,,0.07554492259596662,0,0.27816677127562395,0,0.043762635,0,0.5217447667930917,0,1.246321,0,-28.69478745755922,0,0.23166413758219528,0
2016-11-16 11:00:00,28.116438217260338,28.116438217260338,28.433761076857845,0.31732285959750683,0,,0.942505016251435,0,1.1486434269587642,0,0.041859243,0,0.5230132297896907,0,1.2475715,0,-28.63884745441143,0,0.43980778958017197,0
2016-11-16 12:00:00,30.584985051035666,30.584985051035666,29.408353124855783,1.1766319261798834,0,,0.3051823067513373,0,0.10921568418174372,0,0.04025129,0,0.5235937600492051,0,1.2484748,0,-28.533941611508222,0,0.24291856348002025,0
2016-11-16 13:00:00,34.72590172206965,34.72590172206965,31.162676228125665,3.5632254939439854,0,,2.246587236902597,0,2.052598497136576,0,0.025596997,0,0.5208952368277336,0,1.2414343,0,-28.513885248316363,0,0.44752149721800705,0
2016-11-16 14:00:00,32.62789182243659,32.62789182243659,33.38727056385916,0.759378741422573,0,,0.7299353746616895,0,0.9160820323189639,0,0.030269494,0,0.5191961632734176,0,1.2350087,0,-28.440177487487475,0,0.3511633788568538,0
2016-11-16 15:00:00,29.860441772470285,29.860441772470285,32.164049631281195,2.30360785881091,0,,0.7625155655374287,0,0.5449869444607801,0,0.037136737,0,0.5163911070195037,0,1.2276678,0,-28.361271421804975,0,0.308295397066262,0
2016-11-16 16:00:00,33.093334961898435,33.093334961898435,31.080244827868132,2.0130901340303033,0,,0.7556164570586115,0,0.5460714525244704,0,0.027657919,0,0.5161786046418875,0,1.2308499,0,-28.260763526687636,0,0.29779969650986343,0
2016-11-16 17:00:00,31.951124057182255,31.951124057182255,33.78471188521956,1.8335878280373024,0,,0.5301673187316496,0,0.3002323493827064,0,0.03463092,0,0.5177956518703092,0,1.2246715,0,-28.190064726694064,0,0.24860900354071827,0
2016-11-16 18:00:00,32.53409996671211,32.53409996671211,33.011831237946886,0.47773127123477366,0,,0.5530769284636089,0,0.7736972913434677,0,0.03721884,0,0.5158699822112253,0,1.2309281,0,-28.02521447548438,0,0.3265048052604957,0
2016-11-16 19:00:00,32.57630648534102,32.57630648534102,33.636492069976605,1.0601855846355832,0,,0.10241643821968104,0,0.31357561998614547,0,0.04077242,0,0.5170433322036073,0,1.2279817,0,-27.84858403374566,0,0.23179059180576633,0
2016-11-16 20:00:00,34.406715727982444,34.406715727982444,33.65001110742977,0.7567046205526751,0,,0.3267465993369908,0,0.5312108705881937,0,0.045169204,0,0.5190679800987219,0,1.2383007,0,-27.919143515647665,0,0.30424886191198786,0
2016-11-16 21:00:00,34.06408195351702,34.06408195351702,34.67901203500567,0.6149300814886516,0,,0.2363460308237891,0,0.4406402357054086,0,0.04970959,0,0.5182174105342725,0,1.2358942,0,-27.81913995497587,0,0.29438543247344456,0
2016-11-16 22:00:00,36.7922564574017,36.7922564574017,34.18463398507239,2.607622472329311,0,,0.8152514572490999,0,0.6224788308494128,0,0.041983794,0,0.5175480956111497,0,1.2467506,0,-27.86640937358957,0,0.3818917551846232,0
2016-11-16 23:00:00,37.75772850606789,37.75772850606789,35.878856895201096,1.8788716108667955,0,,0.46349029802804603,0,0.26456878110805754,0,0.049936578,0,0.5203501955376534,0,1.2520221,0,-27.797518812471285,0,0.3256196256954982,0
2016-11-17 00:00:00,36.20781524515109,36.20781524515109,34.35880463027,1.849010614881088,0,,1.2590785905593893,0,1.0740641955082328,0,0.056161273,0,0.5135313432044221,0,1.2515361,0,-28.03921222962136,0,0.47888214466363177,0
2016-11-17 01:00:00,34.43280189760132,34.43280189760132,31.485701965118466,2.947099932482857,0,,1.6355435660605302,0,1.407688089445966,0,0.04584046,0,0.517575140625913,0,1.2465376,0,-28.51487461081797,0,0.46016691957511385,0
2016-11-17 02:00:00,29.92140657046764,29.92140657046764,28.87202509248945,1.0493814779781871,0,,0.18446141896342888,0,0.39470932615073556,0,0.0380258,0,0.5216874219002202,0,1.2511194,0,-28.584153478034015,0,0.25126454223571065,0
2016-11-17 03:00:00,24.009784813541163,24.009784813541163,25.19257302143474,1.1827882078935765,0,,0.6208002694182495,0,0.4277326782208534,0,0.03999341,0,0.5203592674727345,0,1.2496101,0,-28.664889207010873,0,0.308168942842691,0
2016-11-17 04:00:00,22.664777884512752,22.664777884512752,21.260632294597297,1.404145589915455,0,,0.7713171154138785,0,0.9918234361130118,0,0.048337232,0,0.5236670964536019,0,1.2484629,0,-28.642855648043692,0,0.42513909964592816,0
2016-11-17 05:00:00,20.661117474283945,20.661117474283945,21.529606783786164,0.8684893095022197,0,,0.2447274013053077,0,0.014515968296499725,0,0.046616405,0,0.5224798290312747,0,1.2522055,0,-28.489029471052167,0,0.23684876074860903,0
2016-11-17 06:00:00,25.020159038578583,25.020159038578583,25.454343855087558,0.43418481650897434,0,,0.572050002192258,0,0.8040205455114477,0,0.047035187,0,0.5159109275170249,0,1.2537271,0,-28.324633505493377,0,0.36722306525037934,0
2016-11-17 07:00:00,25.32791409288909,25.32791409288909,26.548959189509173,1.2210450966200845,0,,0.5000068747894137,0,0.27005314202853986,0,0.04091088,0,0.5147674101861297,0,1.2535914,0,-28.2890909593742,0,0.2708649468892261,0
2016-11-17 08:00:00,25.267652577789708,25.267652577789708,26.676175108735446,1.4085225309457385,0,,0.36219704031314726,0,0.11765265313279412,0,0.040172525,0,0.5148687430192309,0,1.2550621,0,-28.236773592017762,0,0.23482549317147194,0
2016-11-17 09:00:00,26.435978653481374,26.435978653481374,27.18249137744905,0.7465127239676761,0,,0.07486383866785094,0,0.1702210950518467,0,0.040420648,0,0.5182992371894571,0,1.2594192,0,-28.16369613150501,0,0.22521497218007078,0
2016-11-17 10:00:00,30.167317516661313,30.167317516661313,28.261296628428994,1.9060208882323195,0,,0.42250085231116047,0,0.17806991187729593,0,0.038872372,0,0.5225574693517101,0,1.2618767,0,-28.11366559149414,0,0.2804754678806272,0
2016-11-17 11:00:00,30.456314108050478,30.456314108050478,30.751087996059766,0.2947738880092885,0,,0.9430092615488893,0,1.170136058805026,0,0.0417003,0,0.5231545687758882,0,1.2611791,0,-28.133607929686757,0,0.4676277187658067,0
2016-11-17 12:00:00,31.762953894249797,31.762953894249797,30.90761761773811,0.8553362765116859,0,,0.03498387521715626,0,0.2755948926041034,0,0.038171466,0,0.5229462025663925,0,1.2616621,0,-28.17889843506558,0,0.2460799190692969,0
2016-11-17 13:00:00,33.103300048295715,33.103300048295715,32.044205807959685,1.0590942403360302,0,,0.013501884651252238,0,0.2173670872371822,0,0.034638256,0,0.5264689156826993,0,1.256535,0,-28.262533515708853,0,0.23621648963075362,0
2016-11-17 14:00:00,32.92890571330951,32.92890571330951,33.204498630236856,0.27559291692734433,0,,0.803236938601767,0,1.0085976088853332,0,0.028438007,0,0.5276832345768074,0,1.2571189,0,-28.256251069175704,0,0.42387455741021746,0
2016-11-17 15:00:00,31.76969524124027,31.76969524124027,32.91212738837317,1.1424321471329009,0,,0.0413403082716576,0,0.16496051702878564,0,0.0351678,0,0.5223704922838415,0,1.2534813,0,-28.267197170724085,0,0.2156044511886697,0
2016-11-17 16:00:00,33.712948211822166,33.712948211822166,32.303733013453915,1.4092151983682513,0,,0.06898733184614335,0,0.13912197340010377,0,0.03313714,0,0.5261793975872537,0,1.2538904,0,-28.240133486571864,0,0.2298937784522003,0
2016-11-17 17:00:00,31.715764832422252,31.715764832422252,33.60144472590008,1.8856798934778283,0,,0.9046728081155884,0,0.725413032733729,0,0.040820893,0,0.5206159598700218,0,1.2606951,0,-28.38237109138996,0,0.4071825998988367,0
2016-11-17 18:00:00,33.34100434477816,33.34100434477816,32.31766296464347,1.0233413801346956,0,,0.5338660683249637,0,0.7627870756600437,0,0.04522105,0,0.5220015206379469,0,1.2661299,0,-28.45382480805403,0,0.37278705108750637,0
2016-11-17 19:00:00,32.27118945316538,32.27118945316538,33.58363226398157,1.3124428108161936,0,,0.6093242229001127,0,0.3919425263357938,0,0.040531512,0,0.5225610935360441,0,1.2668002,0,-28.495847306620927,0,0.32789580171977745,0
2016-11-17 20:00:00,33.524191964511985,33.524191964511985,32.84114087791198,0.6830510866000026,0,,0.8420900971002118,0,1.0816516128269995,0,0.039935026,0,0.5199837507524766,0,1.2692002,0,-28.525388587879938,0,0.4214719271623672,0
2016-11-17 21:00:00,34.177218448317,34.177218448317,33.72451693863494,0.4527015096820577,0,,0.8239171506223553,0,1.0429711082722368,0,0.051299665,0,0.5146972422356995,0,1.2707958,0,-28.685002804707107,0,0.4231158320687911,0
2016-11-17 22:00:00,31.421199338127394,31.421199338127394,34.27529100217311,2.8540916640457183,0,,1.8455358371495345,0,1.6907635083566899,0,0.038401783,0,0.5135244397389188,0,1.2725788,0,-28.578086663247856,0,0.45422357106727357,0
2016-11-17 23:00:00,34.17135650322244,34.17135650322244,32.22952753596106,1.9418289672613795,0,,0.3111469701824259,0,0.1139863141261513,0,0.05201748,0,0.511214659833827,0,1.2803342,0,-28.97105429795901,0,0.23760748609003537,0
2016-11-18 00:00:00,35.250843897925876,35.250843897925876,33.93590513491167,1.3149387630142044,0,,0.04282632321642757,0,0.2466378347448623,0,0.049876455,0,0.5111661546348617,0,1.2834439,0,-29.11412375743188,0,0.21813353566009105,0
2016-11-18 01:00:00,30.00376766996831,30.00376766996831,33.101540755029504,3.0977730850611955,0,,1.9837539166649332,0,1.884547321485214,0,0.052725803,0,0.5150468892028821,0,1.2821904,0,-29.114297619458362,0,0.4828022255943349,0
2016-11-18 02:00:00,28.11318474228536,28.11318474228536,27.564205413017238,0.5489793292681213,0,,0.21987613193101674,0,0.43893960279679844,0,0.05298455,0,0.5200428677046464,0,1.2869519,0,-29.133659722505012,0,0.2903388973191705,0
2016-11-18 03:00:00,27.152461573988848,27.152461573988848,24.832238691129394,2.320222882859454,0,,0.047869226544015715,0,0.2521151590811652,0,0.044310357,0,0.5218312987055592,0,1.289107,0,-29.244954720895766,0,0.23216995447647956,0
2016-11-18 04:00:00,21.996334059266342,21.996334059266342,23.04936193777267,1.0530278785063274,0,,0.48816303994774135,0,0.30922139727239883,0,0.0488043,0,0.5264504721012803,0,1.2876067,0,-29.335553855108348,0,0.31815882650480526,0
2016-11-18 05:00:00,20.9208330662276,20.9208330662276,20.41092999049081,0.5099030757367906,0,,0.7072240703890714,0,0.9891423597584321,0,0.04496202,0,0.5224605538781836,0,1.2858205,0,-29.238794328285472,0,0.4016186140617097,0
2016-11-18 06:00:00,25.74719368051973,25.74719368051973,25.67362617168816,0.07356750883156948,0,,0.9185759573337016,0,1.1674115487364276,0,0.043593418,0,0.519610553572876,0,1.287413,0,-29.061087918723803,0,0.43310571573090545,0
2016-11-18 07:00:00,26.214541548320945,26.214541548320945,26.892877528283012,0.6783359799620676,0,,0.10887900447611266,0,0.30580989601297254,0,0.044416573,0,0.5228118861411215,0,1.2903061,0,-28.99093386664224,0,0.25796661608497723,0
2016-11-18 08:00:00,27.019745859519954,27.019745859519954,27.074758373808734,0.05501251428878007,0,,0.8306166025826891,0,1.0405984826990295,0,0.04285695,0,0.5187902096779143,0,1.2911385,0,-28.940761209596758,0,0.4146433990895296,0
2016-11-18 09:00:00,26.269087409979086,26.269087409979086,28.00637560622856,1.737288196249473,0,,0.6442909471719754,0,0.453896491528142,0,0.038283866,0,0.5179979870448677,0,1.2919928,0,-28.889228197827826,0,0.3142387455741022,0
2016-11-18 10:00:00,28.661926592354025,28.661926592354025,27.968605744503478,0.693320847850547,0,,0.6250968063902839,0,0.8289841321726682,0,0.037386898,0,0.5225573308347413,0,1.2894657,0,-28.88305530253424,0,0.3739251390996459,0
2016-11-18 11:00:00,29.117872946201214,29.117872946201214,30.077221987851058,0.959349041649844,0,,0.07395464153793993,0,0.2544943139007322,0,0.039272677,0,0.5277429496934839,0,1.2907262,0,-28.916985357063684,0,0.25290844714213456,0
2016-11-18 12:00:00,33.627655956221325,33.627655956221325,30.71048040665552,2.9171755495658047,0,,1.473936626109951,0,1.346248887870698,0,0.038903594,0,0.527773206537078,0,1.2910634,0,-28.79679758707746,0,0.48634294385432475,0
2016-11-18 13:00:00,36.86553150529522,36.86553150529522,34.149980056023395,2.7155514492718282,0,,1.4392645453205435,0,1.3105486293380402,0,0.03972998,0,0.5298996275893355,0,1.28511,0,-28.616465999348033,0,0.4920333839150228,0
2016-11-18 14:00:00,32.72695972243079,32.72695972243079,35.92417757216148,3.1972178497306913,0,,1.5079541938011478,0,1.3812752241498558,0,0.038320586,0,0.5331671456274348,0,1.2831213,0,-28.691507212887313,0,0.4941831057157309,0
2016-11-18 15:00:00,34.081961106318886,34.081961106318886,32.933782835965005,1.1481782703538812,0,,0.16311892525451993,0,0.307014788596362,0,0.054469272,0,0.5276108449554092,0,1.2844235,0,-28.53081987141812,0,0.3137329286798179,0
2016-11-18 16:00:00,40.99736285893363,40.99736285893363,34.10553590529698,6.891826953636645,0,,4.464754644398232,1,4.306380730760817,1,0.05278671,0,0.529738141319281,0,1.2642403,0,-28.32082907225924,0,0.5806777946383409,0
2016-11-18 17:00:00,41.935282884601534,41.935282884601534,38.31492435101507,3.6203585335864616,0,,2.2912631600922118,0,2.061302510546138,0,0.08321192,0,0.5332221501732776,0,1.2581282,0,-28.049367876340224,0,0.6093829033889732,0
2016-11-18 18:00:00,38.8161120907982,38.8161120907982,38.886369773917565,0.07025768311936531,0,,0.5231461645764842,0,0.6754285124639289,0,0.07283311,0,0.5351330671662147,0,1.2619303,0,-27.730942206976263,0,0.4654779969650987,0
2016-11-18 19:00:00,36.6260691392325,36.6260691392325,36.42860245071238,0.19746668852011595,0,,0.623220016351756,0,0.758538020040747,0,0.06591957,0,0.5353475790200013,0,1.2527663,0,-27.548780231172476,0,0.4825493171471927,0
2016-11-18 20:00:00,34.40994001804792,34.40994001804792,35.79798593924562,1.3880459211977012,0,,0.6906558819433097,0,0.5117942805326084,0,0.07899525,0,0.5321850988092064,0,1.2507966,0,-27.219775016889024,0,0.4729387961557916,0
2016-11-18 21:00:00,33.115317256003024,34.40994001804792,34.28915414011071,1.1738368841076863,1,flatline,0.5631687398260927,0,0.6831790564184275,0,0.10181439,0,0.528604983270463,0,1.2459828,0,-27.26207329715945,0,0.48950429944360146,0
2016-11-18 22:00:00,33.08776596721629,34.40994001804792,33.4302241427503,0.3424581755340057,1,flatline,0.38937599695179576,0,0.5131307351300243,0,0.097097725,0,0.5301062237602999,0,1.2420917,0,-27.456404502355877,0,0.4310824481537683,0
2016-11-18 23:00:00,30.538675207551147,34.40994001804792,33.0489718191808,2.510296611629652,1,flatline,0.9464588157882994,0,1.0425259106292617,0,0.07131126,0,0.5194242740840747,0,1.2426363,0,-27.56805724912912,0,0.5061962569549824,0
2016-11-19 00:00:00,31.74273003683126,34.40994001804792,30.526911608753498,1.215818428077764,1,flatline,0.4399362330826422,0,0.5191724144585295,0,0.06679184,0,0.522026468430883,0,1.2402086,0,-28.097853887962422,0,0.35799190692969146,0
2016-11-19 01:00:00,29.797718354233982,34.40994001804792,30.23490571362126,0.43718735938727704,1,flatline,0.15911979017736644,0,0.06858033656315517,0,0.07971058,0,0.5257413273619824,0,1.2404381,0,-28.59620346720319,0,0.27731411229135056,0
2016-11-19 02:00:00,32.06836406039074,34.40994001804792,27.593435445943623,4.474928614447119,1,flatline,1.4013239522175132,0,1.270914170157424,0,0.08937294,0,0.5323593504073542,0,1.2419393,0,-28.711360438485027,0,0.5427415275670208,0
2016-11-19 03:00:00,26.84960132459557,34.40994001804792,27.913382756234185,1.0637814316386134,1,flatline,3.139408366527568,0,2.9138683772894143,0,0.08821956,0,0.5433417534674722,0,1.2425829,0,-28.626031182592495,0,0.6107738998482549,0
2016-11-19 04:00:00,20.074917091135724,20.074917091135724,23.362179992631923,3.2872629014961987,0,,5.347188568589842,1,5.074081231551153,1,0.09005632,0,0.5463454874587621,0,1.2348522,0,-28.70679560566016,0,0.621901871522509,0
2016-11-19 05:00:00,18.77223415458581,18.77223415458581,18.72541739920345,0.046816755382359077,0,,0.8621851503921785,0,0.9866648312635794,0,0.12794821,0,0.547050080873832,0,1.2353857,0,-28.4007180912479,0,0.5585483055134041,0
2016-11-19 06:00:00,23.6580648039157,23.6580648039157,23.71357633732805,0.055511533412349934,0,,0.9253840944965799,0,1.0164495439150079,0,0.13392174,0,0.5476601154280949,0,1.2311294,0,-28.098149073973868,0,0.5819423368740516,0
2016-11-19 07:00:00,24.47467068642901,24.47467068642901,25.34082471369625,0.866154027267239,0,,0.21004601321954922,0,0.3293217761560118,0,0.13068745,0,0.5501397912632394,0,1.2137951,0,-28.01754152459588,0,0.41009104704097116,0
2016-11-19 08:00:00,26.846318664711085,26.846318664711085,25.900652156427146,0.9456665082839386,0,,0.22753382259184038,0,0.3056533276744642,0,0.13167061,0,0.5479078440378443,0,1.206889,0,-27.98269844634511,0,0.3978249873545776,0
2016-11-19 09:00:00,29.985888608942886,29.985888608942886,28.250069952426703,1.7358186565161837,0,,0.3540023786999574,0,0.21248261339333402,0,0.1309046,0,0.5458033750825467,0,1.1979052,0,-27.97972471599033,0,0.3879615579160344,0
2016-11-19 10:00:00,27.18827843296449,27.18827843296449,31.062392534972503,3.8741141020080114,0,,2.149001135371267,0,1.9366931944934769,0,0.13493283,0,0.5533954601154415,0,1.1896156,0,-28.064396754009692,0,0.6287303995953465,0
2016-11-19 11:00:00,33.50455400791828,33.50455400791828,29.455938599741398,4.048615408176882,0,,2.272827620257236,0,2.0556364164134466,0,0.14197798,0,0.5540220897682576,0,1.1807749,0,-28.13772459949251,0,0.6249367728882146,0
2016-11-19 12:00:00,35.91852561157307,35.91852561157307,34.805038592689144,1.113487018883923,0,,0.11855258797355513,0,0.005801790096535027,0,0.14957392,0,0.5508447669632976,0,1.1841873,0,-28.018308257417768,0,0.3449671219018715,0
2016-11-19 13:00:00,35.529289226763595,35.529289226763595,36.249081361140306,0.7197921343767106,0,,0.3733791564078239,0,0.4457470557815131,0,0.1321825,0,0.5537225699616709,0,1.1816014,0,-28.1151451771816,0,0.42261001517450675,0
2016-11-19 14:00:00,39.42429476805101,39.42429476805101,35.87721324025558,3.5470815277954344,0,,1.7671626974044095,0,1.5525151285505072,0,0.10736271,0,0.5544438032825736,0,1.1822249,0,-28.036052128486517,0,0.5980020232675771,0
2016-11-19 15:00:00,37.13078745767019,37.13078745767019,38.22732508032431,1.0965376226541252,0,,0.11855228773818569,0,0.005801645898941883,0,0.10784311,0,0.5555264878138093,0,1.1787649,0,-28.078010274000604,0,0.32840161861406175,0
2016-11-19 16:00:00,37.52324849965092,37.52324849965092,36.58164689248429,0.941601607166632,0,,0.5679833141577206,0,0.6349082956299622,0,0.106273174,0,0.5549928887230235,0,1.1812274,0,-27.81977687485676,0,0.47685887708649477,0
2016-11-19 17:00:00,39.4732424501175,39.4732424501175,37.57324781740843,1.899994632709074,0,,0.13188754176122283,0,0.040331229806573166,0,0.10795999,0,0.5569015464179401,0,1.1870087,0,-27.30655439934894,0,0.37063732928679816,0
2016-11-19 18:00:00,35.93816356816677,35.93816356816677,39.05291049258428,3.11474692441751,0,,1.8961600234133693,0,1.7665918828032803,0,0.11750836,0,0.5572205954371345,0,1.1958809,0,-26.611365146757983,0,0.6666666666666666,0
2016-11-19 19:00:00,32.21667277641674,32.21667277641674,36.14539943096626,3.9287266545495143,0,,2.598445372146915,0,2.4323726800441565,0,0.135592,0,0.5597916681860852,0,1.1897997,0,-26.58985086494314,0,0.6946130500758726,0
2016-11-19 20:00:00,33.04878373865286,33.04878373865286,33.20777896511808,0.15899522646522257,0,,0.3528986009057133,0,0.44440129081769975,0,0.16050197,0,0.5604726760432475,0,1.1893853,0,-26.677145136699096,0,0.4954476479514416,0
2016-11-19 21:00:00,34.033013424252395,34.033013424252395,33.719728043735245,0.3132853805171507,0,,0.6542613508582785,0,0.728879827351179,0,0.14135355,0,0.556844331829759,0,1.1961809,0,-26.655103547624076,0,0.56398583712696,0
2016-11-19 22:00:00,38.755147568130184,38.755147568130184,33.843845896100056,4.9113016720301275,0,,2.021932221119114,0,1.8682806937414074,0,0.146185,0,0.5506852529270944,0,1.1996466,0,-26.751562363940252,0,0.6640111279716743,0
2016-11-19 23:00:00,39.90322023438802,39.90322023438802,36.161377098196475,3.741843136191548,0,,1.4355389246619576,0,1.2945214329796635,0,0.19859378,0,0.5486858962362577,0,1.1889354,0,-26.723425896051964,0,0.6392261001517451,0
2016-11-20 00:00:00,36.09116150987322,36.09116150987322,35.67951135929909,0.41165015057412546,0,,0.6925383576890776,0,0.7549733456569694,0,0.19495825,0,0.5505261291792242,0,1.1872543,0,-26.632340319634867,0,0.5551340414769853,0
2016-11-20 01:00:00,30.497934266972326,30.497934266972326,32.65895447800873,2.161020211036405,0,,2.056164982508992,0,1.8879847621382275,0,0.17760997,0,0.5480687802961737,0,1.1886714,0,-26.598589556139597,0,0.6600910470409712,0
2016-11-20 02:00:00,27.433339345724647,27.433339345724647,27.697480229589022,0.26414088386437484,0,,1.0135210384666715,0,0.8654761075245431,0,0.20024008,0,0.5521570400690851,0,1.1843896,0,-26.627942995024267,0,0.6135558927668184,0
2016-11-20 03:00:00,24.642382594902422,24.642382594902422,24.450815541003607,0.19156705389881523,0,,0.4804423373894458,0,0.35466664968296774,0,0.19848923,0,0.5509943048459056,0,1.1776198,0,-26.604357686732268,0,0.47142134547293885,0
2016-11-20 04:00:00,21.491557738115418,21.491557738115418,21.910239432799084,0.41868169468366645,0,,0.09633847346728495,0,0.004957900542250176,0,0.11753211,0,0.5526552271130185,0,1.1809701,0,-26.39257591294693,0,0.36545270612038444,0
2016-11-20 05:00:00,19.52860789046214,19.52860789046214,20.118808747663284,0.5902008572011432,0,,0.24702450209174162,0,0.34092300829496763,0,0.12102279,0,0.5525607684051701,0,1.1798832,0,-26.189387828253118,0,0.4319676277187658,0
2016-11-20 06:00:00,23.903946381646975,23.903946381646975,24.512183757661003,0.6082373760140278,0,,0.6478125954286844,0,0.7222101253421701,0,0.10628119,0,0.5556870814497096,0,1.1871742,0,-25.87374834565474,0,0.5419828022255943,0
2016-11-20 07:00:00,24.97537323473961,24.97537323473961,25.680709294159783,0.7053360594201727,0,,0.4282831978161563,0,0.5182764260332218,0,0.09578851,0,0.5531757951724507,0,1.1872813,0,-25.799146670831046,0,0.4710419828022256,0
2016-11-20 08:00:00,25.14798013168314,25.14798013168314,26.21059161249706,1.062611480813917,0,,0.23280610573916727,0,0.3270109519502604,0,0.08748118,0,0.5550518213602748,0,1.1883273,0,-25.763365427944045,0,0.424886191198786,0
2016-11-20 09:00:00,27.042549002148558,27.042549002148558,26.990025159126493,0.052523843022065364,0,,0.8897928431336971,0,0.9402327355829613,0,0.08494431,0,0.5544673015609706,0,1.1910106,0,-25.712213373141196,0,0.5828275164390492,0
2016-11-20 10:00:00,28.03501498125105,28.03501498125105,29.056883708901363,1.0218687276503147,0,,0.2929218202802841,0,0.37036757480488425,0,0.081626676,0,0.5558185801933925,0,1.1895549,0,-25.687497706196677,0,0.4353818917551846,0
2016-11-20 11:00:00,30.383918370276422,30.383918370276422,30.10530405041133,0.2786143198650919,0,,0.5956969149246512,0,0.6680661101863079,0,0.06968773,0,0.5552316187089426,0,1.1885265,0,-25.67461662957451,0,0.49772382397572074,0
2016-11-20 12:00:00,34.23320061133927,34.23320061133927,32.35794976478031,1.8752508465589628,0,,0.6507404907194071,0,0.5655148484531416,0,0.06738793,0,0.5543829502793214,0,1.1791973,0,-25.96751105146254,0,0.4734446130500758,0
2016-11-20 13:00:00,34.82672805874991,34.82672805874991,35.209876728410144,0.38314866966023686,0,,0.8260890532611026,0,0.8920475450666341,0,0.050727736,0,0.553050524585835,0,1.1768758,0,-26.20974580600741,0,0.5048052604957006,0
2016-11-20 14:00:00,39.75901521032342,39.75901521032342,35.189672327597954,4.569342882725465,0,,2.86523211662724,0,2.719742900808717,0,0.04622324,0,0.5562466663448757,0,1.1655954,0,-26.621627425606764,0,0.5877592311583206,0
2016-11-20 15:00:00,36.920927767492664,36.920927767492664,38.557107949856125,1.6361801823634607,0,,0.2943923355742823,0,0.18882882621618166,0,0.035709664,0,0.5607334094175727,0,1.1647296,0,-26.358388693025955,0,0.3281487101669196,0
2016-11-20 16:00:00,36.7734980862568,36.7734980862568,36.361073587224126,0.4124244990326744,0,,0.6024989723213651,0,0.6785299798335255,0,0.03466539,0,0.5631550295589905,0,1.162438,0,-26.599613818027578,0,0.43285280728376324,0
2016-11-20 17:00:00,39.317019851239806,39.317019851239806,36.5119670338626,2.8050528173772094,0,,1.175265486214948,0,1.0208419467516088,0,0.033540662,0,0.5581081189748147,0,1.1429318,0,-27.36018672711592,0,0.48520485584218515,0
2016-11-20 18:00:00,41.03487960122342,41.03487960122342,38.21806471465599,2.8168148865674354,0,,1.4351690346908592,0,1.2646940612508966,0,0.02992318,0,0.5487969777341453,0,1.1355014,0,-28.229876714790237,0,0.4334850784016186,0
2016-11-20 19:00:00,38.81933674796946,38.81933674796946,39.0819373018693,0.26260055389984416,0,,0.6973373197816629,0,0.7764203564625274,0,0.045192823,0,0.5494424143123878,0,1.1372757,0,-28.071053538828433,0,0.3896054628224583,0
2016-11-20 20:00:00,38.09479328585118,38.09479328585118,37.82978353908599,0.2650097467651946,0,,0.9645239777697053,0,1.0219295090884601,0,0.0397286,0,0.5505024976786017,0,1.1390069,0,-27.85835949912278,0,0.45207384926656546,0
2016-11-20 21:00:00,37.57454051922829,37.57454051922829,37.397411980392874,0.17712853883541868,0,,0.6362154039403077,0,0.6920210262970333,0,0.0408956,0,0.5522937733528468,0,1.1375598,0,-27.709174080592692,0,0.3882144663631765,0
2016-11-20 22:00:00,37.88493359567366,37.88493359567366,36.91792680011,0.9670067955636554,0,,0.6737748482460046,0,0.7149190083658644,0,0.045920733,0,0.5503414122732037,0,1.1348273,0,-27.45573783402491,0,0.4046535154274153,0
2016-11-20 23:00:00,38.47846141019008,38.47846141019008,36.93528870086789,1.5431727093221852,0,,0.20180665406622011,0,0.2542419835641691,0,0.034313437,0,0.5527012262920384,0,1.1306525,0,-27.382825684306617,0,0.2654274152756702,0
2016-11-21 00:00:00,34.193339164432814,34.193339164432814,36.10220674384376,1.9088675794109449,0,,0.7777724760215248,0,0.676710561683579,0,0.026716014,0,0.5538055940432386,0,1.1401999,0,-27.247422638597996,0,0.39403136064744554,0
2016-11-21 01:00:00,33.3272287003848,33.3272287003848,31.35828670745367,1.968941992931132,0,,0.05023403040551247,0,0.1086468289438154,0,0.027308797,0,0.552466339217474,0,1.1421967,0,-27.218426150070137,0,0.23103186646433993,0
2016-11-21 02:00:00,28.32160817698697,28.32160817698697,29.511078895521745,1.1894707185347748,0,,0.4717911679020173,0,0.3840963488425225,0,0.028702414,0,0.5531612980941998,0,1.144943,0,-27.018276454174433,0,0.3227111785533637,0
2016-11-21 03:00:00,24.640741264960177,24.640741264960177,24.65180216211067,0.011060897150493076,0,,0.5094821528275091,0,0.5517230679155065,0,0.02875802,0,0.551142010444296,0,1.1431395,0,-27.062483037271512,0,0.3404147698533131,0
2016-11-21 04:00:00,25.36455161683585,25.36455161683585,21.927390370102085,3.4371612467337656,0,,1.0608157646375518,0,0.9498919731821246,0,0.033430293,0,0.558428547633552,0,1.12512,0,-27.101704731598396,0,0.4740768841679312,0
2016-11-21 05:00:00,22.70710150988547,22.70710150988547,23.393399157634928,0.6862976477494591,0,,0.223028790922721,0,0.13200799235774147,0,0.047828462,0,0.5650538988606649,0,1.1252728,0,-27.276399284356124,0,0.3179059180576631,0
2016-11-21 06:00:00,28.98187455033773,28.98187455033773,27.096471609968756,1.885402940368973,0,,0.5521285330265057,0,0.4344752045550957,0,0.05401658,0,0.5618990368723237,0,1.1181681,0,-27.587795170509473,0,0.3920080930703085,0
2016-11-21 07:00:00,29.568807296610924,29.568807296610924,29.50130876523774,0.0674985313731824,0,,0.8999367453322128,0,0.9466718967649366,0,0.059548993,0,0.558765703170841,0,1.1199781,0,-27.727736247628837,0,0.5007587253414264,0
2016-11-21 08:00:00,28.2572727513826,28.2572727513826,29.652848516897922,1.3955757655153214,0,,0.17938038574434562,0,0.07516398212643584,0,0.051499795,0,0.5607254554783413,0,1.1194422,0,-27.818324133803916,0,0.28502781992918563,0
2016-11-21 09:00:00,29.330223896506002,29.330223896506002,28.87051056317802,0.4597133333279828,0,,0.5641103342284829,0,0.6357132433690929,0,0.052573662,0,0.5614571244697665,0,1.1233052,0,-27.830540667751333,0,0.4132524026302478,0
2016-11-21 10:00:00,31.004411113872514,31.004411113872514,30.055041854323207,0.9493692595493073,0,,0.0764621416395638,0,0.15857159086034686,0,0.054596778,0,0.5569907028674911,0,1.1204698,0,-27.773398281998738,0,0.2878098128477491,0
2016-11-21 11:00:00,29.306717287426533,29.306717287426533,31.51388901993181,2.2071717325052767,0,,0.7300243381536237,0,0.6448513770176677,0,0.05248199,0,0.5558737803311945,0,1.1202494,0,-27.766723619606534,0,0.4218512898330804,0
2016-11-21 12:00:00,28.482813181398644,28.482813181398644,30.369197642644675,1.8863844612460312,0,,0.485501078132589,0,0.4067467106615804,0,0.049512397,0,0.5528672645144743,0,1.122824,0,-27.80168331028526,0,0.3416793120890238,0
2016-11-21 13:00:00,32.77004545940273,32.77004545940273,30.10755037067896,2.6624950887237695,0,,1.4734223229277337,0,1.3887433217517848,0,0.05077712,0,0.550414810056909,0,1.1377827,0,-27.86074753194121,0,0.5050581689428427,0
2016-11-21 14:00:00,34.42928465712343,34.42928465712343,33.24193155004023,1.1873531070832044,0,,0.127878498916991,0,0.026490543455400868,0,0.051731914,0,0.5552343440150808,0,1.1340643,0,-27.95436910467762,0,0.2589782498735458,0
2016-11-21 15:00:00,33.63146651421741,33.63146651421741,34.282721345528294,0.6512548313108866,0,,0.7102357313469478,0,0.7786903209307773,0,0.042400528,0,0.554686779416041,0,1.1348791,0,-28.438911994815655,0,0.3846737481031866,0
2016-11-21 16:00:00,40.973621393931424,40.973621393931424,34.0460937702985,6.927527623632926,0,,4.770268148287855,1,4.583734307009828,1,0.04042271,0,0.5448385351506211,0,1.1369125,0,-28.680472125733427,0,0.48431967627718775,0
2016-11-21 17:00:00,36.035179346850946,36.035179346850946,38.001456396556684,1.966277049705738,0,,0.569612691489831,0,0.47358334831224336,0,0.054349925,0,0.5470391397556693,0,1.1426834,0,-28.397207533960096,0,0.33915022761760244,0
2016-11-21 18:00:00,42.90251263574223,42.90251263574223,35.58925081644073,7.313261819301495,0,,4.867112668464792,1,4.6091463072401,1,0.055757824,0,0.5494468363744046,0,1.1431528,0,-28.58330702687635,0,0.5376833586241782,0
2016-11-21 19:00:00,51.04014058663981,51.04014058663981,40.060019923551835,10.980120663087973,0,,8.556786146663688,1,8.165813449600707,1,0.061799783,0,0.5428107909048531,0,1.1555774,0,-28.31989037810318,0,0.5507081436519979,0
2016-11-21 20:00:00,44.80443775537957,44.80443775537957,46.792935228472494,1.9884974730929272,0,,0.5011031842289227,0,0.4065499008314161,0,0.12051495,0,0.5414204181900715,0,1.1745534,0,-27.12792095801717,0,0.42336874051593326,0
2016-11-21 21:00:00,39.636205845327005,39.636205845327005,41.22723103780544,1.5910251924784333,0,,0.056364236111619344,0,0.14205972283501297,0,0.12575398,0,0.5373529558119692,0,1.182668,0,-26.61742075701883,0,0.3453464845725847,0
2016-11-21 22:00:00,37.03963288986901,37.03963288986901,38.71531389889441,1.6756810090253964,0,,0.7451939364403029,0,0.6442161638351049,0,0.12058882,0,0.5358094264569809,0,1.1892972,0,-26.59824802517831,0,0.49519473950429943,0
2016-11-21 23:00:00,32.577185703684044,32.577185703684044,36.6444278545516,4.067242150867557,0,,2.8768413175302605,0,2.7772799443190324,0,0.11228762,0,0.5362441873509551,0,1.1927323,0,-26.743136244101606,0,0.6278452200303489,0
2016-11-22 00:00:00,30.200730934095493,30.200730934095493,32.32916432754562,2.128433393450127,0,,0.9451040787573776,0,0.8442591389119213,0,0.15720013,0,0.5298257275432341,0,1.1914678,0,-26.63824670367651,0,0.5574102175012646,0
2016-11-22 01:00:00,29.06165636893035,29.06165636893035,28.82344919680163,0.2382071721287211,0,,0.5128348952348701,0,0.6086820276223869,0,0.16165653,0,0.5338647200291844,0,1.2048885,0,-26.198213344949878,0,0.494436014162873,0
2016-11-22 02:00:00,30.821223677691588,30.821223677691588,26.658323182945594,4.162900494745994,0,,1.8198492003983475,0,1.7195854957380168,0,0.15423667,0,0.5371978746032223,0,1.2039993,0,-26.25249452298677,0,0.6423874557410217,0
2016-11-22 03:00:00,25.96945145065128,25.96945145065128,26.363426987527276,0.3939755368759954,0,,0.6521982835397603,0,0.7219033089517221,0,0.14765447,0,0.5395045472756093,0,1.1906564,0,-26.20604394214612,0,0.5226353060192211,0
2016-11-22 04:00:00,21.45084570711677,21.45084570711677,23.045361708456934,1.594516001340164,0,,0.45191802607506015,0,0.3665602737698979,0,0.14709307,0,0.5383622622462204,0,1.1922117,0,-26.20134990577479,0,0.44613050075872535,0
2016-11-22 05:00:00,21.485871269583686,21.485871269583686,20.8264386675496,0.6594326020340873,0,,0.5937308986882393,0,0.67349617409707,0,0.17658769,0,0.5335906524639966,0,1.194283,0,-26.240350008312728,0,0.5104957005563986,0
2016-11-22 06:00:00,25.58030262057033,25.58030262057033,26.390383259028976,0.810080638458647,0,,0.2796332153272643,0,0.33874006769259374,0,0.20242918,0,0.5388058400981278,0,1.1887453,0,-26.314019688796783,0,0.4320940819423369,0
2016-11-22 07:00:00,26.902505856311468,26.902505856311468,26.88633325591208,0.016172600399386283,0,,0.7602903711211891,0,0.8159960297751799,0,0.19679362,0,0.5368773055226852,0,1.1910152,0,-26.30963538468212,0,0.5504552352048558,0
2016-11-22 08:00:00,26.852034134599432,26.852034134599432,27.761933006674393,0.9098988720749617,0,,0.17833725549406668,0,0.2336562282226059,0,0.18714638,0,0.5446464370015239,0,1.1927291,0,-26.3550519454183,0,0.41831057157309054,0
2016-11-22 09:00:00,28.876065451055766,28.876065451055766,28.093181989618884,0.7828834614368816,0,,0.29228451442149234,0,0.3476792008116442,0,0.17506135,0,0.5433601521319631,0,1.1853632,0,-26.37290646094064,0,0.4334850784016186,0
2016-11-22 10:00:00,35.78340645556271,35.78340645556271,29.652064807241985,6.131341648320728,0,,4.183570976110737,1,4.023058643786925,1,0.16072549,0,0.5465911057730373,0,1.183772,0,-26.40515832877465,0,0.6807030854830551,0
2016-11-22 11:00:00,34.554731310043145,34.554731310043145,34.3480133111306,0.20671799891254494,0,,0.4081341021582825,0,0.4803786689956087,0,0.16392243,0,0.5481021043278868,0,1.1840088,0,-26.373148267928144,0,0.47243297926150735,0
2016-11-22 12:00:00,40.00580500775434,40.00580500775434,32.92861802474661,7.077186983007728,0,,4.918711718962517,1,4.850006640532016,1,0.16015519,0,0.5431391530825018,0,1.1836505,0,-26.2892295679211,0,0.6794385432473445,0
2016-11-22 13:00:00,37.5909545528623,37.5909545528623,37.20363054442928,0.3873240084330192,0,,0.7421516514750773,0,0.7801370484709489,0,0.127944,0,0.5444524869399673,0,1.1888902,0,-25.93483363665321,0,0.5429944360141629,0
2016-11-22 14:00:00,39.68808449994078,39.68808449994078,35.197753549501016,4.490330950439763,0,,2.4240776785464324,0,2.2673610858706685,0,0.154312,0,0.5390559129185966,0,1.1924678,0,-25.749648153290156,0,0.6622407688416793,0
2016-11-22 15:00:00,34.6485235328734,34.6485235328734,37.03489624635865,2.386372713485251,0,,1.2502129404322724,0,1.1226295474465326,0,0.1689593,0,0.5417129447758727,0,1.194418,0,-25.639784768381446,0,0.6308801213960545,0
2016-11-22 16:00:00,34.78598739350043,34.78598739350043,33.995496192488226,0.7904912010122018,0,,0.7740411508909805,0,0.8154711011057556,0,0.14651363,0,0.54648755809243,0,1.1984957,0,-25.55922438856489,0,0.5765048052604957,0
2016-11-22 17:00:00,39.75256663019247,39.75256663019247,35.00677239642704,4.74579423376543,0,,2.596876342123397,0,2.4339306570317527,0,0.09546169,0,0.5464112097834507,0,1.2005134,0,-25.44772166059469,0,0.6573090541224077,0
2016-11-22 18:00:00,38.05024206260561,38.05024206260561,37.52029011653874,0.5299519460668733,0,,0.8141240734491905,0,0.835006363340542,0,0.09230337,0,0.5498021485948064,0,1.1941185,0,-25.19716584817042,0,0.5648710166919575,0
2016-11-22 19:00:00,37.55343781057251,37.55343781057251,37.365761588467,0.18767622210550883,0,,0.9577422613190534,0,0.9710947972294095,0,0.09237597,0,0.5443130711830999,0,1.1912794,0,-25.158186223998385,0,0.5828275164390491,0
2016-11-22 20:00:00,35.31767036568846,35.31767036568846,37.72596039555524,2.4082900298667838,0,,1.538188795878814,0,1.4190964960202606,0,0.08461376,0,0.546893951326796,0,1.1918795,0,-25.23333961810158,0,0.6138088012139605,0
2016-11-22 21:00:00,33.898773486585064,33.898773486585064,36.00169416023678,2.1029206736517168,0,,1.1209096745852083,0,0.9911720786955179,0,0.0879282,0,0.5501213651521323,0,1.1946927,0,-25.2595665240987,0,0.6033131006575619,0
2016-11-22 22:00:00,40.03745980494958,40.03745980494958,34.68628697024733,5.351172834702247,0,,3.1584398735643626,0,2.9164091373628365,0,0.111497186,0,0.5469824586371298,0,1.2068881,0,-25.347290048220255,0,0.6815882650480526,0
2016-11-22 23:00:00,36.305417658871654,36.305417658871654,37.585627603257755,1.280209944386101,0,,0.8610232395251666,0,0.8815317938407256,0,0.13975699,0,0.5428231059669845,0,1.20732,0,-25.233781043212545,0,0.5935761254425898,0
2016-11-23 00:00:00,28.283329323097963,28.283329323097963,33.72631000563291,5.442980682534948,0,,3.370088055285963,0,3.1163928838879835,0,0.14640374,0,0.5438250825956663,0,1.2101724,0,-25.645629312991097,0,0.6941072331815882,0
2016-11-23 01:00:00,30.133904099227134,30.133904099227134,26.602716875057713,3.5311872241694218,0,,1.1531655362066566,0,1.0015023467859754,0,0.14143328,0,0.5422636739609659,0,1.1998941,0,-26.104369306880617,0,0.6105209914011128,0
2016-11-23 02:00:00,24.72052289569789,24.72052289569789,27.169328554971045,2.4488056592731553,0,,1.8616263511277558,0,1.645049648083722,0,0.123287626,0,0.5434665149680944,0,1.1975956,0,-26.10359730295631,0,0.6380880121396055,0
2016-11-23 03:00:00,20.823113912869008,20.823113912869008,22.42343985265157,1.6003259397825609,0,,0.8444043113025181,0,0.6954349591749412,0,0.11432326,0,0.5469610472063334,0,1.1993891,0,-26.00775156244598,0,0.5550075872534143,0
2016-11-23 04:00:00,19.951961618038887,19.951961618038887,19.96138448919915,0.009422871160264634,0,,0.69662155866876,0,0.7168987344549648,0,0.113791384,0,0.5488019167130569,0,1.2036722,0,-25.8041601392789,0,0.5452706120384421,0
2016-11-23 05:00:00,20.14247703624668,20.14247703624668,19.98487901438003,0.15759802186665084,0,,0.9683237565637333,0,0.9659108868126168,0,0.10623873,0,0.5540297907606232,0,1.2072914,0,-25.402753012948438,0,0.6270864946889226,0
2016-11-23 06:00:00,25.84652516246395,25.84652516246395,25.31532334358487,0.531201818879083,0,,0.5537695714533232,0,0.5910973031089397,0,0.10835683,0,0.550286546402859,0,1.2112657,0,-25.22745018773434,0,0.5214972180070815,0
2016-11-23 07:00:00,27.420325629377608,27.420325629377608,27.003346754854334,0.41697887452327365,0,,0.9365701136510128,0,0.932352799654895,0,0.10991605,0,0.5480915294943035,0,1.2208009,0,-25.213602312432116,0,0.616464339908953,0
2016-11-23 08:00:00,26.18605230426639,26.18605230426639,27.973162674438466,1.7871103701720763,0,,0.6072944817072367,0,0.49294156439207854,0,0.111248426,0,0.551108825888206,0,1.2198949,0,-25.1654575994015,0,0.5298431967627719,0
2016-11-23 09:00:00,27.268060247255093,27.268060247255093,27.458194946176913,0.19013469892182044,0,,0.7334819049243693,0,0.7572410927410336,0,0.107390076,0,0.5494686661013259,0,1.2222829,0,-25.091180537729926,0,0.5739757207890743,0
2016-11-23 10:00:00,26.994510090440382,26.994510090440382,28.545269870517668,1.5507597800772857,0,,0.3181138192657402,0,0.19476266363759115,0,0.10432547,0,0.5383847172237258,0,1.2299541,0,-25.000570548195356,0,0.4270359129994942,0
2016-11-23 11:00:00,29.703926406733057,29.703926406733057,28.50659298218672,1.1973334245463363,0,,0.02025414050660442,0,0.08238592326549778,0,0.10059038,0,0.5441704262643625,0,1.2348081,0,-24.905109338375993,0,0.3921345472938796,0
2016-11-23 12:00:00,30.773741481898735,30.773741481898735,30.410088454158167,0.3636530277405683,0,,0.565556962046159,0,0.6152712439171283,0,0.09869227,0,0.5400558099532795,0,1.2359426,0,-24.833919586205283,0,0.5223823975720788,0
2016-11-23 13:00:00,30.217730685001445,30.217730685001445,31.3687528932406,1.151022208239155,0,,0.10671753501634017,0,0.17094238475509219,0,0.08740816,0,0.5469001674136439,0,1.23198,0,-24.816066584564197,0,0.4122407688416793,0
2016-11-23 14:00:00,30.573554111258964,30.573554111258964,31.238784537244708,0.6652304259857438,0,,0.602456939370102,0,0.6465449986408424,0,0.08993229,0,0.5383517352852042,0,1.2375822,0,-24.641615327035815,0,0.526302478502782,0
2016-11-23 15:00:00,28.04152183942457,28.04152183942457,31.807441547011138,3.765919707586569,0,,1.8858849183598392,0,1.7357653279617318,0,0.056504916,0,0.5356115017382614,0,1.2318758,0,-24.53683745956047,0,0.6101416287303996,0
2016-11-23 16:00:00,28.601665237863422,28.601665237863422,30.22972724300863,1.6280620051452068,0,,0.16093231108283257,0,0.08516992957036822,0,0.06388965,0,0.5355118631015494,0,1.2566379,0,-24.296846403519826,0,0.38581183611532627,0
2016-11-23 17:00:00,29.978561085798244,29.978561085798244,30.95607711030154,0.977516024503295,0,,0.40031920075385546,0,0.4358485995657269,0,0.061415788,0,0.5359686485155981,0,1.2698917,0,-24.33700935173192,0,0.4635811836115326,0
2016-11-23 18:00:00,29.4767738775725,29.4767738775725,32.06201998303849,2.5852461054659877,0,,0.661861171152281,0,0.5655839062433559,0,0.056945413,0,0.5328892269974451,0,1.2917385,0,-24.209912197602698,0,0.513277693474962,0
2016-11-23 19:00:00,26.833304948364045,26.833304948364045,31.727651656393377,4.894346708029332,0,,2.707344342274876,0,2.5087281938423485,0,0.059963703,0,0.5296920944501969,0,1.3142434,0,-24.43258734754353,0,0.67298937784522,0
2016-11-23 20:00:00,24.86302822000124,24.86302822000124,29.41133798356034,4.5483097635591,0,,2.5329619746708736,0,2.291840599787002,0,0.066275924,0,0.5290651392739394,0,1.3111511,0,-25.49694495364035,0,0.6592058674759737,0
2016-11-23 21:00:00,26.934248575341005,26.934248575341005,27.467113842285574,0.5328652669445688,0,,0.8145664702612192,0,0.8523986085402351,0,0.07891131,0,0.5308044993648136,0,1.3170999,0,-25.861956126434265,0,0.5781487101669196,0
2016-11-23 22:00:00,31.177047012172665,31.177047012172665,29.052577726359132,2.1244692858135323,0,,1.5791219849939733,0,1.3458213362222875,0,0.05215263,0,0.5332608017432735,0,1.338739,0,-26.086129104377406,0,0.6144410723318159,0
2016-11-23 23:00:00,29.9067516159548,29.9067516159548,31.662880369155662,1.756128753200862,0,,0.09556176457504457,0,0.1656701772697044,0,0.06852733,0,0.5331278137664867,0,1.337032,0,-26.369482151560323,0,0.38834092058674763,0
2016-11-24 00:00:00,26.650117512183115,26.650117512183115,29.17094603109437,2.520828518911255,0,,1.123812687869957,0,0.9494254558661368,0,0.045116525,0,0.5315106057926967,0,1.3410025,0,-26.365701640504017,0,0.5618361153262519,0
2016-11-24 01:00:00,24.627727365060252,24.627727365060252,25.62522608907679,0.9974987240165376,0,,0.02859036309493832,0,0.09292684734041906,0,0.03258422,0,0.536788207899679,0,1.3381026,0,-26.20573001630139,0,0.3125948406676783,0
2016-11-24 02:00:00,22.148599992047526,22.148599992047526,23.03588107932062,0.8872810872730952,0,,0.25573312912236545,0,0.3029200025480604,0,0.039914086,0,0.5411190281197652,0,1.339309,0,-26.014121998705278,0,0.3923874557410218,0
2016-11-24 03:00:00,22.51576597736522,22.51576597736522,20.833365219406073,1.6824007579591473,0,,0.5932826472865761,0,0.4819938418472793,0,0.042189956,0,0.5379735556122506,0,1.3483111,0,-25.862763329140343,0,0.4633282751643905,0
2016-11-24 04:00:00,21.520867463588203,21.520867463588203,21.683841871971108,0.16297440838290456,0,,0.8887337628795923,0,0.888128163282821,0,0.039684977,0,0.5397050340613728,0,1.3525774,0,-25.71937802587583,0,0.5531107738998483,0
2016-11-24 05:00:00,20.79951929017879,20.79951929017879,21.44118250403922,0.6416632138604292,0,,0.4452290823525435,0,0.4626125069208691,0,0.040304407,0,0.53969196203424,0,1.3540183,0,-25.66303060812369,0,0.4428426909458776,0
2016-11-24 06:00:00,25.36698442683971,25.36698442683971,25.73917076725138,0.37218634041166965,0,,0.49078964904852806,0,0.515864673593659,0,0.030507876,0,0.5373544638737962,0,1.3554732,0,-25.472825091991794,0,0.4384167931208902,0
2016-11-24 07:00:00,25.56239409930606,25.56239409930606,26.50153267142628,0.9391385721202177,0,,0.22334343758645198,0,0.15891083839579961,0,0.02858433,0,0.5326939606604748,0,1.3457396,0,-25.388610874474058,0,0.3476226605968639,0
2016-11-24 08:00:00,25.42478376347283,25.42478376347283,26.175003827528126,0.750220064055295,0,,0.12617391262565442,0,0.14832008392976068,0,0.02727896,0,0.5318829779190652,0,1.3482496,0,-25.287260937276237,0,0.33472432979261507,0
2016-11-24 09:00:00,25.75372963182631,25.75372963182631,26.152628730238963,0.39889909841265236,0,,0.363701219497571,0,0.3596046044961332,0,0.02816902,0,0.5342167605024241,0,1.3524798,0,-25.155291288955453,0,0.39656044511886696,0
2016-11-24 10:00:00,26.767357515391602,26.767357515391602,26.566350887019535,0.20100662837206684,0,,0.8991783507973109,0,0.8243144329671764,0,0.028666819,0,0.5407724032531533,0,1.3445851,0,-25.03073095104255,0,0.5414769853313101,0
2016-11-24 11:00:00,29.325534303719778,29.325534303719778,27.445221886795007,1.8803124169247702,0,,0.536926648882815,0,0.4913875178013439,0,0.028077362,0,0.5424565872453015,0,1.3409119,0,-25.075029779009647,0,0.4465098634294386,0
2016-11-24 12:00:00,28.08223341154099,28.08223341154099,29.525075874108285,1.4428424625672953,0,,0.18848449781103402,0,0.14899675235447135,0,0.035806563,0,0.5424324719459817,0,1.3420379,0,-25.078519923379314,0,0.3739251390996459,0
2016-11-24 13:00:00,29.470325710435556,29.470325710435556,28.59446114256524,0.8758645678703161,0,,0.2522938579442426,0,0.267489258789645,0,0.037281927,0,0.5403767458639536,0,1.322866,0,-25.355809151351373,0,0.3855589276681841,0
2016-11-24 14:00:00,29.67139229941835,29.67139229941835,29.85101036610064,0.17961806668228775,0,,0.7933122832793789,0,0.7786908706228831,0,0.033277947,0,0.5393945165069196,0,1.3155717,0,-25.54776502889075,0,0.5084724329792615,0
2016-11-24 15:00:00,31.447285140640485,31.447285140640485,30.01328263879112,1.4340025018493634,0,,0.1532213661739335,0,0.10261539071699352,0,0.027242312,0,0.5327434689617357,0,1.308103,0,-25.833241923469593,0,0.3170207384926656,0
2016-11-24 16:00:00,38.204705490585695,38.204705490585695,31.07976459232364,7.124940898262054,0,,4.649649190406756,1,4.244699030144805,1,0.03015191,0,0.5356648536971065,0,1.2986155,0,-25.852675100019894,0,0.6153262518968133,0
2016-11-24 17:00:00,35.34463575365035,35.34463575365035,35.23640807497153,0.10822767867882277,0,,0.8238661106101135,0,0.7495988272467308,0,0.0340218,0,0.5319530291537994,0,1.3028367,0,-25.643650286554372,0,0.49329792615073337,0
2016-11-24 18:00:00,29.901182713049103,29.901182713049103,32.615559026127094,2.7143763130779917,0,,1.2572694473018005,0,1.0908214430891503,0,0.039075207,0,0.5306291699097322,0,1.3040144,0,-25.853586426533244,0,0.558295397066262,0
2016-11-24 19:00:00,27.186637103022246,27.186637103022246,29.79362520126769,2.606988098245445,0,,1.6286069281609392,0,1.421090404008328,0,0.050440744,0,0.5302034130896984,0,1.3117721,0,-26.022470253257254,0,0.6025543753161354,0
2016-11-24 20:00:00,24.558526457112826,24.558526457112826,27.69894848445209,3.1404220273392625,0,,1.5105100974732064,0,1.2697371962348594,0,0.04987049,0,0.5296407476464288,0,1.3298823,0,-26.181430930377143,0,0.5950935761254427,0
2016-11-24 21:00:00,23.667825045287756,23.667825045287756,25.610693900855207,1.9428688555674505,0,,0.17724499923200443,0,0.05339828086732642,0,0.051316053,0,0.5235018764102745,0,1.3166041,0,-26.22584620700175,0,0.33371269600404646,0
2016-11-24 22:00:00,24.162841492172404,24.162841492172404,24.96651240252848,0.8036709103560753,0,,0.9546696525818452,0,0.9663084303296711,0,0.047504093,0,0.5270170952751954,0,1.3324379,0,-26.205289060813364,0,0.5555134041476986,0
2016-11-24 23:00:00,22.871589495399185,22.871589495399185,24.714560853093996,1.842971357694811,0,,0.13782589706835882,0,0.027640084417673013,0,0.048333585,0,0.5200348397049667,0,1.3771074,0,-26.913155942391583,0,0.3075366717248356,0
2016-11-25 00:00:00,22.0867265154683,22.0867265154683,22.932489040344155,0.8457625248758553,0,,0.36979674801888485,0,0.43419316908906347,0,0.049400512,0,0.515412365990315,0,1.3601971,0,-27.36490591197804,0,0.36342943854324733,0
2016-11-25 01:00:00,20.356615711395534,20.356615711395534,21.671891110409973,1.315275399014439,0,,0.27266069930141706,0,0.15269249695210152,0,0.05218632,0,0.521816017981731,0,1.3597447,0,-27.34313805053677,0,0.3443348507840162,0
2016-11-25 02:00:00,20.381851296922214,20.381851296922214,19.793859927042114,0.5879913698801005,0,,0.5515520330389173,0,0.6090474016966788,0,0.054342967,0,0.5262249263778318,0,1.3413299,0,-27.39482403981805,0,0.45156803237228127,0
2016-11-25 03:00:00,19.537547650415963,19.537547650415963,19.94936104069358,0.41181339027761865,0,,0.6222880857752159,0,0.6707835687299947,0,0.047429916,0,0.5303387221169416,0,1.339923,0,-27.285400487578112,0,0.4690187152250885,0
2016-11-25 04:00:00,19.563604084466657,19.563604084466657,19.337080239250373,0.22652384521628477,0,,0.7667673486752001,0,0.7506399411695305,0,0.048458565,0,0.5314514038537761,0,1.3431363,0,-27.218705403133345,0,0.5030349013657056,0
2016-11-25 05:00:00,19.263176461524353,19.263176461524353,19.815225483436354,0.5520490219120013,0,,0.6476922010468624,0,0.6489567941180426,0,0.043131057,0,0.5355300328291119,0,1.3427478,0,-27.114488405762263,0,0.4692716236722306,0
2016-11-25 06:00:00,24.568286698484883,24.568286698484883,24.603005727625526,0.03471902914064273,0,,0.964397278445189,0,0.9400775551085071,0,0.044241056,0,0.5224651673225937,0,1.3421671,0,-27.01413242710094,0,0.5180829539706626,0
2016-11-25 07:00:00,25.36698442683971,25.36698442683971,25.74442564175446,0.37744121491475013,0,,0.14790224630949061,0,0.18954126104928773,0,0.051409286,0,0.525422624844625,0,1.3456339,0,-26.984727886624732,0,0.35192210419828024,0
2016-11-25 08:00:00,24.642382594902422,24.642382594902422,25.933317779387526,1.2909351844851038,0,,0.3519240369071858,0,0.2272034605340921,0,0.05500868,0,0.5192056703223212,0,1.3446826,0,-26.989999821714587,0,0.36077389984825486,0
2016-11-25 09:00:00,24.67984060026742,24.67984060026742,25.59554564795053,0.9157050476831117,0,,0.29126313247055574,0,0.17082893845733887,0,0.052900117,0,0.5167208642708915,0,1.3500186,0,-26.999863216701783,0,0.3363682346990389,0
2016-11-25 10:00:00,25.797694587141272,25.797694587141272,25.905513921824177,0.10781933468290461,0,,0.3557127069926663,0,0.43758893598608506,0,0.045197204,0,0.5174218563570567,0,1.3665036,0,-26.960552999993517,0,0.3644410723318159,0
2016-11-25 11:00:00,27.443920252067826,27.443920252067826,26.92604981840405,0.5178704336637772,0,,0.8878849974994787,0,0.9249989741350384,0,0.04217112,0,0.5248881630862419,0,1.3678613,0,-26.987140638446654,0,0.5159332321699545,0
2016-11-25 12:00:00,26.030533447168892,26.030533447168892,28.352921856432243,2.3223884092633504,0,,1.1287854862395443,0,0.949170818797215,0,0.036643893,0,0.5247159327408827,0,1.383748,0,-27.060902600705933,0,0.5231411229135053,0
2016-11-25 13:00:00,30.081146134493892,30.081146134493892,27.330133215233587,2.7510129192603046,0,,1.2159870093969625,0,1.0302105632260152,0,0.04737371,0,0.5241872370928251,0,1.3864739,0,-27.05708789290846,0,0.5556398583712696,0
2016-11-25 14:00:00,30.56388179172121,30.56388179172121,30.777132866278393,0.2132510745571814,0,,0.7526321175190492,0,0.753627114441348,0,0.055232406,0,0.5205996053140465,0,1.391735,0,-27.001497720946542,0,0.4931714719271623,0
2016-11-25 15:00:00,28.25730202806855,28.25730202806855,30.825768936721985,2.568466908653434,0,,1.2272944737570075,0,1.0293845708811358,0,0.060605686,0,0.5159438867990219,0,1.400919,0,-27.147626754514004,0,0.5510875063227112,0
2016-11-25 16:00:00,29.044597949931937,29.044597949931937,29.162999003561964,0.11840105363002706,0,,0.8791131662331018,0,0.8616829305210638,0,0.053960636,0,0.5210804771833275,0,1.3793056,0,-27.161639533897908,0,0.5190945877592311,0
2016-11-25 17:00:00,30.742965903046528,30.742965903046528,29.85474094092491,0.8882249621216189,0,,0.15933066799267095,0,0.14419855851676502,0,0.01903896,0,0.5328152221730253,0,1.3737227,0,-26.734196350165444,0,0.31082448153768333,0
2016-11-25 18:00:00,29.657616609136763,29.657616609136763,30.508089177650003,0.8504725685132399,0,,0.32497479785305944,0,0.29813804791976567,0,0.014471187,0,0.5288649225931187,0,1.369806,0,-26.18275709666564,0,0.3473697521497218,0
2016-11-25 19:00:00,29.104829999056445,29.104829999056445,29.083166310704666,0.021663688351779342,0,,0.9450251074737234,0,0.8743747557803265,0,0.021460207,0,0.5308806660568977,0,1.3533359,0,-25.930460700429084,0,0.5158067779463834,0
2016-11-25 20:00:00,24.668439028953117,24.668439028953117,28.4987585586163,3.830319529663182,0,,2.2313408721857377,0,2.054918354381673,0,0.029554004,0,0.5302205862627641,0,1.3510362,0,-25.79728530195145,0,0.5935761254425898,0
2016-11-25 21:00:00,25.251385753573466,25.251385753573466,24.40751198793556,0.8438737656379054,0,,0.2552965868999798,0,0.23084161935550276,0,0.036575306,0,0.5268223452703048,0,1.3453829,0,-25.73204230997843,0,0.35622154779969656,0
2016-11-25 22:00:00,24.514561501797868,24.514561501797868,24.90693358181125,0.39237208001338075,0,,0.7034287951255387,0,0.6427724622541121,0,0.033576597,0,0.5301648061446143,0,1.3559818,0,-25.692370392811636,0,0.47281234193222055,0
2016-11-25 23:00:00,25.947498157903308,25.947498157903308,23.96624729172268,1.981250866180627,0,,0.7126734924024262,0,0.6081379997270957,0,0.035608996,0,0.5229136057108736,0,1.3345764,0,-25.575003792709577,0,0.44739504299443605,0
2016-11-26 00:00:00,24.19783768617692,24.19783768617692,24.775702320747957,0.5778646345710357,0,,0.5716416820942921,0,0.5854257103855764,0,0.043636736,0,0.5241552725567188,0,1.3220582,0,-25.563621979589303,0,0.4465098634294385,0
2016-11-26 01:00:00,21.280701722851056,21.280701722851056,22.78686955770932,1.5061678348582639,0,,0.1929488100586186,0,0.12513777329241996,0,0.039562132,0,0.5340311243563984,0,1.3445872,0,-25.543583799014,0,0.3587506322711178,0
2016-11-26 02:00:00,20.122135704978554,20.122135704978554,20.38172036252736,0.2595846575488068,0,,0.685533266126006,0,0.6437496420904963,0,0.03090588,0,0.5470953482004948,0,1.3369936,0,-25.204454333656756,0,0.5005058168942842,0
2016-11-26 03:00:00,19.348673929256194,19.348673929256194,19.57787446508283,0.22920053582663513,0,,0.7900085683690781,0,0.7091588734139397,0,0.028241292,0,0.5494433076136047,0,1.3271148,0,-24.838123024709514,0,0.5289580171977744,0
2016-11-26 04:00:00,19.458586868202264,19.458586868202264,19.06978684979658,0.3888000184056857,0,,0.603577417756584,0,0.5257802975480741,0,0.029984327,0,0.553839021991598,0,1.320287,0,-24.422184550201923,0,0.5029084471421345,0
2016-11-26 05:00:00,19.298202023991266,19.298202023991266,19.62953187727987,0.3313298532886044,0,,0.8252513965895422,0,0.7375855128961241,0,0.030262614,0,0.5505609464575518,0,1.3238455,0,-24.083289224205853,0,0.554375316135559,0
2016-11-26 06:00:00,24.37615968590302,24.37615968590302,24.66067547591832,0.2845157900153019,0,,0.7199804706261669,0,0.6379428298551788,0,0.02852057,0,0.5519802106024702,0,1.3302479,0,-23.731553654278596,0,0.5293373798684876,0
2016-11-26 07:00:00,24.813347794797927,24.813347794797927,25.536852164005996,0.7235043692080687,0,,0.07196026244178581,0,0.017856707383534003,0,0.028201304,0,0.5565020112234468,0,1.3252443,0,-23.58127653716974,0,0.3840414769853313,0
2016-11-26 08:00:00,26.338288501479397,26.338288501479397,25.456159560275292,0.8821289412041047,0,,0.3920419368855525,0,0.32414068105182686,0,0.028107533,0,0.5553501812518558,0,1.321242,0,-23.484664411745666,0,0.4543500252908446,0
2016-11-26 09:00:00,25.93609658658901,25.93609658658901,26.82552903610132,0.8894324495123094,0,,0.051977046823716545,0,0.002099035770587219,0,0.027670048,0,0.5561211045571839,0,1.3168087,0,-23.459718271791576,0,0.3756954982296408,0
2016-11-26 10:00:00,28.715681134559325,28.715681134559325,26.73931020551184,1.9763709290474871,0,,0.41392369084148917,0,0.4500187166551664,0,0.027141208,0,0.5577762825816529,0,1.3120531,0,-23.414600931077988,0,0.4771117855336368,0
2016-11-26 11:00:00,26.935069240312128,26.935069240312128,29.11833043648343,2.1832611961713013,0,,1.0329733253691222,0,1.0451635471889869,0,0.030569414,0,0.5575896418849954,0,1.3094418,0,-23.401178676098166,0,0.6287303995953465,0
2016-11-26 12:00:00,29.235962948427055,29.235962948427055,27.899183578843253,1.3367793695838017,0,,0.011930340156546138,0,0.06354847061153712,0,0.035394445,0,0.5601930992961169,0,1.3009826,0,-23.33221547437074,0,0.3941578148710167,0
2016-11-26 13:00:00,28.87199135699788,28.87199135699788,30.045772800484755,1.1737814434868739,0,,0.05627170732471515,0,0.10323083848763365,0,0.030103296,0,0.5659792192720888,0,1.3018409,0,-23.339388124139557,0,0.41831057157309054,0
2016-11-26 14:00:00,31.182615823301916,31.182615823301916,29.821373472897523,1.3612423504043925,0,,0.08366718995649407,0,0.1316837009782125,0,0.02972255,0,0.5647108853891396,0,1.2982891,0,-23.524435667782967,0,0.4161608497723824,0
2016-11-26 15:00:00,37.96201920156328,37.96201920156328,31.80437547953683,6.1576437220264495,0,,3.9954016503753254,1,3.8902499911544735,1,0.021246389,0,0.5652855672623126,0,1.2966286,0,-23.327877529685434,0,0.7004299443601417,0
2016-11-26 16:00:00,34.6370925930967,34.6370925930967,36.39388329920315,1.7567907061064432,0,,0.5574174311520774,0,0.5737828567276602,0,0.031711493,0,0.5662924961653837,0,1.2962133,0,-23.11352817538742,0,0.5366717248356095,0
2016-11-26 17:00:00,34.18190822465611,34.18190822465611,33.22409069860807,0.9578175260480393,0,,0.36489930872620574,0,0.30167652110502197,0,0.043272574,0,0.5651790749049129,0,1.2910382,0,-23.640942003233413,0,0.4901365705614568,0
2016-11-26 18:00:00,32.088001833431555,32.088001833431555,33.187906305562386,1.0999044721308309,0,,0.30304121576704346,0,0.34602961445418123,0,0.04575232,0,0.5608943378544666,0,1.2840378,0,-23.998540476006408,0,0.4791350531107739,0
2016-11-26 19:00:00,28.704279540300913,28.704279540300913,31.263167703150298,2.558888162849385,0,,1.5004815044200002,0,1.5160242460242006,0,0.04793079,0,0.5566150652187271,0,1.2919797,0,-24.207890147187893,0,0.674886191198786,0
2016-11-26 20:00:00,27.657238445798445,27.657238445798445,28.076951952461012,0.4197135066625677,0,,0.32895291645458435,0,0.2714790403739175,0,0.06111813,0,0.5588920181772784,0,1.3020339,0,-24.364364231908652,0,0.5027819929185635,0
2016-11-26 21:00:00,26.865868332364705,26.865868332364705,27.085565906786744,0.21969757442203885,0,,0.567691035028772,0,0.5140073615321016,0,0.069425605,0,0.5588234389318505,0,1.3069049,0,-24.43501414007981,0,0.5738492665655032,0
2016-11-26 22:00:00,26.440873458398602,26.440873458398602,26.26119965282206,0.17967380557654167,0,,0.7732850081213261,0,0.7155254663734013,0,0.06432767,0,0.5525326392867884,0,1.3095161,0,-24.520638486378722,0,0.6028072837632776,0
2016-11-26 23:00:00,29.896199986297574,29.896199986297574,25.618187325220244,4.27801266107733,0,,2.779681475160026,0,2.8197091469872753,0,0.060777146,0,0.5550639710068125,0,1.308362,0,-24.342302174810968,0,0.7325493171471926,0
2016-11-27 00:00:00,25.537978995197612,25.537978995197612,28.218707822666513,2.6807288274689007,0,,0.9503726840214665,0,0.9964801226946001,0,0.06383976,0,0.5553365311902666,0,1.3188983,0,-24.169195004221915,0,0.6734951947395041,0
2016-11-27 01:00:00,23.03683922540634,23.03683922540634,23.89691655069774,0.8600773252913996,0,,0.3341089709857836,0,0.2813936058252715,0,0.055084676,0,0.55337111992842,0,1.3182763,0,-24.189778916557792,0,0.48533131006575614,0
2016-11-27 02:00:00,22.378185009994386,22.378185009994386,21.739237399956988,0.6389476100373983,0,,0.35325738216826724,0,0.2922752528437085,0,0.048055727,0,0.5562016547368492,0,1.3108422,0,-24.385415542159127,0,0.47888214466363177,0
2016-11-27 03:00:00,21.669058522211724,21.669058522211724,21.51473899969739,0.154319522514335,0,,0.9585571001027859,0,0.8889432236051893,0,0.042003024,0,0.5561540922262923,0,1.3009363,0,-24.611154130126287,0,0.6155791603439554,0
2016-11-27 04:00:00,20.10097352518642,20.10097352518642,21.176512941963463,1.075539416777044,0,,0.008868202127732542,0,0.06568268944304513,0,0.043491516,0,0.5582702633284128,0,1.27099,0,-24.881853529273076,0,0.38088012139605465,0
2016-11-27 05:00:00,19.790756659515438,19.790756659515438,20.005936446656282,0.21517978714084407,0,,0.7713039050577682,0,0.6936137067499698,0,0.049520414,0,0.5584979756285033,0,1.2656969,0,-24.9182339271276,0,0.573343449671219,0
2016-11-27 06:00:00,25.124356140530526,25.124356140530526,25.07375060876169,0.050605531768837864,0,,0.966737012653619,0,0.8880714619302013,0,0.04293802,0,0.5570129073644651,0,1.2515346,0,-24.92073324931471,0,0.59597875569044,0
2016-11-27 07:00:00,25.232656750890968,25.232656750890968,26.155505004025027,0.9228482531340596,0,,0.08697458275003286,0,0.1503825500321454,0,0.03765199,0,0.5563696768771169,0,1.2486049,0,-24.92562113210709,0,0.3746838644410724,0
2016-11-27 08:00:00,25.389787569468314,25.389787569468314,25.96316531482797,0.5733777453596574,0,,0.39904087362362023,0,0.33320733804740543,0,0.03840289,0,0.548719620740317,0,1.253791,0,-24.934786794883124,0,0.41413758219524527,0
2016-11-27 09:00:00,27.902299358558597,27.902299358558597,26.44454121224628,1.4577581463123188,0,,0.024243255228411698,0,0.07882153607225942,0,0.03567298,0,0.5477972572590044,0,1.2512492,0,-24.927877994395516,0,0.3262518968133536,0
2016-11-27 10:00:00,27.837993163751957,27.837993163751957,28.600500128246207,0.7625069644942499,0,,0.24440761311093165,0,0.19122593002582633,0,0.038976368,0,0.5470128768476121,0,1.2380738,0,-25.03416997898115,0,0.35571573090541225,0
2016-11-27 11:00:00,27.107675953702767,27.107675953702767,28.772415336715977,1.6647393830132096,0,,0.4570342243614045,0,0.511139826167811,0,0.03344126,0,0.5499770859249837,0,1.226637,0,-25.14568004720445,0,0.40794132524026305,0
2016-11-27 12:00:00,29.036449770420216,29.036449770420216,28.42730210686852,0.6091476635516955,0,,0.45024909038787014,0,0.3984169007837373,0,0.03609478,0,0.5544270706147532,0,1.2213764,0,-25.30199464530994,0,0.4049064238745574,0
2016-11-27 13:00:00,31.59617994104421,31.59617994104421,30.280630436380722,1.3155495046634869,0,,0.21210742924355294,0,0.2665010506416574,0,0.042837784,0,0.5540931363679531,0,1.2251203,0,-25.557652219975562,0,0.37228123419322207,0
2016-11-27 14:00:00,38.70326891351641,38.70326891351641,32.21802727437624,6.48524163914017,0,,4.335607801176933,1,4.441512602631997,1,0.04368839,0,0.5582754748692456,0,1.2202597,0,-25.76610542041596,0,0.6480778958017197,0
2016-11-27 15:00:00,33.61710460189343,33.61710460189343,37.277743327712706,3.6606387258192754,0,,1.9927706602400723,0,2.055943268191776,0,0.048499484,0,0.5540896923785243,0,1.2266812,0,-25.68750120547012,0,0.6230399595346484,0
2016-11-27 16:00:00,36.17410906085739,36.17410906085739,33.26874140752002,2.905367653337372,0,,1.2355365350286325,0,1.282476044223824,0,0.044534598,0,0.5561939403637115,0,1.2172925,0,-25.809145018462235,0,0.584597875569044,0
2016-11-27 17:00:00,42.52734521284431,42.52734521284431,35.11939677866396,7.407948434180348,0,,5.049700806390528,1,5.119159186714687,1,0.041522928,0,0.5529114019452341,0,1.2194195,0,-25.829941968558888,0,0.6302478502781993,0
2016-11-27 18:00:00,37.2530101876302,37.2530101876302,39.568712468730816,2.315702281100613,0,,0.5612085031204874,0,0.6081237138700716,0,0.07556153,0,0.5517500294308668,0,1.2270509,0,-25.499899065902387,0,0.5061962569549823,0
2016-11-27 19:00:00,42.11583138088315,42.11583138088315,35.10482353577931,7.0110078451038405,0,,4.660159830105029,1,4.737338264604928,1,0.08209907,0,0.5500550013527584,0,1.2316253,0,-25.22784204556328,0,0.6986595852301467,0
2016-11-27 20:00:00,37.48983453155807,37.48983453155807,38.634475737721935,1.1446412061638682,0,,0.0013824337434494315,0,0.005219445763505971,0,0.11173624,0,0.552876007773648,0,1.2467695,0,-24.7245828000791,0,0.42899595346484576,0
2016-11-27 21:00:00,40.10428700692371,40.10428700692371,35.0950973128762,5.009189694047514,0,,3.2265173421333775,0,3.2789945585438764,0,0.10912689,0,0.549458394359645,0,1.2405272,0,-24.63182992273433,0,0.7258472432979262,0
2016-11-27 22:00:00,36.40946791851161,36.40946791851161,36.6611700807529,0.25170216224129405,0,,0.7832292538013526,0,0.8043921007601745,0,0.11996839,0,0.5511280720712916,0,1.2161998,0,-24.371223671191338,0,0.607233181588265,0
2016-11-27 23:00:00,35.618977574079565,35.618977574079565,33.533096971785305,2.08588060229426,0,,0.4560822906035975,0,0.4480705846421372,0,0.10985887,0,0.5487288446510663,0,1.2154729,0,-24.51064887814582,0,0.5013909964592818,0
2016-11-28 00:00:00,42.98721862341245,42.98721862341245,32.07316250004073,10.914056123371722,0,,8.116389652764736,1,8.249061530187308,1,0.095656954,0,0.5513217862057644,0,1.2113208,0,-24.710111231612053,0,0.7157309054122408,0
2016-11-28 01:00:00,31.77702267260847,31.77702267260847,36.70804924411785,4.931026571509381,0,,2.577894111216076,0,2.5875707920740747,0,0.12558758,0,0.5501539740381737,0,1.2158232,0,-24.37957899063213,0,0.7139605462822458,0
2016-11-28 02:00:00,27.195605864332688,27.195605864332688,26.433446786101218,0.7621590782314698,0,,0.48179805018530675,0,0.5041099859431254,0,0.13211794,0,0.5558581893690243,0,1.2102948,0,-24.52060502091622,0,0.5426150733434497,0
2016-11-28 03:00:00,23.817628432496903,23.817628432496903,23.41448901758841,0.4031394149084946,0,,0.7372292926470045,0,0.7577691522505634,0,0.15282801,0,0.5478256135717245,0,1.1954061,0,-24.736635846916933,0,0.5824481537683358,0
2016-11-28 04:00:00,21.878302943102018,21.878302943102018,21.465887499345254,0.412415443756764,0,,0.5578275526622397,0,0.5715355295794756,0,0.15839662,0,0.5595985150132412,0,1.1890335,0,-24.908715514057363,0,0.5627212948912493,0
2016-11-28 05:00:00,21.05108660223024,21.05108660223024,21.077901721559538,0.026815119329299364,0,,0.6593911723243617,0,0.6638387122810558,0,0.15512304,0,0.5666703924448984,0,1.185829,0,-25.09310187097219,0,0.6017956499747092,0
2016-11-28 06:00:00,26.491345180110635,26.491345180110635,25.900327634917655,0.5910175451929796,0,,0.5792088142628053,0,0.5674810981529912,0,0.1513451,0,0.5664186036517197,0,1.1862676,0,-25.275401495315887,0,0.5723318158826504,0
2016-11-28 07:00:00,25.074705083789613,25.074705083789613,27.316910401552704,2.2422053177630907,0,,0.9611608913157478,0,0.9769574502101236,0,0.15428269,0,0.5655068441258011,0,1.1896298,0,-25.394585666136148,0,0.6733687405159333,0
2016-11-28 08:00:00,26.61022651326137,26.61022651326137,26.310859826023176,0.2993666872381944,0,,0.6512920230870287,0,0.6404647776487103,0,0.15664679,0,0.5702486966555277,0,1.1903944,0,-25.44122008788492,0,0.6036924633282751,0
2016-11-28 09:00:00,27.819264069293016,27.819264069293016,28.010133561025594,0.1908694917325775,0,,0.8524881485361809,0,0.8386813881652657,0,0.15368916,0,0.5635005383984276,0,1.1894534,0,-25.531345522571932,0,0.6375821952453212,0
2016-11-28 10:00:00,28.490111381969108,28.490111381969108,29.18295612612719,0.6928447441580836,0,,0.56330707327105,0,0.5477929843994391,0,0.15457778,0,0.5635431866006574,0,1.1893547,0,-25.65475518034699,0,0.5604451188669702,0
2016-11-28 11:00:00,28.950952500581334,28.950952500581334,29.856554917656258,0.905602417074924,0,,0.4265939376020318,0,0.38859101284139674,0,0.15376355,0,0.5620697751035525,0,1.1879382,0,-25.750764160261074,0,0.5130247850278199,0
2016-11-28 12:00:00,38.01917316623521,38.01917316623521,30.313201162496984,7.705972003738228,0,,5.577722493077967,1,5.5899682878611365,1,0.14117703,0,0.5599273872891821,0,1.1849829,0,-25.938335942270495,0,0.7266059686393526,0
2016-11-28 13:00:00,31.28021823702248,31.28021823702248,36.574475358703985,5.294257121681504,0,,2.8033896359071115,0,2.8294813562208176,0,0.15223826,0,0.5599710228252507,0,1.1947025,0,-26.008017945138484,0,0.7230652503793626,0
2016-11-28 14:00:00,28.26134679955226,28.26134679955226,31.5063088362341,3.244962036681841,0,,1.5614022438013264,0,1.5674361981706064,0,0.19513802,0,0.5572034607482362,0,1.202358,0,-26.250706257054794,0,0.6932220536165907,0
2016-11-28 15:00:00,28.98676931940478,28.98676931940478,30.126544408438523,1.1397750890337441,0,,0.3792690049386079,0,0.33729351840111527,0,0.19752358,0,0.5556604739167446,0,1.2077883,0,-26.492238600782677,0,0.4946889226100151,0
2016-11-28 16:00:00,30.645070538913547,30.645070538913547,31.15606141026069,0.5109908713471434,0,,0.9543965885163289,0,0.8957331691214284,0,0.21234219,1,0.5552461098717901,0,1.2083005,0,-26.740285133445788,0,0.641122913505311,0
2016-11-28 17:00:00,30.782827533505877,30.782827533505877,32.731678316573635,1.9488507830677584,0,,0.006109039112792092,0,0.05997884141973556,0,0.20404716,1,0.5522272596593552,0,1.2307634,0,-26.51117368940011,0,0.41906929691451694,0
2016-11-28 18:00:00,32.0097440587865,32.0097440587865,33.04530663507358,1.0355625762870773,0,,0.7929508749573743,0,0.7251514438578073,0,0.15935181,0,0.554299597984076,0,1.2283044,0,-26.62521806830155,0,0.599645928174001,0
2016-11-28 19:00:00,36.511466791053095,36.511466791053095,34.15294798388586,2.3585188071672363,0,,1.7301815064139268,0,1.7853886838602029,0,0.12917316,0,0.5442050592578358,0,1.2242349,0,-26.43420779205973,0,0.6525037936267072,0
2016-11-28 20:00:00,31.456957460178238,31.456957460178238,37.47344325848241,6.016485798304174,0,,3.427684194634329,0,3.417178329418776,0,0.11816132,0,0.5455920849338975,0,1.2492652,0,-25.225962512445818,0,0.7243297926150735,0
2016-11-28 21:00:00,29.484101400717144,29.484101400717144,33.266479668809616,3.7823782680924722,0,,1.6386659012802518,0,1.6429398231328742,0,0.13634261,0,0.5500705168778546,0,1.2440311,0,-24.822022301484207,0,0.7113050075872535,0
2016-11-28 22:00:00,32.43649755299155,32.43649755299155,31.46781742809849,0.9686801248930585,0,,0.336612183351083,0,0.3850588177127528,0,0.13156317,0,0.5450155387514909,0,1.244366,0,-24.779500612208697,0,0.5012645422357106,0
2016-11-28 23:00:00,33.134954845490945,33.134954845490945,33.73492903750363,0.599974192012688,0,,0.9661368421566793,0,0.8524408626271981,0,0.13770227,0,0.540021130214009,0,1.2423863,0,-24.89032853499036,0,0.6363176530096105,0
2016-11-29 00:00:00,30.878964277399913,30.878964277399913,33.018416136690796,2.139451859290883,0,,0.6498406853270489,0,0.7087139568839675,0,0.08953171,0,0.5398330568715101,0,1.2463347,0,-25.04719172592943,0,0.5474203338391502,0
2016-11-29 01:00:00,28.774271813589397,28.774271813589397,29.225889573472724,0.45161775988332664,0,,0.19700011103064347,0,0.10939741416404174,0,0.087345876,0,0.5384590340692545,0,1.237273,0,-25.15963354912985,0,0.39656044511886696,0
2016-11-29 02:00:00,26.32281279021899,26.32281279021899,26.024440225432954,0.29837256478603535,0,,0.7786236432845679,0,0.6629969725946123,0,0.080060326,0,0.5451850620112904,0,1.2423924,0,-25.313542643598705,0,0.5495700556398584,0
2016-11-29 03:00:00,22.22105419141704,22.22105419141704,23.320658615757036,1.0996044243399972,0,,0.24426503884143463,0,0.3256440075794789,0,0.07763569,0,0.5416975809087035,0,1.2295567,0,-25.34526513802452,0,0.4123672230652504,0
2016-11-29 04:00:00,20.88091324950213,20.88091324950213,21.143786440627903,0.2628731911257738,0,,0.46634943941991874,0,0.36255772567006567,0,0.0814457,0,0.5385604075828072,0,1.2270176,0,-25.373322296568823,0,0.4408194233687405,0
2016-11-29 05:00:00,20.85406533538982,20.85406533538982,20.963758989816654,0.10969365442683454,0,,0.816766144671335,0,0.7003238514428987,0,0.08345572,0,0.5345699891529867,0,1.2280314,0,-25.20639083762187,0,0.5332574607991907,0
2016-11-29 06:00:00,25.849778820991823,25.849778820991823,25.92040520068287,0.07062637969104557,0,,0.9373863034938963,0,0.8078766390729907,0,0.074902065,0,0.5333814525495122,0,1.2331069,0,-25.12008520897126,0,0.5561456752655539,0
2016-11-29 07:00:00,27.091408945933637,27.091408945933637,26.752657682197164,0.3387512637364729,0,,0.9187861220900081,0,0.7899074765391049,0,0.072733134,0,0.5362481272676496,0,1.2276804,0,-25.034322600575805,0,0.5504552352048558,0
2016-11-29 08:00:00,27.352736866462923,27.352736866462923,27.33757356222127,0.015163304241653464,0,,0.9301140024549487,0,0.7957813375001815,0,0.069539085,0,0.5369189423922075,0,1.2275578,0,-25.011184234978458,0,0.5514668689934245,0
2016-11-29 09:00:00,29.00388636006968,29.00388636006968,27.57256773087524,1.4313186291944398,0,,0.21784119247356493,0,0.28952573273156434,0,0.07012182,0,0.5359966136637162,0,1.2285106,0,-24.951717814022725,0,0.39276681841173494,0
2016-11-29 10:00:00,31.068599926606012,31.068599926606012,28.881996459837186,2.186603466768826,0,,0.9111461828452067,0,0.9550700535704933,0,0.07459534,0,0.5383753282016862,0,1.2352029,0,-24.885494882079453,0,0.579033889731917,0
2016-11-29 11:00:00,30.678777090313034,30.678777090313034,30.40587964757511,0.27289744273792493,0,,0.4111753362997296,0,0.3143043049182072,0,0.07499474,0,0.5424786026976017,0,1.2318121,0,-24.68503776451773,0,0.4414516944865958,0
2016-11-29 12:00:00,35.55215037210543,35.55215037210543,30.048057728043577,5.504092644061853,0,,3.7094026946972045,1,3.641281397174612,1,0.054312218,0,0.5364732205545151,0,1.2277601,0,-24.57549163849795,0,0.6353060192210419,0
2016-11-29 13:00:00,28.948519770881862,28.948519770881862,33.77387749233531,4.825357721453447,0,,2.830935362883766,0,2.7770690624311887,0,0.025459869,0,0.5385630677311156,0,1.2310792,0,-24.108168758622153,0,0.5815629742033385,0
2016-11-29 14:00:00,32.33713670258493,32.33713670258493,28.992181276941505,3.3449554256434233,0,,1.5691718471948868,0,1.565827900502805,0,0.04201847,0,0.5437454029403271,0,1.2290783,0,-23.829521381416075,0,0.5870005058168942,0
2016-11-29 15:00:00,31.93734841278889,31.93734841278889,31.7416077332776,0.19574067951128882,0,,0.9132524840564482,0,0.7962777494384472,0,0.04627872,0,0.5414021070405447,0,1.2413611,0,-23.685919933765987,0,0.5445118866970158,0
2016-11-29 16:00:00,35.15412106965412,35.15412106965412,31.17059243598064,3.983528633673476,0,,1.9917773315311522,0,1.971511811568579,0,0.044623792,0,0.5337738752797928,0,1.2354501,0,-23.573855574538463,0,0.5973697521497218,0
2016-11-29 17:00:00,33.041455940178885,33.041455940178885,33.024438507011205,0.01701743316768045,0,,0.618965981448737,0,0.5170479173849561,0,0.050368506,0,0.5335946587631366,0,1.2425088,0,-23.679483049654618,0,0.46825998988366213,0
2016-11-29 18:00:00,32.29375801520058,32.29375801520058,32.53306876657618,0.23931075137559787,0,,0.6403808694103112,0,0.5447173407722233,0,0.06449106,0,0.5335868485674935,0,1.2403101,0,-23.661754924437748,0,0.49304501770359127,0
2016-11-29 19:00:00,35.12305217328372,35.12305217328372,32.65683964279463,2.466212530489088,0,,0.838563532489385,0,0.8812756013781526,0,0.04962348,0,0.5296950391672931,0,1.2314712,0,-23.77526299683032,0,0.5207384926656551,0
2016-11-29 20:00:00,33.74313752274376,33.74313752274376,34.94311747786621,1.1999799551224513,0,,0.02815982557987182,0,0.08947398928602128,0,0.06520485,0,0.5283355642887392,0,1.2016776,0,-25.182468496632445,0,0.30273141122913505,0
2016-11-29 21:00:00,34.23173512506563,34.23173512506563,33.67044543882883,0.5612896862368046,0,,0.7783879585221405,0,0.689582734439975,0,0.059121985,0,0.5258535905021899,0,1.1951402,0,-25.859330161864904,0,0.45093576125442597,0
2016-11-29 22:00:00,38.49047825079161,38.49047825079161,33.680869162713876,4.809609088077735,0,,2.678400151800929,0,2.7421030281229433,0,0.0481548,0,0.5194453209037974,0,1.1901697,0,-26.42509703481145,0,0.5164390490642387,0
2016-11-29 23:00:00,34.37242327575813,34.37242327575813,35.5277219298203,1.1552986540621717,0,,0.4864342847094347,0,0.4018139318840658,0,0.05212168,0,0.5201189150147085,0,1.2019134,0,-26.28411005140671,0,0.3380121396054628,0
2016-11-30 00:00:00,34.91055482807711,34.91055482807711,32.483592452186535,2.426962375890575,0,,0.546901987687946,0,0.6343864430408513,0,0.052487772,0,0.5189171397160462,0,1.1935304,0,-26.325976787059517,0,0.3653262518968134,0
2016-11-30 01:00:00,32.18882817011182,32.18882817011182,30.412279922703846,1.7765482474079732,0,,0.5054135132630936,0,0.5995310307626778,0,0.056648012,0,0.5195872038005535,0,1.1728886,0,-26.97979278971222,0,0.3397824987354578,0
2016-11-30 02:00:00,30.857568067673043,30.857568067673043,26.8970381828246,3.9605298848484445,0,,2.3503789032169364,0,2.476927204052196,0,0.06285194,0,0.5202139039243631,0,1.1755117,0,-27.004818295123673,0,0.5208649468892261,0
2016-11-30 03:00:00,25.76184854325612,25.76184854325612,25.34040425520959,0.4214442880465299,0,,0.8080019740979743,0,0.7192875432318211,0,0.074589364,0,0.5268098571068622,0,1.1850842,0,-27.00535629457619,0,0.44992412746585736,0
2016-11-30 04:00:00,22.80400054893161,22.80400054893161,22.192850678027895,0.6111498709037164,0,,0.3826966607610025,0,0.28891069571932065,0,0.0759145,0,0.5246989393812924,0,1.193899,0,-26.88696605226542,0,0.3415528578654527,0
2016-11-30 05:00:00,23.207833793764244,23.207833793764244,21.634295807483266,1.5735379862809786,0,,0.3419811422863073,0,0.24800336247439617,0,0.076063804,0,0.5232251858149743,0,1.1935358,0,-26.797814629594033,0,0.32701062215477994,0
2016-11-30 06:00:00,26.813755280710424,26.813755280710424,27.625454259111844,0.8116989784014201,0,,0.05447020130424709,0,0.030161829015084844,0,0.070796974,0,0.521695898539964,0,1.1963094,0,-26.796262398646657,0,0.25771370763783513,0
2016-11-30 07:00:00,27.862408451413298,27.862408451413298,27.80093233624874,0.06147611516455953,0,,0.7744244763947162,0,0.7112016262757864,0,0.07562082,0,0.5225521211572758,0,1.2035358,0,-26.794716653511255,0,0.44764795144157815,0
2016-11-30 08:00:00,28.369647272248038,28.369647272248038,28.267999184575388,0.10164808767265043,0,,0.8725118959286805,0,0.791518888216619,0,0.07825134,0,0.5151575686159857,0,1.2015632,0,-26.810281079293464,0,0.45030349013657056,0
2016-11-30 09:00:00,27.86158769466573,27.86158769466573,28.622066682703018,0.7604789880372884,0,,0.3977876912052969,0,0.30546942298114466,0,0.07711943,0,0.5187255502250127,0,1.2014035,0,-26.831146151100455,0,0.33131006575619626,0
2016-11-30 10:00:00,29.83025246154869,29.83025246154869,28.434588651830467,1.3956638097182221,0,,0.26045549366715975,0,0.3723478479801129,0,0.077685826,0,0.5221004631089262,0,1.2046859,0,-26.830711021749096,0,0.3388973191704603,0
2016-11-30 11:00:00,28.416044991678636,28.416044991678636,29.982840499059648,1.5667955073810127,0,,0.21682727931715576,0,0.3274222674845663,0,0.07696632,0,0.52427239326751,0,1.2046236,0,-26.960199415309756,0,0.33649468892261,0
2016-11-30 12:00:00,30.62074317308651,30.62074317308651,29.091958861240723,1.5287843118457864,0,,0.43928644869144234,0,0.5386012518765597,0,0.07312713,0,0.5213697724703009,0,1.2022383,0,-26.98891291063036,0,0.36734951947395045,0
2016-11-30 13:00:00,31.58386978292448,31.58386978292448,30.97004077403855,0.6138290088859293,0,,0.3724904597240072,0,0.29731535362258,0,0.054440927,0,0.5198508733877119,0,1.194451,0,-27.567862688461467,0,0.28502781992918563,0
2016-11-30 14:00:00,32.87350981821785,32.87350981821785,31.404599977258798,1.46890984095905,0,,0.3758985814828873,0,0.4602828826869928,0,0.045200627,0,0.5156578774214583,0,1.1863812,0,-27.773450212724896,0,0.26138088012139604,0
2016-11-30 15:00:00,30.22828231465867,30.22828231465867,32.4214918594981,2.1932095448394264,0,,0.7103466683147457,0,0.8108542490023307,0,0.043868687,0,0.5142756240098351,0,1.1807691,0,-28.099293475901916,0,0.32296408700050583,0
2016-11-30 16:00:00,33.20412675208175,33.20412675208175,31.10759812427087,2.09652862781088,0,,0.689188631708915,0,0.7747779926846168,0,0.035057347,0,0.5184314660451901,0,1.194123,0,-28.05689260327195,0,0.3227111785533637,0
2016-11-30 17:00:00,36.014662539019994,36.014662539019994,33.3472002337639,2.6674623052560946,0,,1.0331929100100476,0,1.114791479083335,0,0.041176487,0,0.5175176613375364,0,1.2099832,0,-27.957346173939268,0,0.41906929691451705,0
2016-11-30 18:00:00,35.73533835894503,35.73533835894503,34.342365266337175,1.3929730926078534,0,,0.10019319533331959,0,0.15742374830289957,0,0.050595444,0,0.518072442965676,0,1.2071831,0,-28.03150475428623,0,0.2149721800708144,0
2016-11-30 19:00:00,37.3060613781052,37.3060613781052,34.439102166997166,2.866959211108032,0,,1.1022743656434757,0,1.1856771989591444,0,0.04497245,0,0.515068906661769,0,1.214623,0,-28.03019969044833,0,0.42589782498735457,0
2016-11-30 20:00:00,35.31942953658607,35.31942953658607,35.82387154674003,0.5044420101539586,0,,0.469565560662152,0,0.4184339120312047,0,0.04591007,0,0.5211131804112937,0,1.2325662,0,-28.083834746672313,0,0.30399595346484576,0
2016-11-30 21:00:00,36.67648230757263,36.67648230757263,34.695188918305824,1.9812933892668028,0,,0.20466939828248837,0,0.27032568810192364,0,0.0473136,0,0.5174605250081039,0,1.24346,0,-27.99145377106729,0,0.2620131512392514,0
2016-11-30 22:00:00,34.914072068555,34.914072068555,35.67625757840263,0.762185509847626,0,,0.048819021124837235,0,0.10896994730538892,0,0.04016075,0,0.5139926374742357,0,1.2574968,0,-27.940248341544077,0,0.21509863429438547,0
2016-11-30 23:00:00,34.2496142778675,34.2496142778675,34.32268484784159,0.07307056997409234,0,,0.46724684292935054,0,0.4421297415358472,0,0.051464707,0,0.5188739985631516,0,1.2482218,0,-28.463573654379505,0,0.3152503793626707,0
2016-12-01 00:00:00,36.12135082079481,36.12135082079481,33.06681964562278,3.0545311751720305,0,,0.9143312297270337,0,1.0332386154591064,0,0.047852814,0,0.5099771137128107,0,1.25143,0,-28.79857148265952,0,0.4116084977238239,0
2016-12-01 01:00:00,34.72091899531812,34.72091899531812,32.40071416182618,2.3202048334919425,0,,0.63107657541324,0,0.7172893652137832,0,0.045751203,0,0.5151546551800831,0,1.260818,0,-28.709486038867265,0,0.35116337885685384,0
2016-12-01 02:00:00,31.82597035467496,31.82597035467496,29.56422859271436,2.2617417619606,0,,0.445849368619018,0,0.4992324068545049,0,0.03986488,0,0.5140997599635426,0,1.2568685,0,-28.60677301339134,0,0.2797167425392008,0
2016-12-01 03:00:00,27.00509099678356,27.00509099678356,26.53313882710567,0.4719521696778912,0,,0.916937422822925,0,0.8893979359312385,0,0.040883467,0,0.5216886840269774,0,1.2623292,0,-28.562543011161814,0,0.42362164896307536,0
2016-12-01 04:00:00,24.428243552647793,24.428243552647793,23.00875073849492,1.4194928141528713,0,,0.6701582130253297,0,0.6466761518301174,0,0.041939292,0,0.5201829566202336,0,1.2556721,0,-28.848452488036035,0,0.34699038947900857,0
2016-12-01 05:00:00,21.86443956042724,21.86443956042724,22.395219574765136,0.5307800143378962,0,,0.38096970693489224,0,0.4312249864559073,0,0.035215575,0,0.5209083537331417,0,1.2469069,0,-29.104961467756567,0,0.2526555386949924,0
2016-12-01 06:00:00,25.447586906101435,25.447586906101435,26.36099374923334,0.9134068431319058,0,,0.039446123346600616,0,0.045271089830668486,0,0.037609275,0,0.5163855633616715,0,1.2443937,0,-29.169957459038873,0,0.14845725847243296,0
2016-12-01 07:00:00,25.689394343886608,25.689394343886608,27.199296256370133,1.5099019124835245,0,,0.7929247544805204,0,0.82035803350229,0,0.04103033,0,0.5148664143287983,0,1.2402363,0,-29.131882873172096,0,0.3410470409711684,0
2016-12-01 08:00:00,29.863665878982868,29.863665878982868,27.228729696490763,2.6349361824921047,0,,0.9189341381255225,0,0.9390912232735217,0,0.046423674,0,0.5183064585032532,0,1.240782,0,-29.035746421264694,0,0.39731917046029336,0
2016-12-01 09:00:00,28.36314045996274,28.36314045996274,30.233787922409473,1.8706474624467333,0,,0.5609262818763048,0,0.5663212469472336,0,0.04652333,0,0.5172705552810026,0,1.2400066,0,-29.048246846716307,0,0.298811330298432,0
2016-12-01 10:00:00,27.039295710726467,27.039295710726467,29.150048593841877,2.11075288311541,0,,0.6994638493507043,0,0.6991732060474659,0,0.046545982,0,0.5179252618164373,0,1.2419064,0,-29.03228550310422,0,0.3412999494183106,0
2016-12-01 11:00:00,28.248333174981667,28.248333174981667,28.797757298790444,0.5494241238087767,0,,0.44073759880432356,0,0.4615040153404458,0,0.05038202,0,0.5201405123016716,0,1.2492815,0,-29.018442665961775,0,0.3009610520991401,0
2016-12-01 12:00:00,28.549552048544477,28.549552048544477,29.86320627784242,1.313654229297942,0,,0.12538421855383375,0,0.13250256139648228,0,0.046637874,0,0.5151511267730194,0,1.2490369,0,-29.009340841834817,0,0.19916540212443098,0
2016-12-01 13:00:00,29.609548191301524,29.609548191301524,30.25349838239472,0.6439501910931966,0,,0.6990778592580952,0,0.7151778218841773,0,0.0459224,0,0.5170519943459212,0,1.2505411,0,-29.119676720310625,0,0.3464845725847243,0
2016-12-01 14:00:00,29.21966657219553,29.21966657219553,31.263017434517696,2.0433508623221677,0,,0.3935117015911329,0,0.39453414529446634,0,0.04486562,0,0.5220135816632482,0,1.2535896,0,-29.111404538176036,0,0.27908447142134546,0
2016-12-01 15:00:00,29.68135770703319,29.68135770703319,31.293932085276214,1.6125743782430249,0,,0.26596030910556967,0,0.26365137517047,0,0.04297884,0,0.5199387315017903,0,1.2548689,0,-29.05636764566784,0,0.238745574102175,0
2016-12-01 16:00:00,34.12240882115596,34.12240882115596,31.912508077818643,2.2099007433373146,0,,0.8503037861297382,0,0.8632566910079067,0,0.035370156,0,0.5197709647156586,0,1.2543948,0,-28.996574536217082,0,0.3754425897824987,0
2016-12-01 17:00:00,37.11525300948499,37.11525300948499,34.75122883930414,2.3640241701808478,0,,1.0127120542725734,0,1.0206028039343247,0,0.035253767,0,0.5126835012902843,0,1.2584906,0,-28.754643092247196,0,0.3999747091552858,0
2016-12-01 18:00:00,39.45301859269897,39.45301859269897,35.617770407906434,3.8352481847925333,0,,2.063822860816923,0,2.099166443162046,0,0.039977383,0,0.5187972423450795,0,1.2525483,0,-28.555570750861392,0,0.473823975720789,0
2016-12-01 19:00:00,37.93446717856499,37.93446717856499,36.99701362197482,0.9374535565901638,0,,0.26126736762665836,0,0.25041199673875414,0,0.040494666,0,0.518985062396701,0,1.2479174,0,-28.368608544132528,0,0.2436772888214466,0
2016-12-01 20:00:00,33.9304282837803,33.9304282837803,36.56446462882139,2.634036345041089,0,,0.7896197635699109,0,0.7944759344360186,0,0.039135676,0,0.5210601883255482,0,1.2415485,0,-28.34338121355195,0,0.37771876580677793,0
2016-12-01 21:00:00,32.43063560789699,32.43063560789699,34.20489149385409,1.7742558859571034,0,,0.971454010491244,0,0.9782671856806181,0,0.0353528,0,0.5118747955994949,0,1.2341644,0,-28.404631260910083,0,0.38302984319676275,0
2016-12-01 22:00:00,37.56574760158646,37.56574760158646,32.934261174796305,4.631486426790154,0,,2.257356979721861,0,2.2894285886230294,0,0.042051088,0,0.5123076485805478,0,1.2417245,0,-28.398361969563965,0,0.46193727870510876,0
2016-12-01 23:00:00,35.5328061001357,35.5328061001357,35.98226006971955,0.44945396958384976,0,,0.5090164877746042,0,0.5408701292790659,0,0.04007771,0,0.5128555125606435,0,1.2463447,0,-28.521776768925758,0,0.28818917551846235,0
2016-12-02 00:00:00,34.32845832044317,34.32845832044317,33.51053991239787,0.8179184080453012,0,,0.34262814950036885,0,0.3701360729485924,0,0.039166182,0,0.5149876845824714,0,1.2421294,0,-28.436128902905594,0,0.24279210925644912,0
2016-12-02 01:00:00,32.6815292808422,32.6815292808422,32.36815169558997,0.31337758525222625,0,,0.7255828625585796,0,0.7475153885736696,0,0.04308134,0,0.5153076196011288,0,1.2455161,0,-28.39163932816581,0,0.3588770864946889,0
2016-12-02 02:00:00,32.45906648213253,32.45906648213253,29.481917358415473,2.977149123717055,0,,0.12730039571945842,0,0.11141482616415743,0,0.05123356,0,0.5198312787801465,0,1.2444013,0,-28.238518703622503,0,0.2419069296914517,0
2016-12-02 03:00:00,26.672099989840596,26.672099989840596,27.698286240921096,1.0261862510804995,0,,0.801213089527951,0,0.790632106081815,0,0.060869258,0,0.5217590048227445,0,1.2393246,0,-28.17820476202235,0,0.4305766312594841,0
2016-12-02 04:00:00,23.477309994185738,23.477309994185738,22.795256578727106,0.6820534154586326,0,,0.471598154091,0,0.5126026948132,0,0.061092243,0,0.5271486918324749,0,1.2337722,0,-28.036963553020726,0,0.37152250885179566,0
2016-12-02 05:00:00,24.60087945094794,24.60087945094794,21.32278991105022,3.278089539897721,0,,0.5447847278858359,0,0.53561547669916,0,0.053522527,0,0.528064273099143,0,1.2389283,0,-27.915486473552505,0,0.3836621143146181,0
2016-12-02 06:00:00,26.582528565715542,26.582528565715542,27.226748503076646,0.644219937361104,0,,0.602712026843069,0,0.5964993716284537,0,0.04853085,0,0.5259238151263202,0,1.2502741,0,-27.832495598085693,0,0.40187152250885183,0
2016-12-02 07:00:00,27.53917768584239,27.53917768584239,27.7884253788388,0.24924769299640914,0,,0.5218179983754675,0,0.6043708857491791,0,0.0430066,0,0.5213701764781471,0,1.2417743,0,-27.803336649091964,0,0.3502781992918564,0
2016-12-02 08:00:00,26.559754791549334,26.559754791549334,28.394215535947108,1.8344607443977736,0,,0.5451280094976123,0,0.5350061858711075,0,0.04352058,0,0.52367652964169,0,1.2288674,0,-27.808973743437296,0,0.3438290338897319,0
2016-12-02 09:00:00,25.958079064246487,25.958079064246487,28.15584882767685,2.1977697634303617,0,,1.0298957627483762,0,1.033285469906507,0,0.048584342,0,0.520855495007462,0,1.229058,0,-27.770293487373845,0,0.4658573596358118,0
2016-12-02 10:00:00,25.629953677311242,25.629953677311242,28.203040520429152,2.5730868431179097,0,,1.3454396798681116,0,1.3313409341875555,0,0.05811478,0,0.5241150107402215,0,1.2312306,0,-27.710179462058555,0,0.5194739504299444,0
2016-12-02 11:00:00,27.706918871001754,27.706918871001754,28.265840021338345,0.558921150336591,0,,0.26135574941256934,0,0.3290338519743863,0,0.060077075,0,0.524722922692471,0,1.2423292,0,-27.647923106683358,0,0.34092058674759734,0
2016-12-02 12:00:00,30.132438612953496,30.132438612953496,30.17855297261018,0.0461143596566842,0,,0.7859617709275484,0,0.870112042828583,0,0.059072237,0,0.5241901266535186,0,1.2444563,0,-27.68881801066415,0,0.4738239757207891,0
2016-12-02 13:00:00,34.63885102978276,34.63885102978276,31.959133203983857,2.6797178257988996,0,,1.3960788403708275,0,1.4171217270060938,0,0.05888152,0,0.5224111060333543,0,1.2365879,0,-27.739800161076808,0,0.5208649468892261,0
2016-12-02 14:00:00,31.958451672103344,31.958451672103344,34.998618609948124,3.0401669378447806,0,,1.3434930663422364,0,1.353182504525703,0,0.065104105,0,0.5236503107076023,0,1.2412533,0,-27.788736266376265,0,0.5347749114820436,0
2016-12-02 15:00:00,31.68176514705746,31.68176514705746,32.87438291813121,1.1926177710737491,0,,0.12144445502033399,0,0.17681744629109258,0,0.084456794,0,0.5224686992479832,0,1.2371317,0,-27.871871691937304,0,0.30943348507840157,0
2016-12-02 16:00:00,33.90199777665054,33.90199777665054,32.9905707961743,0.9114269804762358,0,,0.24918139296218242,0,0.31387815919113016,0,0.08551779,0,0.5241486500768977,0,1.2312845,0,-27.891013187060864,0,0.3435761254425898,0
2016-12-02 17:00:00,36.29867612832829,36.29867612832829,34.58730803222047,1.7113680961078188,0,,0.2646233985495095,0,0.22694679052805253,0,0.08218654,0,0.523003429065655,0,1.2182382,0,-28.150186084799657,0,0.30374304501770355,0
2016-12-02 18:00:00,34.313803090601,34.313803090601,36.11368663105778,1.7998835404567828,0,,0.8118590978469354,0,0.7922538251613795,0,0.076821126,0,0.5286540333376918,0,1.2190412,0,-28.293093540467677,0,0.45346484572584717,0
2016-12-02 19:00:00,33.352435284554865,33.352435284554865,35.03409669147315,1.6816614069182876,0,,0.7579314218493268,0,0.7182716057039886,0,0.08224062,0,0.5256064368809251,0,1.2190644,0,-28.386563315651944,0,0.4332321699544765,0
2016-12-02 20:00:00,35.81535420317036,35.81535420317036,34.387830582974864,1.427523620195494,0,,0.16562769197409302,0,0.2521148175026078,0,0.08988884,0,0.5231558984818108,0,1.2222508,0,-28.645094375125595,0,0.29046535154274156,0
2016-12-02 21:00:00,33.12440349116306,33.12440349116306,35.80313153859486,2.678728047431804,0,,1.5722841245298456,0,1.5879077361168499,0,0.10265722,0,0.5249247986210953,0,1.2163827,0,-28.74989396869659,0,0.5288315629742033,0
2016-12-02 22:00:00,34.72033272738751,34.72033272738751,33.385602190457796,1.3347305369297118,0,,0.19614271388375126,0,0.3011969670864292,0,0.10186616,0,0.5247676960159802,0,1.2204316,0,-29.08626583704916,0,0.3036165907941325,0
2016-12-02 23:00:00,34.78276310343495,34.78276310343495,34.58188955090812,0.20087355252682926,0,,0.8792802519055434,0,1.015801441363789,0,0.09636682,0,0.5197966402400293,0,1.2134057,0,-29.266885768520098,0,0.44183105715730914,0
2016-12-03 00:00:00,35.87954338300963,35.87954338300963,34.00408952695435,1.8754538560552803,0,,0.520595364905651,0,0.4706463300918467,0,0.093147956,0,0.5239558728388771,0,1.2023451,0,-29.47913426097425,0,0.33459787556904397,0
2016-12-03 01:00:00,30.54922674543193,30.54922674543193,33.21571652629259,2.6664897808606582,0,,1.6789744131867095,0,1.7018408384136636,0,0.09489261,0,0.52862806967776,0,1.1858575,0,-29.678351692908155,0,0.49645928174001014,0
2016-12-03 02:00:00,29.589324287994767,29.589324287994767,28.273463538814166,1.315860749180601,0,,0.8812681102648382,0,1.0322071897738725,0,0.09090733,0,0.5328306758760727,0,1.16656,0,-29.877458562685984,0,0.44221041982802234,0
2016-12-03 03:00:00,24.80848217479021,24.80848217479021,26.535574268034285,1.7270920932440745,0,,1.6078998450750706,0,1.6171173299881247,0,0.07593081,0,0.535495484678497,0,1.1613607,0,-29.914556575759388,0,0.4740768841679312,0
2016-12-03 04:00:00,20.41602737661428,20.41602737661428,22.02727691598562,1.6112495393713395,0,,1.4296134794755682,0,1.3779418112666493,0,0.07648442,0,0.5414377295278765,0,1.1461384,0,-29.773314354180634,0,0.47192716236722304,0
2016-12-03 05:00:00,19.504193153459468,19.504193153459468,19.34099138423017,0.16320176922929974,0,,0.669181847614603,0,0.8198627762080377,0,0.080541484,0,0.5414161225812907,0,1.1456996,0,-29.418628805926627,0,0.3923874557410218,0
2016-12-03 06:00:00,24.43803316248225,24.43803316248225,24.364489515526376,0.07354364695587279,0,,0.9492474018691257,0,1.113140234943196,0,0.07512697,0,0.5401036319619053,0,1.142569,0,-29.130371605323596,0,0.44537177541729894,0
2016-12-03 07:00:00,25.38084780951449,25.38084780951449,25.799045719964454,0.41819791044996535,0,,0.5172364817468162,0,0.6607494897244367,0,0.06852087,0,0.544328469153286,0,1.1407057,0,-29.00141618904241,0,0.34597875569044007,0
2016-12-03 08:00:00,24.916753416688255,24.916753416688255,26.487953734546682,1.5712003178584268,0,,0.44495481734556686,0,0.2921301390311576,0,0.064625174,0,0.5457961692535542,0,1.1364607,0,-28.88626308490239,0,0.28983308042488615,0
2016-12-03 09:00:00,26.7331528014487,26.7331528014487,26.874472190529858,0.1413193890811577,0,,0.6539435517232062,0,0.832720479259856,0,0.06602057,0,0.5443184764481616,0,1.1348222,0,-28.80485110338103,0,0.3882144663631765,0
2016-12-03 10:00:00,29.511945915245626,29.511945915245626,28.721018152804692,0.7909277624409334,0,,0.38918744914185677,0,0.5107807222788767,0,0.05943125,0,0.5489014785421241,0,1.1335583,0,-28.82057643082315,0,0.3122154779969651,0
2016-12-03 11:00:00,34.37242327575813,34.37242327575813,31.070426889704333,3.3019963860537977,0,,1.8445121846686376,0,1.75776774982683,0,0.0514219,0,0.547332260255786,0,1.130161,0,-28.92194044261352,0,0.4675012645422358,0
2016-12-03 12:00:00,40.22240622847523,40.22240622847523,34.7557528061993,5.466653422275932,0,,3.5358432347024085,0,3.36708024620124,0,0.053092252,0,0.5522035205922041,0,1.1213324,0,-28.95856445375846,0,0.5126454223571068,0
2016-12-03 13:00:00,40.11307992456555,40.11307992456555,39.24858888648157,0.8644910380839761,0,,0.27395621490636995,0,0.4395784270283078,0,0.05051731,0,0.5543400039684868,0,1.1177623,0,-28.84416385051445,0,0.28490136570561453,0
2016-12-03 14:00:00,41.196084559746865,41.196084559746865,38.79904779045927,2.3970367692875953,0,,0.878417975933953,0,0.6694771937194988,0,0.036880225,0,0.5560964125234789,0,1.1180729,0,-28.74380460216393,0,0.3715225088517957,0
2016-12-03 15:00:00,35.49675484411955,35.49675484411955,39.46800899011825,3.9712541459986994,0,,2.4091283591949555,0,2.198925668295076,0,0.040459085,0,0.556394744484888,0,1.1170597,0,-28.589796503518336,0,0.4901365705614567,0
2016-12-03 16:00:00,45.15293420915112,45.15293420915112,35.24846615378902,9.904468055362102,0,,6.7095766474655365,1,6.453921694069353,1,0.046402615,0,0.553917109021523,0,1.1173768,0,-28.471775394802798,0,0.526302478502782,0
2016-12-03 17:00:00,41.45577078322813,41.45577078322813,42.7079455934095,1.2521748101813657,0,,0.0493546410180497,0,0.1578775262478317,0,0.108504266,0,0.5546941359841483,0,1.1184163,0,-27.903076120278325,0,0.32309054122407693,0
2016-12-03 18:00:00,36.33472738434445,36.33472738434445,39.34429091594783,3.0095635316033835,0,,1.3197081204002554,0,1.0977335564868584,0,0.09393278,0,0.5527546224548768,0,1.1136985,0,-27.773993935670845,0,0.5460293373798685,0
2016-12-03 19:00:00,34.51486986313668,34.51486986313668,36.263596968417495,1.748727105280814,0,,0.9967212184359207,0,0.7786952469217087,0,0.09616948,0,0.5479826544877197,0,1.1129669,0,-28.043276085950527,0,0.4876074860900354,0
2016-12-03 20:00:00,40.34287052174919,40.34287052174919,34.70829581833667,5.634574703412518,0,,2.9980208148399674,0,2.730953753976629,0,0.08409531,0,0.544822704491346,0,1.1070601,0,-28.25658763137345,0,0.5427415275670208,0
2016-12-03 21:00:00,42.40336331198668,42.40336331198668,39.04015038514691,3.363212926839772,0,,1.5353413636662276,0,1.2834617543528017,0,0.1373746,0,0.5481249550034165,0,1.0972668,0,-28.225286431265403,0,0.5428679817905918,0
2016-12-03 22:00:00,37.500386620097515,37.500386620097515,39.57350491231973,2.073118292222212,0,,0.5877048746541962,0,0.3499122520530216,0,0.16574426,0,0.5517508123445221,0,1.1045738,0,-27.926461111881686,0,0.4271623672230653,0
2016-12-03 23:00:00,34.468559836099274,34.468559836099274,36.284879558905466,1.8163197228061918,0,,0.7601306459063972,0,0.5226094304534726,0,0.1762178,0,0.5528895740079333,0,1.1028687,0,-28.12149098535709,0,0.464339908952959,0
2016-12-04 00:00:00,36.98101343892344,36.98101343892344,32.92009260484978,4.060920834073663,0,,1.6791643120558022,0,1.4304076894495763,0,0.19619207,0,0.5511736011068624,0,1.1017482,0,-28.318699580707392,0,0.5724582701062215,0
2016-12-04 01:00:00,34.317027380666474,34.317027380666474,34.08210048414668,0.23492689651979504,0,,0.06798694760612553,0,0.29538422671522885,0,0.1890736,0,0.5526675665515329,0,1.0936685,0,-28.299518486272696,0,0.3423115832068791,0
2016-12-04 02:00:00,30.411469842616043,30.411469842616043,30.919300545040613,0.5078307024245703,0,,0.4662154593877776,0,0.21124076206832731,0,0.17211193,0,0.5564961705328711,0,1.0936998,0,-28.348631159591218,0,0.385306019221042,0
2016-12-04 03:00:00,26.964379332890694,26.964379332890694,26.62966347944054,0.3347158534501524,0,,0.6515044396085827,0,0.8928147428899049,0,0.181179,0,0.5580853181073728,0,1.0925391,0,-28.49564831333939,0,0.49544764795144164,0
2016-12-04 04:00:00,22.03947853316307,22.03947853316307,23.422998774305295,1.3835202411422252,0,,0.9323732735852481,0,0.6633024494834867,0,0.19651072,0,0.5595698592549012,0,1.0968384,0,-28.560034692703702,0,0.5136570561456753,0
2016-12-04 05:00:00,20.024445185870796,20.024445185870796,20.36330168659753,0.33885650072673457,0,,0.011634871026833539,0,0.24741457131356095,0,0.20617914,1,0.5588872300585809,0,1.0964297,0,-28.372476944297212,0,0.3488872028325746,0
2016-12-04 06:00:00,25.67720129251069,25.67720129251069,25.02439543927943,0.6528058532312606,0,,0.40954280649627495,0,0.6698515598118951,0,0.21060692,1,0.5600743683368624,0,1.0933166,0,-28.021482732752613,0,0.4669954476479514,0
2016-12-04 07:00:00,26.01262492590463,26.01262492590463,26.695294528414944,0.682669602510316,0,,0.3688173802544956,0,0.6291597073732691,0,0.21393923,1,0.5619716243825006,0,1.0964807,0,-27.97821533925071,0,0.464339908952959,0
2016-12-04 08:00:00,25.343389804149492,25.343389804149492,27.117988689273677,1.7745988851241847,0,,0.40516417391630544,0,0.14210154648903145,0,0.20992653,1,0.561596853384242,0,1.0979905,0,-27.907661049110445,0,0.40895295902883166,0
2016-12-04 09:00:00,25.133324901840968,25.133324901840968,27.51635557608182,2.383030674240853,0,,1.0514617816873837,0,0.7804541216536878,0,0.20152926,0,0.5603113215297848,0,1.0965854,0,-27.79132830182133,0,0.5744815376833586,0
2016-12-04 10:00:00,30.65562207679433,30.65562207679433,27.757429398853947,2.898192677940383,0,,1.3395688399889427,0,1.0255893398453786,0,0.19935614,0,0.5589692749854646,0,1.1087908,0,-27.767726646070365,0,0.6030601922104198,0
2016-12-04 11:00:00,37.14221839744688,37.14221839744688,32.5799430351974,4.56227536224948,0,,2.9466781653449283,0,2.5954029964269125,0,0.2004716,0,0.5598430813432538,0,1.1034505,0,-27.93599811691044,0,0.6489630753667173,0
2016-12-04 12:00:00,34.129150351699316,34.129150351699316,37.47928342196737,3.3501330702680505,0,,1.7643804162662775,0,1.3712176423119482,0,0.21067202,1,0.563276265122319,0,1.1041517,0,-27.973891296592562,0,0.6258219524532119,0
2016-12-04 13:00:00,34.00780684008233,34.00780684008233,35.08329314888987,1.075486308807541,0,,0.05431302809006923,0,0.39980728580918135,0,0.23117912,1,0.561304079636158,0,1.107442,0,-28.13105529446836,0,0.394663631765301,0
2016-12-04 14:00:00,36.026973064245496,37.85455632659272,35.15218752351101,0.8747855407344858,1,drift,1.3017564473872614,0,0.9207191903746367,0,0.23434927,1,0.5682032749907009,0,1.1085801,0,-28.37064122584123,0,0.5933232169954475,0
2016-12-04 15:00:00,36.94701357000576,40.6021800947002,36.58229569076609,0.36471787923967014,1,drift,1.1349865099626357,0,0.7583203444576758,0,0.2220974,1,0.569427135958207,0,1.1149604,0,-28.168195290826986,0,0.5823216995447648,0
2016-12-04 16:00:00,35.159983014748676,40.642732801790345,36.62644701344868,1.4664639987000072,1,drift,0.5015054996195667,0,0.14250538330245952,0,0.12975033,0,0.5684203469937177,0,1.111035,0,-28.200976982706216,0,0.4056651492159838,0
2016-12-04 17:00:00,38.70473439979005,46.01506744917894,35.84219501990426,2.8625393798857885,1,drift,4.27034083587047,1,3.840122531846443,1,0.12406733,0,0.571071835371306,0,1.1118069,0,-28.047250719838704,0,0.6593323216995448,0
2016-12-04 18:00:00,39.132953747374515,48.27087079332219,38.58743578202536,0.5455179653491555,1,drift,3.314921045226294,0,2.8811181230522065,0,0.10916111,0,0.5728249914839528,0,1.1212294,0,-27.10222429783935,0,0.6756449165402124,0
2016-12-04 19:00:00,40.01694299711862,50.98244330541352,38.31695346702956,1.6999895300890557,1,drift,4.231006400080077,1,3.7731925981471166,1,0.12360003,0,0.5716549162052638,0,1.1353396,0,-26.221409851573323,0,0.7092817400101162,0
2016-12-04 20:00:00,40.368956324262285,53.1620398949044,38.99626044177965,1.3726958824826383,1,drift,4.016065499568459,1,3.5114641471939936,0,0.14157826,0,0.5769548634537074,0,1.1483439,0,-24.858345333356652,0,0.7510116337885687,0
2016-12-04 21:00:00,38.408410285256245,53.02907711824559,39.53246003874724,1.1240497534909935,1,drift,2.280249926390999,0,1.835853411550567,0,0.16013858,0,0.5789639643494869,0,1.1835111,0,-23.61283332044884,0,0.7604957005563985,0
2016-12-04 22:00:00,37.46550716573103,53.913756526856034,38.09545897099886,0.6299518052678295,1,drift,3.277272731252218,0,2.7897944721811574,0,0.14757971,0,0.5826981062588367,0,1.2162497,0,-22.272931022884197,0,0.8108244815376834,1
2016-12-04 23:00:00,37.911606033223144,37.911606033223144,36.67865704221317,1.2329489910099767,0,,8.090760811321534,1,7.371788359346769,1,0.18965404,0,0.5819944247927697,0,1.2386392,0,-20.958989375434953,1,0.8584977238239758,1
2016-12-05 00:00:00,34.38971616062939,34.38971616062939,35.622737716215205,1.2330215555858146,0,,0.6565515462312879,0,0.2599700941737536,0,0.23975603,1,0.5854854180891279,0,1.2401731,0,-20.761089979151055,1,0.6528831562974204,0
2016-12-05 01:00:00,34.41550901273006,34.41550901273006,31.89087826644712,2.5246307462829414,0,,0.1563678328112142,0,0.520784652218435,0,0.3035749,1,0.5849408121091164,0,1.2476139,0,-20.30475081925634,1,0.638973191704603,0
2016-12-05 02:00:00,28.269494987668025,28.269494987668025,30.805915213706104,2.5364202260380786,0,,2.0313338664336555,0,1.5870696147104084,0,0.27277598,1,0.5906320089054692,1,1.2458831,0,-20.24156507981465,1,0.8437025796661608,1
2016-12-05 03:00:00,24.175855392072332,24.175855392072332,24.655113089140215,0.479257697067883,0,,0.026208595935245237,0,0.35156934539173684,0,0.24664147,1,0.5881078349983853,0,1.2413787,0,-20.137880128573396,1,0.5991401112797168,0
2016-12-05 04:00:00,24.640741264960177,24.640741264960177,21.628714086467422,3.0120271784927546,0,,0.8615456490622717,0,0.45009310460618335,0,0.33732176,1,0.5965256074108015,1,1.2397345,0,-19.97352130479326,1,0.723571067273647,0
2016-12-05 05:00:00,22.555686528302253,22.555686528302253,23.2658579215033,0.7101713932010476,0,,0.040507005012901776,0,0.4283164711265479,0,0.41916767,1,0.6029994508820441,1,1.2358865,0,-20.055525928092806,1,0.6148204350025291,0
2016-12-05 06:00:00,27.235496863254433,27.235496863254433,27.247342296048867,0.011845432794434174,0,,0.7273458446286251,0,1.087606005273575,0,0.4777017,1,0.6020102566394799,1,1.2336848,0,-20.151822139378964,1,0.7653009610520991,0
2016-12-05 07:00:00,27.68898116482798,27.68898116482798,28.013943690731605,0.32496252590362573,0,,0.5253549961652663,0,0.8809433309441361,0,0.49423337,1,0.6018759726099826,1,1.2341467,0,-20.15981106291956,1,0.7228123419322205,0
2016-12-05 08:00:00,28.048028605821642,28.048028605821642,28.312008009031057,0.26397940320941515,0,,0.5607111257070351,0,0.9071307880395694,0,0.47859097,1,0.6025886022639084,1,1.2371354,0,-20.16159738150269,1,0.7330551340414769,0
2016-12-05 09:00:00,30.015784785899175,30.015784785899175,28.912700317309643,1.1030844685895325,0,,0.267189847988805,0,0.6317323545374682,0,0.41102853,1,0.5964987790378893,1,1.2383289,0,-20.17286871427281,1,0.66350531107739,0
2016-12-05 10:00:00,30.755862329096868,30.755862329096868,30.622372388538015,0.133489940558853,0,,0.9308590365160556,0,1.261339256663968,0,0.3529246,1,0.5937950988199606,1,1.241893,0,-20.144791320741295,1,0.8058927668184116,1
2016-12-05 11:00:00,29.542721402321387,29.542721402321387,31.385713975671063,1.842992573349676,0,,0.7371821932239389,0,0.32329588488586536,0,0.29810473,1,0.5973153415020787,1,1.2416909,0,-20.14166408732652,1,0.6867728882144664,0
2016-12-05 12:00:00,29.40291269941303,29.40291269941303,30.787425411031403,1.384512711618374,0,,0.14267454811404087,0,0.23608365033165202,0,0.25343856,1,0.5925763554584577,1,1.2430013,0,-20.168720939124878,1,0.601416287303996,0
2016-12-05 13:00:00,34.955399001735096,34.955399001735096,30.804193548782347,4.151205452952748,0,,2.5759613460464696,0,2.112807294373659,0,0.26291424,1,0.5925819668246519,1,1.2399151,0,-20.17160093834733,1,0.851542741527567,1
2016-12-05 14:00:00,39.379743544805436,39.379743544805436,34.35555488753712,5.0241886572683185,0,,2.9049946880497575,0,2.430428479921681,0,0.25654358,1,0.5985583602218716,1,1.2401088,0,-20.33907104608744,1,0.8549570055639858,1
2016-12-05 15:00:00,36.76792982578622,36.76792982578622,36.804015834482875,0.03608600869665679,0,,0.26570034280789867,0,0.6302945111913837,0,0.29722983,1,0.6026005635158225,1,1.2498931,0,-20.49494529075269,1,0.6693222053616591,0
2016-12-05 16:00:00,31.777608940539082,31.777608940539082,35.56751742005496,3.78990847951588,0,,3.0945430323513343,0,2.601724895808916,0,0.31788054,1,0.5978616554975718,1,1.254701,0,-20.4148060624138,1,0.873925139099646,1
2016-12-05 17:00:00,32.81020022382738,32.81020022382738,32.643473504898814,0.16672671892856528,0,,0.7642000360592276,0,1.113433283980529,0,0.35246077,1,0.5964209593601101,1,1.2521523,0,-20.693139402043496,1,0.7804754678806272,1
2016-12-05 18:00:00,32.45173905076433,32.45173905076433,33.85656366400414,1.4048246132398106,0,,0.4093245353850836,0,0.002008031973258853,0,0.3047577,1,0.5942851741345646,1,1.2610464,0,-20.96471897973068,1,0.6078654527061205,0
2016-12-05 19:00:00,35.67935619592276,35.67935619592276,33.72153298048676,1.957823215436001,0,,0.5072574087643179,0,0.09739168111173399,0,0.27243885,1,0.5983027632801247,1,1.2723341,0,-20.8786664955794,1,0.6402377339403137,0
2016-12-05 20:00:00,35.71657998780013,35.71657998780013,36.27008299333801,0.5535030055378769,0,,0.0933069969752373,0,0.48333561863946883,0,0.28855333,1,0.5948774292222311,1,1.2729985,0,-20.93758017334915,1,0.6399848254931714,0
2016-12-05 21:00:00,38.50190919056831,38.50190919056831,35.823333614403786,2.6785755761645262,0,,0.40877240254673186,0,0.009319126196476728,0,0.23587124,1,0.5987377778445834,1,1.2825054,0,-21.00151835318588,1,0.6133029843196763,0
2016-12-05 22:00:00,37.119356517893486,37.119356517893486,37.46196924496087,0.3426127270673831,0,,0.6676839733728678,0,0.2575283733140382,0,0.14351441,0,0.5867048566205768,0,1.2952385,0,-21.259367158941828,1,0.6667931208902377,0
2016-12-05 23:00:00,34.04620280071515,34.04620280071515,36.190832931769684,2.1446301310545337,0,,2.051622796713311,0,1.6224934623432818,0,0.07468949,0,0.581034490059785,0,1.3011283,0,-21.341063055697106,1,0.7895801719777441,1
2016-12-06 00:00:00,33.45824434798665,33.45824434798665,33.276183131154376,0.18206121683227394,0,,0.848012840168311,0,1.2396386828870782,0,0.08570767,0,0.584841333175926,0,1.3060644,0,-21.405934580416364,1,0.7569549822964087,0
2016-12-06 01:00:00,32.18062152040059,32.18062152040059,31.048415104768747,1.1322064156318454,0,,0.5597603178318489,0,0.9484607187226705,0,0.08707893,0,0.5767340039559483,0,1.2911243,0,-21.999787834217106,0,0.6867728882144664,0
2016-12-06 02:00:00,32.64313332020938,32.64313332020938,28.30752018675915,4.335613133450231,0,,2.295517607818859,0,1.8370242007564854,0,0.09069344,0,0.5763194831320617,0,1.2964176,0,-22.069596531288063,0,0.8051340414769852,1
2016-12-06 03:00:00,24.065151340170424,24.065151340170424,27.040540566426344,2.9753892262559205,0,,0.9414825647120043,0,0.5036217020521931,0,0.13123415,0,0.5761335477050963,0,1.3001353,0,-22.06194326058043,0,0.7206626201315123,0
2016-12-06 04:00:00,20.66190895434556,20.66190895434556,21.287215158336465,0.6253062039909061,0,,0.5611916899399816,0,0.11595016778668678,0,0.12425321,0,0.5781114106918326,0,1.3036928,0,-21.97552037150964,0,0.6197521497218007,0
2016-12-06 05:00:00,20.470572687613753,20.470572687613753,20.116705231544056,0.35386745606969683,0,,0.7628546813834992,0,1.1733925396821354,0,0.11657593,0,0.5780600213841173,0,1.2996273,0,-21.906160298403332,0,0.7532878098128478,0
2016-12-06 06:00:00,25.11216308915461,25.11216308915461,25.58726453695027,0.47510144779565877,0,,0.5978432224984352,0,1.012706082039732,0,0.11960745,0,0.5747262805172739,0,1.298798,0,-21.940422718324854,0,0.7245827010622156,0
2016-12-06 07:00:00,26.26744608003684,26.26744608003684,26.47187370598815,0.2044276259513076,0,,0.5902712865640661,0,1.0053326088821104,0,0.113472044,0,0.5733234997239511,0,1.2948503,0,-21.945073246744958,0,0.716110268082954,0
2016-12-06 08:00:00,25.83187029972756,25.83187029972756,27.13441202292078,1.3025417231932224,0,,0.11095963556355157,0,0.32490317932978685,0,0.10739273,0,0.5740082716544995,0,1.2933006,0,-21.996294349955424,0,0.5746079919069297,0
2016-12-06 09:00:00,26.425427115600595,26.425427115600595,27.19068138503158,0.7652542694309865,0,,0.2752566843948576,0,0.6985746366163256,0,0.10411709,0,0.5664687876525921,0,1.2907537,0,-22.05604214651788,0,0.6246838644410723,0
2016-12-06 10:00:00,27.949547065534496,27.949547065534496,27.93492455399496,0.01462251153953531,0,,0.956150038113502,0,1.3442733648422487,0,0.09747786,0,0.5666130377001388,0,1.2902902,0,-22.10665660011226,0,0.7553110773899848,0
2016-12-06 11:00:00,31.73364398522412,31.73364398522412,29.102946918486037,2.630697066738083,0,,1.3279473669653252,0,0.8551028163690173,0,0.09469306,0,0.558682217421599,0,1.2961777,0,-22.09308484436506,0,0.7204097116843703,0
2016-12-06 12:00:00,27.747601166432226,27.747601166432226,31.6104224828054,3.862821316373175,0,,1.8528314064293612,0,1.3617818352027256,0,0.09798897,0,0.560511553535888,0,1.2876822,0,-22.244937455359707,0,0.7602427921092564,0
2016-12-06 13:00:00,26.455528321134995,26.455528321134995,28.818882033793027,2.363353712658032,0,,0.692594539231973,0,0.2439089078615551,0,0.08168536,0,0.5550149291609557,0,1.2924249,0,-22.218706418849166,0,0.5689175518462316,0
2016-12-06 14:00:00,28.19622003155094,28.19622003155094,28.532296271949146,0.3360762403982065,0,,0.9394343590441079,0,1.3279958088779742,0,0.06943764,0,0.5479001590905208,0,1.303567,0,-22.002949837578825,0,0.6769094587759231,0
2016-12-06 15:00:00,29.337551396706534,29.337551396706534,30.18411840330704,0.8465670066005053,0,,0.6234192225171968,0,1.0202635265686626,0,0.07551721,0,0.543312610267427,0,1.311397,0,-21.912727836940544,0,0.6191198786039452,0
2016-12-06 16:00:00,34.71124685933326,34.71124685933326,31.306289905963045,3.4049569533702133,0,,2.2551543029580796,0,1.7828616987770958,0,0.081675656,0,0.5413023828787714,0,1.3142302,0,-21.894137001101335,0,0.7204097116843702,0
2016-12-06 17:00:00,36.85585973641614,36.85585973641614,33.8855458087526,2.9703139276635397,0,,1.563676076346887,0,1.0826555369705928,0,0.079484284,0,0.533297825220284,0,1.3157196,0,-21.8248696035348,0,0.6769094587759231,0
2016-12-06 18:00:00,41.197842996432925,41.197842996432925,34.50580614379783,6.692036852635098,0,,4.4347335096658975,1,3.817541395411996,1,0.073494084,0,0.5261111592197759,0,1.3006638,0,-22.161390106031686,0,0.703211937278705,0
2016-12-06 19:00:00,38.93511089779852,38.93511089779852,37.53247851790811,1.402632379890413,0,,0.04197065242289517,0,0.3862712224237916,0,0.070654355,0,0.5237878925897556,0,1.2927012,0,-22.54896331848953,0,0.4215983813859383,0
2016-12-06 20:00:00,35.19222371276874,35.19222371276874,36.51659966406863,1.324375951299892,0,,0.02391780009149988,0,0.44987440705587545,0,0.086583644,0,0.5196422648110355,0,1.2646352,0,-23.405450064152127,0,0.4141375821952453,0
2016-12-06 21:00:00,39.19567670672859,39.19567670672859,35.088000668675015,4.107676038053576,0,,2.011470820020884,0,1.4986301134389184,0,0.08771813,0,0.5179937884419777,0,1.2252644,0,-24.789563724395702,0,0.5896560445118867,0
2016-12-06 22:00:00,38.83662963284071,38.83662963284071,37.683149987918284,1.1534796449224274,0,,0.07727082559829837,0,0.5028030037781267,0,0.07257483,0,0.5125954354080556,0,1.1792139,0,-26.30061447301742,0,0.2923621648963075,0
2016-12-06 23:00:00,39.12152280759782,39.12152280759782,36.565979552006745,2.5555432555910755,0,,1.6931943107161136,0,1.1940593414100882,0,0.0636112,0,0.515473170027614,0,1.1474732,0,-28.059898486417083,0,0.43550834597875565,0
2016-12-07 00:00:00,36.203418786330175,36.203418786330175,35.32587750487405,0.877541281456125,0,,0.060066738647013826,0,0.4805619988273621,0,0.06001139,0,0.5160231585363004,0,1.1478914,0,-28.0748042246569,0,0.23027314112291353,0
2016-12-07 01:00:00,32.70996015507774,32.70996015507774,32.34804188570042,0.36191826937731975,0,,0.32875382287739974,0,0.7132669732974622,0,0.05953647,0,0.5183395057525565,0,1.1450884,0,-27.989119410420674,0,0.29754678806272133,0
2016-12-07 02:00:00,33.55174325329872,33.55174325329872,28.97912141233871,4.572621840960007,0,,1.7837284839672531,0,1.2875898401080972,0,0.06871659,0,0.5214054678288652,0,1.1472327,0,-28.074610302155072,0,0.46193727870510864,0
2016-12-07 03:00:00,25.08853946510777,25.08853946510777,27.54317338752017,2.4546339224123983,0,,0.8382283197030767,0,0.376243913043677,0,0.07533863,0,0.5180879760955129,0,1.1505868,0,-28.074637920894293,0,0.3362417804754679,0
2016-12-07 04:00:00,21.996334059266342,21.996334059266342,21.739091536593747,0.25724252267259473,0,,0.3021879468564347,0,0.6915099442264445,0,0.09148469,0,0.5162583343768363,0,1.1462581,0,-28.24603637690697,0,0.3089276681841173,0
2016-12-07 05:00:00,20.981885694282816,20.981885694282816,20.961214457287088,0.020671236995728037,0,,0.5948717930796226,0,0.9474371871214706,0,0.09646302,0,0.5246685159067427,0,1.1445073,0,-28.154914582378535,0,0.40971168437025796,0
2016-12-07 06:00:00,25.913293260407514,25.913293260407514,25.820822618385147,0.09247064202236643,0,,0.9182664146711988,0,1.2347861476669486,0,0.08499769,0,0.520308970962282,0,1.1446935,0,-28.143011292866614,0,0.44436014162873033,0
2016-12-07 07:00:00,27.866482499582958,27.866482499582958,27.010255808001958,0.856226691581,0,,0.5679103569637477,0,0.9103372828979326,0,0.07701265,0,0.5217506058823594,0,1.1456308,0,-28.146532704365807,0,0.3731664137582195,0
2016-12-07 08:00:00,27.40159662669511,27.40159662669511,28.252672533557725,0.851075906862615,0,,0.2730668802224004,0,0.6491561617217578,0,0.07279655,0,0.5224790609724771,0,1.1481254,0,-28.147955482897988,0,0.3060192210419828,0
2016-12-07 09:00:00,27.313666532512297,27.313666532512297,28.041589463368453,0.7279229308561561,0,,0.4872378646669411,0,0.8376274569911356,0,0.06860401,0,0.5189327555802382,0,1.1491867,0,-28.122461782901933,0,0.33940313606474454,0
2016-12-07 10:00:00,30.648587779391438,30.648587779391438,28.315399378114638,2.3331884012768,0,,1.066189977691686,0,0.5595138781159918,0,0.06432069,0,0.5228719562163975,0,1.1494637,0,-28.069610666952553,0,0.39036418816388463,0
2016-12-07 11:00:00,31.225701560273848,31.225701560273848,30.69958244328704,0.5261191169868091,0,,0.21056587075604025,0,0.5912215562694133,0,0.07369005,0,0.5299603741543166,0,1.1518643,0,-28.08827884392169,0,0.3161355589276682,0
2016-12-07 12:00:00,33.01126662925729,33.01126662925729,31.07269529750306,1.9385713317542326,0,,0.8684456582471944,0,0.37170656734266755,0,0.07667378,0,0.5271467995099611,0,1.1476568,0,-28.069249813742108,0,0.37303995953464847,0
2016-12-07 13:00:00,28.96806953891597,28.96806953891597,32.18981354320955,3.2217440042935834,0,,1.316386567287148,0,0.7459912155321474,0,0.074308775,0,0.52521231828463,0,1.1373768,0,-28.098692945348198,0,0.4279210925644916,0
2016-12-07 14:00:00,28.860560463109405,28.860560463109405,29.861823313888905,1.0012628507795007,0,,0.4234665406016783,0,0.8028162002317618,0,0.07980427,0,0.5217621490092744,0,1.1361735,0,-28.03084169062162,0,0.3462316641375822,0
2016-12-07 15:00:00,30.638036057957766,30.638036057957766,30.423680056187177,0.21435600177058944,0,,0.4734390472385676,0,0.8224099252014965,0,0.075928845,0,0.5179820501065943,0,1.1307445,0,-28.12274566344835,0,0.32840161861406175,0
2016-12-07 16:00:00,34.54271446944161,34.54271446944161,31.90189639577424,2.640818073667372,0,,1.534860836962698,0,0.941013718374827,0,0.06429996,0,0.5169379493607492,0,1.1390923,0,-28.122513073005198,0,0.4104704097116844,0
2016-12-07 17:00:00,37.270888973326294,37.270888973326294,34.28830012969791,2.9825888436283847,0,,1.5172771023909184,0,0.9256762141895758,0,0.06331311,0,0.5170883986667583,0,1.1341869,0,-28.019460477547565,0,0.4126201315123926,0
2016-12-07 18:00:00,31.728954208885007,31.728954208885007,35.8537094150616,4.124755206176594,0,,2.4792196564824427,0,1.7323992536446482,0,0.057594407,0,0.5196982194190702,0,1.1369067,0,-27.734134413606053,0,0.47066262013151233,0
2016-12-07 19:00:00,34.45712926342836,34.45712926342836,33.17433220224222,1.2827970611861375,0,,0.16907739633118493,0,0.250298010730322,0,0.09876794,0,0.5201254665829689,0,1.133865,0,-27.557650262021752,0,0.2746585735963581,0
2016-12-07 20:00:00,40.50407548027264,40.50407548027264,35.70705750860491,4.797017971667728,0,,3.080589743827073,0,2.2545173276735517,0,0.087329365,0,0.5200909772953051,0,1.1303359,0,-27.432986319275056,0,0.5221294891249367,0
2016-12-07 21:00:00,37.8562097710257,37.8562097710257,37.790620939216005,0.06558883180969843,0,,0.7108419065512125,0,1.0319990753995698,0,0.10218827,0,0.523163668478082,0,1.1306547,0,-27.207610483939444,0,0.4537177541729894,0
2016-12-07 22:00:00,35.900646825876976,35.900646825876976,36.651501493457246,0.7508546675802705,0,,0.6868008598419028,0,1.0064380536162814,0,0.108532585,0,0.5199388947911093,0,1.1271882,0,-27.28952205934346,0,0.43614061709661095,0
2016-12-07 23:00:00,33.49957128116675,33.49957128116675,35.751042654737766,2.2514713735710146,0,,1.391213075909276,0,0.759807806872187,0,0.12799607,0,0.5217754838070006,0,1.1348108,0,-27.652153321710344,0,0.47787051087506316,0
2016-12-08 00:00:00,31.226580962169766,31.226580962169766,33.450861361277084,2.224280399107318,0,,1.2018616860078957,0,0.5996359693035542,0,0.15023796,0,0.5140750447898708,0,1.1355509,0,-27.773772499975887,0,0.43715225088517956,0
2016-12-08 01:00:00,30.155886576884615,30.155886576884615,30.3615468063804,0.2056602294957841,0,,0.24111639549774586,0,0.6232753149609674,0,0.151009,0,0.5177268533283534,0,1.1413493,0,-27.815688061162746,0,0.34458775923115836,0
2016-12-08 02:00:00,31.82245311419707,31.82245311419707,27.804367084998656,4.018086029198415,0,,1.0321353684621923,0,0.45371928192610295,0,0.122011386,0,0.5213238578894982,0,1.1462029,0,-27.812132576237435,0,0.4290591805766313,0
2016-12-08 03:00:00,23.00345535998745,23.00345535998745,26.918644621794794,3.9151892618073454,0,,2.617056061788617,0,1.8080974107731627,0,0.12699527,0,0.5231481684946545,0,1.1475099,0,-27.920702353676777,0,0.5471674253920081,0
2016-12-08 04:00:00,20.84591705549761,20.84591705549761,20.570978810544535,0.2749382449530735,0,,0.5179220692054242,0,0.8840534022572406,0,0.11516256,0,0.5185091474423691,0,1.1459901,0,-27.875595739871724,0,0.39744562468386446,0
2016-12-08 05:00:00,20.463245256245553,20.463245256245553,20.283976980187287,0.17926827605826645,0,,0.9109619884480723,0,1.212711386232095,0,0.12165023,0,0.5188518215673882,0,1.144101,0,-27.887217020846727,0,0.4742033383915023,0
2016-12-08 06:00:00,25.902712537617226,25.902712537617226,25.42472992129177,0.47798261632545547,0,,0.5447943354175535,0,0.8834579640429716,0,0.129128,0,0.5228035889927956,0,1.1455694,0,-27.80845833774883,0,0.4257713707637836,0
2016-12-08 07:00:00,28.17259613217477,28.17259613217477,26.964301628833937,1.2082945033408343,0,,0.2702995733231524,0,0.6497889487756706,0,0.12364785,0,0.5210602141308454,0,1.1444104,0,-27.804890352907243,0,0.3554628224582701,0
2016-12-08 08:00:00,28.118079547202584,28.118079547202584,28.476708044020928,0.3586284968183442,0,,0.5587246184068853,0,0.8745022153873265,0,0.11815687,0,0.519139288046873,0,1.1452757,0,-27.782878447831276,0,0.4095852301466869,0
2016-12-08 09:00:00,27.70935158922917,27.70935158922917,28.564338105708988,0.8549865164798192,0,,0.28967867785510304,0,0.6251143044726961,0,0.117899545,0,0.5234797689455538,0,1.1465727,0,-27.817699710847204,0,0.3610268082953971,0
2016-12-08 10:00:00,27.886852923984144,27.886852923984144,28.592634867790263,0.7057819438061195,0,,0.3507671174531342,0,0.6524946653490877,0,0.11599035,0,0.52683707799655,0,1.1450663,0,-27.829430526515665,0,0.379615579160344,0
2016-12-08 11:00:00,28.498259570084873,28.498259570084873,29.06012662958517,0.5618670595002975,0,,0.5000751032763731,0,0.758047469396548,0,0.114593565,0,0.5269331182418877,0,1.1474633,0,-27.804295705557053,0,0.41628730399595354,0
2016-12-08 12:00:00,29.88652766675982,29.88652766675982,29.64528659671277,0.24124107004705309,0,,0.6144574220140644,0,0.8451088473085608,0,0.112772845,0,0.5191951032810265,0,1.1399512,0,-27.79861733670809,0,0.40781487101669195,0
2016-12-08 13:00:00,32.76213176010392,32.76213176010392,30.767886389445405,1.9942453706585148,0,,0.8122049689887457,0,0.289346595198194,0,0.114283144,0,0.5168300082355936,0,1.1468245,0,-27.815013536553057,0,0.36165907941325237,0
2016-12-08 14:00:00,32.548754829448505,32.548754829448505,32.61523756383244,0.06648273438393204,0,,0.9328608558198813,0,1.1189966483741736,0,0.12029613,0,0.5196030104141696,0,1.1445483,0,-27.921939953447428,0,0.47445624683864435,0
2016-12-08 15:00:00,28.948490459779745,28.948490459779745,32.374205881744636,3.4257154219648918,0,,1.928598939475795,0,1.1284310467352263,0,0.10599857,0,0.5139090041762352,0,1.1431072,0,-27.964284350289212,0,0.4738239757207891,0
2016-12-08 16:00:00,34.04268556023726,34.04268556023726,30.537177905443244,3.505507654794016,0,,2.0153327475357097,0,1.1654404695429952,0,0.08462721,0,0.5121322749256702,0,1.1435142,0,-27.86982397582233,0,0.46294891249367726,0
2016-12-08 17:00:00,37.88083008726516,37.88083008726516,34.28528863861622,3.5955414486489374,0,,1.6807810795025324,0,0.9108488186082999,0,0.094445385,0,0.5127838425017476,0,1.1421126,0,-27.758917870994445,0,0.4546029337379869,0
2016-12-08 18:00:00,40.6007983085444,40.6007983085444,35.95246160408504,4.648336704459361,0,,2.6102962625196877,0,1.618203848115236,0,0.07846946,0,0.5166342436262,0,1.1440433,0,-27.562353322653692,0,0.4921598381385938,0
2016-12-08 19:00:00,34.97650244460244,34.97650244460244,37.624767442569386,2.6482649979669475,0,,1.1635451982264478,0,0.5016193367578642,0,0.080254145,0,0.5149177327880884,0,1.1453885,0,-27.36744246178685,0,0.3956752655538695,0
2016-12-08 20:00:00,34.64617846115095,34.64617846115095,34.70798610342697,0.06180764227601543,0,,0.6308000586410129,0,0.839704891725279,0,0.11006891,0,0.5115905485823488,0,1.1471492,0,-27.47528937418056,0,0.40338897319170464,0
2016-12-08 21:00:00,34.59723077908446,34.59723077908446,35.080984665376825,0.48375388629236227,0,,0.09320882001050428,0,0.41762864524823096,0,0.07408979,0,0.5103243274066331,0,1.1447306,0,-27.568574984772226,0,0.24683864441072334,0
2016-12-08 22:00:00,35.943732562848915,35.943732562848915,34.785572563969055,1.15815999887986,0,,0.5830521271849232,0,0.7687494148169959,0,0.08366213,0,0.5132713842613931,0,1.1444352,0,-27.99073575665305,0,0.35293373798684874,0
2016-12-08 23:00:00,36.10845439474447,36.10845439474447,35.24668055127524,0.8617738434692299,0,,0.5993585103914093,0,0.7732897319586239,0,0.07640392,0,0.5102498693697288,0,1.1438233,0,-28.19170668224676,0,0.33219524532119377,0
2016-12-09 00:00:00,33.20647145669842,33.20647145669842,33.72719081476765,0.5207193580692362,0,,0.5732932768434972,0,0.7451257343332937,0,0.08555209,0,0.5078776922214716,0,1.1434934,0,-28.523104108450507,0,0.32460799190692974,0
2016-12-09 01:00:00,35.09315617988032,35.09315617988032,30.430421066664014,4.6627351132163035,0,,2.067767052822073,0,1.1949977783415016,0,0.08800591,0,0.5087013623870967,0,1.1478074,0,-28.87617810550326,0,0.43512898330804256,0
2016-12-09 02:00:00,30.240592472778395,30.240592472778395,29.865012568296503,0.37557990448189216,0,,0.5895128920291614,0,0.7662843231791662,0,0.077459954,0,0.515835294279165,0,1.1440016,0,-28.978850929419426,0,0.31474456246838645,0
2016-12-09 03:00:00,25.505386242734556,25.505386242734556,25.413322721022173,0.09206352171238308,0,,0.5876802553541662,0,0.7373656346739003,0,0.07277936,0,0.5187076452073753,0,1.1398742,0,-29.137045221344128,0,0.3057663125948407,0
2016-12-09 04:00:00,22.70874320693349,22.70874320693349,22.102095643683924,0.6066475632495667,0,,0.4757555132061157,0,0.6560413958112741,0,0.07921953,0,0.5168005889634033,0,1.1443026,0,-29.16716404241195,0,0.2843955488113303,0
2016-12-09 05:00:00,21.902718414316247,21.902718414316247,21.269831231231777,0.6328871830844705,0,,0.9415475656687741,0,0.9801483355394944,0,0.07784083,0,0.5242532072802155,0,1.1469646,0,-29.112679909301566,0,0.4151492159838139,0
2016-12-09 06:00:00,27.246077769597612,27.246077769597612,26.36046634059612,0.8856114290014929,0,,0.2925544447803771,0,0.5076544169027589,0,0.06757256,0,0.5187651870660488,0,1.1447388,0,-29.23027702858561,0,0.23444613050075871,0
2016-12-09 07:00:00,27.632823158137104,27.632823158137104,28.04653740684733,0.4137142487102281,0,,0.42608851481900084,0,0.6045621473638316,0,0.06334559,0,0.5152832316561625,0,1.1410345,0,-29.290618273916504,0,0.2434243803743045,0
2016-12-09 08:00:00,26.301650977532635,26.301650977532635,28.301973692602104,2.000322715069469,0,,0.7141364267534274,0,0.2229166471560456,0,0.0584591,0,0.5155505250177834,0,1.1403581,0,-29.33356703895243,0,0.22736469398077896,0
2016-12-09 09:00:00,27.679220923455922,27.679220923455922,27.920712069019505,0.24149114556358242,0,,0.644629800312099,0,0.7108553470864089,0,0.06290461,0,0.5176504921716261,0,1.1431539,0,-29.2795463067199,0,0.2961557916034395,0
2016-12-09 10:00:00,29.4767738775725,29.4767738775725,29.33807942674677,0.1386944508257315,0,,0.94598204202685,0,0.8438854037975834,0,0.060605038,0,0.5197101243287133,0,1.139503,0,-29.24777566758987,0,0.357106727364694,0
2016-12-09 11:00:00,34.34311318317957,34.34311318317957,30.73189509403998,3.6112180891395873,0,,2.0303940546787604,0,1.2198570888578046,0,0.05747137,0,0.516813302486371,0,1.1428503,0,-29.277442447354932,0,0.39377845220030344,0
2016-12-09 12:00:00,32.61792673603931,32.61792673603931,34.36864037306414,1.7507136370248304,0,,0.3285095814070391,0,0.027575238354767946,0,0.058083575,0,0.5152597301440757,0,1.1439036,0,-29.28394964611201,0,0.15098634294385432,0
2016-12-09 13:00:00,36.837687266096076,36.837687266096076,32.9687428088659,3.868944457230178,0,,2.2522247563728426,0,1.3564750250382214,0,0.069148,0,0.519102879510884,0,1.1404938,0,-29.400109186771175,0,0.41868993424380374,0
2016-12-09 14:00:00,40.67084943347823,40.67084943347823,36.2595318837473,4.411317549730931,0,,2.641775340190065,0,1.6367439521400229,0,0.061141964,0,0.5178014292451362,0,1.1316153,0,-29.350692206236857,0,0.41388467374810317,0
2016-12-09 15:00:00,40.69048665586037,40.69048665586037,38.52325810483386,2.1672285510265112,0,,1.0144492161011314,0,0.4370626947095228,0,0.062027454,0,0.5106929692697982,0,1.1312578,0,-29.20650982347436,0,0.2921092564491654,0
2016-12-09 16:00:00,36.93147912182056,36.93147912182056,38.274203754214895,1.3427246323943365,0,,0.0756009164917577,0,0.3471927879939237,0,0.052439094,0,0.5163832611447869,0,1.1294405,0,-29.059205563512776,0,0.15895295902883158,0
2016-12-09 17:00:00,42.94237444975447,42.94237444975447,35.892073926965935,7.0503005227885325,0,,4.475842936940985,1,2.897368396826347,0,0.043201994,0,0.5201905233323946,0,1.120934,0,-29.096240057028762,0,0.41009104704097116,0
2016-12-09 18:00:00,40.1418037492135,40.1418037492135,40.3442997869192,0.2024960377056999,0,,0.9162635445435946,0,0.9408675140687425,0,0.065352134,0,0.5250613364593892,0,1.1254215,0,-28.882359236373805,0,0.39074355083459783,0
2016-12-09 19:00:00,41.903628087406304,41.903628087406304,38.31120312209212,3.592424965314187,0,,2.2735768951428947,0,1.3143175975981083,0,0.07273165,0,0.5191922365856408,0,1.1203914,0,-28.910602977907057,0,0.42362164896307547,0
2016-12-09 20:00:00,40.16290645786928,40.16290645786928,39.43998242171506,0.7229240361542253,0,,0.15495132235370626,0,0.3956591809836771,0,0.08474631,0,0.5201245354141036,0,1.1271591,0,-28.70742263987301,0,0.23457258472432976,0
2016-12-09 21:00:00,41.29925523393801,41.29925523393801,38.0061223110201,3.2931329229179127,0,,1.898524076686451,0,1.0502351769444698,0,0.0868873,0,0.5177781561690454,0,1.1254445,0,-28.79977006524282,0,0.4265300961052099,0
2016-12-09 22:00:00,40.861364117474466,40.861364117474466,38.540459702734495,2.320904414739971,0,,1.0440055864866684,0,0.44708639518093063,0,0.08061524,0,0.5241158799335464,0,1.127683,0,-28.760054260787204,0,0.3620384420839656,0
2016-12-09 23:00:00,35.21918910073064,35.21918910073064,37.86933355792244,2.6501444571918,0,,0.794268607979419,0,0.2586782882572496,0,0.07146201,0,0.5181370837511226,0,1.12885,0,-28.80580471299079,0,0.27225594334850783,0
2016-12-10 00:00:00,34.3293375387862,34.3293375387862,34.26944582157584,0.059891717210355466,0,,0.8325038820943274,0,0.8662990364698415,0,0.07193061,0,0.5176377356921726,0,1.1276383,0,-28.875936073503027,0,0.3510369246332828,0
2016-12-10 01:00:00,38.73404412526284,38.73404412526284,32.48961586263998,6.244428262622861,0,,3.458102090403035,0,2.127491613334084,0,0.062896915,0,0.5245068848102085,0,1.1274581,0,-28.782522045017565,0,0.4662367223065251,0
2016-12-10 02:00:00,32.05458841599738,32.05458841599738,33.71845565510186,1.6638672391044835,0,,0.7580327512854041,0,0.2331295783966478,0,0.13993104,0,0.5351607891685829,0,1.1281146,0,-28.590783428144693,0,0.364567526555387,0
2016-12-10 03:00:00,26.360270979136878,26.360270979136878,27.77320696284193,1.4129359837050508,0,,0.6701939785633239,0,0.17316288281758266,0,0.1368372,0,0.53416968041167,0,1.1234182,0,-28.691932627377284,0,0.3407941325240263,0
2016-12-10 04:00:00,22.068788992847416,22.068788992847416,23.13943672510636,1.0706477322589443,0,,0.8095262690519328,0,0.27511466937160023,0,0.13560675,0,0.5415085585899015,0,1.1208235,0,-28.681632475310366,0,0.38227111785533635,0
2016-12-10 05:00:00,20.50152411013456,20.50152411013456,20.513518190177738,0.011994080043177036,0,,0.452459350440231,0,0.6328427828470441,0,0.1384636,0,0.5422350927228828,0,1.1174399,0,-28.475920679297875,0,0.3866970156803237,0
2016-12-10 06:00:00,25.639743287145695,25.639743287145695,25.272411737121235,0.36733155002445983,0,,0.7657864797339811,0,0.8582714229443978,0,0.14574249,0,0.5469197887507685,0,1.1168318,0,-28.083204518274183,0,0.4850784016186141,0
2016-12-10 07:00:00,29.25217137988017,29.25217137988017,26.72914602541322,2.5230253544669523,0,,0.9845225241561634,0,0.38055318045373226,0,0.14010675,0,0.5514495277928428,0,1.1121362,0,-27.941774446908372,0,0.4743297926150734,0
2016-12-10 08:00:00,31.034307290828803,31.034307290828803,29.688708235473374,1.3455990553554287,0,,0.020865907594559592,0,0.299948881619812,0,0.14023997,0,0.5533090419085489,0,1.1065735,0,-27.892972111985173,0,0.3488872028325746,0
2016-12-10 09:00:00,29.075490687152204,29.075490687152204,31.462016912037782,2.3865262248855785,0,,1.0090298176243955,0,0.3778421931743768,0,0.14006175,0,0.5563102123972631,0,1.1053758,0,-27.856124626734005,0,0.4932979261507335,0
2016-12-10 10:00:00,30.63070862658957,30.63070862658957,30.477926206568117,0.15278242002145248,0,,0.8068705371206267,0,0.9195751803589067,0,0.13594066,0,0.5564590500688752,0,1.0988551,0,-27.925533345456106,0,0.5249114820435002,0
2016-12-10 11:00:00,33.99227239189713,33.99227239189713,32.345934514970494,1.646337876926637,0,,0.4741648662362452,0,0.0028596693485653793,0,0.1279444,0,0.5544854970379696,0,1.091744,0,-28.100708021883634,0,0.3412999494183106,0
2016-12-10 12:00:00,35.06120806516689,35.06120806516689,35.57473374074042,0.5135256755735327,0,,0.4794991479866765,0,0.6656763406849252,0,0.12915024,0,0.5545687212793841,0,1.0851727,0,-28.156885660270568,0,0.42539200809307026,0
2016-12-10 13:00:00,39.995253653426445,39.995253653426445,36.1510856547608,3.8441679986656467,0,,2.427594635625539,0,1.4082886133142538,0,0.11418333,0,0.5561841430103084,0,1.0885305,0,-27.874472481679536,0,0.5873798684876076,0
2016-12-10 14:00:00,39.018058448782696,39.018058448782696,39.44809325681771,0.4300348080350105,0,,0.49831790073712257,0,0.6711164337444296,0,0.10982382,0,0.5550396205178061,0,1.0926231,0,-27.581805836861726,0,0.4452453211937279,0
2016-12-10 15:00:00,41.52816697988441,41.52816697988441,38.7338652223794,2.7943017575050106,0,,1.2061446936237492,0,0.5556099084447994,0,0.11220157,0,0.5626960366538524,0,1.0949916,0,-27.322649759072846,0,0.5345220030349014,0
2016-12-10 16:00:00,42.39369080889603,42.39369080889603,40.35726278148431,2.0364280274117235,0,,0.824595382314499,0,0.280725137242258,0,0.105913006,0,0.5648325920311539,0,1.0945959,0,-27.338893929376415,0,0.47066262013151233,0
2016-12-10 17:00:00,45.89945996537398,45.89945996537398,40.89303702522151,5.0064229401524685,0,,3.3269166490455584,0,2.065692102096276,0,0.08928704,0,0.5712648214066138,0,1.1025519,0,-26.586720647307917,0,0.6554122407688417,0
2016-12-10 18:00:00,38.04115619455136,38.04115619455136,43.58830490120126,5.5471487066498995,0,,3.2172082443704446,0,1.9863622165916415,0,0.082806215,0,0.5723250962535753,0,1.1092845,0,-26.049204612230128,0,0.6599645928174,0
2016-12-10 19:00:00,40.53162676905937,40.53162676905937,38.04422201728848,2.487404751770889,0,,0.6533465336976165,0,0.132439934523042,0,0.11330062,0,0.5670108660916209,0,1.105308,0,-26.253885844987686,0,0.46219018715225085,0
2016-12-10 20:00:00,38.15839583065407,38.15839583065407,40.225240529833776,2.066844699179704,0,,1.1519720255673536,0,0.49477959422664575,0,0.11239895,0,0.5737402978528738,0,1.1063488,0,-26.088667509941146,0,0.5709408194233687,0
2016-12-10 21:00:00,39.8267212635348,39.8267212635348,38.17141266740024,1.6553085961345602,0,,0.26007813534132923,0,0.5070547150398639,0,0.09616657,0,0.5690744215332387,0,1.1055853,0,-25.83560633616905,0,0.4564997470915529,0
2016-12-10 22:00:00,34.85457266505484,34.85457266505484,39.44413977230462,4.589567107249778,0,,3.273311125595835,0,2.0577958515330446,0,0.09222841,0,0.5680812825913699,0,1.1029106,0,-25.378445454694923,0,0.6688163884673748,0
2016-12-10 23:00:00,38.42365104881747,38.42365104881747,34.67858166466295,3.745069384154519,0,,2.008476872949607,0,1.135774391841416,0,0.0873409,0,0.5681466212885719,0,1.0972937,0,-25.35847423592589,0,0.6330298431967628,0
2016-12-11 00:00:00,35.54980603459454,35.54980603459454,36.395453043518295,0.8456470089237555,0,,0.14024008964759155,0,0.195078379331376,0,0.09833724,0,0.5700636220166554,0,1.0941203,0,-25.28650816515115,0,0.41160849772382396,0
2016-12-11 01:00:00,34.63152359841456,34.63152359841456,32.74011532516179,1.8914082732527717,0,,0.5609557049421848,0,0.7014077023818226,0,0.09519435,0,0.5693095266316206,0,1.0916655,0,-25.146122809688634,0,0.5247850278199292,0
2016-12-11 02:00:00,32.31749911309701,32.31749911309701,31.426574011483336,0.8909251016136714,0,,0.4248241861627163,0,0.6014671524275633,0,0.080524564,0,0.5715558341060345,0,1.0927391,0,-25.062902798353758,0,0.48431967627718775,0
2016-12-11 03:00:00,27.303877106230736,27.303877106230736,28.239970872419736,0.9360937661889999,0,,0.24142169733570312,0,0.11970634465370807,0,0.07689009,0,0.5681457490181264,0,1.0919228,0,-24.995754978169035,0,0.3930197268588771,0
2016-12-11 04:00:00,26.022385167276685,26.022385167276685,23.816495421691325,2.2058897455853597,0,,0.03563193325499924,0,0.23949350458753288,0,0.07884568,0,0.5683410567754732,0,1.088917,0,-24.97477404018819,0,0.3870763783510369,0
2016-12-11 05:00:00,22.236529902677447,22.236529902677447,23.287272914809247,1.0507430121318002,0,,0.6583040200635248,0,0.18174026765316234,0,0.087126374,0,0.5706155616763531,0,1.0865657,0,-25.08304718667722,0,0.4666160849772383,0
2016-12-11 06:00:00,26.066350306144535,26.066350306144535,26.600789202607093,0.5344388964625573,0,,0.2746829346101384,0,0.49290037187451075,0,0.08094113,0,0.5742342636411734,0,1.0827485,0,-25.07161594213637,0,0.4543500252908446,0
2016-12-11 07:00:00,27.617347538653142,27.617347538653142,27.30943536306881,0.30791217558433104,0,,0.7648720378675193,0,0.840136168992214,0,0.080655485,0,0.5688734709864348,0,1.0853167,0,-25.051856163382524,0,0.5536165907941326,0
2016-12-11 08:00:00,27.468364724638672,27.468364724638672,28.61243655356183,1.1440718289231597,0,,0.08544589685384414,0,0.3255518782510311,0,0.07439818,0,0.5730193694170663,0,1.0847064,0,-25.074221992237824,0,0.4019979767324229,0
2016-12-11 09:00:00,29.406136805925616,29.406136805925616,29.389810120523126,0.016326685402489716,0,,0.861765759115082,0,0.8169833365779751,0,0.06444553,0,0.5632664216337246,0,1.0853909,0,-25.12394706963026,0,0.5331310065756196,0
2016-12-11 10:00:00,31.64014507991206,31.64014507991206,31.241878260021107,0.3982668198909529,0,,0.5149216670737798,0,0.516317685264018,0,0.0658036,0,0.567126733209727,0,1.0903994,0,-25.131079521687177,0,0.4596611026808295,0
2016-12-11 11:00:00,35.02545012666893,35.02545012666893,33.4114715229293,1.613978603739632,0,,0.5008741046445477,0,0.2137654119842737,0,0.068570025,0,0.5713308846830366,0,1.0893447,0,-25.166689120964847,0,0.42690945877592307,0
2016-12-11 12:00:00,39.84196202709603,39.84196202709603,36.22913821727486,3.6128238098211725,0,,2.0417231359851615,0,1.3279496679504534,0,0.073958114,0,0.5666808970201905,0,1.0882936,0,-25.084808439342872,0,0.6208902377339404,0
2016-12-11 13:00:00,36.704326546771775,36.704326546771775,38.968472736870616,2.2641461900988418,0,,0.7995845753725205,0,0.3721197240301205,0,0.076023765,0,0.5648993536041563,0,1.0848049,0,-25.229413786748538,0,0.4798937784522003,0
2016-12-11 14:00:00,41.57857941401298,41.57857941401298,36.77172545481392,4.80685395919906,0,,2.9177528896990523,0,1.9037621752413874,0,0.07940527,0,0.5710266018067299,0,1.0854405,0,-25.585263192341618,0,0.6483308042488619,0
2016-12-11 15:00:00,36.47131202662844,36.47131202662844,40.17692769602945,3.7056156694010127,0,,2.0040033659939365,0,1.2308392912412833,0,0.079866186,0,0.5631546974275964,0,1.0839825,0,-25.79793885176256,0,0.6055892766818413,0
2016-12-11 16:00:00,37.64547122961093,37.64547122961093,36.69958916904986,0.9458820605610754,0,,0.4299723219861351,0,0.45482191733801297,0,0.07027202,0,0.5651764760243753,0,1.0870285,0,-25.88138175185044,0,0.4277946383409206,0
2016-12-11 17:00:00,37.94736360461532,37.94736360461532,37.85987936040229,0.08748424421303014,0,,0.7221607798551657,0,0.6349062792177482,0,0.07736367,0,0.5715231889061746,0,1.075555,0,-26.30407538968187,0,0.5026555386949925,0
2016-12-11 18:00:00,44.662871487661384,44.662871487661384,38.29804996673298,6.364821520928402,0,,3.8989082554591,1,2.7065777079580347,0,0.047369033,0,0.5660661695804571,0,1.0887877,0,-26.255945833654337,0,0.5971168437025797,0
2016-12-11 19:00:00,49.37181515375907,49.37181515375907,42.266553756228156,7.105261397530917,0,,5.325832676877718,1,3.7383833504712545,1,0.08063128,0,0.5666507614567624,0,1.1003519,0,-25.21718885615973,0,0.6738745574102175,0
2016-12-11 20:00:00,41.5428218426208,41.5428218426208,46.07750431076183,4.534682468141028,0,,2.124963391250986,0,1.4238424117343087,0,0.1272611,0,0.5652824221077489,0,1.1370323,0,-23.593078084915263,0,0.69549822964087,0
2016-12-11 21:00:00,42.46462151927868,42.46462151927868,40.735756672223125,1.7288648470555543,0,,0.15598743460230435,0,0.004830683342050215,0,0.13601618,0,0.5656631056443991,0,1.1603999,0,-22.44357255381892,0,0.45245321193727867,0
2016-12-11 22:00:00,39.98704663660944,39.98704663660944,41.63688902768026,1.6498423910708198,0,,0.7741540393886563,0,0.45399487038970376,0,0.1364723,0,0.5639830876610739,0,1.183321,0,-21.489637131373584,1,0.6001517450682853,0
2016-12-11 23:00:00,38.70473439979005,38.70473439979005,39.0406398595202,0.3359054597301494,0,,0.38661413181855936,0,0.38621026619927873,0,0.11447234,0,0.57300897910653,0,1.2158004,0,-20.305849463648613,1,0.575113808801214,0
2016-12-12 00:00:00,38.847180987168606,38.847180987168606,37.198542458318904,1.6486385288497019,0,,0.42670726237922296,0,0.20862036087341004,0,0.11901788,0,0.5689536715029143,0,1.2166504,0,-20.12616856831276,1,0.5615832068791097,0
2016-12-12 01:00:00,35.862543448550795,35.862543448550795,34.87248363369097,0.9900598148598263,0,,0.10602286543790244,0,0.02591533717395462,0,0.12222573,0,0.5682120485241772,0,1.2129378,0,-20.01213868204161,1,0.5008851795649975,0
2016-12-12 02:00:00,31.020531646435437,31.020531646435437,31.629673142801234,0.6091414963657975,0,,0.4447833829514886,0,0.4204881353628281,0,0.12793703,0,0.5702364003200585,0,1.2061993,0,-20.05478175175899,1,0.588517956499747,0
2016-12-12 03:00:00,26.214541548320945,26.214541548320945,27.181345854454804,0.9668043061338594,0,,0.09047727864925337,0,0.025892467830980818,0,0.117685616,0,0.569307029198754,0,1.2018133,0,-19.96972281064674,1,0.49026302478502776,0
2016-12-12 04:00:00,22.302477519202778,22.302477519202778,23.235322062725412,0.9328445435226342,0,,0.40304841529102514,0,0.20453585459699639,0,0.12023204,0,0.569939242138364,0,1.199316,0,-19.872877301313192,1,0.5514668689934245,0
2016-12-12 05:00:00,23.29168993155384,23.29168993155384,21.054509007048306,2.237180924505534,0,,0.44346910263615763,0,0.2226439377349857,0,0.10315568,0,0.5789119170260025,0,1.2032897,0,-19.877333666139165,1,0.5580424886191199,0
2016-12-12 06:00:00,27.990229360964964,27.990229360964964,27.755317194564594,0.23491216640037038,0,,0.8507250914072902,0,0.7314396677875529,0,0.09525905,0,0.5788005142232697,0,1.1987072,0,-20.04642306599059,1,0.6723571067273647,0
2016-12-12 07:00:00,29.4882048173492,29.4882048173492,28.76090815748162,0.7272966598675801,0,,0.4752027048381885,0,0.45591621379738945,0,0.099584736,0,0.5809807661243328,0,1.1973481,0,-20.095183266267686,1,0.5887708649468892,0
2016-12-12 08:00:00,28.985157270450507,28.985157270450507,29.96255603859527,0.9773987681447629,0,,0.18670025884249977,0,0.24454373904308524,0,0.10820214,0,0.5794213702182937,0,1.1955451,0,-20.130042748183325,1,0.5285786545270612,0
2016-12-12 09:00:00,30.411469842616043,30.411469842616043,29.97184275939939,0.4396270832166529,0,,0.46366526018767457,0,0.4509386590778996,0,0.11833716,0,0.5806143077275129,0,1.1935495,0,-20.178875854424025,1,0.5906676783004552,0
2016-12-12 10:00:00,29.98647478509705,29.98647478509705,31.391287926281237,1.404813141184185,0,,0.02554199836354541,0,0.12587339655386973,0,0.12183961,0,0.5735803576017812,0,1.193157,0,-20.245752587326617,1,0.4939301972685888,0
2016-12-12 11:00:00,30.620450039121206,30.620450039121206,31.30872895676516,0.6882789176439559,0,,0.6338288330147588,0,0.57240874355391,0,0.10885052,0,0.5725705138275241,0,1.1919087,0,-20.246868020791826,1,0.6139352554375317,0
2016-12-12 12:00:00,31.254425384921802,31.254425384921802,31.964252310532643,0.7098269256108409,0,,0.7229350868644737,0,0.6266759576948798,0,0.083875865,0,0.5733370660225245,0,1.1901214,0,-20.393258241101393,1,0.6096358118361153,0
2016-12-12 13:00:00,31.8884007307224,31.8884007307224,32.66734272271245,0.7789419919900489,0,,0.7536619248249501,0,0.6482995078426048,0,0.074594736,0,0.5686099361873254,0,1.1941924,0,-20.47818399313553,1,0.6002781992918563,0
2016-12-12 14:00:00,32.522376076522995,32.522376076522995,33.17631861161764,0.6539425350946431,0,,0.9027823761326058,0,0.7374075452738539,0,0.069159515,0,0.5707815658966997,0,1.1926405,0,-20.685238272268467,1,0.6299949418310572,0
2016-12-12 15:00:00,33.156351238770704,33.156351238770704,33.99543513056016,0.839083891789457,0,,0.8070193037445561,0,0.6645324678869,0,0.06648759,0,0.5741123242712726,0,1.1963041,0,-20.707270091182,1,0.6121648963075367,0
2016-12-12 16:00:00,33.790326768124196,33.790326768124196,34.46714293015719,0.676816162032992,0,,0.9178532908073771,0,0.7280079374783083,0,0.058425277,0,0.5697882168636659,0,1.197097,0,-21.035732901279456,1,0.6212696004046535,0
2016-12-12 17:00:00,34.4243019303719,34.4243019303719,34.92599529718264,0.5016933668107413,0,,0.8183285695167917,0,0.6549424900019698,0,0.06679096,0,0.5668176558408451,0,1.1968654,0,-21.40304485378363,1,0.599645928174001,0
2016-12-12 18:00:00,35.058277092619605,35.058277092619605,35.17530331789556,0.11702622527595707,0,,0.7944490494344759,0,0.6286326968217999,0,0.062616624,0,0.5637828480683535,0,1.1830429,0,-22.242342894212964,0,0.5631006575619625,0
2016-12-12 19:00:00,35.24351646655768,35.24351646655768,35.92766654549431,0.6841500789366322,0,,0.2643504846016808,0,0.20082716183703328,0,0.045421135,0,0.5585769316339785,0,1.1711435,0,-22.80081983829574,0,0.38176530096105205,0
2016-12-12 20:00:00,35.44897969791428,35.44897969791428,36.577612644699606,1.1286329467853236,0,,0.1478645667710351,0,0.11181897250095307,0,0.02030203,0,0.5552317194415413,0,1.1455666,0,-23.725689673470647,0,0.29261507334344966,0
2016-12-12 21:00:00,40.69546974971768,40.69546974971768,36.56061711551013,4.1348526342075544,0,,2.4253993146282364,0,1.8468743931070224,0,0.019368948,0,0.5556717648090795,0,1.1218786,0,-24.953838724234757,0,0.5326251896813353,0
2016-12-12 22:00:00,38.596580631741595,38.596580631741595,39.23237651628936,0.6357958845477611,0,,0.8462492576275268,0,0.6251709069617524,0,0.02665466,0,0.5484422921798904,0,1.1032075,0,-26.233797103024518,0,0.38480020232675766,0
2016-12-12 23:00:00,40.725365376015304,40.725365376015304,37.6182334491603,3.107131926855004,0,,1.3426851329719256,0,1.0405939764319234,0,0.023328515,0,0.5471613289995743,0,1.0723629,0,-27.939412825662746,0,0.40427415275670203,0
2016-12-13 00:00:00,35.23618903518948,35.23618903518948,37.744115244797875,2.5079262096083923,0,,0.05720159254781908,0,0.044874367561079556,0,0.021641254,0,0.5476906700790326,0,1.0749067,0,-27.93612909310034,0,0.1565503287809813,0
2016-12-13 01:00:00,34.91319285021197,34.91319285021197,32.09163263196405,2.8215602182479174,0,,0.462244921729244,0,0.3330909578042719,0,0.026659498,0,0.5461228778824154,0,1.0751553,0,-27.89808342094309,0,0.24544764795144158,0
2016-12-13 02:00:00,30.176403568268455,30.176403568268455,30.533770399001416,0.3573668307329605,0,,0.20020452309358752,0,0.15303876313743098,0,0.029825708,0,0.5490398517422236,0,1.0750742,0,-27.906929649856476,0,0.2043500252908447,0
2016-12-13 03:00:00,26.57112699440124,26.57112699440124,25.963588404239385,0.6075385901618553,0,,0.835496778341817,0,0.6245200783231598,0,0.030676013,0,0.547764828659921,0,1.0770869,0,-27.854541450978026,0,0.3473697521497218,0
2016-12-13 04:00:00,23.71829695055268,23.71829695055268,23.218972027865714,0.4993249226869665,0,,0.7132236737109027,0,0.5164127047885377,0,0.032479927,0,0.5492903056221616,0,1.077614,0,-27.803701142604705,0,0.3249873545776429,0
2016-12-13 05:00:00,23.419510657552618,23.419510657552618,22.53938360535098,0.8801270522016367,0,,0.8211429758391082,0,0.6067849630721986,0,0.04025972,0,0.5478736360229525,0,1.0776476,0,-27.47262824878081,0,0.3686140617096611,0
2016-12-13 06:00:00,26.2813098298174,26.2813098298174,27.893577066715206,1.6122672368978073,0,,0.4874114007085793,0,0.4042435502545557,0,0.048962016,0,0.5442763327807432,0,1.0785617,0,-27.430082560625493,0,0.311962569549823,0
2016-12-13 07:00:00,28.886617046296823,28.886617046296823,27.42562550493089,1.4609915413659351,0,,0.12423025454166853,0,0.10068007833012337,0,0.05354954,0,0.5473373471664945,0,1.0794789,0,-27.38848276893434,0,0.25025290844714215,0
2016-12-13 08:00:00,29.22693545019182,29.22693545019182,29.180138034783237,0.04679741540858373,0,,0.959138843654128,0,0.7375479953125255,0,0.04908873,0,0.5502167042288344,0,1.0804902,0,-27.356741402824237,0,0.4406929691451695,0
2016-12-13 09:00:00,31.97633064135232,31.97633064135232,29.341929247853226,2.6344013934990933,0,,1.251701957730702,0,0.9770038904300412,0,0.04669219,0,0.5443139197363273,0,1.0814126,0,-27.316580716951204,0,0.4532119372787051,0
2016-12-13 10:00:00,30.78106891326693,30.78106891326693,31.22634589210199,0.44527697883505724,0,,0.8638648171481186,0,0.6765340813823386,0,0.041568115,0,0.5467813719877488,0,1.080636,0,-27.252669899193215,0,0.3917551846231664,0
2016-12-13 11:00:00,31.820108409580403,31.820108409580403,30.251096959935044,1.5690114496453589,0,,0.5602504520670933,0,0.4434215434932402,0,0.039336875,0,0.5395069240666578,0,1.0816815,0,-27.226287381425834,0,0.29919069296914513,0
2016-12-13 12:00:00,31.121651117081004,31.121651117081004,31.2271833827547,0.10553226567369478,0,,0.8218964164904695,0,0.6382093836797805,0,0.03842952,0,0.5341652212303704,0,1.0805818,0,-27.201505397345965,0,0.3502781992918563,0
2016-12-13 13:00:00,28.008958455423908,28.008958455423908,30.926997988442874,2.918039533018966,0,,1.3985536804940253,0,1.1234266936828494,0,0.03830351,0,0.5279781013263356,0,1.0798033,0,-27.354763383761696,0,0.413378856853819,0
2016-12-13 14:00:00,28.648912944839317,28.648912944839317,29.30632460852257,0.6574116636832521,0,,0.5680859571235233,0,0.43500940809597166,0,0.037812755,0,0.5233843363173464,0,1.0921255,0,-27.216994611493437,0,0.26732422862923616,0
2016-12-13 15:00:00,30.584105649139747,30.584105649139747,30.298656217349546,0.28544943179020166,0,,0.5277854014542747,0,0.40743248459511205,0,0.041032247,0,0.5229126168181673,0,1.1077787,0,-27.518631849559704,0,0.2604957005563986,0
2016-12-13 16:00:00,33.3799865733416,33.3799865733416,31.916815941777998,1.4631706315635995,0,,0.47554609903822703,0,0.40548912412135607,0,0.04774333,0,0.524572308855453,0,1.1140876,0,-27.42594978870784,0,0.27984319676277186,0
2016-12-13 17:00:00,34.67695404000316,34.67695404000316,33.80204551883239,0.8749085211707737,0,,0.02070828402733338,0,0.003261798473562016,0,0.050674368,0,0.5215232813973232,0,1.111556,0,-27.218816180962563,0,0.17223065250379363,0
2016-12-13 18:00:00,33.92398007075513,33.92398007075513,34.72154699093905,0.7975669201839253,0,,0.3633515954136863,0,0.2614146247428666,0,0.04567046,0,0.5175202747590343,0,1.1162097,0,-26.93893477921,0,0.22357106727364695,0
2016-12-13 19:00:00,35.27370577747927,35.27370577747927,34.73847815424845,0.5352276232308242,0,,0.45470090768392807,0,0.3155001949288717,0,0.042239815,0,0.5196675482463633,0,1.101387,0,-26.90224002320096,0,0.23861911987860393,0
2016-12-13 20:00:00,32.78645912593096,32.78645912593096,35.778807109614064,2.9923479836831035,0,,1.509332574367149,0,1.2791872683760936,0,0.038696233,0,0.5109240887428267,0,1.0928884,0,-27.683182473283775,0,0.3713960546282246,0
2016-12-13 21:00:00,34.37828522085269,34.37828522085269,33.941369014972146,0.4369162058805429,0,,0.5529406216073749,0,0.3886020533006905,0,0.04590491,0,0.5128868802990133,0,1.0919622,0,-27.916745067222966,0,0.22546788062721293,0
2016-12-13 22:00:00,35.21010323267639,35.21010323267639,35.57850465131227,0.3684014186358837,0,,0.7908540311601626,0,0.5792931526336029,0,0.04425354,0,0.5125411956218505,0,1.088246,0,-28.27805376716491,0,0.25872534142640363,0
2016-12-13 23:00:00,36.56334544566686,36.56334544566686,35.938682900476834,0.6246625451900272,0,,0.4884575708419346,0,0.3274623560661869,0,0.049211312,0,0.5136006225681484,0,1.0904255,0,-28.466810480190226,0,0.19676277187658067,0
2016-12-14 00:00:00,33.93101455171091,33.93101455171091,36.24601260155695,2.3149980498460394,0,,0.9694478377746107,0,0.8634587897481288,0,0.05558169,0,0.5162037042747395,0,1.0887296,0,-28.40872700762827,0,0.34989883662114313,0
2016-12-14 01:00:00,30.851119854647877,30.851119854647877,32.67153054308175,1.8204106884338742,0,,0.7415594372153378,0,0.6704300025155834,0,0.048252285,0,0.516117949015947,0,1.0863184,0,-28.550367838650057,0,0.2723823975720789,0
2016-12-14 02:00:00,29.085280228154325,29.085280228154325,28.342938093528407,0.7423421346259182,0,,0.7628906908627274,0,0.5524289192206537,0,0.028925605,0,0.5133943101908068,0,1.0877557,0,-28.638122969997234,0,0.2129489124936773,0
2016-12-14 03:00:00,24.94037740784087,24.94037740784087,25.62777141700221,0.6873940091613413,0,,0.015327015442092622,0,0.06069203522770937,0,0.027583493,0,0.5122579005322704,0,1.0923866,0,-28.641697215472586,0,0.05323722812341932,0
2016-12-14 04:00:00,24.10665448412491,24.10665448412491,22.47074779556753,1.6359066885573803,0,,0.19364775799102152,0,0.0855592975541058,0,0.025396379,0,0.5151194478910168,0,1.0957371,0,-28.611407464287122,0,0.07878098128477491,0
2016-12-14 05:00:00,23.304703464347988,23.304703464347988,23.167429152672025,0.13727431167596293,0,,0.8545294487906498,0,0.6280372931606528,0,0.032230925,0,0.5183006161767436,0,1.097587,0,-28.720202224030107,0,0.2541729893778452,0
2016-12-14 06:00:00,27.458575298357108,27.458575298357108,27.647452461133565,0.18887716277645694,0,,0.656199970617525,0,0.4684844237878706,0,0.032447003,0,0.5167034542720893,0,1.0990771,0,-28.70210181010753,0,0.20384420839656045,0
2016-12-14 07:00:00,30.070301370871363,30.070301370871363,28.289579773180247,1.780721597691116,0,,0.27757521448055167,0,0.3004281290424537,0,0.035266023,0,0.5173910428218614,0,1.1002024,0,-28.67944741540721,0,0.13973191704602936,0
2016-12-14 08:00:00,37.77003829708184,37.77003829708184,29.809829724573856,7.960208572507984,0,,5.556528728463569,1,4.633914292633369,1,0.038239434,0,0.5170001300721798,0,1.1018401,0,-28.68798616635225,0,0.3999747091552857,0
2016-12-14 09:00:00,37.55842017021826,37.55842017021826,35.634431258993175,1.9239889112250879,0,,0.9202371596146243,0,0.779629381307449,0,0.07963559,0,0.5157836572176427,0,1.1152507,0,-28.415584033328408,0,0.37025796661608495,0
2016-12-14 10:00:00,33.72760307455856,33.72760307455856,35.01655392993433,1.2889508553757736,0,,0.007618622533810607,0,0.0128151586511534,0,0.07935881,0,0.5179356240120861,0,1.1253859,0,-28.175940687424664,0,0.1688163884673748,0
2016-12-14 11:00:00,30.173765729686483,30.173765729686483,31.79098474555376,1.6172190158672777,0,,0.331904117515603,0,0.2891882479012699,0,0.09376929,0,0.5235200728090048,0,1.1232924,0,-28.082572911906173,0,0.2813606474456247,0
2016-12-14 12:00:00,30.04597409682077,26.062217245720745,29.69904463407102,0.34692946274975256,1,noise,2.311715493469897,0,1.912121406201901,0,0.09444358,0,0.5263191319177791,0,1.1229043,0,-28.014207355866944,0,0.518841679312089,0
2016-12-14 13:00:00,32.92802649496648,19.985993058053644,29.901815756374514,3.026210738591967,1,noise,4.9244091353883155,1,4.056481782896364,1,0.08807091,0,0.5208663865316447,0,1.1300855,0,-27.828898212323733,0,0.5316135558927667,0
2016-12-14 14:00:00,33.27593594659586,26.668684254110868,31.683730937324906,1.5922050092709519,1,noise,2.514318521844839,0,2.0730355768397195,0,0.1048705,0,0.5217198644603471,0,1.1571385,0,-27.2708964236957,0,0.5515933232169954,0
2016-12-14 15:00:00,36.534035720194076,22.123480411947313,31.966212961319172,4.567822758874904,1,noise,4.682050478533691,1,3.837342385040538,1,0.1476971,0,0.5195632857641814,0,1.1617486,0,-27.091367699317573,0,0.5923115832068792,0
2016-12-14 16:00:00,37.207579378935826,38.08158335146475,34.250040120572265,2.9575392583635605,1,noise,9.943731827196151,1,8.15585138197726,1,0.17901187,0,0.5208733412986499,0,1.1844312,0,-26.573009365773846,0,0.6321446636317652,0
2016-12-14 17:00:00,38.813767753287316,38.813767753287316,34.93410674412826,3.879661009159058,0,,1.3010665065158402,0,1.0624100517912944,0,0.2773552,1,0.5169851668321593,0,1.1934847,0,-26.265035411394237,0,0.5670207384926657,0
2016-12-14 18:00:00,38.861835849905,38.861835849905,36.420330089066546,2.441505760838453,0,,1.8295065711860115,0,1.4961256309758968,0,0.2988117,1,0.5247410950588004,0,1.1942202,0,-25.961575700275546,0,0.6262013151239252,0
2016-12-14 19:00:00,35.046553202430495,35.046553202430495,36.52991728281719,1.4833640803866928,0,,0.052971276238730505,0,0.038039679694237424,0,0.3096218,1,0.5216721500418902,0,1.2081367,0,-26.05581173335206,0,0.34926656550328783,0
2016-12-14 20:00:00,32.742494170616,32.742494170616,35.00324805857073,2.260753887954735,0,,1.1016372661964955,0,0.8987291080963146,0,0.31622085,1,0.5189088358159588,0,1.2117668,0,-26.177324499848496,0,0.5737228123419323,0
2016-12-14 21:00:00,35.59552979370134,35.59552979370134,33.4424432586366,2.1530865350647375,0,,0.42263156728370105,0,0.32593235780674,0,0.3465931,1,0.5199618531043574,0,1.2119461,0,-25.97523407222488,0,0.4289327263530602,0
2016-12-14 22:00:00,40.47711009231074,40.47711009231074,35.639453143694574,4.837656948616164,0,,2.6652153156963325,0,2.166019707564241,0,0.33698323,1,0.5171910845462648,0,1.211618,0,-26.38421478245303,0,0.6263277693474962,0
2016-12-14 23:00:00,40.728003398150165,40.728003398150165,37.30706675846795,3.4209366396822176,0,,2.396008073694086,0,1.9435369187719915,0,0.35422245,1,0.5245382602669383,0,1.2178555,0,-26.571121181856725,0,0.6495953464845726,0
2016-12-15 00:00:00,44.36302976554391,44.36302976554391,36.426382929166685,7.936646836377221,0,,6.244366751377843,1,5.088684650986324,1,0.35065773,1,0.5261951973085262,0,1.2234274,0,-27.001574055042738,0,0.680323722812342,0
2016-12-15 01:00:00,41.33208256699447,41.33208256699447,38.90433690973803,2.4277456572564446,0,,1.3423824957228387,0,1.0557872402453208,0,0.40228963,1,0.5247414529180883,0,1.2464384,0,-26.619904856587375,0,0.6359382903388974,0
2016-12-15 02:00:00,30.55391633821815,30.55391633821815,35.317462094342616,4.763545756124465,0,,2.6853671134724997,0,2.1450625024011867,0,0.43421784,1,0.5251481042230824,0,1.264353,0,-26.420543077574933,0,0.6979008598887203,0
2016-12-15 03:00:00,26.378179316848254,26.378179316848254,26.221398350079223,0.15678096676903053,0,,0.8989291554434039,0,0.7692292882993002,0,0.4929594,1,0.5250533019049579,0,1.2568903,0,-26.542397137588726,0,0.6006575619625696,0
2016-12-15 04:00:00,25.050289612575384,25.050289612575384,23.670731788853555,1.3795578237218287,0,,0.445747889065256,0,0.4019184228072129,0,0.42568946,1,0.5272549478079286,0,1.255822,0,-26.431597407279327,0,0.4954476479514416,0
2016-12-15 05:00:00,24.653784166216724,24.653784166216724,23.330716090442277,1.3230680757744473,0,,0.6238472080316492,0,0.5483811101578937,0,0.40717685,1,0.5323943301161592,0,1.2560734,0,-26.366920211077293,0,0.5513404147698533,0
2016-12-15 06:00:00,27.6898018297991,27.6898018297991,28.104370872845934,0.41456904304683206,0,,0.3860035656720674,0,0.3556200555174122,0,0.4361701,1,0.5261686495994857,0,1.2569113,0,-26.341390750588975,0,0.4835609509357613,0
2016-12-15 07:00:00,28.56502771391666,28.56502771391666,28.790501548649804,0.22547383473314397,0,,0.7481861946876427,0,0.654941131563433,0,0.47415042,1,0.5321693570857257,0,1.2569183,0,-26.369496201214055,0,0.5814365199797674,0
2016-12-15 08:00:00,29.81559750703585,29.81559750703585,29.480435384885894,0.33516212214995633,0,,0.6232262837650248,0,0.5600249282819924,0,0.47971058,1,0.5300761760808108,0,1.256771,0,-26.433443915282528,0,0.548811330298432,0
2016-12-15 09:00:00,30.278109306844634,30.278109306844634,31.15494436855654,0.8768350617119047,0,,0.15953629168906253,0,0.17101053798241295,0,0.35007715,1,0.5323699386989642,0,1.2505221,0,-26.48368533582277,0,0.4377845220030349,0
2016-12-15 10:00:00,28.423372514823278,28.423372514823278,31.554262028742656,3.130889513919378,0,,1.5389904993652845,0,1.2263530216336953,0,0.29851553,1,0.5343235661633322,0,1.2445576,0,-26.51744187849242,0,0.663631765300961,0
2016-12-15 11:00:00,32.52266902693541,32.52266902693541,30.2057886039624,2.3168804229730107,0,,1.2555281572369503,0,0.9765911210972137,0,0.29558912,1,0.5364962155476815,0,1.2506018,0,-26.501376698689807,0,0.6542741527567021,0
2016-12-15 12:00:00,33.637328459311966,33.637328459311966,32.92077432028318,0.7165541390287871,0,,0.1133290930732253,0,0.012650599047653912,0,0.29025224,1,0.5323583520039052,0,1.2450014,0,-26.52190148826543,0,0.4038947900859889,0
2016-12-15 13:00:00,38.483150819423415,38.483150819423415,33.60870301901304,4.874447800410373,0,,3.865745758090714,1,3.113597319152143,0,0.28423473,1,0.5322259550943741,0,1.2490422,0,-26.59986328038081,0,0.7089023773394031,0
2016-12-15 14:00:00,39.278624257712764,39.278624257712764,36.884664569072875,2.393959688639889,0,,1.7990314805800534,0,1.3961456623557886,0,0.20545395,1,0.5375084293914456,0,1.2436961,0,-26.501986479279005,0,0.6737481031866465,0
2016-12-15 15:00:00,39.9445475346739,39.9445475346739,37.22413756277277,2.720409971901134,0,,1.744091410927774,0,1.3507411634954736,0,0.22884361,1,0.5360412130247284,0,1.2354956,0,-26.356669761772174,0,0.6631259484066768,0
2016-12-15 16:00:00,42.473414436920514,42.473414436920514,37.85678319025401,4.6166312466665005,0,,3.3699031478298362,0,2.6943719164680244,0,0.08110448,0,0.5329446922127528,0,1.235129,0,-26.12795524703229,0,0.6416287303995952,0
2016-12-15 17:00:00,43.174508650237435,43.174508650237435,39.928780830898575,3.2457278193388603,0,,2.137402142470691,0,1.6757876509701968,0,0.076727234,0,0.5310223097313373,0,1.2479358,0,-25.730114332114717,0,0.6298684876074861,0
2016-12-15 18:00:00,40.53485069201906,40.53485069201906,40.54949331789613,0.014642625877065996,0,,0.6129141371732006,0,0.5966337768317113,0,0.066979505,0,0.5386680014635012,0,1.2520415,0,-25.270070889566874,0,0.5013909964592816,0
2016-12-15 19:00:00,43.69564173652069,43.69564173652069,39.481637914568225,4.214003821952467,0,,2.6660409629532547,0,2.1221170507744107,0,0.05939473,0,0.5430034666526324,0,1.2501234,0,-24.77257045729801,0,0.6600910470409711,0
2016-12-15 20:00:00,41.07620616729774,41.07620616729774,41.018936686673705,0.05726948062403636,0,,0.45770566322838285,0,0.4664210681410303,0,0.11568489,0,0.5455305146783195,0,1.2523444,0,-24.379631434775742,0,0.5332574607991908,0
2016-12-15 21:00:00,33.513640243078314,33.513640243078314,38.870038461452644,5.356398218374331,0,,2.8159673961013407,0,2.2365789910635194,0,0.12257654,0,0.5353442913796451,0,1.2405239,0,-24.43886849244537,0,0.6970156803237227,0
2016-12-15 22:00:00,35.45366910714762,35.45366910714762,34.08141350686376,1.3722556002838573,0,,0.3675107559410012,0,0.4003375315918573,0,0.14853895,0,0.545028352033966,0,1.2376295,0,-24.607472373979846,0,0.5093576125442589,0
2016-12-15 23:00:00,36.130143738436644,36.130143738436644,35.99727885665249,0.13286488178415112,0,,0.45933714220805894,0,0.4828648447864925,0,0.15136084,0,0.5420722311059697,0,1.2357093,0,-24.683558155312205,0,0.5237733940313607,0
2016-12-16 00:00:00,34.194218382775844,34.194218382775844,35.98257871753657,1.7883603347607249,0,,1.152048585585725,0,0.876832561303989,0,0.108060025,0,0.5511677598879127,0,1.23332,0,-24.70419355122661,0,0.646433990895296,0
2016-12-16 01:00:00,31.0076352203851,31.0076352203851,33.56369633986313,2.556061119478027,0,,1.45120850865683,0,1.1306998349592998,0,0.09043804,0,0.546875075542974,0,1.2347485,0,-24.70988224284929,0,0.6480778958017197,0
2016-12-16 02:00:00,33.46146827094635,33.46146827094635,28.89238517100848,4.569083099937867,0,,1.5646539429344435,0,1.215551349100204,0,0.07859961,0,0.5493449434062047,0,1.2319871,0,-24.653305868283784,0,0.646433990895296,0
2016-12-16 03:00:00,29.68135770703319,29.68135770703319,28.59385228233309,1.087505424700101,0,,0.378257230519386,0,0.4383965113682225,0,0.08222041,0,0.5462455603415555,0,1.2305021,0,-24.724642876587133,0,0.4686393525543753,0
2016-12-16 04:00:00,23.915347952961277,23.915347952961277,25.000648222953345,1.085300269992068,0,,0.08803156135657193,0,0.038552622401943584,0,0.11099008,0,0.5440097139288574,0,1.2334989,0,-24.92004094738786,0,0.400354071825999,0
2016-12-16 05:00:00,22.48320296047034,22.48320296047034,22.35124091416772,0.13196204630261832,0,,0.5420258651062619,0,0.59310083856528,0,0.08554999,0,0.5439914361138393,0,1.2278498,0,-25.020731742660374,0,0.5002529084471422,0
2016-12-16 06:00:00,27.684115636596704,27.684115636596704,26.823679801919013,0.8604358346776912,0,,0.3786316990798191,0,0.44937428232044035,0,0.079576306,0,0.5440267127730652,0,1.2290404,0,-25.026741436122865,0,0.45586747597369753,0
2016-12-16 07:00:00,28.798716354992578,28.798716354992578,28.69906703209925,0.09964932289332751,0,,0.9597218444410687,0,0.960519126054148,0,0.082941055,0,0.5426910621103748,0,1.2288826,0,-25.0229442185187,0,0.5986342943854325,0
2016-12-16 08:00:00,32.56341005929068,32.56341005929068,29.714269160849522,2.84914089844116,0,,1.4748846568080016,0,1.171005212878515,0,0.08182955,0,0.5380863798548173,0,1.2297598,0,-24.997524044720965,0,0.6151997976732423,0
2016-12-16 09:00:00,31.057169170382203,31.057169170382203,32.92638969266219,1.8692205222799885,0,,0.42316598623545315,0,0.24194443363717788,0,0.07684273,0,0.5427769974193404,0,1.2181126,0,-25.22618704030238,0,0.4174253920080931,0
2016-12-16 10:00:00,35.658252753055415,35.658252753055415,31.945698356122893,3.7125543969325214,0,,2.250618347046245,0,1.8049267525122774,0,0.07070007,0,0.5440136905938109,0,1.20825,0,-25.475984779603248,0,0.6181082448153769,0
2016-12-16 11:00:00,36.53081179723438,36.53081179723438,35.48722037280218,1.0435914244322007,0,,0.2357683779793107,0,0.0352947806019603,0,0.058599547,0,0.5405985719585557,0,1.2131723,0,-25.491581552665117,0,0.3376327769347496,0
2016-12-16 12:00:00,50.00110200809079,50.00110200809079,36.15649140973945,13.844610598351338,0,,10.693678939835701,1,9.234190102299895,1,0.061473537,0,0.5405280240710025,0,1.2044659,0,-25.41049731971505,0,0.6384673748103187,0
2016-12-16 13:00:00,43.33981785138094,43.33981785138094,47.59962130096807,4.259803449587125,0,,1.8834132307079914,0,1.4844082051298446,0,0.113500796,0,0.540365999418289,0,1.2261907,0,-24.461766523820376,0,0.6642640364188164,0
2016-12-16 14:00:00,38.931007389390025,38.931007389390025,41.11977672863642,2.1887693392463916,0,,0.28289452199209325,0,0.07699162807310532,0,0.110521376,0,0.5458040459683583,0,1.2043135,0,-24.634013980693275,0,0.41312594840667677,0
2016-12-16 15:00:00,38.08834470572023,38.08834470572023,38.50722879805726,0.4188840923370307,0,,0.4042715741727295,0,0.48874627015216804,0,0.11811828,0,0.5436605866391262,0,1.1949894,0,-24.48239533031973,0,0.4787556904400607,0
2016-12-16 16:00:00,40.70748659031921,40.70748659031921,38.00940399195584,2.6980825983633707,0,,1.168949134581826,0,0.8559435139230768,0,0.13239595,0,0.5490635695077299,0,1.1717855,0,-24.731754662561354,0,0.6114061709661103,0
2016-12-16 17:00:00,39.584620141125654,39.584620141125654,39.534607362822875,0.05001277830277928,0,,0.6926188207672109,0,0.7395343530341449,0,0.14470549,0,0.5450740389470932,0,1.1720372,0,-24.64149354643839,0,0.5502023267577137,0
2016-12-16 18:00:00,40.98358684743448,40.98358684743448,39.34196738109781,1.641619466336671,0,,0.303171217680583,0,0.09493229147880335,0,0.14913261,0,0.5528265534328652,0,1.1799417,0,-24.32795371220641,0,0.4419575113808801,0
2016-12-16 19:00:00,36.856445637240974,36.856445637240974,40.012666948993534,3.15622131175256,0,,1.367594460360142,0,1.0367257380784787,0,0.13270696,0,0.549587477463822,0,1.1873012,0,-24.24226401472759,0,0.6479514415781487,0
2016-12-16 20:00:00,34.57847240793957,34.57847240793957,37.48599656299708,2.9075241550575086,0,,1.8459279445377277,0,1.413859680935701,0,0.17114641,0,0.5518492204405974,0,1.1876049,0,-23.9042342224794,0,0.6924633282751644,0
2016-12-16 21:00:00,34.25107976414114,34.25107976414114,35.75002772962474,1.4989479654836018,0,,0.5675620839390139,0,0.2910674963797698,0,0.12594283,0,0.5462065227098806,0,1.1787308,0,-23.67952938454109,0,0.4783763277693475,0
2016-12-16 22:00:00,36.14655777207065,36.14655777207065,35.25435453049973,0.8922032415709182,0,,0.5367426233680782,0,0.6482169742368517,0,0.12636161,0,0.5464715167648349,0,1.174574,0,-23.455901314585553,0,0.5198533131006576,0
2016-12-16 23:00:00,32.9664224555993,32.9664224555993,36.081901144204885,3.1154786886055845,0,,1.8855190815661875,0,1.4862605766016925,0,0.12970719,0,0.5480229588956588,0,1.1793226,0,-23.509825444907644,0,0.6642640364188164,0
2016-12-17 00:00:00,29.07229589747777,29.07229589747777,32.75126420533088,3.6789683078531077,0,,1.8051934033378814,0,1.3780283200661827,0,0.131164,0,0.5477244851454357,0,1.1809274,0,-23.819178217825215,0,0.6587000505816895,0
2016-12-17 01:00:00,35.07263900494358,35.07263900494358,28.07736216257798,6.995276842365602,0,,4.444362733387981,1,3.6995231957994705,1,0.14385706,0,0.5516590030241032,0,1.1712229,0,-24.3437864272488,0,0.7100404653515429,0
2016-12-17 02:00:00,30.56124395313924,30.56124395313924,31.653561266562537,1.0923173134232975,0,,1.088445074325435,0,0.7412052322170974,0,0.13834716,0,0.5542656802498525,0,1.164277,0,-24.54761704826292,0,0.6144410723318159,0
2016-12-17 03:00:00,24.91596193662664,24.91596193662664,27.411269665148353,2.4953077285217127,0,,2.4036410699960493,0,1.8592806135187114,0,0.13686144,0,0.5600298877939702,0,1.1627915,0,-24.545023525585016,0,0.7033383915022763,0
2016-12-17 04:00:00,21.36373664501086,21.36373664501086,22.395168057587345,1.0314314125764845,0,,0.4533921817228707,0,0.18446174346165983,0,0.172931,0,0.563489732318077,0,1.161784,0,-24.49738571244178,0,0.5039200809307031,0
2016-12-17 05:00:00,20.91429711492102,20.91429711492102,20.584999069755956,0.3292980451650642,0,,0.7536434603499356,0,0.8521065029455633,0,0.18141888,0,0.564560564092793,0,1.1623849,0,-24.2092366397728,0,0.6348002023267578,0
2016-12-17 06:00:00,25.7805779130444,25.7805779130444,25.6901037146221,0.09047419842229942,0,,0.9351528526050871,0,1.0079816617878194,0,0.19070621,0,0.5693111415971043,0,1.162752,0,-23.914826766300752,0,0.6896813353566009,0
2016-12-17 07:00:00,27.548967295676842,27.548967295676842,26.886863479026957,0.6621038166498856,0,,0.5424907045119067,0,0.6340901870864069,0,0.18967013,0,0.5729552034683848,0,1.1601249,0,-23.88455043010102,0,0.5977491148204351,0
2016-12-17 08:00:00,32.7351667392478,32.7351667392478,28.49107917987763,4.244087559370172,0,,2.5242029831575805,0,1.9395681474055833,0,0.20406507,1,0.5743766638634346,0,1.159295,0,-23.878986630156334,0,0.7569549822964087,0
2016-12-17 09:00:00,28.2173818442373,28.2173818442373,33.4078058493477,5.190424005110405,0,,3.192058578571624,0,2.4778188838988817,0,0.21939944,1,0.5738063437453692,0,1.1599308,0,-23.891454991962277,0,0.7678300455235205,1
2016-12-17 10:00:00,27.120718854959314,27.120718854959314,30.23277446571957,3.1120556107602546,0,,1.476180735354259,0,1.0207399840743203,0,0.23119612,1,0.5694044364313184,0,1.1567934,0,-23.963619326052193,0,0.7101669195751139,0
2016-12-17 11:00:00,31.48304344624422,31.48304344624422,29.881881751913372,1.6011616943308482,0,,0.24853033257067988,0,0.0029819075773189867,0,0.23737092,1,0.566192100712527,0,1.1564646,0,-24.05030135159641,0,0.469903894790086,0
2016-12-17 12:00:00,32.415980745160596,32.415980745160596,33.91442014677035,1.498439401609751,0,,0.32831262700684,0,0.05537954720788477,0,0.1935416,0,0.5710968375841861,0,1.1579331,0,-24.140263875068726,0,0.48874557410217506,0
2016-12-17 13:00:00,28.056176793937407,28.056176793937407,34.96466095819515,6.9084841642577395,0,,4.733994536996544,1,3.7940436155756623,1,0.12149337,0,0.5724044416954729,0,1.159116,0,-24.240556035210172,0,0.7496206373292869,0
2016-12-17 14:00:00,32.03172653644398,32.03172653644398,31.03685910428967,0.9948674321543116,0,,0.08612746866443081,0,0.2998661669223136,0,0.09408709,0,0.5724575062724193,0,1.1669405,0,-24.20453474249441,0,0.462443095599393,0
2016-12-17 15:00:00,35.92497419170402,35.92497419170402,34.59055679600461,1.334417395699404,0,,0.5452615016472911,0,0.24235291505356643,0,0.098043315,0,0.5689236890050264,0,1.1637573,0,-24.486705211060087,0,0.5027819929185635,0
2016-12-17 16:00:00,33.82549843869154,33.82549843869154,36.53037665451652,2.7048782158249836,0,,1.01066444907541,0,0.6420278710141623,0,0.09590603,0,0.5696291562849477,0,1.1608524,0,-24.66179948443932,0,0.6131765300961053,0
2016-12-17 17:00:00,27.28596858496647,27.28596858496647,35.70614733100776,8.420178746041294,0,,5.443043362882258,1,4.448430165984658,1,0.10384711,0,0.5759939261280812,0,1.156409,0,-24.738069345011695,0,0.7383662114314617,0
2016-12-17 18:00:00,29.669926813144713,29.669926813144713,30.248694680895216,0.5787678677505035,0,,0.8702633582127224,0,0.9577361935905062,0,0.13749711,0,0.5699133692158438,0,1.1712205,0,-24.59949119320724,0,0.6588265048052605,0
2016-12-17 19:00:00,29.25867819216547,29.25867819216547,32.50504874489272,3.2463705527272495,0,,1.1892008544407895,0,0.8012697130603477,0,0.12370893,0,0.567089763726316,0,1.1750904,0,-24.6957478939262,0,0.6565503287809813,0
2016-12-17 20:00:00,24.613072502323856,24.613072502323856,31.952535640090534,7.339463137766678,0,,4.48471999601202,1,3.5569484957693835,0,0.1385467,0,0.5704516307310157,0,1.1794828,0,-24.9890709146738,0,0.7530349013657057,0
2016-12-17 21:00:00,22.552433236880162,22.552433236880162,27.242368073914573,4.689934837034411,0,,2.2315840253028973,0,1.6268667940086585,0,0.18419361,0,0.5685768034994535,0,1.2016586,0,-24.966934050586193,0,0.7500000000000001,0
2016-12-17 22:00:00,21.532269034902505,21.532269034902505,24.806633062976502,3.2743640280739967,0,,0.516508260866215,0,0.21263739472671989,0,0.20794106,1,0.5645554035873808,0,1.2236562,0,-24.595245968753538,0,0.5612038442083965,0
2016-12-17 23:00:00,25.187870947051998,25.187870947051998,22.446810663184596,2.7410602838674016,0,,1.7889651892236875,0,1.2801697215541783,0,0.19857903,0,0.5650750760155686,0,1.248689,0,-24.439740333450516,0,0.7738998482549317,1
2016-12-18 00:00:00,21.677998282165547,21.677998282165547,25.317354539865445,3.639356257699898,0,,1.8951665445867703,0,1.3346390698523338,0,0.19572513,0,0.5653513790463314,0,1.2587655,0,-24.11757442304741,0,0.7890743550834598,1
2016-12-18 01:00:00,20.482795107452063,20.482795107452063,21.553820102084227,1.0710249946321646,0,,0.07097939350056681,0,0.175555634825613,0,0.17232025,0,0.5627516454070097,0,1.2637546,0,-23.646099379187607,0,0.5359129994941831,0
2016-12-18 02:00:00,20.730318382231367,20.730318382231367,20.129847618466975,0.6004707637643918,0,,0.5225276797222089,0,0.6768499084388628,0,0.17928003,0,0.5679167300354724,0,1.2575265,0,-23.390695355127175,0,0.6670460293373798,0
2016-12-18 03:00:00,19.658862160676335,19.658862160676335,20.347872964876956,0.6890108042006204,0,,0.39095793709605986,0,0.565916770767829,0,0.16188765,0,0.5613644833497478,0,1.2512164,0,-23.089810843684802,0,0.6112797167425391,0
2016-12-18 04:00:00,19.63605828383617,19.63605828383617,19.445713936921845,0.19034434691432622,0,,0.8983376917720851,0,0.9853384608429171,0,0.14726199,0,0.5637883275414526,0,1.244878,0,-22.70480563530852,0,0.7262266059686394,0
2016-12-18 05:00:00,22.584175405251028,22.584175405251028,20.005156713979627,2.5790186912714006,0,,0.9582655715622523,0,0.5668634688174364,0,0.15294594,0,0.5610146205861118,0,1.2459245,0,-22.51146659052369,0,0.6875316135558928,0
2016-12-18 06:00:00,25.374311858207907,25.374311858207907,26.87940135042966,1.505089492221753,0,,0.6155932874630647,0,0.2696746863263981,0,0.16377224,0,0.5603899236646765,0,1.2436489,0,-22.5234243769872,0,0.6007840161861405,0
2016-12-18 07:00:00,25.927127641725676,25.927127641725676,26.294052010255854,0.36692436853017796,0,,0.4029822133927892,0,0.5868456949738493,0,0.17131583,0,0.5597189478405111,0,1.24485,0,-22.40343751315836,0,0.6114061709661102,0
2016-12-18 08:00:00,25.46795723872618,25.46795723872618,26.542665711570262,1.0747084728440832,0,,0.054562223443973344,0,0.20106672338725812,0,0.17348701,0,0.5571720720932201,0,1.2419631,0,-22.242291028246456,0,0.5151745068285281,0
2016-12-18 09:00:00,26.92448833396895,26.92448833396895,26.56466844122993,0.3598198927390186,0,,0.8432033698379084,0,0.9580185283234706,0,0.14085796,0,0.555126960154184,0,1.2364198,0,-22.11289071658697,0,0.6823469903894789,0
2016-12-18 10:00:00,26.463676601027203,26.463676601027203,27.91225933606711,1.4485827350399063,0,,0.27749358799038054,0,0.013101958382823554,0,0.1354797,0,0.5514443281514219,0,1.2293407,0,-21.952586370540544,0,0.4723065250379363,0
2016-12-18 11:00:00,26.387968926682706,26.387968926682706,27.779040136020985,1.3910712093382784,0,,0.2249617062100149,0,0.04660361242782504,0,0.1294768,0,0.5585542486965384,0,1.2202165,0,-21.781953093934934,1,0.48318158826504803,0
2016-12-18 12:00:00,31.054824282212646,31.054824282212646,27.990626630603188,3.064197651609458,0,,1.6403245140311435,0,1.146760713446269,0,0.1161265,0,0.553815468050742,0,1.2208711,0,-21.591330994289788,1,0.7032119372787052,0
2016-12-18 13:00:00,26.75513527910618,26.75513527910618,31.900094762974746,5.144959483868565,0,,3.1743256270228635,0,2.4195870755569753,0,0.107328385,0,0.5532728220946539,0,1.1730607,0,-22.42346200435026,0,0.6972685887708648,0
2016-12-18 14:00:00,26.00690963956917,26.00690963956917,28.05154749827554,2.04463785870637,0,,0.5671747803166708,0,0.24193362497159215,0,0.08821609,0,0.5552017428809488,0,1.1589849,0,-22.871933275988482,0,0.471800708143652,0
2016-12-18 15:00:00,25.72603186783337,25.72603186783337,27.76242103556868,2.036389167735308,0,,0.3499559940820563,0,0.05916538536623546,0,0.08503801,0,0.5537835992727159,0,1.163571,0,-22.670224155941884,0,0.4114820435002529,0
2016-12-18 16:00:00,26.38064131176162,26.38064131176162,27.46347334604206,1.0828320342804396,0,,0.843987434496616,0,0.9478889674223125,0,0.0693739,0,0.5556486902276722,0,1.1751958,0,-22.82273831913458,0,0.5815629742033384,0
2016-12-18 17:00:00,29.672271609537823,29.672271609537823,27.812144259187505,1.860127350350318,0,,1.6356596070295446,0,1.132036847568199,0,0.046165075,0,0.556097518425435,0,1.1737461,0,-23.1205641379524,0,0.5888973191704603,0
2016-12-18 18:00:00,28.41847770990605,28.41847770990605,30.540402730871318,2.121925020965268,0,,0.26415176631870513,0,0.4619667945830656,0,0.043290194,0,0.5535128873018613,0,1.1709505,0,-23.748806072437283,0,0.389099645928174,0
2016-12-18 19:00:00,25.533084006727496,25.533084006727496,28.69140505264495,3.1583210459174538,0,,1.089304948414096,0,0.6865773106981179,0,0.050641906,0,0.5550452484673296,0,1.174682,0,-23.458886156005303,0,0.5443854324734446,0
2016-12-18 20:00:00,26.505179561428797,26.505179561428797,25.600913896955323,0.9042656644734741,0,,0.016332803918705223,0,0.2243125822071368,0,0.052342955,0,0.5607867103959784,0,1.1959419,0,-22.517417704819362,0,0.40035407182599897,0
2016-12-18 21:00:00,21.844098229159115,21.844098229159115,26.140245640437616,4.2961474112785005,0,,2.3344337031559363,0,1.7431942501302504,0,0.065292895,0,0.5565342376029193,0,1.201759,0,-22.173587038912192,0,0.6775417298937785,0
2016-12-18 22:00:00,25.122744179050677,25.122744179050677,21.554762829727185,3.5679813493234924,0,,2.0219280178239827,0,1.4685100243215379,0,0.07561176,0,0.5612777377843209,0,1.2133391,0,-21.698130666660877,1,0.7029590288315629,0
2016-12-18 23:00:00,25.180543515683798,25.180543515683798,24.68043763663424,0.5001058790495563,0,,0.3950783672611379,0,0.5693909148806231,0,0.06499052,0,0.5642398909687211,0,1.21626,0,-21.433118324687623,1,0.5341426403641881,0
2016-12-19 00:00:00,22.749454503720578,22.749454503720578,24.32727196444726,1.5778174607266813,0,,0.00871388114952953,0,0.24135047682004537,0,0.059274714,0,0.5613597118135603,0,1.2320873,0,-21.365449531355146,1,0.4447395042994436,0
2016-12-19 01:00:00,24.385919927275076,24.385919927275076,22.149648690892306,2.2362712363827697,0,,0.9716833903109828,0,0.5829953951471549,0,0.05417071,0,0.5593129189690729,0,1.2456634,0,-20.988658812724644,1,0.6143146181082448,0
2016-12-19 02:00:00,22.08833810984237,22.08833810984237,23.587086369781662,1.498748259939294,0,,0.07090073183463262,0,0.29606027257007556,0,0.05424973,0,0.5587013781125083,0,1.2386047,0,-20.995103953004293,1,0.45068285280728376,0
2016-12-19 03:00:00,19.336451509417877,19.336451509417877,21.6737288419445,2.3372773325266216,0,,0.9192830116209924,0,0.5280233267044049,0,0.053083535,0,0.5600062852716382,0,1.2330974,0,-20.922078733385725,1,0.5868740515933232,0
2016-12-19 04:00:00,20.07327612829926,20.07327612829926,19.29415137881508,0.7791247494841791,0,,0.3266361127222442,0,0.5116837711731759,0,0.053722654,0,0.5630352976496412,0,1.2341757,0,-20.659253367254856,1,0.513151239251391,0
2016-12-19 05:00:00,20.9094314949133,20.9094314949133,21.27566038154333,0.3662288866300294,0,,0.06315616056472198,0,0.2872535298848472,0,0.050739285,0,0.5680148564724329,0,1.2453128,0,-20.426232537220216,1,0.4776176024279211,0
2016-12-19 06:00:00,25.34500176562934,25.34500176562934,25.660197442256862,0.31519567662752124,0,,0.6097559613566396,0,0.7481196054878431,0,0.051882327,0,0.5645001592277061,0,1.2357404,0,-20.3710246826188,1,0.5867475973697521,0
2016-12-19 07:00:00,27.74598911317593,27.74598911317593,26.183718429270233,1.5622706839056981,0,,0.1371632025564153,0,0.1183540926454344,0,0.052276384,0,0.5628230279400965,0,1.2363153,0,-20.30524108156756,1,0.4462569549822964,0
2016-12-19 08:00:00,25.73418014772558,25.73418014772558,27.671865316719117,1.9376851689935357,0,,0.7116204168556464,0,0.3637230832795666,0,0.052906647,0,0.566876958874214,0,1.2367865,0,-20.26995040013395,1,0.5614567526555386,0
2016-12-19 09:00:00,25.450019716105295,25.450019716105295,25.836161399189624,0.38614168308432895,0,,0.5844157962179901,0,0.7236469508922407,0,0.056964267,0,0.5612167237318916,0,1.2420313,0,-20.299907048876918,1,0.5904147698533131,0
2016-12-19 10:00:00,25.07634641373186,25.07634641373186,25.778230761055866,0.7018843473240075,0,,0.34221262375361183,0,0.5209412866794123,0,0.059214223,0,0.5664324448648159,0,1.2425848,0,-20.246982601982683,1,0.5494436014162872,0
2016-12-19 11:00:00,26.21618287826319,26.21618287826319,25.545156402670397,0.671026475592793,0,,0.4135751175813859,0,0.5806662752667122,0,0.055205658,0,0.5666735831535575,0,1.2307082,0,-20.20328400981632,1,0.5477996965098634,0
2016-12-19 12:00:00,25.598210774728813,25.598210774728813,26.53241538398194,0.9342046092531291,0,,0.2300838716742587,0,0.43027566901508674,0,0.048633184,0,0.566203291815168,0,1.2409421,0,-20.26932826044199,1,0.5,0
2016-12-19 13:00:00,25.32301947152475,25.32301947152475,25.93469699580287,0.6116775242781216,0,,0.579300686284844,0,0.7247181160320546,0,0.035565335,0,0.5608969082174929,0,1.2413397,0,-20.542906326580372,1,0.5384420839656044,0
2016-12-19 14:00:00,25.462241768837828,25.462241768837828,25.78960779746721,0.32736602862938113,0,,0.912002604227154,0,1.0052360142192023,0,0.03694565,0,0.5608645818435689,0,1.2435882,0,-20.60006366838266,1,0.6167172483560951,0
2016-12-19 15:00:00,25.077958375211704,25.077958375211704,26.140013078926007,1.0620547037143027,0,,0.5568007477099985,0,0.7057472741523574,0,0.037458934,0,0.5564693456378537,0,1.2436289,0,-20.950374280614874,1,0.5250379362670713,0
2016-12-19 16:00:00,25.820498096875653,25.820498096875653,26.072587861636297,0.25208976476064393,0,,0.4738117894456467,0,0.6398844043997229,0,0.035116855,0,0.5559149203287458,0,1.2637798,0,-21.105534514001093,1,0.5115073343449671,0
2016-12-19 17:00:00,26.523117267602572,26.523117267602572,26.92428997447917,0.4011727068765971,0,,0.49400952323283,0,0.6648992980667907,0,0.026819238,0,0.5496906085871132,0,1.2838203,0,-21.20499018632783,1,0.4922862923621649,0
2016-12-19 18:00:00,25.86525416514645,25.86525416514645,27.534599540252533,1.669345375106083,0,,0.4065583168390339,0,0.596729008834922,0,0.027112996,0,0.5512584824603168,0,1.2815832,0,-21.21105756611146,1,0.4738239757207891,0
2016-12-19 19:00:00,25.086927136522146,25.086927136522146,26.53656673851043,1.4496396019882845,0,,0.4561291273207164,0,0.639799239071165,0,0.033067334,0,0.5485072154684117,0,1.270034,0,-21.661559261513577,1,0.48292867981790594,0
2016-12-19 20:00:00,21.08203802475105,21.08203802475105,25.17172392168862,4.089685896937571,0,,1.8911067619656516,0,1.372380892704186,0,0.03913538,0,0.543486201428583,0,1.2589924,0,-22.75240239954907,0,0.6170966110268082,0
2016-12-19 21:00:00,23.26888642181946,23.26888642181946,21.045160046518408,2.2237263753010517,0,,1.1744140187165384,0,0.7569053307673789,0,0.036085162,0,0.5351967597859089,0,1.2526829,0,-22.972970151689125,0,0.5381891755184623,0
2016-12-19 22:00:00,24.64156174637841,24.64156174637841,23.29605004690254,1.3455116994758711,0,,0.5534125916029685,0,0.20650318899225484,0,0.03961404,0,0.5354845450987031,0,1.2332467,0,-23.17084633398074,0,0.38657056145675267,0
2016-12-19 23:00:00,21.603931754210407,21.603931754210407,24.43060673492205,2.826674980711644,0,,1.0201696005324397,0,0.6172737607529901,0,0.045596246,0,0.5328848078760289,0,1.2230284,0,-23.408800208485584,0,0.5032878098128478,0
2016-12-20 00:00:00,19.724809042990106,19.724809042990106,21.173345798031068,1.448536755040962,0,,0.05070990346086811,0,0.23224145796829374,0,0.041853387,0,0.5332456369677395,0,1.2176214,0,-23.10435380439429,0,0.3239757207890744,0
2016-12-20 01:00:00,19.338093206465903,19.338093206465903,19.393424368571694,0.05533116210579081,0,,0.9135037810579182,0,1.0483147408227977,0,0.036266778,0,0.5390997737614672,0,1.2197707,0,-23.1688781277481,0,0.5268082953970662,0
2016-12-20 02:00:00,19.463451753998424,19.463451753998424,19.05330551343624,0.4101462405621845,0,,0.5433051680014364,0,0.7182235744061554,0,0.025513612,0,0.5439564193753053,0,1.2081784,0,-23.11978863312972,0,0.4279210925644916,0
2016-12-20 03:00:00,19.715870017247845,19.715870017247845,19.261306424681184,0.4545635925666609,0,,0.5350348846053944,0,0.7111212877310045,0,0.018708581,0,0.544342816981523,0,1.2077407,0,-23.059446970982954,0,0.41868993424380374,0
2016-12-20 04:00:00,20.006537031712313,20.006537031712313,19.82129765777424,0.18523937393807088,0,,0.7411987044229086,0,0.8776494772096523,0,0.019211065,0,0.5459539047922727,0,1.2091337,0,-23.042975177563594,0,0.4720536165907941,0
2016-12-20 05:00:00,19.502551456411446,19.502551456411446,20.865017569229437,1.362466112817991,0,,0.10172949970191932,0,0.1623401440892687,0,0.019065494,0,0.5380371033909181,0,1.2096424,0,-23.068518311253968,0,0.2871775417298938,0
2016-12-20 06:00:00,24.89641245252591,26.015695949306966,24.648601611552298,0.24781084097361372,1,drift,0.02496442057791227,0,0.21662264091573646,0,0.021522185,0,0.5372703714408023,0,1.2133298,0,-22.905931575389197,0,0.29147698533131006,0
2016-12-20 07:00:00,26.113597921343985,28.35216523612365,25.933092437622918,0.1805054837210669,1,drift,0.03744892016153208,0,0.2060282877694057,0,0.024441937,0,0.535973128801021,0,1.2139161,0,-22.880828882191143,0,0.29350025290844717,0
2016-12-20 08:00:00,26.400982459476857,29.758833408702245,26.175068254592507,0.22591420488435077,1,drift,0.36530425117630316,0,0.0622268172843244,0,0.01497553,0,0.5442074865003863,0,1.2160869,0,-22.86095327417896,0,0.31436519979767324,0
2016-12-20 09:00:00,24.84916447022068,29.326299099780012,26.190532707942328,1.3413682377216496,1,drift,0.6810912838837783,0,0.8277172195896634,0,0.015896535,0,0.5422920692354922,0,1.2189869,0,-22.83665955394685,0,0.4570055639858371,0
2016-12-20 10:00:00,24.688780360221244,30.285198394785183,24.743184335495425,0.05440397527418028,1,drift,0.5552550609862025,0,0.22977927059901865,0,0.014486079,0,0.5441204230029026,0,1.2216884,0,-22.788699237457053,0,0.36709661102680835,0
2016-12-20 11:00:00,25.97191344556465,32.687615160462535,24.676340613761187,1.2955728318034616,1,drift,2.020493493244506,0,1.487371274571755,0,0.018919794,0,0.5458545199959451,0,1.2249043,0,-22.762285331178415,0,0.5671471927162367,0
2016-12-20 12:00:00,26.880523378653987,34.71550895743871,25.808170501231377,1.0723528774226097,1,drift,2.2780588086888196,0,1.6895862798877626,0,0.03543077,0,0.5466469392011754,0,1.211071,0,-22.688862831388597,0,0.5906676783004552,0
2016-12-20 13:00:00,23.923466864391088,32.877735939956864,26.544138907065275,2.6206720426741867,1,drift,0.5330359175375522,0,0.7112584614149754,0,0.053459395,0,0.5455013317420389,0,1.2126639,0,-22.629262096685277,0,0.4921598381385939,0
2016-12-20 14:00:00,24.109116295485386,34.18266923493799,24.073514744049692,0.035601551435693324,1,drift,1.891644933859478,0,1.3326209529880604,0,0.05024634,0,0.5492842752887024,0,1.2114519,0,-22.648978226167127,0,0.6193727870510876,0
2016-12-20 15:00:00,24.19783768617692,35.3906737553048,24.523117880948814,0.3252801947718922,1,drift,2.118554116772041,0,1.49679328664859,0,0.04494287,0,0.5410266224051496,0,1.2160721,0,-22.633024926508966,0,0.5972432979261507,0
2016-12-20 16:00:00,24.315898537909423,36.62801847092414,24.712073344328918,0.396174806419495,1,drift,2.448544459004947,0,1.7519700868864256,0,0.045063227,0,0.5434986326099855,0,1.2143328,0,-22.55059321150363,0,0.6111532625189681,0
2016-12-20 17:00:00,25.748014161937963,25.748014161937963,24.847436870420143,0.9005772915178198,0,,5.325611703648234,1,4.0798694084142415,1,0.074030586,0,0.5360136958806454,0,1.2068847,0,-22.381051058367767,0,0.6667931208902377,0
2016-12-20 18:00:00,25.39550303935666,25.39550303935666,25.676700499042514,0.28119745968585264,0,,0.49655491866707424,0,0.6829857901062051,0,0.09327302,0,0.5371236703130882,0,1.2106843,0,-22.293259157273184,0,0.514921598381386,0
2016-12-20 19:00:00,23.955209399867737,23.955209399867737,24.97243589902548,1.0172264991577435,0,,0.48355592825412974,0,0.6723848527658907,0,0.08711662,0,0.5332197197814308,0,1.2115272,0,-22.272461505288724,0,0.501643904906424,0
2016-12-20 20:00:00,21.831084329259184,21.831084329259184,23.547430869217767,1.7163465399585824,0,,0.12279311228509437,0,0.16943663981717547,0,0.08309474,0,0.5250848545531775,0,1.2096179,0,-22.232028962846407,0,0.37253414264036416,0
2016-12-20 21:00:00,19.23794087599767,19.23794087599767,21.681039141709633,2.4430982657119635,0,,0.642362122591551,0,0.24635734261137537,0,0.09861811,0,0.5279213102782533,0,1.2110119,0,-22.210729733498027,0,0.46851289833080423,0
2016-12-20 22:00:00,22.097307238258587,22.097307238258587,19.225872640586942,2.8714345976716444,0,,1.80083109136477,0,1.176959329380837,0,0.113756336,0,0.5287908925444281,0,1.2125394,0,-22.493534327682518,0,0.6417551846231664,0
2016-12-20 23:00:00,21.542029643380342,21.542029643380342,21.708446525030613,0.1664168816502709,0,,0.9475840979406401,0,1.0578609315052785,0,0.099912405,0,0.5233581182307171,0,1.2109036,0,-22.683920061012024,0,0.5890237733940314,0
2016-12-21 00:00:00,19.72155575156801,19.72155575156801,21.058929205376327,1.3373734538083148,0,,0.0961949609622657,0,0.19958637732010173,0,0.08811282,0,0.5245285003891291,0,1.2082818,0,-22.9723064709796,0,0.37063732928679816,0
2016-12-21 01:00:00,22.63139401909386,22.63139401909386,19.347337419479917,3.284056599613944,0,,1.7006113252015496,0,1.1020058405222521,0,0.073930755,0,0.5309922569338853,0,1.200341,0,-22.973317832957058,0,0.5933232169954478,0
2016-12-21 02:00:00,20.118061565032452,20.118061565032452,22.276301653405,2.1582400883725477,0,,0.8473598282469246,0,0.39692022535919064,0,0.07585188,0,0.5369392726304224,0,1.1951096,0,-23.16893858450329,0,0.49026302478502776,0
2016-12-21 03:00:00,18.473448228691524,18.473448228691524,20.034120870544868,1.560672641853344,0,,0.2926089374993355,0,0.05269891362278088,0,0.07982713,0,0.5397179913965394,0,1.1929196,0,-23.18045880842295,0,0.3767071320182094,0
2016-12-21 04:00:00,18.434348526278505,18.434348526278505,18.63688494562,0.20253641934149513,0,,0.8742840351773982,0,0.993101228801988,0,0.08756691,0,0.5427080881125622,0,1.1920601,0,-23.168484110670786,0,0.5837126960040465,0
2016-12-21 05:00:00,18.369221758277185,18.369221758277185,19.051313352736937,0.6820915944597523,0,,0.47991587467489094,0,0.6747209189934614,0,0.11984145,0,0.5383602293935488,0,1.1929232,0,-23.139375641708117,0,0.5120131512392514,0
2016-12-21 06:00:00,24.185615633444385,24.185615633444385,23.639717468875773,0.5458981645686123,0,,0.6012550971993957,0,0.772235536026703,0,0.15302874,0,0.535381769406454,0,1.1952379,0,-23.044090332730207,0,0.5570308548305514,0
2016-12-21 07:00:00,26.557292796635966,26.557292796635966,25.410167813949116,1.1471249826868508,0,,0.7670251007370433,0,0.9039852676531321,0,0.1899551,0,0.5318714941271415,0,1.1947188,0,-23.071408774021535,0,0.5906676783004552,0
2016-12-21 08:00:00,24.8882641726337,24.8882641726337,26.548616863369347,1.660352690735646,0,,0.8334192997257253,0,0.3831754860884606,0,0.20285688,0,0.5332280756809691,0,1.194464,0,-23.119803936567024,0,0.5418563480020233,0
2016-12-21 09:00:00,24.66111159758492,24.66111159758492,24.857363777816303,0.19625218023138302,0,,0.2294733430571865,0,0.4595127989530595,0,0.1855765,0,0.5326555502494946,0,1.207056,0,-22.83362055369955,0,0.47926150733434497,0
2016-12-21 10:00:00,24.417662829857505,24.417662829857505,24.638666015986008,0.22100318612850245,0,,0.03673604881402377,0,0.2450564632936538,0,0.16651888,0,0.5383828197786178,0,1.2040595,0,-22.61816105063613,0,0.43677288821446636,0
2016-12-21 11:00:00,24.89884489542399,24.89884489542399,24.41076270961719,0.48808218580679963,0,,0.6514895779579579,0,0.7977961842766482,0,0.15655921,0,0.5403375325749769,0,1.2065281,0,-22.567712487544767,0,0.58649468892261,0
2016-12-21 12:00:00,25.393040860890405,25.393040860890405,24.821941618738425,0.5710992421519805,0,,0.885856307130384,0,0.9677037810558324,0,0.12608139,0,0.5444941878548333,0,1.2097477,0,-22.57475849861032,0,0.6310065756196257,0
2016-12-21 13:00:00,29.550342013543112,29.550342013543112,25.10389868146734,4.4464433320757735,0,,2.2212350623493005,0,1.5345835830387362,0,0.09311747,0,0.5419189387002546,0,1.2192023,0,-22.555563804780906,0,0.6689428426909458,0
2016-12-21 14:00:00,25.658472289828193,25.658472289828193,28.30238295436247,2.6439106645342783,0,,1.7647507565904241,0,1.1669552212119643,0,0.08192587,0,0.5397876502611759,0,1.2582842,0,-22.333839229319967,0,0.6727364693980779,0
2016-12-21 15:00:00,25.09100127646825,25.09100127646825,25.127747463725886,0.03674618725763423,0,,0.5989865187727451,0,0.722297064153077,0,0.08691891,0,0.5338409852339033,0,1.2850641,0,-22.281649206459317,0,0.5722053616590793,0
2016-12-21 16:00:00,25.272547566259824,25.272547566259824,24.99312977421097,0.27941779204885364,0,,0.904974394540888,0,0.9605586559006298,0,0.07582424,0,0.5419184647664614,0,1.3111923,0,-21.975223187693196,0,0.6507334344967122,0
2016-12-21 17:00:00,26.006118159507555,26.006118159507555,25.207167372901733,0.7989507866058219,0,,0.0790208975475972,0,0.28938093391090797,0,0.03627572,0,0.5437679635373894,0,1.3162907,0,-21.616044077159412,1,0.40604451188669705,0
2016-12-21 18:00:00,26.427859742051563,26.427859742051563,25.528238577537678,0.899621164513885,0,,0.030509017202334746,0,0.23662041837103515,0,0.035349328,0,0.541604458490279,0,1.3036358,0,-21.26326615424171,1,0.383409205867476,0
2016-12-21 19:00:00,23.698776467808568,23.698776467808568,25.530768548204634,1.8319920803960663,0,,0.3210316191422744,0,0.03292099119299429,0,0.049913455,0,0.5383544318067804,0,1.2976806,0,-20.952074664738664,1,0.4132524026302478,0
2016-12-21 20:00:00,20.8149656329768,20.8149656329768,22.874787965691468,2.059822332714667,0,,0.7053064671054564,0,0.34454866119775596,0,0.05739614,0,0.5459781928667241,0,1.3055168,0,-20.878127271859572,1,0.541224076884168,0
2016-12-21 21:00:00,20.05211394850712,20.05211394850712,20.24726933903655,0.19515539052942898,0,,0.8858010638230137,0,0.9261096795350634,0,0.058472276,0,0.547191354400019,0,1.3159689,0,-20.807207683605533,1,0.6444107233181589,0
2016-12-21 22:00:00,20.02198337451032,20.02198337451032,19.66806403415706,0.35391934035326145,0,,0.5390292159166921,0,0.633136138090824,0,0.053649936,0,0.5478903420804672,0,1.3464215,0,-20.629204257351702,1,0.56398583712696,0
2016-12-21 23:00:00,19.759013756933008,19.759013756933008,19.587876629163887,0.17113712776912138,0,,0.7466852055039829,0,0.7918878516362875,0,0.056237463,0,0.5422716214856094,0,1.3193077,0,-20.2178787046974,1,0.6029337379868488,0
2016-12-22 00:00:00,19.266430487158004,19.266430487158004,19.309772463964354,0.043341976806349436,0,,0.9570271006768719,0,0.9224083356421636,0,0.053412933,0,0.5395405316759181,0,1.3394465,0,-19.930817412189025,1,0.6470662620131513,0
2016-12-22 01:00:00,18.99534195815088,15.554305298066566,18.879895266677543,0.11544669147333764,1,noise,1.775917560681422,0,1.2926114976191534,0,0.04454139,0,0.5483385208745196,0,1.3012573,0,-19.23987281732997,1,0.6858877086494689,0
2016-12-22 02:00:00,19.38041683183862,15.042649414599008,18.667818012851814,0.7125988189868053,1,noise,0.7171438468867569,0,0.6865825229701638,0,0.051567063,0,0.54416346560793,0,1.3034893,0,-18.53736037857049,1,0.6012898330804249,0
2016-12-22 03:00:00,18.976583587005983,22.40109094224138,19.17029845445481,0.1937148674488256,1,noise,5.072602159649925,1,3.9645359877012565,1,0.05881414,0,0.5479360827000976,0,1.3121306,0,-18.229747883071227,1,0.7760495700556399,1
2016-12-22 04:00:00,18.913098516052692,21.40811092327049,19.005273637922183,0.0921751218694915,1,noise,0.04061088644959031,0,0.17966366220014263,0,0.07479874,0,0.5499769643146718,0,1.3120338,0,-18.267052198228544,1,0.5020232675771371,0
2016-12-22 05:00:00,19.90881714414216,19.90881714414216,19.32023546816787,0.5885816759742895,0,,0.7959066921371473,0,0.45836492377304117,0,0.07996627,0,0.5551363983254918,0,1.3132257,0,-18.273997706169123,1,0.6560445118866971,0
2016-12-22 06:00:00,23.70446256923452,23.70446256923452,24.81053013556807,1.1060675663335502,0,,0.24054482241943476,0,0.00193562630757537,0,0.06952674,0,0.5450471094035605,0,1.3110269,0,-18.289364784906965,1,0.4800202326757714,0
2016-12-22 07:00:00,25.45248152746577,25.45248152746577,25.0573655764843,0.3951159509814701,0,,0.4572416494699953,0,0.5636121860833085,0,0.073765464,0,0.5400790572536435,0,1.3127795,0,-18.246718281341348,1,0.5738492665655033,0
2016-12-22 08:00:00,24.64971002627062,24.64971002627062,25.72078617097479,1.071076144704172,0,,0.17398894668607973,0,0.052007136183702764,0,0.06998397,0,0.536201602494912,0,1.3136821,0,-18.220680967580503,1,0.4650986342943854,0
2016-12-22 09:00:00,25.712197486515212,25.712197486515212,24.87148731612049,0.840710170394722,0,,0.42992158220925114,0,0.5414695896069842,0,0.07282105,0,0.5478673855870829,0,1.3046689,0,-18.411396823403297,1,0.5797926150733435,0
2016-12-22 10:00:00,24.73438664547845,24.73438664547845,25.750539972072747,1.0161533265942992,0,,0.017696923304817622,0,0.20229950697528587,0,0.07580046,0,0.5482477117930957,0,1.3177968,0,-18.594195764703638,1,0.498103186646434,0
2016-12-22 11:00:00,25.110521759212364,25.110521759212364,24.916640837582403,0.19388092162996173,0,,0.9174698902447961,0,0.9108912214392998,0,0.075989544,0,0.5462150597055541,0,1.319395,0,-18.619501837773935,1,0.6956246838644411,0
2016-12-22 12:00:00,24.122129828279533,24.122129828279533,25.281789331901972,1.1596595036224393,0,,0.20629547302556966,0,0.007611343730623568,0,0.077658795,0,0.5503528054518475,0,1.34069,0,-18.61035473550614,1,0.5068285280728376,0
2016-12-22 13:00:00,23.539183470764964,23.539183470764964,24.372120053900233,0.8329365831352682,0,,0.012883549914658765,0,0.1659308752081301,0,0.07869252,0,0.5483246896043996,0,1.3338087,0,-18.698326296689768,1,0.4974709155285786,0
2016-12-22 14:00:00,23.42033150607663,23.42033150607663,23.86838692500739,0.4480554189307604,0,,0.49333429389435457,0,0.5358665758416292,0,0.064253114,0,0.5495474511450795,0,1.3093259,0,-18.718339516103175,1,0.5830804248861913,0
2016-12-22 15:00:00,23.897410063234613,23.897410063234613,23.723463597299972,0.17394646593464103,0,,0.8592215270928842,0,0.8168756017514593,0,0.060360145,0,0.5473030379581286,0,1.2964394,0,-18.53093424769593,1,0.6569296914516946,0
2016-12-22 16:00:00,24.151439920858103,24.151439920858103,24.213165576176593,0.06172565531849017,0,,0.9497112655098314,0,0.8769710473743819,0,0.059630554,0,0.5443255390245938,0,1.2831998,0,-18.49303605394265,1,0.6623672230652504,0
2016-12-22 17:00:00,25.0437830297312,25.0437830297312,24.43715198624173,0.6066310434894682,0,,0.3484614224293473,0,0.37445962327713295,0,0.061253164,0,0.5472946681369354,0,1.2942054,0,-18.378073869991375,1,0.5321193727870511,0
2016-12-22 18:00:00,26.759209235499394,26.759209235499394,25.07861696298097,1.6805922725184246,0,,0.5623130690325632,0,0.37665915201999933,0,0.06727269,0,0.5426640420269917,0,1.3000971,0,-18.07426153945118,1,0.560065756196257,0
2016-12-22 19:00:00,23.424376277560338,23.424376277560338,26.0152920717647,2.5909157942043635,0,,0.8121662386265117,0,0.5960820182840134,0,0.06910905,0,0.5430283821592182,0,1.299606,0,-18.00473123656831,1,0.6241780475467881,0
2016-12-22 20:00:00,20.55038442102542,20.55038442102542,22.66799691272871,2.117612491703291,0,,0.48582060362101825,0,0.3030572776851596,0,0.06115286,0,0.5451611547412264,0,1.2977387,0,-17.553005411069165,1,0.5427415275670208,0
2016-12-22 21:00:00,20.54713039539177,20.54713039539177,20.05761882204636,0.48951157334540696,0,,0.27614132790122464,0,0.33685241096121177,0,0.057955652,0,0.5443945886984567,0,1.29006,0,-17.233849804553422,1,0.5117602427921092,0
2016-12-22 22:00:00,20.3020696661845,20.3020696661845,20.27867401482703,0.02339565135747179,0,,0.5792391380347879,0,0.5997219674231442,0,0.055027645,0,0.537806888974928,0,1.2844397,0,-17.37610626928192,1,0.5628477491148204,0
2016-12-22 23:00:00,19.2737579185262,19.2737579185262,20.11641154692008,0.8426536283938795,0,,0.6024539370164425,0,0.6198556130901035,0,0.050738007,0,0.5383104512257063,0,1.283761,0,-17.59025239337908,1,0.5590541224076885,0
2016-12-23 00:00:00,20.024445185870796,20.024445185870796,18.9512087460201,1.073236439850696,0,,0.008051561931800694,0,0.09445820422574047,0,0.04830456,0,0.5403799105532756,0,1.2932317,0,-17.77049617031015,1,0.4185634800202327,0
2016-12-23 01:00:00,20.320798668867,20.320798668867,19.650584659549576,0.6702140093174229,0,,0.394409442865351,0,0.43705690019918375,0,0.055673853,0,0.5435116100744294,0,1.2869216,0,-18.441336175212562,1,0.5233940313606474,0
2016-12-23 02:00:00,19.255849030156156,19.255849030156156,19.99509556823659,0.7392465380804332,0,,0.36828536318567584,0,0.4065071211865547,0,0.06027253,0,0.5504832624003153,0,1.2795644,0,-18.898842701849826,1,0.533889731917046,0
2016-12-23 03:00:00,18.597195181849976,18.597195181849976,19.077874434866498,0.4806792530165218,0,,0.5485298638432264,0,0.5701341238548135,0,0.04579398,0,0.550514168041499,0,1.2759869,0,-18.78244792421912,1,0.550834597875569,0
2016-12-23 04:00:00,18.449003389014898,18.449003389014898,18.62278392313699,0.17378053412209127,0,,0.8247590105890531,0,0.797292764231483,0,0.019204473,0,0.5520392673684141,0,1.2771474,0,-18.731365262381882,1,0.5794132524026302,0
2016-12-23 05:00:00,18.706286538060475,18.706286538060475,19.041597286427073,0.3353107483665987,0,,0.789949121766579,0,0.7526730117108185,0,0.008110217,0,0.5520776839299418,0,1.2729601,0,-18.637394071559257,1,0.5612038442083965,0
2016-12-23 06:00:00,24.151439920858103,24.151439920858103,23.94585309722224,0.205586823635862,0,,0.8856152181313619,0,0.8225127527583711,0,0.009621189,0,0.5521778881055256,0,1.2860616,0,-18.50486831078681,1,0.5896560445118867,0
2016-12-23 07:00:00,24.521888933166064,24.521888933166064,25.22798545220945,0.7060965190433848,0,,0.02157686494160949,0,0.03636078909611383,0,0.016071444,0,0.5447274967471604,0,1.2865086,0,-18.45874428892579,1,0.36279716742539203,0
2016-12-23 08:00:00,24.366370076068566,24.366370076068566,24.917668856134906,0.5512987800663396,0,,0.3654922735743543,0,0.3756163347662763,0,0.016780209,0,0.5457543147060859,0,1.2820762,0,-18.44187595873531,1,0.44511886697015685,0
2016-12-23 09:00:00,25.602284914674918,25.602284914674918,24.798145332606413,0.8041395820685047,0,,0.4474988617206602,0,0.4415984591423364,0,0.019020969,0,0.5497013464184475,0,1.2909775,0,-18.392212559568968,1,0.4825493171471927,0
2016-12-23 10:00:00,27.811936546148374,27.811936546148374,25.884959546835073,1.9269769993133004,0,,0.4744040787642228,0,0.3906512274763828,0,0.01409857,0,0.5492681166699914,0,1.2878602,0,-18.409037831097496,1,0.47281234193222055,0
2016-12-23 11:00:00,25.48179162004434,25.48179162004434,27.75690995947137,2.275118339427028,0,,0.9292635107214782,0,0.795185538464896,0,0.01618476,0,0.5518530504170719,0,1.2858373,0,-18.350747186295347,1,0.5976226605968639,0
2016-12-23 12:00:00,24.18318282344053,24.18318282344053,25.68054819590667,1.4973653724661418,0,,0.40580217406937663,0,0.32837402067339677,0,0.01640749,0,0.5574559461901232,0,1.2876773,0,-18.29391134006703,1,0.4840667678300456,0
2016-12-23 13:00:00,24.12620396822564,24.12620396822564,24.66505088734118,0.5388469191155423,0,,0.4506252125884061,0,0.446129798029085,0,0.019477284,0,0.5558232357166702,0,1.3248456,0,-17.258780888352476,1,0.5199797673242286,0
2016-12-23 14:00:00,23.925108194333333,23.925108194333333,24.6416132635562,0.7165050692228654,0,,0.5364258750567815,0,0.5189042304347364,0,0.0200849,0,0.556977559507914,0,1.335875,0,-17.040324133086447,1,0.5470409711684371,0
2016-12-23 15:00:00,23.861593387811862,23.861593387811862,24.554754322855043,0.6931609350431813,0,,0.7048257902842449,0,0.6729446120303377,0,0.020351548,0,0.5524966999551276,0,1.3395157,0,-17.11051200420198,1,0.5791603439554881,0
2016-12-23 16:00:00,24.543871594376434,24.543871594376434,24.472649279635903,0.07122231474053109,0,,0.627949023604025,0,0.5967794913503703,0,0.023043187,0,0.5532609072342,0,1.3382976,0,-17.21020051820229,1,0.5629742033383915,0
2016-12-23 17:00:00,25.78629301582697,25.78629301582697,24.963736348620348,0.8225566672066229,0,,0.09467637048026266,0,0.1083625379177078,0,0.026710639,0,0.5631222467993869,0,1.3695863,0,-17.29952194639636,1,0.47496206373292865,0
2016-12-23 18:00:00,25.47607615015599,25.47607615015599,26.02571041143165,0.54963426127566,0,,0.7344683282198649,0,0.6904390561305555,0,0.032607414,0,0.5560556904978966,0,1.3801215,0,-17.511557029765267,1,0.6174759736975215,0
2016-12-23 19:00:00,23.171987749879094,23.171987749879094,25.350801792215677,2.178814042336583,0,,0.7078488601860382,0,0.6329139071571042,0,0.027448311,0,0.5532996953902364,0,1.3806823,0,-17.446778963022567,1,0.5906676783004552,0
2016-12-23 20:00:00,19.693886988931695,19.693886988931695,22.70269012209616,3.0088031331644665,0,,1.3128957799422543,0,1.1887941959665453,0,0.024779916,0,0.5517438817796712,0,1.3873905,0,-17.8032808371925,1,0.67653009610521,0
2016-12-23 21:00:00,19.311215923891197,19.311215923891197,19.279623289941373,0.031592633949824034,0,,0.8691782325406031,0,0.8003117966458954,0,0.026331022,0,0.5504881980399244,0,1.4138283,0,-18.04725222804398,1,0.6253161355589277,0
2016-12-23 22:00:00,19.801337382305725,19.801337382305725,18.97107455293457,0.8302628293711543,0,,0.20994243201822724,0,0.1961862979298826,0,0.025532888,0,0.5514425384902144,0,1.410231,0,-17.992487810177607,1,0.46244309559939306,0
2016-12-23 23:00:00,19.313648366789273,19.313648366789273,19.494286436881207,0.1806380700919341,0,,0.9079728451426513,0,0.8243868607111594,0,0.02450187,0,0.549035078951236,0,1.4082948,0,-17.95758300655761,1,0.6268335862417804,0
2016-12-24 00:00:00,19.209451264837334,19.209451264837334,19.037824907432103,0.17162635740523058,0,,0.762924936459179,0,0.68925053517257,0,0.023375625,0,0.5487789727390289,0,1.420107,0,-18.022700253311484,1,0.5875063227111786,0
2016-12-24 01:00:00,19.500910493574978,19.500910493574978,18.971837398745347,0.5290730948296307,0,,0.46466151619141194,0,0.4179517380465481,0,0.022149274,0,0.5581672231512634,0,1.4156786,0,-18.063130845007205,1,0.5367981790591806,0
2016-12-24 02:00:00,19.154905953837865,19.154905953837865,19.312204906862434,0.15729895302456853,0,,0.8967800706924844,0,0.8116604853372085,0,0.022773713,0,0.5623916849307359,0,1.4123214,0,-18.05499334994249,1,0.6603439554881133,0
2016-12-24 03:00:00,18.878893067898225,18.878893067898225,19.041856707844918,0.1629636399466925,0,,0.8832670773326833,0,0.7884363833616623,0,0.022973195,0,0.5575846717902052,0,1.4079536,0,-18.245807123946815,1,0.640870005058169,0
2016-12-24 04:00:00,18.834107631165033,18.834107631165033,18.890700168730802,0.056592537565769874,0,,0.9476987878505095,0,0.8209275693158844,0,0.023624444,0,0.566273476504944,0,1.4044242,0,-18.063239390469974,1,0.6788062721294891,0
2016-12-24 05:00:00,19.03520377216312,19.03520377216312,19.303528973595814,0.26832520143269534,0,,0.8888988923309762,0,0.7670431835209387,0,0.024675796,0,0.5692474576745509,0,1.406085,0,-17.800311388899324,1,0.6722306525037935,0
2016-12-24 06:00:00,22.84796550424657,22.84796550424657,24.276806299980596,1.4288407957340254,0,,0.20139893443898726,0,0.2203909837144141,0,0.018712752,0,0.5703873427321067,0,1.4069347,0,-17.60524721426397,1,0.5059433485078402,0
2016-12-24 07:00:00,23.496038996868236,23.496038996868236,24.306244023001994,0.8102050261337581,0,,0.05088163809030709,0,0.07127742340172694,0,0.017378956,0,0.5715225828040743,0,1.4199157,0,-17.50942188323757,1,0.4710419828022256,0
2016-12-24 08:00:00,23.243650836292776,23.243650836292776,24.21739047422967,0.9737396379368946,0,,0.010270601523033513,0,0.033018754039988336,0,0.017143037,0,0.5724643623218494,0,1.4210134,0,-17.449411528826246,1,0.46320182094081946,0
2016-12-24 09:00:00,22.48402307478279,22.48402307478279,24.122200067852106,1.6381769930693153,0,,0.6167325305599307,0,0.6192870919990539,0,0.019155422,0,0.5747611600306942,0,1.4224886,0,-17.41896236227866,1,0.6196256954982297,0
2016-12-24 10:00:00,22.87563426688289,22.87563426688289,23.48109779162347,0.6054635247405784,0,,0.22844143410371995,0,0.1869994693805147,0,0.022350332,0,0.5770943840399532,0,1.4288784,0,-17.34999832067791,1,0.5202326757713708,0
2016-12-24 11:00:00,22.969250278938766,22.969250278938766,23.66965849392152,0.7004082149827546,0,,0.3042775850048552,0,0.2446971840816541,0,0.011852021,0,0.5781205763131492,0,1.4401273,0,-17.402578676600722,1,0.5287051087506323,0
2016-12-24 12:00:00,23.141886177238913,23.141886177238913,23.69176535925411,0.5498791820151965,0,,0.5640586374513726,0,0.4818730182523119,0,0.011076721,0,0.5722142021572215,0,1.4506855,0,-17.471103099006232,1,0.5881385938290339,0
2016-12-24 13:00:00,23.60105694734419,23.60105694734419,23.778063117586285,0.17700617024209464,0,,0.9421927714706364,0,0.8407853041800125,0,0.01173598,0,0.5793372046780461,0,1.4247692,0,-18.641437176232277,1,0.684117349519474,0
2016-12-24 14:00:00,23.474056702763647,23.474056702763647,24.164445254956494,0.6903885521928466,0,,0.6314671816246035,0,0.5395354395585803,0,0.0135054365,0,0.5814592323460924,0,1.4299138,0,-19.26725742272496,1,0.6005311077389984,0
2016-12-24 15:00:00,23.030332642562158,23.030332642562158,23.961935634336935,0.9316029917747777,0,,0.38609592557658284,0,0.2901216025247506,0,0.014378086,0,0.5803373697093288,0,1.4329458,0,-19.530321349706032,1,0.5306019221041983,0
2016-12-24 16:00:00,23.255052407607078,23.255052407607078,23.53292272642477,0.27787031881769053,0,,0.9533059835487754,0,0.776569809070214,0,0.015314457,0,0.5836617876518377,0,1.4357105,0,-19.550000161577483,1,0.67653009610521,0
2016-12-24 17:00:00,23.3844850950857,23.3844850950857,23.651464976203403,0.26697988111770243,0,,0.9629789665754818,0,0.7211048927912526,0,0.019196482,0,0.5811038851313929,0,1.4501449,0,-19.77848792737041,1,0.6697015680323722,0
2016-12-24 18:00:00,23.448820750131183,23.448820750131183,23.553527639642912,0.10470688951172846,0,,0.8544405791222708,0,0.6168540191357786,0,0.023161335,0,0.5779448999521248,0,1.4690088,0,-19.963768639922172,1,0.6387202832574608,0
2016-12-24 19:00:00,22.7356204895082,22.7356204895082,23.16899804040702,0.43337755089881824,0,,0.7471343576117457,0,0.5045880978807749,0,0.018202312,0,0.5789718684222328,0,1.5014387,0,-20.26193359055009,1,0.5974962063732928,0
2016-12-24 20:00:00,19.869747544403094,19.869747544403094,22.176069783351107,2.306322238948013,0,,0.9924839967134046,0,1.1894098389406935,0,0.013965778,0,0.5787530559857785,0,1.5522358,0,-20.333159701918905,1,0.6932220536165908,0
2016-12-24 21:00:00,18.900055247690364,18.900055247690364,19.45652104160978,0.5564657939194149,0,,0.4699174365112785,0,0.2342406339210469,0,0.01757527,0,0.5784200950585756,0,1.5539722,0,-20.28334363274047,1,0.5249114820435002,0
2016-12-24 22:00:00,18.404247320744105,18.404247320744105,18.565484584576186,0.16123726383208137,0,,0.821959616035046,0,0.5607227595042972,0,0.02037332,0,0.5769322454073001,0,1.6298313,1,-20.171109318891524,1,0.6211431461810825,0
2016-12-24 23:00:00,18.887041347790436,18.887041347790436,18.11689967674212,0.770141671048318,0,,0.3337192654805169,0,0.06212836250413029,0,0.022081828,0,0.5777571782922628,0,1.643453,1,-20.130744338351054,1,0.4921598381385938,0
2016-12-25 00:00:00,19.006714161002783,19.006714161002783,18.654992315848418,0.35172184515436555,0,,0.653659679184509,0,0.35639470198165474,0,0.02243573,0,0.5789926338352775,0,1.6448265,1,-20.143540263316172,1,0.5791603439554881,0
2016-12-25 01:00:00,18.966002864215696,18.966002864215696,18.831121837487945,0.1348810267277507,0,,0.8092704685199678,0,0.48422740393245367,0,0.021246599,0,0.5806375945119151,0,1.6624628,1,-19.949854416893867,1,0.6206373292867982,0
2016-12-25 02:00:00,18.941587393001466,18.941587393001466,18.841458802040336,0.10012859096113047,0,,0.8275752183235632,0,0.5061738893852651,0,0.019008676,0,0.5841869343544285,0,1.6939352,1,-19.980786436369787,1,0.6270864946889226,0
2016-12-25 03:00:00,18.9285448588507,18.9285448588507,18.870881351356164,0.05766350749453508,0,,0.8711555826620865,0,0.5492483890196308,0,0.019850511,0,0.5878721081155354,0,1.6744949,1,-19.898619239850905,1,0.6422610015174507,0
2016-12-25 04:00:00,18.626504907322765,18.626504907322765,19.01327311760491,0.3867682102821455,0,,0.7380552401392875,0,0.4212361716903613,0,0.025041102,0,0.5898677480584779,1,1.6781079,1,-19.753424185067768,1,0.616337885685382,0
2016-12-25 05:00:00,18.757579291849414,18.757579291849414,19.10106524119875,0.3434859493493363,0,,0.7935279273311197,0,0.46527832457700946,0,0.022691056,0,0.5830091344667482,0,1.6714946,1,-19.650972938801306,1,0.6246838644410723,0
2016-12-25 06:00:00,22.777944114880917,22.777944114880917,23.3001708092827,0.5222266944017839,0,,0.03971498411699119,0,0.29167137421484296,0,0.013017234,0,0.5848498683664373,0,1.6651132,1,-19.637985380043887,1,0.5013909964592818,0
2016-12-25 07:00:00,23.010782791355645,23.010782791355645,23.845819341920933,0.8350365505652881,0,,0.4411662973777682,0,0.7597715955954614,0,0.012591635,0,0.5846714962000433,0,1.6598917,1,-19.585762698834735,1,0.6058421851289834,0
2016-12-25 08:00:00,22.57031202257625,22.57031202257625,23.38434596199509,0.8140339394188416,0,,0.034174140434643174,0,0.3510858687423559,0,0.013884957,0,0.5843843634917185,0,1.6472205,1,-19.550469852554208,1,0.5085988872028325,0
2016-12-25 09:00:00,22.649302173252345,22.649302173252345,22.864632840868754,0.21533066761640995,0,,0.5845277840095635,0,0.2751249228043279,0,0.016541542,0,0.5842659071285645,0,1.6580637,1,-19.608917128914737,1,0.5670207384926657,0
2016-12-25 10:00:00,22.79910556046149,22.79910556046149,22.866316999818665,0.06721143935717322,0,,0.837499798587106,0,0.5187366525984914,0,0.015106735,0,0.5835856007279936,0,1.6694384,1,-19.557954689807303,1,0.6322711178553364,0
2016-12-25 11:00:00,22.952983454722524,22.952983454722524,22.924337456499924,0.02864599822260061,0,,0.9561534157613705,0,0.6320964402375346,0,0.013167235,0,0.5842285281112092,0,1.6798235,1,-19.537089822321448,1,0.6652756702073849,0
2016-12-25 12:00:00,22.503572925989303,22.503572925989303,22.952573764672078,0.44900083868277463,0,,0.5117486296065968,0,0.17266440717910878,0,0.01134733,0,0.5836513910381698,0,1.6908009,1,-19.59257544880995,1,0.541224076884168,0
2016-12-25 13:00:00,22.027285481787153,22.027285481787153,22.476019924042266,0.4487344422551125,0,,0.4643967085984623,0,0.11235345672301623,0,0.01044725,0,0.5821902119655238,0,1.6928091,1,-19.61717650144852,1,0.526428932726353,0
2016-12-25 14:00:00,22.498678671730744,22.498678671730744,22.11886491334435,0.3798137583863941,0,,0.7787017044797689,0,0.43072669261915436,0,0.013292889,0,0.5821987731629907,0,1.6990832,1,-19.570239029156706,1,0.6115326251896813,0
2016-12-25 15:00:00,22.810507865987354,22.810507865987354,22.638235035303598,0.17227283068375598,0,,0.8736739569133743,0,0.5192858756144291,0,0.015151323,0,0.584835630002258,0,1.7082355,1,-19.591791452862328,1,0.6422610015174507,0
2016-12-25 16:00:00,22.063102524315685,22.063102524315685,22.779801670127565,0.7166991458118801,0,,0.3519981950426248,0,0.0157412626252172,0,0.0153505625,0,0.5838732487976741,0,1.7052087,1,-19.75782299983774,1,0.4994941831057158,0
2016-12-25 17:00:00,23.583148426079926,23.583148426079926,21.785993949991433,1.7971544760884939,0,,0.5476363633935567,0,0.9667681961657432,0,0.013067772,0,0.5853897161306348,0,1.7015644,1,-19.78869841862044,1,0.6415022761760244,0
2016-12-25 18:00:00,23.40646775629607,23.40646775629607,23.113149014414287,0.29331874188178375,0,,0.7628783999774266,0,0.4077204905806145,0,0.012565804,0,0.5865977669901948,0,1.717253,1,-19.690899321152003,1,0.6102680829539707,0
2016-12-25 19:00:00,22.51658682588923,22.51658682588923,22.874634148369662,0.3580473224804308,0,,0.6357206160568863,0,0.26211976630952627,0,0.010938298,0,0.5883767573771569,1,1.7219198,1,-19.650423686941515,1,0.5784016186140617,0
2016-12-25 20:00:00,19.842870261828388,19.842870261828388,21.955603672978697,2.112733411150309,0,,0.8396281670977634,0,1.3001388215711107,0,0.0069453823,0,0.5886218109117665,1,1.7244849,1,-19.614882121732833,1,0.7059939301972685,0
2016-12-25 21:00:00,19.417053988679605,19.417053988679605,19.39461966499128,0.02243432368832643,0,,0.9360886862413893,0,0.5780680452799295,0,0.010190819,0,0.5893150509611367,1,1.734973,1,-19.557659024397406,1,0.6631259484066767,0
2016-12-25 22:00:00,20.1660716589369,20.1660716589369,19.04734175767204,1.1187299012648602,0,,0.06859522445794723,0,0.35077225122258043,0,0.013874034,0,0.5862258949874228,0,1.7481773,1,-19.467357180099057,1,0.5278199291856348,0
2016-12-25 23:00:00,20.38267214544623,20.38267214544623,19.839475512312415,0.5431966331338138,0,,0.5184462801547285,0,0.12743605308072922,0,0.018862603,0,0.5889101239023928,1,1.752868,1,-19.46775471725691,1,0.5565250379362671,0
2016-12-26 00:00:00,21.627526376900626,21.627526376900626,20.095647065056244,1.5318793118443814,0,,0.3076020912142663,0,0.7615450403452425,0,0.02255159,0,0.5896457431102602,1,1.7542012,1,-19.477669779924252,1,0.6169701568032372,0
2016-12-26 01:00:00,22.58499625377504,22.58499625377504,21.374879529118875,1.2101167246561637,0,,0.043186605655814225,0,0.4793020097636626,0,0.028396407,0,0.5866833997739989,0,1.7489605,1,-19.552063082010857,1,0.556398583712696,0
2016-12-26 02:00:00,18.875639776476135,18.875639776476135,22.321971325593548,3.4463315491174136,0,,1.8558384137390636,0,2.426670097017852,0,0.0404544,0,0.5887010229755739,1,1.7447989,1,-19.70194113126507,1,0.8019726858877085,1
2016-12-26 03:00:00,18.35374604701678,18.35374604701678,18.75559300484259,0.4018469578258106,0,,0.6671132259418082,0,0.27729368254173375,0,0.0393658,0,0.5866259365457691,0,1.7446575,1,-19.73289628155344,1,0.6193727870510876,0
2016-12-26 04:00:00,18.196615228439434,18.196615228439434,18.481584026987218,0.28496879854778356,0,,0.875052637714745,0,0.48901039699651383,0,0.04061134,0,0.5902892019591555,1,1.7289704,1,-19.71917406781066,1,0.6798179059180577,0
2016-12-26 05:00:00,18.435990223326527,18.435990223326527,18.798602628549478,0.3626124052229507,0,,0.9482782421071871,0,0.5497059404073904,0,0.028096063,0,0.5874271316624231,0,1.7147948,1,-19.711714249487827,1,0.67298937784522,0
2016-12-26 06:00:00,22.301656670678767,22.301656670678767,23.3623234086233,1.0606667379445334,0,,0.1176020428043129,0,0.5864526904464024,0,0.015317853,0,0.5862849000186434,0,1.7079576,1,-19.650814500946584,1,0.5532372281234194,0
2016-12-26 07:00:00,23.04416665677454,23.04416665677454,23.60323816752018,0.559071510745639,0,,0.0013824337434494315,0,0.45707711690964137,0,0.017472634,0,0.5847039339025685,0,1.709447,1,-19.663440067572758,1,0.5244688922610016,0
2016-12-26 08:00:00,22.700594927041283,22.700594927041283,23.3200690438744,0.6194741168331177,0,,0.29549540030952537,0,0.1372788134829757,0,0.018927947,0,0.5845287612849244,0,1.685234,1,-19.68645477291578,1,0.5136570561456753,0
2016-12-26 09:00:00,22.618351484943094,22.618351484943094,22.801938760502708,0.18358727555961352,0,,0.7876937536960416,0,0.4137816228305387,0,0.020039005,0,0.5822598997678466,0,1.6812484,1,-19.723862751484752,1,0.6124178047546788,0
2016-12-26 10:00:00,22.684298367256865,22.684298367256865,22.636932176890483,0.047366190366382455,0,,0.9027589577740478,0,0.5466018724584805,0,0.019772572,0,0.5791144552822876,0,1.6616498,1,-19.767463382311938,1,0.6415022761760243,0
2016-12-26 11:00:00,22.870769013980954,22.870769013980954,22.63382572778038,0.23694328620057448,0,,0.737020629067525,0,0.34144134246509766,0,0.018853165,0,0.5789057046748182,0,1.6602886,1,-19.79860369843577,1,0.5880121396054628,0
2016-12-26 12:00:00,22.95705759466863,22.95705759466863,22.628048951226774,0.3290086434418562,0,,0.793236999261319,0,0.40298223295772,0,0.019087095,0,0.5799588263456081,0,1.6572142,1,-19.84047686045002,1,0.6044511886697016,0
2016-12-26 13:00:00,23.186671981077886,23.186671981077886,22.65345218172631,0.5332197993515777,0,,0.6752066707071858,0,0.26415890313018575,0,0.02162906,0,0.5769149890197023,0,1.6522433,1,-19.946005681905437,1,0.5705614567526556,0
2016-12-26 14:00:00,23.797287101228775,23.797287101228775,22.838141019363018,0.9591460818657573,0,,0.3281949347433111,0,0.1453123974512159,0,0.025789537,0,0.5795952533309962,0,1.6562476,1,-19.999411337249054,1,0.514921598381386,0
2016-12-26 15:00:00,23.469982562817542,23.469982562817542,23.409633064699563,0.060349498117979294,0,,0.9569418338328856,0,0.6160019038915324,0,0.030223437,0,0.5787719991078946,0,1.6602397,1,-20.047709973071104,1,0.6686899342438037,0
2016-12-26 16:00:00,24.112369586907477,24.112369586907477,22.949787798907888,1.1625817879995886,0,,0.1025560476649382,0,0.6655690358636152,0,0.030122457,0,0.5748720637570293,0,1.6465416,1,-20.073084927216907,1,0.5610773899848255,0
2016-12-26 17:00:00,23.98616082238855,23.98616082238855,23.56344255491693,0.42271826747161967,0,,0.5766667214175872,0,0.17189993399954118,0,0.025154755,0,0.5714443853921393,0,1.6544155,1,-20.098903141528616,1,0.5419828022255944,0
2016-12-26 18:00:00,24.24913007286008,24.24913007286008,23.359425842701995,0.8897042301580846,0,,0.2372770606942267,0,0.2514579141068891,0,0.02479094,0,0.5751242622958631,0,1.6722629,1,-20.143173369660364,1,0.5130247850278199,0
2016-12-26 19:00:00,24.95095813063116,24.95095813063116,23.61004112709739,1.3409170035337716,0,,0.11076238092799172,0,0.664063337467375,0,0.02622368,0,0.569742234776642,0,1.6963011,1,-20.185075125272625,1,0.5495700556398584,0
2016-12-26 20:00:00,21.789552183948086,21.789552183948086,24.17842806937836,2.3888758854302736,0,,1.0109592802049756,0,1.8072185693489424,0,0.03334695,0,0.5668353176147995,0,1.6996423,1,-20.251207550248523,1,0.7243297926150735,0
2016-12-26 21:00:00,20.133537276292856,20.133537276292856,21.269844447039855,1.1363071707469992,0,,0.02100161398006339,0,0.5612637778760732,0,0.04003903,0,0.5663867270172811,0,1.7110747,1,-20.254269788453698,1,0.5407182599898835,0
2016-12-26 22:00:00,20.003254371827822,20.003254371827822,19.774954224110857,0.22830014771696483,0,,0.8004057190989446,0,0.468656480916146,0,0.044960704,0,0.5583029577569504,0,1.7119172,1,-20.361411139908775,1,0.6144410723318159,0
2016-12-26 23:00:00,20.152266278975354,20.152266278975354,19.694575924112105,0.4576903548632494,0,,0.6027805930948175,0,0.2012660674435979,0,0.047577944,0,0.5561380379591564,0,1.7129793,1,-20.466560060035224,1,0.5555134041476985,0
2016-12-27 00:00:00,19.80215823082974,19.80215823082974,19.894048233876788,0.0918900030470482,0,,0.8963573392969421,0,0.5792724217020817,0,0.04473244,0,0.558482496515416,0,1.7114844,1,-20.440719517177108,1,0.6401112797167426,0
2016-12-27 01:00:00,19.21839102479116,19.21839102479116,19.585778007788388,0.3673869829972283,0,,0.6722082201054224,0,0.28819866792182797,0,0.03857838,0,0.5589456711856157,0,1.7117862,1,-20.357112096384924,1,0.5612038442083965,0
2016-12-27 02:00:00,19.189110667780767,19.189110667780767,19.050764407227295,0.13834626055347243,0,,0.8605860968320508,0,0.5391597698988692,0,0.018057542,0,0.5602864108521752,0,1.7105645,1,-20.232956440638887,1,0.5950935761254424,0
2016-12-27 03:00:00,19.17038166509827,19.17038166509827,19.12955069182691,0.04083097327135832,0,,0.911540842234014,0,0.6080602655522763,0,0.019271797,0,0.561223742151472,0,1.7197071,1,-20.167977644458986,1,0.6215225088517956,0
2016-12-27 04:00:00,20.539802964023572,20.539802964023572,19.293083835206932,1.2467191288166397,0,,0.14847554574115857,0,0.7939968899900498,0,0.02314956,0,0.5626728200595249,0,1.7091901,1,-20.212935436246322,1,0.5513404147698534,0
2016-12-27 05:00:00,19.823320410621875,19.823320410621875,20.949219153557983,1.1258987429361085,0,,0.24819361860753886,0,0.26691023993945845,0,0.02631984,0,0.5610955258212486,0,1.707655,1,-20.298473127635223,1,0.4903894790085988,0
2016-12-27 06:00:00,22.183596186052046,22.183596186052046,24.578059543822054,2.3944633577700074,0,,1.197264031728317,0,2.1827787178646507,0,0.024214232,0,0.55961615801707,0,1.7081037,1,-20.305666559253236,1,0.7015680323722813,0
2016-12-27 07:00:00,23.32179113708824,23.32179113708824,24.202883555122607,0.8810924180343669,0,,0.5391066766411601,0,1.3047265247774282,0,0.025421083,0,0.5592215541344201,0,1.7086004,1,-20.31205898474783,1,0.6173495194739503,0
2016-12-27 08:00:00,21.236736400430317,21.236736400430317,23.936190873093437,2.6994544726631204,0,,1.5670648329246473,0,2.639745892264565,0,0.02841811,0,0.5606223954980194,0,1.7173097,1,-20.338365944787803,1,0.7253414264036419,0
2016-12-27 09:00:00,21.994722464892273,21.994722464892273,21.891970536027483,0.1027519288647909,0,,0.884385153836236,0,0.5747779799683356,0,0.042684495,0,0.5570673127685348,0,1.7148876,1,-20.29840815774833,1,0.633409205867476,0
2016-12-27 10:00:00,21.819682757944886,21.819682757944886,22.488050714663434,0.6683679567185479,0,,0.48122069757619484,0,0.036028686149940155,0,0.04254519,0,0.5612427325191699,0,1.7185144,1,-20.284366869940243,1,0.5193474962063732,0
2016-12-27 11:00:00,21.644614416746656,21.644614416746656,22.182937353545594,0.538322936798938,0,,0.6609722117625204,0,0.2653725701202331,0,0.038290393,0,0.5616134309978721,0,1.7171215,1,-20.24959449654825,1,0.5685381891755185,0
2016-12-27 12:00:00,21.30919059979983,21.30919059979983,21.929508570452512,0.6203179706526818,0,,0.5688131647097656,0,0.13857072020855216,0,0.035001203,0,0.564880375685698,0,1.7113289,1,-20.136054075871705,1,0.5427415275670208,0
2016-12-27 13:00:00,19.52371363620358,19.52371363620358,21.681811777007876,2.158098140804295,0,,0.6602843725386678,0,1.4897016669511607,0,0.03336313,0,0.5633276206697403,0,1.7120608,1,-19.961977091981158,1,0.6740010116337886,0
2016-12-27 14:00:00,22.029718658896794,22.029718658896794,20.16682691789489,1.8628917410019028,0,,0.737249708651903,0,1.5919717822714472,0,0.038161576,0,0.5594835709730523,0,1.714698,1,-19.81225490544353,1,0.6828528072837633,0
2016-12-27 15:00:00,23.908812001654695,23.908812001654695,22.109250657704123,1.7995613439505718,0,,0.38259187861821436,0,1.1207090163501192,0,0.042866904,0,0.5656867918913532,0,1.7174518,1,-19.66314710520794,1,0.6535154274152757,0
2016-12-27 16:00:00,23.922646015867077,23.922646015867077,23.774350821570636,0.14829519429644122,0,,0.9104359760865717,0,0.5989134667713143,0,0.04791844,0,0.5621794697153025,0,1.715488,1,-19.487669460713843,1,0.6847496206373292,0
2016-12-27 17:00:00,23.96986462970991,23.96986462970991,23.641549204349232,0.32831542536067815,0,,0.7808600965270396,0,0.4257626795133046,0,0.04635868,0,0.5634869648755433,0,1.7193007,1,-19.268857073443076,1,0.6455488113302984,0
2016-12-27 18:00:00,25.074705083789613,25.074705083789613,23.44468261141077,1.630022472378844,0,,0.4161530885528574,0,1.195780438438766,0,0.03869651,0,0.560330721289877,0,1.7218108,1,-19.248106786312256,1,0.6460546282245827,0
2016-12-27 19:00:00,22.837384414350502,22.837384414350502,24.27479052214278,1.4374061077922775,0,,0.11089028119397133,0,0.7762607082049936,0,0.03878646,0,0.5565661362608442,0,1.7312956,1,-19.239285129598183,1,0.5742286292362165,0
2016-12-27 20:00:00,21.254615186126404,21.254615186126404,22.096096523396245,0.8414813372698404,0,,0.17387515748230706,0,0.38960938182862115,0,0.027253455,0,0.5546566962199582,0,1.7369783,1,-19.203930136290708,1,0.5060698027314112,0
2016-12-27 21:00:00,20.820680735759368,20.820680735759368,20.670032760519103,0.15064797524026474,0,,0.9520167728865169,0,0.6619052908855877,0,0.028194433,0,0.5523700907095713,0,1.7370663,1,-19.23093742821582,1,0.6385938290338897,0
2016-12-27 22:00:00,19.285980338364514,19.285980338364514,20.322881627062547,1.0369012886980329,0,,0.013741922826490014,0,0.6515003395379615,0,0.032175466,0,0.5502290088596093,0,1.7476996,1,-19.116117539307442,1,0.5171977744056652,0
2016-12-27 23:00:00,19.46834674246854,19.46834674246854,18.880610388736926,0.5877363537316143,0,,0.592330000469771,0,0.1749568240925395,0,0.034656327,0,0.5512448404650201,0,1.758593,1,-18.994782792759693,1,0.5346484572584724,0
2016-12-28 00:00:00,18.859343950903277,18.859343950903277,19.13180080552094,0.272456854617662,0,,0.6721956102200424,0,0.2805123419624139,0,0.03735126,0,0.5516491994339118,0,1.7528641,1,-18.91934870302188,1,0.5636064744562469,0
2016-12-28 01:00:00,19.398324985997107,19.398324985997107,18.593168276180894,0.8051567098162131,0,,0.3669084837964957,0,0.13799144273545694,0,0.038855225,0,0.5553144418726659,0,1.7547642,1,-18.789366660464538,1,0.5198533131006576,0
2016-12-28 02:00:00,19.18339483078664,19.18339483078664,19.210243479110506,0.026848648323866797,0,,0.9047435135443166,0,0.5920870759489746,0,0.043008704,0,0.560247939469952,0,1.7570072,1,-18.76239834201081,1,0.6755184623166414,0
2016-12-28 03:00:00,18.91553095895077,18.91553095895077,19.108694678255265,0.1931637193044935,0,,0.7961579891386172,0,0.4347252411058436,0,0.046954703,0,0.5665745177992794,0,1.7573878,1,-18.750377232392673,1,0.6667931208902377,0
2016-12-28 04:00:00,20.205991475662373,20.205991475662373,19.040377761026015,1.1656137146363577,0,,0.046888507720478534,0,0.7187873155112581,0,0.05046011,0,0.5650244905708528,0,1.7583921,1,-18.6957882531281,1,0.6172230652503794,0
2016-12-28 05:00:00,20.508060795652703,20.508060795652703,20.604581960482665,0.0965211648299622,0,,0.8857686384034682,0,0.5674206325392832,0,0.047048718,0,0.5619184715166534,0,1.7573956,1,-18.672246937672732,1,0.6870257966616086,0
2016-12-28 06:00:00,21.691041550527874,21.691041550527874,24.439211694404545,2.7481701438766706,0,,1.9187764533102805,0,3.3005959382188235,0,0.04516816,0,0.5648739158842047,0,1.7567374,1,-18.666984211991462,1,0.8072837632776935,1
2016-12-28 07:00:00,22.076936538528066,22.076936538528066,23.74469907587951,1.667762537351443,0,,1.6732385666340432,0,2.957130073626738,0,0.04305589,0,0.5620719406241408,0,1.758407,1,-18.645614292048993,1,0.7900859888720283,1
2016-12-28 08:00:00,21.62101979405644,21.62101979405644,22.968952189045428,1.3479323949889874,0,,0.8983662141318685,0,1.877390148568464,0,0.045371946,0,0.558709475144842,0,1.7587783,1,-18.65205680059855,1,0.7486090035407184,0
2016-12-28 09:00:00,21.86687200332532,21.86687200332532,22.13026281360085,0.26339081027553135,0,,0.580769137460699,0,0.15697408184404105,0,0.047245514,0,0.5589207700302379,0,1.7598356,1,-18.65820201443918,1,0.5862417804754679,0
2016-12-28 10:00:00,22.0679975127858,22.0679975127858,22.150631555433876,0.08263404264807406,0,,0.9069040072391529,0,0.596656753664281,0,0.04995358,0,0.5560496819139709,0,1.7632879,1,-18.66413627497234,1,0.6858877086494689,0
2016-12-28 11:00:00,21.90597170573834,21.90597170573834,22.210113949699565,0.30414224396122336,0,,0.7763586676823128,0,0.4165865448015353,0,0.05572584,0,0.560152162716248,0,1.7666569,1,-18.670296372816733,1,0.6662873039959535,0
2016-12-28 12:00:00,21.708128856162347,21.708128856162347,22.07022951592802,0.36210065976567307,0,,0.7570102997459704,0,0.39351314808836657,0,0.061250616,0,0.5662387462177453,0,1.7637229,1,-18.75888618179782,1,0.6832321699544766,0
2016-12-28 13:00:00,21.993901616368262,21.993901616368262,21.92947063618858,0.06443098017968296,0,,0.8265736331420792,0,0.4857207000055161,0,0.060933188,0,0.5687163472982281,0,1.7583281,1,-18.933144110070568,1,0.7089023773394031,0
2016-12-28 14:00:00,22.359456007311888,22.359456007311888,22.317139724054773,0.04231628325711512,0,,0.8049488806595678,0,0.4398775831356699,0,0.04689013,0,0.5704524560028801,0,1.7658027,1,-19.012898274098117,1,0.6758978249873545,0
2016-12-28 15:00:00,21.34744008522644,21.34744008522644,22.61153078191985,1.2640906966934082,0,,0.044296876039848436,0,0.7732206132932044,0,0.047122777,0,0.5669097726008144,0,1.7612871,1,-19.134919932461433,1,0.6179817905918057,0
2016-12-28 16:00:00,21.546923897638898,21.546923897638898,21.52535765675161,0.021566240887288757,0,,0.8645137758920554,0,0.5525604467508243,0,0.04815924,0,0.5635383812952512,0,1.7630196,1,-19.273274447832573,1,0.6853818917551845,0
2016-12-28 17:00:00,22.654197161722465,22.654197161722465,21.520915432076787,1.1332817296456774,0,,0.31558925266002014,0,0.2514819949345786,0,0.040525887,0,0.5594148045934877,0,1.7612331,1,-19.49854533588091,1,0.5388214466363177,0
2016-12-28 18:00:00,22.843070882882234,22.843070882882234,22.392493324874483,0.4505775580077511,0,,0.8992462039900614,0,0.5810770626541393,0,0.035552967,0,0.5657960604125688,0,1.7669033,1,-19.463265702862866,1,0.6693222053616591,0
2016-12-28 19:00:00,22.359456007311888,22.359456007311888,22.120983358431957,0.23847264887993092,0,,0.8941385999410729,0,0.5552041398681988,0,0.027237704,0,0.560352031866863,0,1.7698718,1,-19.44456895077421,1,0.638973191704603,0
2016-12-28 20:00:00,22.30816325352295,22.30816325352295,21.58950694442946,0.7186563090934897,0,,0.5722484577692869,0,0.0656393621335625,0,0.02612557,0,0.557503702795458,0,1.7738314,1,-19.406130620192307,1,0.5221294891249367,0
2016-12-28 21:00:00,21.409313561805668,21.409313561805668,21.5737316748526,0.16441811304693132,0,,0.6261497130546722,0,0.1461863647507377,0,0.032870088,0,0.5549236129455455,0,1.772662,1,-19.371515961295188,1,0.5436267071320182,0
2016-12-28 22:00:00,24.92897583652657,24.92897583652657,20.75594432357075,4.17303151295582,0,,2.2273499560517314,0,4.061327654493523,1,0.036765527,0,0.5516664460554119,0,1.7737463,1,-19.417896767094888,1,0.7534142640364189,0
2016-12-28 23:00:00,21.635674656792833,21.635674656792833,23.60466461821255,1.968989961419716,0,,0.6753309681487756,0,1.744327294644061,0,0.05956727,0,0.5558932274413091,0,1.7762033,1,-19.435479119514735,1,0.7324228629236217,0
2016-12-29 00:00:00,19.078377614522246,19.078377614522246,20.75266606895562,1.6742884544333734,0,,0.8120569529532312,0,1.9242020495483667,0,0.054344624,0,0.5484690437492303,0,1.7832376,1,-19.407765739369047,1,0.7234446130500759,0
2016-12-29 01:00:00,19.196408730686567,19.196408730686567,18.636157097226917,0.5602516334596501,0,,0.7156180507559672,0,0.31818725342774234,0,0.0500079,0,0.5506387423491661,0,1.7884235,1,-19.33531640665261,1,0.6058421851289834,0
2016-12-29 02:00:00,18.780382434478017,18.780382434478017,18.89108416137665,0.11070172689863256,0,,0.7306070011757752,0,0.3420595017205403,0,0.04538548,0,0.5597106250987027,0,1.7980657,1,-19.038671440675888,1,0.6277187658067779,0
2016-12-29 03:00:00,18.51090623405652,18.51090623405652,18.63125501137839,0.120348777321869,0,,0.7850781031861175,0,0.4059454772338439,0,0.04893881,0,0.5676211188863682,0,1.8027251,1,-18.761777468006052,1,0.6758978249873545,0
2016-12-29 04:00:00,19.034412292101504,19.034412292101504,18.665170445966677,0.3692418461348268,0,,0.584308912427639,0,0.0855145367577993,0,0.05686514,0,0.5671243083137629,0,1.8043436,1,-18.814001823543443,1,0.6198786039453718,0
2016-12-29 05:00:00,19.489508922260676,19.489508922260676,19.5627639017049,0.07325497944422565,0,,0.8138436536172071,0,0.40891588599892525,0,0.055821493,0,0.5665423629330057,0,1.8044952,1,-18.849990389167413,1,0.6923368740515934,0
2016-12-29 06:00:00,21.457353024172512,21.457353024172512,22.955262325035985,1.4979093008634727,0,,1.2594523835902527,0,2.7093995110528404,0,0.05840059,0,0.5635262666015665,0,1.7983154,1,-18.881388628046274,1,0.8199291856348001,1
2016-12-29 07:00:00,21.967845182317568,21.967845182317568,23.47905203348029,1.5112068511627221,0,,1.2280846932407188,0,2.6622347527318726,0,0.056907088,0,0.5633690100960848,0,1.7988701,1,-18.86307503387369,1,0.8162620131512393,1
2016-12-29 08:00:00,22.396093164152873,22.396093164152873,22.79611156808865,0.40001840393577837,0,,0.09010498679522262,0,0.6784823486384797,0,0.044459745,0,0.5605134080739963,0,1.7995135,1,-18.86753569350536,1,0.5953464845725848,0
2016-12-29 09:00:00,21.91411998563055,21.91411998563055,22.683195826231024,0.7690758406004754,0,,0.16106741699760038,0,0.5734923933051354,0,0.029061401,0,0.5616016104680113,0,1.804432,1,-18.94378097782639,1,0.563859382903389,0
2016-12-29 10:00:00,21.25382444027635,21.25382444027635,22.08047739614447,0.8266529558681199,0,,0.14128160613277277,0,0.6032425271921156,0,0.02353811,0,0.5643253347681635,0,1.8063247,1,-19.013726683753358,1,0.5632271117855336,0
2016-12-29 11:00:00,21.98332089357797,21.98332089357797,21.295674254455715,0.6876466391222564,0,,0.712961568236252,0,0.25689860993896807,0,0.025747316,0,0.5597909465975102,0,1.8053155,1,-19.07062697790034,1,0.5795397066262012,0
2016-12-29 12:00:00,24.54469244290045,24.54469244290045,21.960747559167633,2.5839448837328156,0,,0.8782153170618041,0,2.136167822476312,0,0.030752076,0,0.5631282924844395,0,1.8026615,1,-19.161364279078125,1,0.735078401618614,0
2016-12-29 13:00:00,24.04234819754182,24.04234819754182,24.166828138574278,0.12447994103245819,0,,0.6193388737734979,0,0.09479449650419755,0,0.040369134,0,0.5678456595055862,0,1.7984713,1,-19.281037143617358,1,0.5851036924633283,0
2016-12-29 14:00:00,22.290255099364465,22.290255099364465,23.675695058998752,1.3854399596342866,0,,0.36088426117464606,0,1.3790783562714477,0,0.03885175,0,0.5681115455576194,0,1.7903582,1,-19.465328872646847,1,0.6715983813859383,0
2016-12-29 15:00:00,21.69429484194997,21.69429484194997,22.14865505791452,0.45436021596455234,0,,0.35918582970831914,0,0.2761992528186233,0,0.03837189,0,0.5651645540742334,0,1.7888523,1,-19.498114509849376,1,0.5617096611026808,0
2016-12-29 16:00:00,21.583561788691444,21.583561788691444,21.65488456804709,0.07132277935564701,0,,0.6500934835053485,0,0.16250589433332613,0,0.035943493,0,0.5611866275845777,0,1.7851158,1,-19.485935765344248,1,0.5724582701062215,0
2016-12-29 17:00:00,22.745380363774476,22.745380363774476,21.581486906823056,1.1638934569514205,0,,0.26346719215445596,0,0.42310007960627444,0,0.037050024,0,0.5652768478334768,0,1.7872832,1,-19.465265548389958,1,0.5689175518462316,0
2016-12-29 18:00:00,22.770616683512717,22.770616683512717,22.615690335144095,0.1549263483686225,0,,0.8165526773259996,0,0.3962149069078212,0,0.04452477,0,0.5630033737940332,0,1.7816147,1,-19.470630241861755,1,0.6473191704602933,0
2016-12-29 19:00:00,22.83981759146014,22.83981759146014,22.4691464801553,0.37067111130484065,0,,0.9616975620327446,0,0.6074650903042794,0,0.054604042,0,0.5621000993839775,0,1.7815336,1,-19.48869899920516,1,0.7178806272129489,0
2016-12-29 20:00:00,20.39079105687604,20.39079105687604,22.401573074499073,2.0107820176230327,0,,0.911508717049835,0,2.2500085655646465,0,0.06744157,0,0.5639621013220834,0,1.7823043,1,-19.53210432344244,1,0.8027314112291349,1
2016-12-29 21:00:00,19.916145309721912,19.916145309721912,20.027028876350226,0.11088356662831345,0,,0.5688341811853971,0,1.5997639427353398e-05,0,0.07127794,0,0.5592153241431509,0,1.7830017,1,-19.525295060119536,1,0.5945877592311583,0
2016-12-29 22:00:00,21.651941848114852,21.651941848114852,19.575090090110354,2.076851758004498,0,,0.44187635401871556,0,1.5350448067581237,0,0.07265256,0,0.5561381607746961,0,1.7804176,1,-19.527411179410514,1,0.7078907435508346,0
2016-12-29 23:00:00,20.013835094618113,20.013835094618113,21.128262516141728,1.1144274215236152,0,,0.1351739180791301,0,1.052684439839066,0,0.05998526,0,0.5558370534236414,0,1.7844493,1,-19.608807569561687,1,0.6455488113302984,0
2016-12-30 00:00:00,19.412159734421046,19.412159734421046,19.524126263100268,0.11196652867922197,0,,0.6836399819070486,0,0.17843035695904666,0,0.05449295,0,0.5512084865865524,0,1.7826983,1,-19.60846895520835,1,0.5882650480526049,0
2016-12-30 01:00:00,19.54244263888608,19.54244263888608,19.025929456475147,0.5165131824109324,0,,0.7014439391199004,0,0.20381987408663194,0,0.05214506,0,0.5571727661407474,0,1.7861209,1,-19.640626702402113,1,0.6069802731411229,0
2016-12-30 02:00:00,19.091390780210613,19.091390780210613,19.26708613808103,0.175695357870417,0,,0.7007011568240411,0,0.20217062478893597,0,0.049107004,0,0.5618396745148633,0,1.7782472,1,-19.837383705021434,1,0.6076125442589783,0
2016-12-30 03:00:00,18.6737235211656,18.6737235211656,18.972866763352382,0.29914324218678345,0,,0.6779024840598709,0,0.16141690834342962,0,0.05026712,0,0.5629392433345842,0,1.7798239,1,-20.02047408672678,1,0.6020485584218512,0
2016-12-30 04:00:00,18.760832583271508,18.760832583271508,18.786118584658638,0.025286001387129886,0,,0.9012679889457343,0,0.5116419352497432,0,0.056747023,0,0.5663325983622947,0,1.7835159,1,-19.88464431580887,1,0.7020738492665655,0
2016-12-30 05:00:00,18.844688353955323,18.844688353955323,19.52188569415652,0.6771973402011966,0,,0.8881591123887764,0,0.4919802435570763,0,0.057054985,0,0.566825689002607,0,1.7803326,1,-19.727375383310275,1,0.7016944865958523,0
2016-12-30 06:00:00,21.958876053901346,21.958876053901346,22.531057279155487,0.5721812252541412,0,,0.3430268620666172,0,1.432755226869654,0,0.046846163,0,0.5607420466105437,0,1.7861295,1,-19.629006901659135,1,0.6679312089023773,0
2016-12-30 07:00:00,21.680460093526026,21.680460093526026,23.299407718734738,1.6189476252087118,0,,1.2400493728172703,0,2.8345919456258444,0,0.048648972,0,0.5613356036791135,0,1.7796395,1,-19.6664546799594,1,0.7843955488113302,1
2016-12-30 08:00:00,21.384898090591438,21.384898090591438,22.29783828109271,0.9129401905012706,0,,0.36279375810337616,0,1.4563895439077466,0,0.046518665,0,0.5597539831541684,0,1.7825536,1,-19.695107588703053,1,0.6633788568538189,0
2016-12-30 09:00:00,22.15753901778979,22.15753901778979,21.80127901098344,0.3562600068063517,0,,0.7930583592184584,0,0.3422330532923507,0,0.03870477,0,0.5581797031607889,0,1.7851623,1,-19.731528522879145,1,0.6054628224582701,0
2016-12-30 10:00:00,22.4620407806782,22.4620407806782,22.304538695788718,0.15750208488948303,0,,0.7982794522358501,0,0.3439358749580061,0,0.0284907,0,0.5617449830751683,0,1.7792649,1,-19.794258640321047,1,0.5993930197268589,0
2016-12-30 11:00:00,21.30919059979983,21.30919059979983,22.49248951301764,1.1832989132178113,0,,0.23320376748163707,0,1.271848526421433,0,0.021782085,0,0.5598784564208424,0,1.7717066,1,-19.87468653761529,1,0.5962316641375822,0
2016-12-30 12:00:00,21.608797374218128,21.608797374218128,21.403606290613073,0.20519108360505456,0,,0.9036476544578617,0,0.5030060642757326,0,0.020179922,0,0.5624362437796454,0,1.7673068,1,-19.939897578780275,1,0.621901871522509,0
2016-12-30 13:00:00,21.255465403112815,21.255465403112815,21.639933818052043,0.3844684149392279,0,,0.4717572788350618,0,0.1753145255540866,0,0.020141607,0,0.5636393742598964,0,1.7554681,1,-20.005248807996164,1,0.5194739504299444,0
2016-12-30 14:00:00,21.342574465218725,21.342574465218725,21.361060688612067,0.01848622339334227,0,,0.9037641457799303,0,0.5110436767841391,0,0.020562654,0,0.5669254045322604,0,1.7512412,1,-20.052228171820783,1,0.6305007587253414,0
2016-12-30 15:00:00,21.87666124605399,21.87666124605399,21.417922681820333,0.4587385642336592,0,,0.5970821258452403,0,0.020528283023128015,0,0.022101723,0,0.5682858362689283,0,1.744694,1,-20.08315749967084,1,0.5273141122913505,0
2016-12-30 16:00:00,21.572160217377142,21.572160217377142,21.843353249162963,0.27119303178582044,0,,0.6549590978492181,0,0.11576243975535652,0,0.02161964,0,0.5673728587964685,0,1.7386471,1,-20.131500791537636,1,0.5461557916034395,0
2016-12-30 17:00:00,24.965613360473334,24.965613360473334,21.57761785663936,3.3879955038339737,0,,1.720624414238553,0,3.7365288307491804,1,0.018339308,0,0.571083148220772,0,1.7359627,1,-20.150237396254056,1,0.7494941831057157,0
2016-12-30 18:00:00,27.754928597800422,27.754928597800422,24.782841549219626,2.9720870485807964,0,,1.2707499401832107,0,3.004225241585506,0,0.02073733,0,0.5722018351019845,0,1.7273321,1,-20.19637701353701,1,0.7421598381385938,0
2016-12-30 19:00:00,23.391812893559678,23.391812893559678,26.779008535083392,3.3871956415237143,0,,1.9443378919137866,0,4.096127241270585,1,0.029945826,0,0.5732397649918971,0,1.7233778,1,-20.25215154560977,1,0.7718765806777945,1
2016-12-30 20:00:00,20.21657219845266,20.21657219845266,22.449233683700992,2.2326614852483324,0,,1.1454118828169249,0,2.8010492864288277,0,0.029244965,0,0.5729704272879005,0,1.7145698,1,-20.29261839309237,1,0.7454476479514415,0
2016-12-30 21:00:00,20.78325209885677,20.78325209885677,19.604597563229948,1.1786545356268228,0,,0.20501977295478507,0,0.6132655316712431,0,0.033598308,0,0.5668475942569675,0,1.7182218,1,-20.19630171711619,1,0.5615832068791098,0
2016-12-30 22:00:00,23.16548079992913,23.16548079992913,20.33249514849121,2.832985651437923,0,,1.1710093496643692,0,2.8363492993723223,0,0.036277417,0,0.5644215763444818,0,1.7198291,1,-20.130527428750842,1,0.7468386444107233,0
2016-12-30 23:00:00,20.809279164445066,20.809279164445066,22.546289109809397,1.7370099453643313,0,,0.6726264479704724,0,2.021552717641288,0,0.051107217,0,0.5635831614245411,0,1.7243525,1,-20.118329572727614,1,0.7240768841679311,0
2016-12-31 00:00:00,19.021369023739176,19.021369023739176,20.26575556242989,1.2443865386907156,0,,0.2641436224344005,0,1.353044030610865,0,0.055339444,0,0.5622739756564865,0,1.711633,1,-20.062555975420246,1,0.6613555892766818,0
2016-12-31 01:00:00,18.804006425630632,18.804006425630632,18.715792130389826,0.0882142952408067,0,,0.9684798789541326,0,0.646618894372902,0,0.055915277,0,0.5682467168705323,0,1.7077454,1,-19.97000315509102,1,0.7215477996965097,0
2016-12-31 02:00:00,18.341552995640864,18.341552995640864,18.607952360151838,0.2663993645109741,0,,0.7132738130170477,0,0.22924650433693622,0,0.051878393,0,0.5729686749770325,0,1.6990896,1,-19.868094456032516,1,0.6289833080424886,0
2016-12-31 03:00:00,18.362715175433003,18.362715175433003,18.218704717431777,0.14401045800122603,0,,0.8947354678489836,0,0.5348140266359764,0,0.056032345,0,0.572162057370192,0,1.6888462,1,-19.783003158181714,1,0.7004299443601415,0
2016-12-31 04:00:00,18.454719226009026,18.454719226009026,18.3571801992198,0.09753902678922444,0,,0.9012313602310632,0,0.5524642460641905,0,0.07148514,0,0.5778741524665529,0,1.6817688,1,-19.72843196229288,1,0.7274911482043501,0
2016-12-31 05:00:00,18.51008538553251,18.51008538553251,18.827938296164046,0.31785291063153664,0,,0.9425833776820027,0,0.6270403425955831,0,0.07966015,0,0.5773595252327948,0,1.6753526,1,-19.67297101202321,1,0.7540465351542741,0
2016-12-31 06:00:00,21.87502028321753,18.51008538553251,23.230020810525463,1.3550005273079329,1,flatline,3.1845978798404104,0,6.355295107627335,1,0.07356426,0,0.5752897548753496,0,1.6644444,1,-19.621531130433624,1,0.8655791603439557,1
2016-12-31 07:00:00,21.30511645985373,18.51008538553251,23.504148975390734,2.199032515537006,1,flatline,2.8805951603132693,0,5.769398384558296,1,0.052284945,0,0.579879643398317,0,1.6609818,1,-19.506054529196774,1,0.8428174001011633,1
2016-12-31 08:00:00,21.052728299278265,18.51008538553251,22.333665357845888,1.2809370585676234,1,flatline,2.747711887960198,0,5.48635974067639,1,0.04415539,0,0.5811422059915409,0,1.6565493,1,-19.37840361471054,1,0.8239757207890742,1
2016-12-31 09:00:00,20.89231482081643,18.51008538553251,22.1389546547846,1.246639833968171,1,flatline,2.3824956808050213,0,4.883227507623014,1,0.0527048,0,0.5831188132498859,0,1.657999,1,-19.234792249015964,1,0.8426909458775924,1
2016-12-31 10:00:00,21.353976036533023,18.51008538553251,21.682692096668244,0.32871606013522126,1,flatline,1.3221124052124098,0,3.112407663870877,0,0.055364132,0,0.5892799845345812,1,1.6627417,1,-19.074498801195297,1,0.8302984319676275,1
2016-12-31 11:00:00,21.742333570105252,21.742333570105252,21.79758812947162,0.05525455936636803,0,,0.511183286412132,0,1.7598495347263678,0,0.058043625,0,0.5894252159668615,1,1.6701235,1,-18.933063846733763,1,0.7474709155285787,0
2016-12-31 12:00:00,21.92226826552276,21.92226826552276,22.06333159832239,0.14106333279962868,0,,0.7650986405101255,0,0.3058641416471497,0,0.066563964,0,0.5905810733461936,1,1.6784564,1,-18.874942603440758,1,0.6920839656044512,0
2016-12-31 13:00:00,27.49603339549855,27.49603339549855,22.1356776238554,5.36035577164315,0,,3.3917406921281046,0,6.5088164224201694,1,0.08195781,0,0.5927409309729068,1,1.6854602,1,-18.8104727017461,1,0.9017450682852807,1
2016-12-31 14:00:00,21.540417314794716,21.540417314794716,27.109408509431333,5.568991194636617,0,,3.7961408420963907,1,7.166039251170186,1,0.09877452,0,0.5939176350337829,1,1.6912299,1,-18.821529347991778,1,0.9189428426909458,1
2016-12-31 15:00:00,21.119496030116046,21.119496030116046,21.609700699174038,0.49020466905799154,0,,0.5756128952823925,0,0.00276064187693642,0,0.14581351,0,0.5948820242130495,1,1.699782,1,-18.788822819494555,1,0.6889226100151745,0
2016-12-31 16:00:00,21.92552155694485,21.92552155694485,21.479001741491704,0.4465198154531471,0,,0.4609151792925581,0,0.1810408668489835,0,0.16106522,0,0.5902009655043925,1,1.7167778,1,-18.73014884232334,1,0.7046029337379869,0
2016-12-31 17:00:00,23.503366428236433,23.503366428236433,22.373472840202695,1.1298935880337382,0,,0.09545157819566745,0,1.0970099566635307,0,0.15132628,0,0.5924563200371943,1,1.7344637,1,-18.673276659693165,1,0.7665655032878097,0
2016-12-31 18:00:00,23.308777604294093,23.308777604294093,23.71140245926766,0.4026248549735669,0,,0.6772981102678055,0,0.18113536572142638,0,0.15080182,0,0.5921853401688238,1,1.7472076,1,-18.607127406759474,1,0.7377339403136064,0
2016-12-31 19:00:00,22.69895396420482,22.69895396420482,23.1422144921748,0.44326052796998283,0,,0.5411113481809607,0,0.0234172148415276,0,0.13027619,0,0.5901727531548542,1,1.7588037,1,-18.521172615941914,1,0.6877845220030349,0
2016-12-31 20:00:00,20.05454712561676,20.05454712561676,22.16497217562262,2.1104250500058583,0,,0.8320826518756148,0,2.3450251776251014,0,0.14139183,0,0.5895448959432588,1,1.7807692,1,-18.438521059380836,1,0.8874557410217502,1
2016-12-31 21:00:00,19.29330776973271,19.29330776973271,19.649942958646193,0.3566351889134829,0,,0.6064698852740988,0,0.06364704936249593,0,0.15034048,0,0.5913814213206618,1,1.8005689,1,-18.340201888672848,1,0.7206626201315124,0
2016-12-31 22:00:00,19.29412788404516,19.29412788404516,18.98736230218027,0.3067655818648909,0,,0.7750934758493483,0,0.3513459042090531,0,0.15113112,0,0.5950481154065715,1,1.8096833,1,-18.211945508207013,1,0.7859129994941831,1
2016-12-31 23:00:00,19.618970978201702,19.618970978201702,18.967362624024705,0.6516083541769966,0,,0.4482068167140448,0,0.2054505207260381,0,0.14012802,0,0.5938873851151396,1,1.8157876,1,-18.00905720648321,1,0.7171219018715225,0
