building_id,meter,timestamp,meter_reading
779,0,2016-01-01 00:00:00,21.41910318
779,0,2016-01-01 01:00:00,20.779969320000003
779,0,2016-01-01 02:00:00,20.69286
779,0,2016-01-01 03:00:00,20.19866409
779,0,2016-01-01 04:00:00,19.95360318
779,0,2016-01-01 05:00:00,19.59698841
779,0,2016-01-01 06:00:00,19.77202773
779,0,2016-01-01 07:00:00,19.51395318
779,0,2016-01-01 08:00:00,18.633011820000004
779,0,2016-01-01 09:00:00,18.686766360000004
779,0,2016-01-01 10:00:00,18.72258318
779,0,2016-01-01 11:00:00,20.87930091
779,0,2016-01-01 12:00:00,21.948295230000003
779,0,2016-01-01 13:00:00,20.542235910000002
779,0,2016-01-01 14:00:00,22.876455
779,0,2016-01-01 15:00:00,24.381845910000003
779,0,2016-01-01 16:00:00,21.695086140000004
779,0,2016-01-01 17:00:00,21.469575000000003
779,0,2016-01-01 18:00:00,22.34969568
779,0,2016-01-01 19:00:00,23.89418613
779,0,2016-01-01 20:00:00,25.450048860000003
779,0,2016-01-01 21:00:00,25.881550680000004
779,0,2016-01-01 22:00:00,22.20314568
779,0,2016-01-01 23:00:00,23.807868180000003
779,0,2016-01-02 00:00:00,20.608183410000002
779,0,2016-01-02 01:00:00,20.3338125
779,0,2016-01-02 02:00:00,20.384284320000003
779,0,2016-01-02 03:00:00,19.96500477
779,0,2016-01-02 04:00:00,20.212498410000002
779,0,2016-01-02 05:00:00,19.789144770000004
779,0,2016-01-02 06:00:00,24.37044432
779,0,2016-01-02 07:00:00,25.465495230000005
779,0,2016-01-02 08:00:00,24.631801590000002
779,0,2016-01-02 09:00:00,24.509666820000003
779,0,2016-01-02 10:00:00,24.835330230000004
779,0,2016-01-02 11:00:00,26.781191820000004
779,0,2016-01-02 12:00:00,25.180543410000002
779,0,2016-01-02 13:00:00,25.116237270000003
779,0,2016-01-02 14:00:00,25.46877795
779,0,2016-01-02 15:00:00,29.031584310000003
779,0,2016-01-02 16:00:00,27.11828613
779,0,2016-01-02 17:00:00,26.88295614
779,0,2016-01-02 18:00:00,29.823804300000003
779,0,2016-01-02 19:00:00,27.175264770000002
779,0,2016-01-02 20:00:00,25.21310682
779,0,2016-01-02 21:00:00,24.70343523
779,0,2016-01-02 22:00:00,23.017318860000003
779,0,2016-01-02 23:00:00,21.781404090000002
779,0,2016-01-03 00:00:00,21.676386360000002
779,0,2016-01-03 01:00:00,21.780583410000002
779,0,2016-01-03 02:00:00,21.224514090000003
779,0,2016-01-03 03:00:00,21.008763180000003
779,0,2016-01-03 04:00:00,20.499091590000003
779,0,2016-01-03 05:00:00,19.473241590000004
779,0,2016-01-03 06:00:00,24.292303860000004
779,0,2016-01-03 07:00:00,24.92979636
779,0,2016-01-03 08:00:00,25.181364090000002
779,0,2016-01-03 09:00:00,24.69124227
779,0,2016-01-03 10:00:00,25.300216140000003
779,0,2016-01-03 11:00:00,27.518836590000003
779,0,2016-01-03 12:00:00,26.76167136
779,0,2016-01-03 13:00:00,28.327294320000004
779,0,2016-01-03 14:00:00,30.534571800000002
779,0,2016-01-03 15:00:00,32.7301839
779,0,2016-01-03 16:00:00,32.71406340000001
779,0,2016-01-03 17:00:00,34.2689589
779,0,2016-01-03 18:00:00,33.8914461
779,0,2016-01-03 19:00:00,31.864952700000003
779,0,2016-01-03 20:00:00,32.1205359
779,0,2016-01-03 21:00:00,31.461060900000003
779,0,2016-01-03 22:00:00,36.935582700000005
779,0,2016-01-03 23:00:00,32.3087061
779,0,2016-01-04 00:00:00,28.218231810000002
779,0,2016-01-04 01:00:00,26.392834320000002
779,0,2016-01-04 02:00:00,24.481177500000005
779,0,2016-01-04 03:00:00,21.834308640000003
779,0,2016-01-04 04:00:00,20.823934320000003
779,0,2016-01-04 05:00:00,20.117240910000003
779,0,2016-01-04 06:00:00,24.877683180000002
779,0,2016-01-04 07:00:00,26.147773410000003
779,0,2016-01-04 08:00:00,27.781805910000003
779,0,2016-01-04 09:00:00,28.677402270000005
779,0,2016-01-04 10:00:00,27.439054770000002
779,0,2016-01-04 11:00:00,30.1210077
779,0,2016-01-04 12:00:00,34.96683
779,0,2016-01-04 13:00:00,37.736625000000004
779,0,2016-01-04 14:00:00,33.9931518
779,0,2016-01-04 15:00:00,31.611714300000003
779,0,2016-01-04 16:00:00,29.728546800000004
779,0,2016-01-04 17:00:00,39.082540200000004
779,0,2016-01-04 18:00:00,39.93399570000001
779,0,2016-01-04 19:00:00,42.82689270000001
779,0,2016-01-04 20:00:00,41.66269950000001
779,0,2016-01-04 21:00:00,37.319836800000004
779,0,2016-01-04 22:00:00,36.052179300000006
779,0,2016-01-04 23:00:00,34.30090680000001
779,0,2016-01-05 00:00:00,33.5705016
779,0,2016-01-05 01:00:00,29.344292700000004
779,0,2016-01-05 02:00:00,26.863435680000002
779,0,2016-01-05 03:00:00,24.85974546
779,0,2016-01-05 04:00:00,24.01139682
779,0,2016-01-05 05:00:00,21.904330230000003
779,0,2016-01-05 06:00:00,26.902505910000002
779,0,2016-01-05 07:00:00,29.128453860000004
779,0,2016-01-05 08:00:00,31.011445500000004
779,0,2016-01-05 09:00:00,29.538911100000004
779,0,2016-01-05 10:00:00,30.334970700000003
779,0,2016-01-05 11:00:00,30.238247700000002
779,0,2016-01-05 12:00:00,29.681064600000003
779,0,2016-01-05 13:00:00,29.931958200000004
779,0,2016-01-05 14:00:00,34.9342959
779,0,2016-01-05 15:00:00,31.790798400000003
779,0,2016-01-05 16:00:00,32.4159807
779,0,2016-01-05 17:00:00,32.3125164
779,0,2016-01-05 18:00:00,38.16484410000001
779,0,2016-01-05 19:00:00,35.7646482
779,0,2016-01-05 20:00:00,34.63064430000001
779,0,2016-01-05 21:00:00,33.1203
779,0,2016-01-05 22:00:00,33.9181182
779,0,2016-01-05 23:00:00,32.7301839
779,0,2016-01-06 00:00:00,31.0961514
779,0,2016-01-06 01:00:00,29.733236400000003
779,0,2016-01-06 02:00:00,27.176876820000004
779,0,2016-01-06 03:00:00,23.308777500000005
779,0,2016-01-06 04:00:00,22.375752270000003
779,0,2016-01-06 05:00:00,21.938535
779,0,2016-01-06 06:00:00,26.637895230000005
779,0,2016-01-06 07:00:00,28.27600182
779,0,2016-01-06 08:00:00,28.69366932
779,0,2016-01-06 09:00:00,27.8811375
779,0,2016-01-06 10:00:00,28.013032500000005
779,0,2016-01-06 11:00:00,31.5366807
779,0,2016-01-06 12:00:00,30.7804827
779,0,2016-01-06 13:00:00,37.2896475
779,0,2016-01-06 14:00:00,34.701281400000006
779,0,2016-01-06 15:00:00,36.661241100000005
779,0,2016-01-06 16:00:00,30.961032300000003
779,0,2016-01-06 17:00:00,33.0487836
779,0,2016-01-06 18:00:00,37.9596741
779,0,2016-01-06 19:00:00,38.3122734
779,0,2016-01-06 20:00:00,34.7232639
779,0,2016-01-06 21:00:00,36.623724300000006
779,0,2016-01-06 22:00:00,37.2456825
779,0,2016-01-06 23:00:00,34.8674691
779,0,2016-01-07 00:00:00,35.426117700000006
779,0,2016-01-07 01:00:00,30.9897561
779,0,2016-01-07 02:00:00,27.708530910000004
779,0,2016-01-07 03:00:00,23.513126820000004
779,0,2016-01-07 04:00:00,22.137198180000002
779,0,2016-01-07 05:00:00,21.16343205
779,0,2016-01-07 06:00:00,26.032966140000003
779,0,2016-01-07 07:00:00,28.21902318
779,0,2016-01-07 08:00:00,31.542542700000006
779,0,2016-01-07 09:00:00,30.5744334
779,0,2016-01-07 10:00:00,29.8970793
779,0,2016-01-07 11:00:00,36.53667360000001
779,0,2016-01-07 12:00:00,32.3133957
779,0,2016-01-07 13:00:00,33.3588834
779,0,2016-01-07 14:00:00,32.65309860000001
779,0,2016-01-07 15:00:00,31.260873600000004
779,0,2016-01-07 16:00:00,34.0271514
779,0,2016-01-07 17:00:00,35.60842590000001
779,0,2016-01-07 18:00:00,35.81095800000001
779,0,2016-01-07 19:00:00,39.524535
779,0,2016-01-07 20:00:00,37.132545900000004
779,0,2016-01-07 21:00:00,35.6922525
779,0,2016-01-07 22:00:00,36.480398400000006
779,0,2016-01-07 23:00:00,34.705384800000004
779,0,2016-01-08 00:00:00,31.4170959
779,0,2016-01-08 01:00:00,29.576134800000002
779,0,2016-01-08 02:00:00,28.824802260000002
779,0,2016-01-08 03:00:00,26.81865
779,0,2016-01-08 04:00:00,24.124592040000003
779,0,2016-01-08 05:00:00,21.09751386
779,0,2016-01-08 06:00:00,26.23816545
779,0,2016-01-08 07:00:00,28.591084320000004
779,0,2016-01-08 08:00:00,28.433132730000004
779,0,2016-01-08 09:00:00,30.5222616
779,0,2016-01-08 10:00:00,29.144691600000005
779,0,2016-01-08 11:00:00,33.042042300000006
779,0,2016-01-08 12:00:00,31.4976984
779,0,2016-01-08 13:00:00,33.9002391
779,0,2016-01-08 14:00:00,38.4532545
779,0,2016-01-08 15:00:00,32.953526100000005
779,0,2016-01-08 16:00:00,31.6011627
779,0,2016-01-08 17:00:00,32.7814764
779,0,2016-01-08 18:00:00,34.865124300000005
779,0,2016-01-08 19:00:00,38.2228779
779,0,2016-01-08 20:00:00,35.040984300000005
779,0,2016-01-08 21:00:00,36.2473839
779,0,2016-01-08 22:00:00,39.055575000000005
779,0,2016-01-08 23:00:00,34.9342959
779,0,2016-01-09 00:00:00,34.3782852
779,0,2016-01-09 01:00:00,31.671799800000006
779,0,2016-01-09 02:00:00,30.002009100000006
779,0,2016-01-09 03:00:00,25.40933727
779,0,2016-01-09 04:00:00,23.035227270000004
779,0,2016-01-09 05:00:00,21.416641140000003
779,0,2016-01-09 06:00:00,29.04456864
779,0,2016-01-09 07:00:00,28.141644780000004
779,0,2016-01-09 08:00:00,28.481201130000006
779,0,2016-01-09 09:00:00,28.04723727
779,0,2016-01-09 10:00:00,30.498813600000002
779,0,2016-01-09 11:00:00,35.1980859
779,0,2016-01-09 12:00:00,35.940508200000004
779,0,2016-01-09 13:00:00,37.14632160000001
779,0,2016-01-09 14:00:00,34.2235284
779,0,2016-01-09 15:00:00,33.984945
779,0,2016-01-09 16:00:00,39.2103318
779,0,2016-01-09 17:00:00,37.54112730000001
779,0,2016-01-09 18:00:00,38.7079584
779,0,2016-01-09 19:00:00,39.029489100000006
779,0,2016-01-09 20:00:00,34.5547314
779,0,2016-01-09 21:00:00,37.34094
779,0,2016-01-09 22:00:00,38.87883570000001
779,0,2016-01-09 23:00:00,39.021282299999996
779,0,2016-01-10 00:00:00,33.3521421
779,0,2016-01-10 01:00:00,32.85651
779,0,2016-01-10 02:00:00,31.309528200000003
779,0,2016-01-10 03:00:00,27.21351432
779,0,2016-01-10 04:00:00,23.550585
779,0,2016-01-10 05:00:00,21.804998640000004
779,0,2016-01-10 06:00:00,25.86038886
779,0,2016-01-10 07:00:00,27.060457500000002
779,0,2016-01-10 08:00:00,27.28596864
779,0,2016-01-10 09:00:00,28.411150230000004
779,0,2016-01-10 10:00:00,31.930020900000002
779,0,2016-01-10 11:00:00,36.024627900000006
779,0,2016-01-10 12:00:00,41.658303000000004
779,0,2016-01-10 13:00:00,42.2568132
779,0,2016-01-10 14:00:00,39.302072100000004
779,0,2016-01-10 15:00:00,42.182952
779,0,2016-01-10 16:00:00,40.220647500000005
779,0,2016-01-10 17:00:00,39.24609
779,0,2016-01-10 18:00:00,38.7574923
779,0,2016-01-10 19:00:00,39.1370568
779,0,2016-01-10 20:00:00,41.3059968
779,0,2016-01-10 21:00:00,39.51867300000001
779,0,2016-01-10 22:00:00,39.6362061
779,0,2016-01-10 23:00:00,39.87801360000001
779,0,2016-01-11 00:00:00,34.7370396
779,0,2016-01-11 01:00:00,33.804102300000004
779,0,2016-01-11 02:00:00,31.816005
779,0,2016-01-11 03:00:00,30.6793632
779,0,2016-01-11 04:00:00,26.717677050000002
779,0,2016-01-11 05:00:00,22.58171364
779,0,2016-01-11 06:00:00,27.288430680000005
779,0,2016-01-11 07:00:00,28.695310680000002
779,0,2016-01-11 08:00:00,30.638036100000004
779,0,2016-01-11 09:00:00,31.4982846
779,0,2016-01-11 10:00:00,35.796303
779,0,2016-01-11 11:00:00,35.86664700000001
779,0,2016-01-11 12:00:00,33.1138518
779,0,2016-01-11 13:00:00,35.9006466
779,0,2016-01-11 14:00:00,37.2694236
779,0,2016-01-11 15:00:00,33.1088691
779,0,2016-01-11 16:00:00,32.9183541
779,0,2016-01-11 17:00:00,34.3782852
779,0,2016-01-11 18:00:00,37.956450000000004
779,0,2016-01-11 19:00:00,37.7682798
779,0,2016-01-11 20:00:00,35.689614600000006
779,0,2016-01-11 21:00:00,39.2299695
779,0,2016-01-11 22:00:00,36.156229800000006
779,0,2016-01-11 23:00:00,38.3049459
779,0,2016-01-12 00:00:00,37.672436100000006
779,0,2016-01-12 01:00:00,33.239884800000006
779,0,2016-01-12 02:00:00,29.974457700000002
779,0,2016-01-12 03:00:00,26.141266590000004
779,0,2016-01-12 04:00:00,25.64950341
779,0,2016-01-12 05:00:00,26.97496023
779,0,2016-01-12 06:00:00,27.809503860000003
779,0,2016-01-12 07:00:00,29.548583400000002
779,0,2016-01-12 08:00:00,31.286959500000005
779,0,2016-01-12 09:00:00,33.7862232
779,0,2016-01-12 10:00:00,31.944675900000004
779,0,2016-01-12 11:00:00,41.296031400000004
779,0,2016-01-12 12:00:00,45.2188818
779,0,2016-01-12 13:00:00,34.601920500000006
779,0,2016-01-12 14:00:00,38.8668186
779,0,2016-01-12 15:00:00,44.872730700000005
779,0,2016-01-12 16:00:00,38.1868266
779,0,2016-01-12 17:00:00,37.6656948
779,0,2016-01-12 18:00:00,41.283135
779,0,2016-01-12 19:00:00,46.4792118
779,0,2016-01-12 20:00:00,39.524535
779,0,2016-01-12 21:00:00,42.675360000000005
779,0,2016-01-12 22:00:00,37.57952340000001
779,0,2016-01-12 23:00:00,37.6029714
779,0,2016-01-13 00:00:00,35.518151100000004
779,0,2016-01-13 01:00:00,33.6543282
779,0,2016-01-13 02:00:00,34.0995471
779,0,2016-01-13 03:00:00,25.664158410000002
779,0,2016-01-13 04:00:00,23.321791140000002
779,0,2016-01-13 05:00:00,21.615304320000003
779,0,2016-01-13 06:00:00,26.934248640000003
779,0,2016-01-13 07:00:00,28.521062730000004
779,0,2016-01-13 08:00:00,29.860441800000004
779,0,2016-01-13 09:00:00,31.004997300000003
779,0,2016-01-13 10:00:00,32.201138400000005
779,0,2016-01-13 11:00:00,35.293343400000005
779,0,2016-01-13 12:00:00,34.82350410000001
779,0,2016-01-13 13:00:00,36.8019291
779,0,2016-01-13 14:00:00,33.200902500000005
779,0,2016-01-13 15:00:00,34.190115000000006
779,0,2016-01-13 16:00:00,39.1663668
779,0,2016-01-13 17:00:00,39.192452700000004
779,0,2016-01-13 18:00:00,40.072632000000006
779,0,2016-01-13 19:00:00,46.07707860000001
779,0,2016-01-13 20:00:00,39.66551610000001
779,0,2016-01-13 21:00:00,39.045902700000006
779,0,2016-01-13 22:00:00,43.20469860000001
779,0,2016-01-13 23:00:00,42.202296600000004
779,0,2016-01-14 00:00:00,33.2765223
779,0,2016-01-14 01:00:00,34.150839600000005
779,0,2016-01-14 02:00:00,34.9398648
779,0,2016-01-14 03:00:00,27.37636068
779,0,2016-01-14 04:00:00,25.566468180000005
779,0,2016-01-14 05:00:00,23.794033860000003
779,0,2016-01-14 06:00:00,27.763076820000002
779,0,2016-01-14 07:00:00,29.221278630000004
779,0,2016-01-14 08:00:00,29.700702300000003
779,0,2016-01-14 09:00:00,30.3294018
779,0,2016-01-14 10:00:00,34.5872655
779,0,2016-01-14 11:00:00,39.8560311
779,0,2016-01-14 12:00:00,41.57857980000001
779,0,2016-01-14 13:00:00,42.72577320000001
779,0,2016-01-14 14:00:00,35.529288900000005
779,0,2016-01-14 15:00:00,35.084070000000004
779,0,2016-01-14 16:00:00,33.3067116
779,0,2016-01-14 17:00:00,35.4993927
779,0,2016-01-14 18:00:00,36.1319025
779,0,2016-01-14 19:00:00,40.0544598
779,0,2016-01-14 20:00:00,42.38636340000001
779,0,2016-01-14 21:00:00,37.5150414
779,0,2016-01-14 22:00:00,37.5543168
779,0,2016-01-14 23:00:00,37.77736590000001
779,0,2016-01-15 00:00:00,35.3519634
779,0,2016-01-15 01:00:00,31.7565057
779,0,2016-01-15 02:00:00,28.99166409
779,0,2016-01-15 03:00:00,27.516403860000004
779,0,2016-01-15 04:00:00,24.484430910000004
779,0,2016-01-15 05:00:00,22.885423860000003
779,0,2016-01-15 06:00:00,26.420532270000002
779,0,2016-01-15 07:00:00,28.40382273
779,0,2016-01-15 08:00:00,29.30106045
779,0,2016-01-15 09:00:00,29.200908180000003
779,0,2016-01-15 10:00:00,29.381516400000002
779,0,2016-01-15 11:00:00,33.293815200000004
779,0,2016-01-15 12:00:00,36.8784282
779,0,2016-01-15 13:00:00,35.7866307
779,0,2016-01-15 14:00:00,31.787574300000003
779,0,2016-01-15 15:00:00,34.492301100000006
779,0,2016-01-15 16:00:00,36.8678766
779,0,2016-01-15 17:00:00,40.67407320000001
779,0,2016-01-15 18:00:00,37.51445520000001
779,0,2016-01-15 19:00:00,34.738798200000005
779,0,2016-01-15 20:00:00,35.4595311
779,0,2016-01-15 21:00:00,36.354072300000006
779,0,2016-01-15 22:00:00,34.4571291
779,0,2016-01-15 23:00:00,34.447456800000005
779,0,2016-01-16 00:00:00,36.95346180000001
779,0,2016-01-16 01:00:00,36.869635200000005
779,0,2016-01-16 02:00:00,34.838159100000006
779,0,2016-01-16 03:00:00,27.51722454
779,0,2016-01-16 04:00:00,22.832490000000004
779,0,2016-01-16 05:00:00,20.97619977
779,0,2016-01-16 06:00:00,26.385506820000003
779,0,2016-01-16 07:00:00,28.76694432
779,0,2016-01-16 08:00:00,27.829024320000002
779,0,2016-01-16 09:00:00,29.235875010000004
779,0,2016-01-16 10:00:00,28.68798318
779,0,2016-01-16 11:00:00,30.4507452
779,0,2016-01-16 12:00:00,37.402197900000004
779,0,2016-01-16 13:00:00,36.41533020000001
779,0,2016-01-16 14:00:00,37.0534089
779,0,2016-01-16 15:00:00,35.595236400000005
779,0,2016-01-16 16:00:00,40.4322657
779,0,2016-01-16 17:00:00,44.14086
779,0,2016-01-16 18:00:00,46.498556400000005
779,0,2016-01-16 19:00:00,40.220647500000005
779,0,2016-01-16 20:00:00,38.650217700000006
779,0,2016-01-16 21:00:00,35.902405200000004
779,0,2016-01-16 22:00:00,37.748935200000005
779,0,2016-01-16 23:00:00,38.1355341
779,0,2016-01-17 00:00:00,31.505025900000003
779,0,2016-01-17 01:00:00,31.202839800000003
779,0,2016-01-17 02:00:00,29.975043900000003
779,0,2016-01-17 03:00:00,28.232828190000003
779,0,2016-01-17 04:00:00,24.42827295
779,0,2016-01-17 05:00:00,22.357023180000002
779,0,2016-01-17 06:00:00,26.33014023
779,0,2016-01-17 07:00:00,26.738868180000004
779,0,2016-01-17 08:00:00,26.254432500000004
779,0,2016-01-17 09:00:00,30.109576800000003
779,0,2016-01-17 10:00:00,34.0605648
779,0,2016-01-17 11:00:00,38.401668900000004
779,0,2016-01-17 12:00:00,38.594821800000005
779,0,2016-01-17 13:00:00,36.1260405
779,0,2016-01-17 14:00:00,33.206471400000005
779,0,2016-01-17 15:00:00,34.770746100000004
779,0,2016-01-17 16:00:00,37.209045
779,0,2016-01-17 17:00:00,38.8486464
779,0,2016-01-17 18:00:00,37.1146668
779,0,2016-01-17 19:00:00,40.412921100000005
779,0,2016-01-17 20:00:00,41.8716798
779,0,2016-01-17 21:00:00,43.6727793
779,0,2016-01-17 22:00:00,35.7036834
779,0,2016-01-17 23:00:00,37.3010784
779,0,2016-01-18 00:00:00,36.277573200000006
779,0,2016-01-18 01:00:00,32.3418264
779,0,2016-01-18 02:00:00,28.220635230000003
779,0,2016-01-18 03:00:00,25.43457318
779,0,2016-01-18 04:00:00,22.864232730000005
779,0,2016-01-18 05:00:00,21.86851341
779,0,2016-01-18 06:00:00,28.190533860000002
779,0,2016-01-18 07:00:00,31.3658034
779,0,2016-01-18 08:00:00,29.353965000000006
779,0,2016-01-18 09:00:00,29.528066400000004
779,0,2016-01-18 10:00:00,31.5472323
779,0,2016-01-18 11:00:00,34.4122848
779,0,2016-01-18 12:00:00,35.755855200000006
779,0,2016-01-18 13:00:00,42.4646211
779,0,2016-01-18 14:00:00,40.9516389
779,0,2016-01-18 15:00:00,39.63943020000001
779,0,2016-01-18 16:00:00,35.6043225
779,0,2016-01-18 17:00:00,33.5722602
779,0,2016-01-18 18:00:00,36.78405
779,0,2016-01-18 19:00:00,40.17257910000001
779,0,2016-01-18 20:00:00,37.368784500000004
779,0,2016-01-18 21:00:00,34.985588400000005
779,0,2016-01-18 22:00:00,38.6273559
779,0,2016-01-18 23:00:00,37.0088577
779,0,2016-01-19 00:00:00,35.968352700000004
779,0,2016-01-19 01:00:00,30.2455752
779,0,2016-01-19 02:00:00,28.343590680000002
779,0,2016-01-19 03:00:00,24.53164932
779,0,2016-01-19 04:00:00,23.250157500000004
779,0,2016-01-19 05:00:00,22.21862136
779,0,2016-01-19 06:00:00,27.115824090000004
779,0,2016-01-19 07:00:00,28.613066820000004
779,0,2016-01-19 08:00:00,28.82556432
779,0,2016-01-19 09:00:00,29.0787441
779,0,2016-01-19 10:00:00,31.421199300000005
779,0,2016-01-19 11:00:00,39.08078160000001
779,0,2016-01-19 12:00:00,32.7946659
779,0,2016-01-19 13:00:00,29.18384976
779,0,2016-01-19 14:00:00,35.0222259
779,0,2016-01-19 15:00:00,33.123524100000004
779,0,2016-01-19 16:00:00,38.35946250000001
779,0,2016-01-19 17:00:00,38.2967391
779,0,2016-01-19 18:00:00,41.7887325
779,0,2016-01-19 19:00:00,43.954448400000004
779,0,2016-01-19 20:00:00,39.8671689
779,0,2016-01-19 21:00:00,42.6876702
779,0,2016-01-19 22:00:00,37.4663868
779,0,2016-01-19 23:00:00,35.754096600000004
779,0,2016-01-20 00:00:00,33.415158600000005
779,0,2016-01-20 01:00:00,29.578772700000002
779,0,2016-01-20 02:00:00,28.441310220000002
779,0,2016-01-20 03:00:00,26.503567500000003
779,0,2016-01-20 04:00:00,23.0742975
779,0,2016-01-20 05:00:00,22.10381409
779,0,2016-01-20 06:00:00,26.42703909
779,0,2016-01-20 07:00:00,28.402210680000003
779,0,2016-01-20 08:00:00,30.3188502
779,0,2016-01-20 09:00:00,29.258648880000003
779,0,2016-01-20 10:00:00,30.4709691
779,0,2016-01-20 11:00:00,32.3907741
779,0,2016-01-20 12:00:00,31.696420200000002
779,0,2016-01-20 13:00:00,34.6045584
779,0,2016-01-20 14:00:00,39.291520500000004
779,0,2016-01-20 15:00:00,39.9187545
779,0,2016-01-20 16:00:00,40.566505500000005
779,0,2016-01-20 17:00:00,38.851870500000004
779,0,2016-01-20 18:00:00,40.66674570000001
779,0,2016-01-20 19:00:00,43.510695
779,0,2016-01-20 20:00:00,34.5043182
779,0,2016-01-20 21:00:00,36.0756273
779,0,2016-01-20 22:00:00,37.321302300000006
779,0,2016-01-20 23:00:00,37.7448318
779,0,2016-01-21 00:00:00,36.748878000000005
779,0,2016-01-21 01:00:00,32.495997
779,0,2016-01-21 02:00:00,29.157734550000004
779,0,2016-01-21 03:00:00,24.805228860000003
779,0,2016-01-21 04:00:00,23.25423159
779,0,2016-01-21 05:00:00,21.64379364
779,0,2016-01-21 06:00:00,26.900893860000004
779,0,2016-01-21 07:00:00,29.930492700000006
779,0,2016-01-21 08:00:00,29.969475000000003
779,0,2016-01-21 09:00:00,31.651575900000005
779,0,2016-01-21 10:00:00,32.4030843
779,0,2016-01-21 11:00:00,33.1147311
779,0,2016-01-21 12:00:00,35.0661909
779,0,2016-01-21 13:00:00,33.64788
779,0,2016-01-21 14:00:00,39.8950134
779,0,2016-01-21 15:00:00,38.4377202
779,0,2016-01-21 16:00:00,40.7825202
779,0,2016-01-21 17:00:00,39.62887860000001
779,0,2016-01-21 18:00:00,41.883990000000004
779,0,2016-01-21 19:00:00,39.484673400000005
779,0,2016-01-21 20:00:00,40.0017018
779,0,2016-01-21 21:00:00,39.7059639
779,0,2016-01-21 22:00:00,37.029081600000005
779,0,2016-01-21 23:00:00,37.2849579
779,0,2016-01-22 00:00:00,41.005569300000005
779,0,2016-01-22 01:00:00,35.111914500000005
779,0,2016-01-22 02:00:00,32.514462300000005
779,0,2016-01-22 03:00:00,27.47894568
779,0,2016-01-22 04:00:00,27.929997270000005
779,0,2016-01-22 05:00:00,22.796673180000003
779,0,2016-01-22 06:00:00,28.280046600000002
779,0,2016-01-22 07:00:00,28.422551820000002
779,0,2016-01-22 08:00:00,28.844293410000002
779,0,2016-01-22 09:00:00,30.326177700000002
779,0,2016-01-22 10:00:00,30.4132284
779,0,2016-01-22 11:00:00,36.4786398
779,0,2016-01-22 12:00:00,34.239648900000006
779,0,2016-01-22 13:00:00,37.2131484
779,0,2016-01-22 14:00:00,38.2691877
779,0,2016-01-22 15:00:00,33.337780200000005
779,0,2016-01-22 16:00:00,35.7403209
779,0,2016-01-22 17:00:00,40.34433570000001
779,0,2016-01-22 18:00:00,37.1586318
779,0,2016-01-22 19:00:00,40.21332
779,0,2016-01-22 20:00:00,31.184960700000005
779,0,2016-01-22 21:00:00,31.086479100000005
779,0,2016-01-22 22:00:00,34.0784439
779,0,2016-01-22 23:00:00,28.850800230000004
779,0,2016-01-23 00:00:00,28.140032730000005
779,0,2016-01-23 01:00:00,26.29514409
779,0,2016-01-23 02:00:00,24.333806820000003
779,0,2016-01-23 03:00:00,22.439237730000002
779,0,2016-01-23 04:00:00,21.590068410000004
779,0,2016-01-23 05:00:00,21.086932950000005
779,0,2016-01-23 06:00:00,25.633236360000005
779,0,2016-01-23 07:00:00,26.766536820000002
779,0,2016-01-23 08:00:00,28.788926820000004
779,0,2016-01-23 09:00:00,26.7380475
779,0,2016-01-23 10:00:00,26.537772270000005
779,0,2016-01-23 11:00:00,27.473230230000002
779,0,2016-01-23 12:00:00,29.4020334
779,0,2016-01-23 13:00:00,35.771096400000005
779,0,2016-01-23 14:00:00,36.8230323
779,0,2016-01-23 15:00:00,35.9967834
779,0,2016-01-23 16:00:00,40.950173400000004
779,0,2016-01-23 17:00:00,43.713520200000005
779,0,2016-01-23 18:00:00,38.72759610000001
779,0,2016-01-23 19:00:00,37.47517980000001
779,0,2016-01-23 20:00:00,32.447928600000004
779,0,2016-01-23 21:00:00,32.5103589
779,0,2016-01-23 22:00:00,28.175849550000002
779,0,2016-01-23 23:00:00,28.249945230000005
779,0,2016-01-24 00:00:00,27.070217730000003
779,0,2016-01-24 01:00:00,24.665977050000002
779,0,2016-01-24 02:00:00,22.620813180000003
779,0,2016-01-24 03:00:00,22.26012432
779,0,2016-01-24 04:00:00,20.93956227
779,0,2016-01-24 05:00:00,21.196845450000005
779,0,2016-01-24 06:00:00,25.9173675
779,0,2016-01-24 07:00:00,27.608407950000004
779,0,2016-01-24 08:00:00,30.307419300000003
779,0,2016-01-24 09:00:00,28.084666140000003
779,0,2016-01-24 10:00:00,28.372900680000004
779,0,2016-01-24 11:00:00,29.244023190000004
779,0,2016-01-24 12:00:00,30.544244100000004
779,0,2016-01-24 13:00:00,31.886055900000002
779,0,2016-01-24 14:00:00,30.087594300000003
779,0,2016-01-24 15:00:00,30.912377700000004
779,0,2016-01-24 16:00:00,29.521618200000002
779,0,2016-01-24 17:00:00,32.2149141
779,0,2016-01-24 18:00:00,35.968938900000005
779,0,2016-01-24 19:00:00,33.613587300000006
779,0,2016-01-24 20:00:00,33.8782566
779,0,2016-01-24 21:00:00,33.3808659
779,0,2016-01-24 22:00:00,34.7250225
779,0,2016-01-24 23:00:00,32.8409757
779,0,2016-01-25 00:00:00,29.06001501
779,0,2016-01-25 01:00:00,25.970272050000005
779,0,2016-01-25 02:00:00,24.704255910000004
779,0,2016-01-25 03:00:00,23.25991773
779,0,2016-01-25 04:00:00,22.453922040000002
779,0,2016-01-25 05:00:00,21.227767500000002
779,0,2016-01-25 06:00:00,26.799100230000004
779,0,2016-01-25 07:00:00,27.116644770000004
779,0,2016-01-25 08:00:00,27.058816140000005
779,0,2016-01-25 09:00:00,28.357425000000003
779,0,2016-01-25 10:00:00,28.946087040000002
779,0,2016-01-25 11:00:00,30.4979343
779,0,2016-01-25 12:00:00,34.3187859
779,0,2016-01-25 13:00:00,36.0984891
779,0,2016-01-25 14:00:00,31.735402500000003
779,0,2016-01-25 15:00:00,32.050485
779,0,2016-01-25 16:00:00,28.49990091
779,0,2016-01-25 17:00:00,31.294873200000005
779,0,2016-01-25 18:00:00,32.69677050000001
779,0,2016-01-25 19:00:00,36.08559270000001
779,0,2016-01-25 20:00:00,27.563622270000003
779,0,2016-01-25 21:00:00,27.406491360000004
779,0,2016-01-25 22:00:00,30.335850000000004
779,0,2016-01-25 23:00:00,30.440779800000005
779,0,2016-01-26 00:00:00,24.824749320000002
779,0,2016-01-26 01:00:00,27.44638227
779,0,2016-01-26 02:00:00,25.86200091
779,0,2016-01-26 03:00:00,21.634854090000005
779,0,2016-01-26 04:00:00,22.26176568
779,0,2016-01-26 05:00:00,23.085699090000006
779,0,2016-01-26 06:00:00,28.337904540000004
779,0,2016-01-26 07:00:00,27.02625273
779,0,2016-01-26 08:00:00,26.33096091
779,0,2016-01-26 09:00:00,26.407489320000003
779,0,2016-01-26 10:00:00,25.62752091
779,0,2016-01-26 11:00:00,25.76920545
779,0,2016-01-26 12:00:00,26.922055680000003
779,0,2016-01-26 13:00:00,25.526577270000004
779,0,2016-01-26 14:00:00,31.468388400000006
779,0,2016-01-26 15:00:00,35.2077582
779,0,2016-01-26 16:00:00,31.965779100000006
779,0,2016-01-26 17:00:00,34.865710500000006
779,0,2016-01-26 18:00:00,34.9164168
779,0,2016-01-26 19:00:00,32.5821684
779,0,2016-01-26 20:00:00,34.7625393
779,0,2016-01-26 21:00:00,31.3658034
779,0,2016-01-26 22:00:00,29.684581800000004
779,0,2016-01-26 23:00:00,27.79892295
779,0,2016-01-27 00:00:00,25.679634090000004
779,0,2016-01-27 01:00:00,23.529423180000002
779,0,2016-01-27 02:00:00,23.13617091
779,0,2016-01-27 03:00:00,22.00366182
779,0,2016-01-27 04:00:00,22.07693682
779,0,2016-01-27 05:00:00,23.459401590000002
779,0,2016-01-27 06:00:00,26.751061140000004
779,0,2016-01-27 07:00:00,29.288017500000002
779,0,2016-01-27 08:00:00,26.48973318
779,0,2016-01-27 09:00:00,28.061071590000005
779,0,2016-01-27 10:00:00,29.681357700000003
779,0,2016-01-27 11:00:00,30.04275
779,0,2016-01-27 12:00:00,28.569101820000004
779,0,2016-01-27 13:00:00,31.825677300000002
779,0,2016-01-27 14:00:00,31.990985700000003
779,0,2016-01-27 15:00:00,31.173529800000004
779,0,2016-01-27 16:00:00,34.401147
779,0,2016-01-27 17:00:00,34.37242320000001
779,0,2016-01-27 18:00:00,31.919469300000003
779,0,2016-01-27 19:00:00,27.95033841
779,0,2016-01-27 20:00:00,26.059843410000003
779,0,2016-01-27 21:00:00,25.116237270000003
779,0,2016-01-27 22:00:00,27.76553886
779,0,2016-01-27 23:00:00,27.1776975
779,0,2016-01-28 00:00:00,27.4414875
779,0,2016-01-28 01:00:00,23.21108727
779,0,2016-01-28 02:00:00,23.81519568
779,0,2016-01-28 03:00:00,21.590068410000004
779,0,2016-01-28 04:00:00,20.72460273
779,0,2016-01-28 05:00:00,20.459200680000002
779,0,2016-01-28 06:00:00,25.76756409
779,0,2016-01-28 07:00:00,27.101169090000003
779,0,2016-01-28 08:00:00,27.32750091
779,0,2016-01-28 09:00:00,26.153459550000004
779,0,2016-01-28 10:00:00,29.9483718
779,0,2016-01-28 11:00:00,29.042165220000005
779,0,2016-01-28 12:00:00,28.847576130000004
779,0,2016-01-28 13:00:00,30.1910586
779,0,2016-01-28 14:00:00,39.7132914
779,0,2016-01-28 15:00:00,32.6050302
779,0,2016-01-28 16:00:00,32.8620789
779,0,2016-01-28 17:00:00,35.1248109
779,0,2016-01-28 18:00:00,31.532577300000003
779,0,2016-01-28 19:00:00,28.42091046
779,0,2016-01-28 20:00:00,27.63039045
779,0,2016-01-28 21:00:00,27.839605230000004
779,0,2016-01-28 22:00:00,31.916245200000002
779,0,2016-01-28 23:00:00,26.19417114
779,0,2016-01-29 00:00:00,24.967225230000004
779,0,2016-01-29 01:00:00,23.172808410000002
779,0,2016-01-29 02:00:00,22.75760295
779,0,2016-01-29 03:00:00,21.6087975
779,0,2016-01-29 04:00:00,21.81071409
779,0,2016-01-29 05:00:00,21.255436140000004
779,0,2016-01-29 06:00:00,25.831049550000003
779,0,2016-01-29 07:00:00,27.184204320000003
779,0,2016-01-29 08:00:00,26.50600023
779,0,2016-01-29 09:00:00,27.445561590000004
779,0,2016-01-29 10:00:00,28.004913630000004
779,0,2016-01-29 11:00:00,31.698765000000005
779,0,2016-01-29 12:00:00,32.8843545
779,0,2016-01-29 13:00:00,34.8747966
779,0,2016-01-29 14:00:00,33.30114270000001
779,0,2016-01-29 15:00:00,33.598053
779,0,2016-01-29 16:00:00,37.6316952
779,0,2016-01-29 17:00:00,36.0603861
779,0,2016-01-29 18:00:00,32.3784639
779,0,2016-01-29 19:00:00,27.245286360000005
779,0,2016-01-29 20:00:00,25.072272270000003
779,0,2016-01-29 21:00:00,27.971500230000004
779,0,2016-01-29 22:00:00,32.426825400000006
779,0,2016-01-29 23:00:00,32.828079300000006
779,0,2016-01-30 00:00:00,28.23203682
779,0,2016-01-30 01:00:00,23.237114550000005
779,0,2016-01-30 02:00:00,21.838382730000003
779,0,2016-01-30 03:00:00,20.637493410000005
779,0,2016-01-30 04:00:00,20.51782068
779,0,2016-01-30 05:00:00,19.974765000000005
779,0,2016-01-30 06:00:00,25.695930450000002
779,0,2016-01-30 07:00:00,26.407489320000003
779,0,2016-01-30 08:00:00,25.555887270000003
779,0,2016-01-30 09:00:00,26.18684364
779,0,2016-01-30 10:00:00,26.354584770000002
779,0,2016-01-30 11:00:00,30.429642
779,0,2016-01-30 12:00:00,32.9508882
779,0,2016-01-30 13:00:00,33.2416434
779,0,2016-01-30 14:00:00,30.517278900000004
779,0,2016-01-30 15:00:00,31.828022100000002
779,0,2016-01-30 16:00:00,36.9886338
779,0,2016-01-30 17:00:00,37.0909257
779,0,2016-01-30 18:00:00,32.7873384
779,0,2016-01-30 19:00:00,32.217258900000004
779,0,2016-01-30 20:00:00,43.57810800000001
779,0,2016-01-30 21:00:00,43.163957700000005
779,0,2016-01-30 22:00:00,31.772919300000005
779,0,2016-01-30 23:00:00,32.673322500000005
779,0,2016-01-31 00:00:00,28.178282280000005
779,0,2016-01-31 01:00:00,26.052515910000004
779,0,2016-01-31 02:00:00,25.224508410000002
779,0,2016-01-31 03:00:00,24.17667591
779,0,2016-01-31 04:00:00,20.887449090000004
779,0,2016-01-31 05:00:00,20.013043860000003
779,0,2016-01-31 06:00:00,25.327093410000003
779,0,2016-01-31 07:00:00,27.09466227
779,0,2016-01-31 08:00:00,29.6901507
779,0,2016-01-31 09:00:00,29.843148900000003
779,0,2016-01-31 10:00:00,32.68621890000001
779,0,2016-01-31 11:00:00,32.6742018
779,0,2016-01-31 12:00:00,34.5866793
779,0,2016-01-31 13:00:00,38.75280270000001
779,0,2016-01-31 14:00:00,44.778352500000004
779,0,2016-01-31 15:00:00,45.943425000000005
779,0,2016-01-31 16:00:00,50.44807890000001
779,0,2016-01-31 17:00:00,45.4996716
779,0,2016-01-31 18:00:00,40.8613641
779,0,2016-01-31 19:00:00,44.454477
779,0,2016-01-31 20:00:00,45.377742000000005
779,0,2016-01-31 21:00:00,44.2516518
779,0,2016-01-31 22:00:00,44.9565573
779,0,2016-01-31 23:00:00,42.773841600000004
779,0,2016-02-01 00:00:00,33.706500000000005
779,0,2016-02-01 01:00:00,27.01810455
779,0,2016-02-01 02:00:00,24.728671140000003
779,0,2016-02-01 03:00:00,23.43985182
779,0,2016-02-01 04:00:00,21.50377977
779,0,2016-02-01 05:00:00,20.315904090000004
779,0,2016-02-01 06:00:00,25.833511590000004
779,0,2016-02-01 07:00:00,26.681068860000003
779,0,2016-02-01 08:00:00,28.28497068
779,0,2016-02-01 09:00:00,32.690615400000006
779,0,2016-02-01 10:00:00,30.268143900000005
779,0,2016-02-01 11:00:00,29.286405450000004
779,0,2016-02-01 12:00:00,27.318561360000004
779,0,2016-02-01 13:00:00,28.828026360000003
779,0,2016-02-01 14:00:00,30.054180900000002
779,0,2016-02-01 15:00:00,30.650053200000002
779,0,2016-02-01 16:00:00,31.0603932
779,0,2016-02-01 17:00:00,33.94420410000001
779,0,2016-02-01 18:00:00,36.27845250000001
779,0,2016-02-01 19:00:00,39.6033789
779,0,2016-02-01 20:00:00,39.82173840000001
779,0,2016-02-01 21:00:00,37.4215425
779,0,2016-02-01 22:00:00,36.814239300000004
779,0,2016-02-01 23:00:00,38.18272320000001
779,0,2016-02-02 00:00:00,33.498105900000006
779,0,2016-02-02 01:00:00,32.408067
779,0,2016-02-02 02:00:00,27.77934387
779,0,2016-02-02 03:00:00,21.5648325
779,0,2016-02-02 04:00:00,20.71323045
779,0,2016-02-02 05:00:00,20.714021820000003
779,0,2016-02-02 06:00:00,26.440873410000002
779,0,2016-02-02 07:00:00,27.573382500000005
779,0,2016-02-02 08:00:00,28.122945000000005
779,0,2016-02-02 09:00:00,29.189477280000006
779,0,2016-02-02 10:00:00,29.20744431
779,0,2016-02-02 11:00:00,30.211282500000003
779,0,2016-02-02 12:00:00,32.3737743
779,0,2016-02-02 13:00:00,31.864073400000002
779,0,2016-02-02 14:00:00,29.288808870000004
779,0,2016-02-02 15:00:00,31.039290000000005
779,0,2016-02-02 16:00:00,34.359526800000005
779,0,2016-02-02 17:00:00,34.848124500000004
779,0,2016-02-02 18:00:00,40.0708734
779,0,2016-02-02 19:00:00,36.7611882
779,0,2016-02-02 20:00:00,35.354308200000006
779,0,2016-02-02 21:00:00,36.2148498
779,0,2016-02-02 22:00:00,38.7061998
779,0,2016-02-02 23:00:00,38.5737186
779,0,2016-02-03 00:00:00,35.1256902
779,0,2016-02-03 01:00:00,30.0556464
779,0,2016-02-03 02:00:00,26.18687295
779,0,2016-02-03 03:00:00,21.975993180000003
779,0,2016-02-03 04:00:00,21.018523410000004
779,0,2016-02-03 05:00:00,21.206605680000003
779,0,2016-02-03 06:00:00,26.181157500000005
779,0,2016-02-03 07:00:00,28.249945230000005
779,0,2016-02-03 08:00:00,28.438027500000004
779,0,2016-02-03 09:00:00,30.13068
779,0,2016-02-03 10:00:00,27.61245273
779,0,2016-02-03 11:00:00,27.272955000000003
779,0,2016-02-03 12:00:00,29.205773640000004
779,0,2016-02-03 13:00:00,33.067542
779,0,2016-02-03 14:00:00,32.0106234
779,0,2016-02-03 15:00:00,32.9233368
779,0,2016-02-03 16:00:00,34.655850900000004
779,0,2016-02-03 17:00:00,35.060622
779,0,2016-02-03 18:00:00,37.029081600000005
779,0,2016-02-03 19:00:00,38.29263570000001
779,0,2016-02-03 20:00:00,36.484501800000004
779,0,2016-02-03 21:00:00,35.8176993
779,0,2016-02-03 22:00:00,38.4661509
779,0,2016-02-03 23:00:00,37.74072840000001
779,0,2016-02-04 00:00:00,33.4450548
779,0,2016-02-04 01:00:00,30.295109100000005
779,0,2016-02-04 02:00:00,25.755341820000005
779,0,2016-02-04 03:00:00,25.04132091
779,0,2016-02-04 04:00:00,24.397321590000004
779,0,2016-02-04 05:00:00,21.541237950000003
779,0,2016-02-04 06:00:00,26.259327270000004
779,0,2016-02-04 07:00:00,28.422551820000002
779,0,2016-02-04 08:00:00,27.98615523
779,0,2016-02-04 09:00:00,31.0996686
779,0,2016-02-04 10:00:00,28.919180460000003
779,0,2016-02-04 11:00:00,28.247512500000003
779,0,2016-02-04 12:00:00,32.46639390000001
779,0,2016-02-04 13:00:00,31.344700200000002
779,0,2016-02-04 14:00:00,27.610840680000003
779,0,2016-02-04 15:00:00,33.1926957
779,0,2016-02-04 16:00:00,34.6705059
779,0,2016-02-04 17:00:00,30.798361800000002
779,0,2016-02-04 18:00:00,36.250021800000006
779,0,2016-02-04 19:00:00,37.66979820000001
779,0,2016-02-04 20:00:00,38.30582520000001
779,0,2016-02-04 21:00:00,39.031833899999995
779,0,2016-02-04 22:00:00,37.88229570000001
779,0,2016-02-04 23:00:00,35.9560425
779,0,2016-02-05 00:00:00,34.1136159
779,0,2016-02-05 01:00:00,35.8745607
779,0,2016-02-05 02:00:00,27.42114636
779,0,2016-02-05 03:00:00,24.09199932
779,0,2016-02-05 04:00:00,21.729290910000003
779,0,2016-02-05 05:00:00,21.596575230000003
779,0,2016-02-05 06:00:00,25.972734090000003
779,0,2016-02-05 07:00:00,28.24343841
779,0,2016-02-05 08:00:00,33.5265366
779,0,2016-02-05 09:00:00,28.922463180000005
779,0,2016-02-05 10:00:00,33.8732739
779,0,2016-02-05 11:00:00,31.5278877
779,0,2016-02-05 12:00:00,29.9466132
779,0,2016-02-05 13:00:00,29.03480841
779,0,2016-02-05 14:00:00,31.825091100000005
779,0,2016-02-05 15:00:00,34.370664600000005
779,0,2016-02-05 16:00:00,33.6534489
779,0,2016-02-05 17:00:00,35.6629425
779,0,2016-02-05 18:00:00,35.4879618
779,0,2016-02-05 19:00:00,35.596115700000006
779,0,2016-02-05 20:00:00,39.3935193
779,0,2016-02-05 21:00:00,39.4603461
779,0,2016-02-05 22:00:00,40.369542300000006
779,0,2016-02-05 23:00:00,36.4443471
779,0,2016-02-06 00:00:00,36.1017132
779,0,2016-02-06 01:00:00,31.371372300000004
779,0,2016-02-06 02:00:00,31.179978000000002
779,0,2016-02-06 03:00:00,25.498879320000004
779,0,2016-02-06 04:00:00,21.838382730000003
779,0,2016-02-06 05:00:00,20.573187270000002
779,0,2016-02-06 06:00:00,25.310797050000005
779,0,2016-02-06 07:00:00,27.445561590000004
779,0,2016-02-06 08:00:00,27.447994320000003
779,0,2016-02-06 09:00:00,27.487885230000003
779,0,2016-02-06 10:00:00,28.04398386
779,0,2016-02-06 11:00:00,28.12376568
779,0,2016-02-06 12:00:00,31.6205073
779,0,2016-02-06 13:00:00,35.792492700000004
779,0,2016-02-06 14:00:00,35.880422700000004
779,0,2016-02-06 15:00:00,37.34973300000001
779,0,2016-02-06 16:00:00,38.286187500000004
779,0,2016-02-06 17:00:00,35.4788757
779,0,2016-02-06 18:00:00,37.0323057
779,0,2016-02-06 19:00:00,38.199136800000005
779,0,2016-02-06 20:00:00,41.6503893
779,0,2016-02-06 21:00:00,38.050242000000004
779,0,2016-02-06 22:00:00,36.30541770000001
779,0,2016-02-06 23:00:00,35.9935593
779,0,2016-02-07 00:00:00,43.15076820000001
779,0,2016-02-07 01:00:00,40.3141464
779,0,2016-02-07 02:00:00,33.89965290000001
779,0,2016-02-07 03:00:00,27.47894568
779,0,2016-02-07 04:00:00,23.29086909
779,0,2016-02-07 05:00:00,21.14309091
779,0,2016-02-07 06:00:00,25.783039770000002
779,0,2016-02-07 07:00:00,27.256687950000003
779,0,2016-02-07 08:00:00,27.93811614
779,0,2016-02-07 09:00:00,29.678133600000002
779,0,2016-02-07 10:00:00,31.8168843
779,0,2016-02-07 11:00:00,33.11443800000001
779,0,2016-02-07 12:00:00,36.37693410000001
779,0,2016-02-07 13:00:00,43.150182
779,0,2016-02-07 14:00:00,47.048118900000006
779,0,2016-02-07 15:00:00,49.003975200000006
779,0,2016-02-07 16:00:00,45.971269500000005
779,0,2016-02-07 17:00:00,39.3202443
779,0,2016-02-07 18:00:00,38.633804100000006
779,0,2016-02-07 19:00:00,40.954276799999995
779,0,2016-02-07 20:00:00,39.1109709
779,0,2016-02-07 21:00:00,40.41526590000001
779,0,2016-02-07 22:00:00,44.9120061
779,0,2016-02-07 23:00:00,44.411977500000006
779,0,2016-02-08 00:00:00,37.258872000000004
779,0,2016-02-08 01:00:00,31.622265900000002
779,0,2016-02-08 02:00:00,35.60842590000001
779,0,2016-02-08 03:00:00,27.157327050000003
779,0,2016-02-08 04:00:00,22.224307500000002
779,0,2016-02-08 05:00:00,22.43841705
779,0,2016-02-08 06:00:00,28.381048860000003
779,0,2016-02-08 07:00:00,28.970502270000004
779,0,2016-02-08 08:00:00,27.928355910000004
779,0,2016-02-08 09:00:00,29.919061800000005
779,0,2016-02-08 10:00:00,35.09725950000001
779,0,2016-02-08 11:00:00,34.1095125
779,0,2016-02-08 12:00:00,37.8213309
779,0,2016-02-08 13:00:00,34.6420752
779,0,2016-02-08 14:00:00,32.9901636
779,0,2016-02-08 15:00:00,35.760544800000005
779,0,2016-02-08 16:00:00,37.3725948
779,0,2016-02-08 17:00:00,35.759665500000004
779,0,2016-02-08 18:00:00,41.1576882
779,0,2016-02-08 19:00:00,39.0482475
779,0,2016-02-08 20:00:00,37.16508
779,0,2016-02-08 21:00:00,43.125561600000005
779,0,2016-02-08 22:00:00,44.174273400000004
779,0,2016-02-08 23:00:00,43.906380000000006
779,0,2016-02-09 00:00:00,39.3715368
779,0,2016-02-09 01:00:00,32.2653273
779,0,2016-02-09 02:00:00,28.44696705
779,0,2016-02-09 03:00:00,23.361682050000002
779,0,2016-02-09 04:00:00,21.856291140000003
779,0,2016-02-09 05:00:00,22.37003682
779,0,2016-02-09 06:00:00,27.067785
779,0,2016-02-09 07:00:00,31.326528000000003
779,0,2016-02-09 08:00:00,28.833683190000002
779,0,2016-02-09 09:00:00,30.665587500000004
779,0,2016-02-09 10:00:00,30.362815200000004
779,0,2016-02-09 11:00:00,33.6982932
779,0,2016-02-09 12:00:00,31.6433691
779,0,2016-02-09 13:00:00,30.234144300000004
779,0,2016-02-09 14:00:00,30.2291616
779,0,2016-02-09 15:00:00,30.5377959
779,0,2016-02-09 16:00:00,32.486031600000004
779,0,2016-02-09 17:00:00,33.156937500000005
779,0,2016-02-09 18:00:00,36.3224175
779,0,2016-02-09 19:00:00,40.6406598
779,0,2016-02-09 20:00:00,35.6433048
779,0,2016-02-09 21:00:00,36.9223932
779,0,2016-02-09 22:00:00,38.5370811
779,0,2016-02-09 23:00:00,38.9480073
779,0,2016-02-10 00:00:00,35.464220700000006
779,0,2016-02-10 01:00:00,30.033077700000003
779,0,2016-02-10 02:00:00,27.851006820000002
779,0,2016-02-10 03:00:00,24.02036568
779,0,2016-02-10 04:00:00,21.887242500000003
779,0,2016-02-10 05:00:00,21.809893410000004
779,0,2016-02-10 06:00:00,27.104422500000002
779,0,2016-02-10 07:00:00,30.395935500000004
779,0,2016-02-10 08:00:00,28.951773180000004
779,0,2016-02-10 09:00:00,27.987796590000002
779,0,2016-02-10 10:00:00,29.095099080000004
779,0,2016-02-10 11:00:00,28.62690114
779,0,2016-02-10 12:00:00,34.550628
779,0,2016-02-10 13:00:00,32.36791230000001
779,0,2016-02-10 14:00:00,30.723328200000005
779,0,2016-02-10 15:00:00,33.44915820000001
779,0,2016-02-10 16:00:00,31.059513900000002
779,0,2016-02-10 17:00:00,29.618634300000004
779,0,2016-02-10 18:00:00,33.7953093
779,0,2016-02-10 19:00:00,35.14093140000001
779,0,2016-02-10 20:00:00,36.6424827
779,0,2016-02-10 21:00:00,39.955978200000004
779,0,2016-02-10 22:00:00,44.3102718
779,0,2016-02-10 23:00:00,44.80531770000001
779,0,2016-02-11 00:00:00,37.94824320000001
779,0,2016-02-11 01:00:00,31.467509100000004
779,0,2016-02-11 02:00:00,27.789954090000002
779,0,2016-02-11 03:00:00,25.311617730000002
779,0,2016-02-11 04:00:00,24.404649090000003
779,0,2016-02-11 05:00:00,22.644407730000005
779,0,2016-02-11 06:00:00,27.42439977
779,0,2016-02-11 07:00:00,27.87219795
779,0,2016-02-11 08:00:00,30.5093652
779,0,2016-02-11 09:00:00,31.825677300000002
779,0,2016-02-11 10:00:00,29.536273200000004
779,0,2016-02-11 11:00:00,33.9102045
779,0,2016-02-11 12:00:00,31.439078400000003
779,0,2016-02-11 13:00:00,34.2153216
779,0,2016-02-11 14:00:00,29.20169955
779,0,2016-02-11 15:00:00,29.227785450000002
779,0,2016-02-11 16:00:00,31.6369209
779,0,2016-02-11 17:00:00,37.99865640000001
779,0,2016-02-11 18:00:00,35.3235327
779,0,2016-02-11 19:00:00,37.2415791
779,0,2016-02-11 20:00:00,39.75022200000001
779,0,2016-02-11 21:00:00,37.5543168
779,0,2016-02-11 22:00:00,35.683166400000005
779,0,2016-02-11 23:00:00,37.2195966
779,0,2016-02-12 00:00:00,33.9166527
779,0,2016-02-12 01:00:00,32.841855
779,0,2016-02-12 02:00:00,32.3019648
779,0,2016-02-12 03:00:00,25.461450450000005
779,0,2016-02-12 04:00:00,21.79523841
779,0,2016-02-12 05:00:00,21.58030818
779,0,2016-02-12 06:00:00,27.877913400000004
779,0,2016-02-12 07:00:00,27.99594477
779,0,2016-02-12 08:00:00,28.529210910000003
779,0,2016-02-12 09:00:00,32.3860845
779,0,2016-02-12 10:00:00,34.096616100000006
779,0,2016-02-12 11:00:00,35.5709091
779,0,2016-02-12 12:00:00,38.1478443
779,0,2016-02-12 13:00:00,36.300435
779,0,2016-02-12 14:00:00,38.112086100000006
779,0,2016-02-12 15:00:00,34.507835400000005
779,0,2016-02-12 16:00:00,37.620264299999995
779,0,2016-02-12 17:00:00,37.510938
779,0,2016-02-12 18:00:00,35.464220700000006
779,0,2016-02-12 19:00:00,41.06243070000001
779,0,2016-02-12 20:00:00,41.94261
779,0,2016-02-12 21:00:00,42.56779230000001
779,0,2016-02-12 22:00:00,41.5867866
779,0,2016-02-12 23:00:00,37.57688550000001
779,0,2016-02-13 00:00:00,34.11420210000001
779,0,2016-02-13 01:00:00,31.443181800000005
779,0,2016-02-13 02:00:00,30.979790700000002
779,0,2016-02-13 03:00:00,25.379206590000003
779,0,2016-02-13 04:00:00,21.967845000000004
779,0,2016-02-13 05:00:00,21.841636140000002
779,0,2016-02-13 06:00:00,25.682066820000003
779,0,2016-02-13 07:00:00,26.2690875
779,0,2016-02-13 08:00:00,30.214506600000004
779,0,2016-02-13 09:00:00,28.10178318
779,0,2016-02-13 10:00:00,31.379579100000004
779,0,2016-02-13 11:00:00,34.683402300000004
779,0,2016-02-13 12:00:00,32.031726600000006
779,0,2016-02-13 13:00:00,34.46035320000001
779,0,2016-02-13 14:00:00,41.99067840000001
779,0,2016-02-13 15:00:00,38.374996800000005
779,0,2016-02-13 16:00:00,43.52535
779,0,2016-02-13 17:00:00,38.200016100000006
779,0,2016-02-13 18:00:00,39.2510727
779,0,2016-02-13 19:00:00,39.671085000000005
779,0,2016-02-13 20:00:00,37.6422468
779,0,2016-02-13 21:00:00,37.1260977
779,0,2016-02-13 22:00:00,42.466965900000005
779,0,2016-02-13 23:00:00,36.425881800000006
779,0,2016-02-14 00:00:00,37.23982050000001
779,0,2016-02-14 01:00:00,32.3632227
779,0,2016-02-14 02:00:00,28.650525000000002
779,0,2016-02-14 03:00:00,25.43293182
779,0,2016-02-14 04:00:00,23.277034770000004
779,0,2016-02-14 05:00:00,22.55729841
779,0,2016-02-14 06:00:00,25.93527591
779,0,2016-02-14 07:00:00,26.124970230000002
779,0,2016-02-14 08:00:00,26.43193386
779,0,2016-02-14 09:00:00,29.6593752
779,0,2016-02-14 10:00:00,29.018541360000004
779,0,2016-02-14 11:00:00,34.3357857
779,0,2016-02-14 12:00:00,37.088580900000004
779,0,2016-02-14 13:00:00,40.298025900000006
779,0,2016-02-14 14:00:00,36.286659300000004
779,0,2016-02-14 15:00:00,33.8718084
779,0,2016-02-14 16:00:00,33.084541800000004
779,0,2016-02-14 17:00:00,36.638965500000005
779,0,2016-02-14 18:00:00,37.321302300000006
779,0,2016-02-14 19:00:00,40.939621800000005
779,0,2016-02-14 20:00:00,42.59563680000001
779,0,2016-02-14 21:00:00,41.62928610000001
779,0,2016-02-14 22:00:00,39.8566173
779,0,2016-02-14 23:00:00,41.17175700000001
779,0,2016-02-15 00:00:00,33.7041552
779,0,2016-02-15 01:00:00,34.975916100000006
779,0,2016-02-15 02:00:00,31.776143400000002
779,0,2016-02-15 03:00:00,26.917160910000003
779,0,2016-02-15 04:00:00,23.38612659
779,0,2016-02-15 05:00:00,23.387738640000002
779,0,2016-02-15 06:00:00,27.342976590000003
779,0,2016-02-15 07:00:00,29.256245460000002
779,0,2016-02-15 08:00:00,32.6059095
779,0,2016-02-15 09:00:00,33.265970700000004
779,0,2016-02-15 10:00:00,32.9778534
779,0,2016-02-15 11:00:00,31.419440700000003
779,0,2016-02-15 12:00:00,35.9991282
779,0,2016-02-15 13:00:00,35.3291016
779,0,2016-02-15 14:00:00,37.296975
779,0,2016-02-15 15:00:00,34.2129768
779,0,2016-02-15 16:00:00,35.359290900000005
779,0,2016-02-15 17:00:00,35.7256659
779,0,2016-02-15 18:00:00,36.831239100000005
779,0,2016-02-15 19:00:00,40.41526590000001
779,0,2016-02-15 20:00:00,40.21068210000001
779,0,2016-02-15 21:00:00,36.100247700000004
779,0,2016-02-15 22:00:00,40.0910973
779,0,2016-02-15 23:00:00,41.3546514
779,0,2016-02-16 00:00:00,35.8947846
779,0,2016-02-16 01:00:00,35.9120775
779,0,2016-02-16 02:00:00,33.5004507
779,0,2016-02-16 03:00:00,24.702643860000006
779,0,2016-02-16 04:00:00,22.90819773
779,0,2016-02-16 05:00:00,23.26237977
779,0,2016-02-16 06:00:00,27.631181820000002
779,0,2016-02-16 07:00:00,29.28798819
779,0,2016-02-16 08:00:00,29.538911100000004
779,0,2016-02-16 09:00:00,31.7043339
779,0,2016-02-16 10:00:00,30.279574800000006
779,0,2016-02-16 11:00:00,29.6080827
779,0,2016-02-16 12:00:00,28.02850818
779,0,2016-02-16 13:00:00,26.019131820000002
779,0,2016-02-16 14:00:00,32.0129682
779,0,2016-02-16 15:00:00,35.281912500000004
779,0,2016-02-16 16:00:00,29.356309800000002
779,0,2016-02-16 17:00:00,33.27417750000001
779,0,2016-02-16 18:00:00,32.052829800000005
779,0,2016-02-16 19:00:00,34.914658200000005
779,0,2016-02-16 20:00:00,36.0709377
779,0,2016-02-16 21:00:00,42.7128768
779,0,2016-02-16 22:00:00,39.0133686
779,0,2016-02-16 23:00:00,35.512289100000004
779,0,2016-02-17 00:00:00,34.8747966
779,0,2016-02-17 01:00:00,30.882188400000004
779,0,2016-02-17 02:00:00,27.81601068
779,0,2016-02-17 03:00:00,23.52778182
779,0,2016-02-17 04:00:00,21.79523841
779,0,2016-02-17 05:00:00,21.42399795
779,0,2016-02-17 06:00:00,25.693468410000005
779,0,2016-02-17 07:00:00,26.95461909
779,0,2016-02-17 08:00:00,28.140032730000005
779,0,2016-02-17 09:00:00,31.442302500000004
779,0,2016-02-17 10:00:00,29.894734500000006
779,0,2016-02-17 11:00:00,31.3379589
779,0,2016-02-17 12:00:00,30.834120000000002
779,0,2016-02-17 13:00:00,29.016900000000003
779,0,2016-02-17 14:00:00,29.492308200000004
779,0,2016-02-17 15:00:00,32.059278
779,0,2016-02-17 16:00:00,33.463813200000004
779,0,2016-02-17 17:00:00,31.268787300000003
779,0,2016-02-17 18:00:00,33.5558466
779,0,2016-02-17 19:00:00,34.756091100000006
779,0,2016-02-17 20:00:00,33.83429160000001
779,0,2016-02-17 21:00:00,37.2846648
779,0,2016-02-17 22:00:00,39.3064686
779,0,2016-02-17 23:00:00,41.32622070000001
779,0,2016-02-18 00:00:00,36.124575
779,0,2016-02-18 01:00:00,35.189879100000006
779,0,2016-02-18 02:00:00,29.8888725
779,0,2016-02-18 03:00:00,24.53329068
779,0,2016-02-18 04:00:00,24.074911590000003
779,0,2016-02-18 05:00:00,22.774690680000003
779,0,2016-02-18 06:00:00,27.253405230000002
779,0,2016-02-18 07:00:00,29.6526339
779,0,2016-02-18 08:00:00,29.877441600000004
779,0,2016-02-18 09:00:00,30.414107700000002
779,0,2016-02-18 10:00:00,29.688685200000002
779,0,2016-02-18 11:00:00,29.217175230000002
779,0,2016-02-18 12:00:00,29.5427214
779,0,2016-02-18 13:00:00,35.3235327
779,0,2016-02-18 14:00:00,30.854343900000003
779,0,2016-02-18 15:00:00,32.5593066
779,0,2016-02-18 16:00:00,39.879479100000005
779,0,2016-02-18 17:00:00,33.937755900000006
779,0,2016-02-18 18:00:00,34.8569175
779,0,2016-02-18 19:00:00,34.6142307
779,0,2016-02-18 20:00:00,35.6433048
779,0,2016-02-18 21:00:00,40.270181400000006
779,0,2016-02-18 22:00:00,36.693775200000005
779,0,2016-02-18 23:00:00,38.87092200000001
779,0,2016-02-19 00:00:00,39.03681660000001
779,0,2016-02-19 01:00:00,36.00967980000001
779,0,2016-02-19 02:00:00,31.0961514
779,0,2016-02-19 03:00:00,26.7087375
779,0,2016-02-19 04:00:00,26.87483727
779,0,2016-02-19 05:00:00,23.79889932
779,0,2016-02-19 06:00:00,26.7087375
779,0,2016-02-19 07:00:00,30.2552475
779,0,2016-02-19 08:00:00,31.053945000000002
779,0,2016-02-19 09:00:00,32.6489952
779,0,2016-02-19 10:00:00,34.5646968
779,0,2016-02-19 11:00:00,32.9617329
779,0,2016-02-19 12:00:00,29.9735784
779,0,2016-02-19 13:00:00,35.119242
779,0,2016-02-19 14:00:00,37.1870625
779,0,2016-02-19 15:00:00,37.9693464
779,0,2016-02-19 16:00:00,36.769395
779,0,2016-02-19 17:00:00,35.136828
779,0,2016-02-19 18:00:00,33.231678
779,0,2016-02-19 19:00:00,33.6689832
779,0,2016-02-19 20:00:00,33.937755900000006
779,0,2016-02-19 21:00:00,35.3405325
779,0,2016-02-19 22:00:00,37.5918336
779,0,2016-02-19 23:00:00,40.451903400000006
779,0,2016-02-20 00:00:00,36.9388068
779,0,2016-02-20 01:00:00,34.595472300000004
779,0,2016-02-20 02:00:00,39.03681660000001
779,0,2016-02-20 03:00:00,29.776615200000002
779,0,2016-02-20 04:00:00,27.487093860000005
779,0,2016-02-20 05:00:00,22.107067500000003
779,0,2016-02-20 06:00:00,25.454914320000004
779,0,2016-02-20 07:00:00,25.975987500000002
779,0,2016-02-20 08:00:00,27.557086140000003
779,0,2016-02-20 09:00:00,27.46754409
779,0,2016-02-20 10:00:00,33.771568200000004
779,0,2016-02-20 11:00:00,32.4282909
779,0,2016-02-20 12:00:00,35.470962
779,0,2016-02-20 13:00:00,34.931071800000005
779,0,2016-02-20 14:00:00,37.726073400000004
779,0,2016-02-20 15:00:00,45.0412632
779,0,2016-02-20 16:00:00,42.4106907
779,0,2016-02-20 17:00:00,36.0266796
779,0,2016-02-20 18:00:00,33.8146539
779,0,2016-02-20 19:00:00,34.7209191
779,0,2016-02-20 20:00:00,40.434024300000004
779,0,2016-02-20 21:00:00,35.809492500000005
779,0,2016-02-20 22:00:00,38.940093600000004
779,0,2016-02-20 23:00:00,39.924323400000006
779,0,2016-02-21 00:00:00,35.584098600000004
779,0,2016-02-21 01:00:00,31.773798600000006
779,0,2016-02-21 02:00:00,31.701109800000005
779,0,2016-02-21 03:00:00,33.2310918
779,0,2016-02-21 04:00:00,23.005887960000003
779,0,2016-02-21 05:00:00,21.520046820000005
779,0,2016-02-21 06:00:00,25.41259068
779,0,2016-02-21 07:00:00,26.968453410000002
779,0,2016-02-21 08:00:00,30.544244100000004
779,0,2016-02-21 09:00:00,27.391836360000003
779,0,2016-02-21 10:00:00,32.2140348
779,0,2016-02-21 11:00:00,42.1275561
779,0,2016-02-21 12:00:00,40.4633343
779,0,2016-02-21 13:00:00,44.0552748
779,0,2016-02-21 14:00:00,44.4184257
779,0,2016-02-21 15:00:00,43.0197525
779,0,2016-02-21 16:00:00,40.25640570000001
779,0,2016-02-21 17:00:00,39.22733160000001
779,0,2016-02-21 18:00:00,39.505776600000004
779,0,2016-02-21 19:00:00,44.933109300000005
779,0,2016-02-21 20:00:00,39.2592795
779,0,2016-02-21 21:00:00,40.74734820000001
779,0,2016-02-21 22:00:00,40.895656800000005
779,0,2016-02-21 23:00:00,40.2508368
779,0,2016-02-22 00:00:00,37.846537500000004
779,0,2016-02-22 01:00:00,31.166202300000002
779,0,2016-02-22 02:00:00,29.416688400000005
779,0,2016-02-22 03:00:00,28.579682730000005
779,0,2016-02-22 04:00:00,23.77448409
779,0,2016-02-22 05:00:00,22.72339818
779,0,2016-02-22 06:00:00,27.587216820000005
779,0,2016-02-22 07:00:00,27.250151820000003
779,0,2016-02-22 08:00:00,27.764718180000003
779,0,2016-02-22 09:00:00,28.065937050000002
779,0,2016-02-22 10:00:00,30.916481100000002
779,0,2016-02-22 11:00:00,31.733057700000003
779,0,2016-02-22 12:00:00,33.2261091
779,0,2016-02-22 13:00:00,31.6483518
779,0,2016-02-22 14:00:00,33.816412500000006
779,0,2016-02-22 15:00:00,30.8308959
779,0,2016-02-22 16:00:00,28.140853410000002
779,0,2016-02-22 17:00:00,32.782355700000004
779,0,2016-02-22 18:00:00,39.57406890000001
779,0,2016-02-22 19:00:00,38.529460500000006
779,0,2016-02-22 20:00:00,37.9725705
779,0,2016-02-22 21:00:00,37.678005000000006
779,0,2016-02-22 22:00:00,35.7417864
779,0,2016-02-22 23:00:00,40.5911259
779,0,2016-02-23 00:00:00,33.628242300000004
779,0,2016-02-23 01:00:00,32.27441340000001
779,0,2016-02-23 02:00:00,30.2203686
779,0,2016-02-23 03:00:00,25.313259090000003
779,0,2016-02-23 04:00:00,23.180135910000004
779,0,2016-02-23 05:00:00,22.217800680000003
779,0,2016-02-23 06:00:00,26.744554320000006
779,0,2016-02-23 07:00:00,26.55403932
779,0,2016-02-23 08:00:00,27.053130000000003
779,0,2016-02-23 09:00:00,28.799507730000006
779,0,2016-02-23 10:00:00,31.246218600000002
779,0,2016-02-23 11:00:00,31.056289800000002
779,0,2016-02-23 12:00:00,29.10969546
779,0,2016-02-23 13:00:00,25.465495230000005
779,0,2016-02-23 14:00:00,29.472670500000003
779,0,2016-02-23 15:00:00,30.186075900000002
779,0,2016-02-23 16:00:00,30.859326600000003
779,0,2016-02-23 17:00:00,34.68017820000001
779,0,2016-02-23 18:00:00,35.720976300000004
779,0,2016-02-23 19:00:00,34.0646682
779,0,2016-02-23 20:00:00,33.310815000000005
779,0,2016-02-23 21:00:00,37.45964550000001
779,0,2016-02-23 22:00:00,40.26226770000001
779,0,2016-02-23 23:00:00,38.5174434
779,0,2016-02-24 00:00:00,39.214435200000004
779,0,2016-02-24 01:00:00,32.201138400000005
779,0,2016-02-24 02:00:00,27.372286590000005
779,0,2016-02-24 03:00:00,23.618994540000003
779,0,2016-02-24 04:00:00,22.467756360000003
779,0,2016-02-24 05:00:00,21.927954090000004
779,0,2016-02-24 06:00:00,28.52839023
779,0,2016-02-24 07:00:00,28.752289320000003
779,0,2016-02-24 08:00:00,28.51860069
779,0,2016-02-24 09:00:00,29.810614800000003
779,0,2016-02-24 10:00:00,28.570743180000004
779,0,2016-02-24 11:00:00,30.8226891
779,0,2016-02-24 12:00:00,31.026393600000002
779,0,2016-02-24 13:00:00,31.258235700000004
779,0,2016-02-24 14:00:00,28.612246140000003
779,0,2016-02-24 15:00:00,30.687570000000004
779,0,2016-02-24 16:00:00,32.135190900000005
779,0,2016-02-24 17:00:00,33.458244300000004
779,0,2016-02-24 18:00:00,37.8057966
779,0,2016-02-24 19:00:00,37.309285200000005
779,0,2016-02-24 20:00:00,37.8954852
779,0,2016-02-24 21:00:00,34.6247823
779,0,2016-02-24 22:00:00,40.922328900000004
779,0,2016-02-24 23:00:00,40.8068475
779,0,2016-02-25 00:00:00,40.8452436
779,0,2016-02-25 01:00:00,34.475008200000005
779,0,2016-02-25 02:00:00,29.599875900000004
779,0,2016-02-25 03:00:00,25.06087068
779,0,2016-02-25 04:00:00,24.422557500000003
779,0,2016-02-25 05:00:00,23.413003860000003
779,0,2016-02-25 06:00:00,27.272134320000003
779,0,2016-02-25 07:00:00,30.076163400000006
779,0,2016-02-25 08:00:00,29.069833860000003
779,0,2016-02-25 09:00:00,28.833683190000002
779,0,2016-02-25 10:00:00,29.9272686
779,0,2016-02-25 11:00:00,29.803287300000004
779,0,2016-02-25 12:00:00,29.970354300000004
779,0,2016-02-25 13:00:00,30.5336925
779,0,2016-02-25 14:00:00,28.68147636
779,0,2016-02-25 15:00:00,29.067371820000005
779,0,2016-02-25 16:00:00,32.9673018
779,0,2016-02-25 17:00:00,33.873567
779,0,2016-02-25 18:00:00,36.64746540000001
779,0,2016-02-25 19:00:00,38.499564299999996
779,0,2016-02-25 20:00:00,37.858847700000005
779,0,2016-02-25 21:00:00,37.9133643
779,0,2016-02-25 22:00:00,35.424359100000004
779,0,2016-02-25 23:00:00,40.2238716
779,0,2016-02-26 00:00:00,37.7480559
779,0,2016-02-26 01:00:00,31.798125900000006
779,0,2016-02-26 02:00:00,32.5285311
779,0,2016-02-26 03:00:00,27.47569227
779,0,2016-02-26 04:00:00,24.046422270000004
779,0,2016-02-26 05:00:00,22.822700460000004
779,0,2016-02-26 06:00:00,27.007523640000002
779,0,2016-02-26 07:00:00,28.236110910000004
779,0,2016-02-26 08:00:00,28.176670230000003
779,0,2016-02-26 09:00:00,28.065966360000004
779,0,2016-02-26 10:00:00,31.185840000000006
779,0,2016-02-26 11:00:00,33.315797700000005
779,0,2016-02-26 12:00:00,33.7082586
779,0,2016-02-26 13:00:00,29.859562500000003
779,0,2016-02-26 14:00:00,34.1819082
779,0,2016-02-26 15:00:00,35.25084390000001
779,0,2016-02-26 16:00:00,37.265320200000005
779,0,2016-02-26 17:00:00,36.0715239
779,0,2016-02-26 18:00:00,34.37242320000001
779,0,2016-02-26 19:00:00,40.90855320000001
779,0,2016-02-26 20:00:00,36.563345700000006
779,0,2016-02-26 21:00:00,38.61270090000001
779,0,2016-02-26 22:00:00,39.33402
779,0,2016-02-26 23:00:00,36.737740200000005
779,0,2016-02-27 00:00:00,41.2277391
779,0,2016-02-27 01:00:00,35.412342
779,0,2016-02-27 02:00:00,29.3589477
779,0,2016-02-27 03:00:00,26.56300818
779,0,2016-02-27 04:00:00,24.738460680000003
779,0,2016-02-27 05:00:00,22.231635
779,0,2016-02-27 06:00:00,25.94099136
779,0,2016-02-27 07:00:00,26.461243860000003
779,0,2016-02-27 08:00:00,27.976395000000004
779,0,2016-02-27 09:00:00,27.117436140000002
779,0,2016-02-27 10:00:00,29.686047300000002
779,0,2016-02-27 11:00:00,32.147208000000006
779,0,2016-02-27 12:00:00,40.818278400000004
779,0,2016-02-27 13:00:00,38.8820598
779,0,2016-02-27 14:00:00,41.7796464
779,0,2016-02-27 15:00:00,40.9868109
779,0,2016-02-27 16:00:00,39.572603400000006
779,0,2016-02-27 17:00:00,40.28981910000001
779,0,2016-02-27 18:00:00,40.181372100000004
779,0,2016-02-27 19:00:00,37.908381600000006
779,0,2016-02-27 20:00:00,41.420892
779,0,2016-02-27 21:00:00,44.514562500000004
779,0,2016-02-27 22:00:00,40.4926443
779,0,2016-02-27 23:00:00,39.60689610000001
779,0,2016-02-28 00:00:00,32.5437723
779,0,2016-02-28 01:00:00,31.106703000000003
779,0,2016-02-28 02:00:00,29.160987960000003
779,0,2016-02-28 03:00:00,25.836765000000003
779,0,2016-02-28 04:00:00,23.516380230000003
779,0,2016-02-28 05:00:00,21.934460910000002
779,0,2016-02-28 06:00:00,25.080391140000003
779,0,2016-02-28 07:00:00,25.075525680000005
779,0,2016-02-28 08:00:00,25.415023410000003
779,0,2016-02-28 09:00:00,26.26419273
779,0,2016-02-28 10:00:00,27.658879770000002
779,0,2016-02-28 11:00:00,36.6049659
779,0,2016-02-28 12:00:00,41.6210793
779,0,2016-02-28 13:00:00,34.2757002
779,0,2016-02-28 14:00:00,33.777430200000005
779,0,2016-02-28 15:00:00,34.9398648
779,0,2016-02-28 16:00:00,36.7198611
779,0,2016-02-28 17:00:00,38.082483
779,0,2016-02-28 18:00:00,35.0190018
779,0,2016-02-28 19:00:00,38.687441400000004
779,0,2016-02-28 20:00:00,45.366018000000004
779,0,2016-02-28 21:00:00,43.130544300000004
779,0,2016-02-28 22:00:00,40.203647700000005
779,0,2016-02-28 23:00:00,40.73269320000001
779,0,2016-02-29 00:00:00,35.2965675
779,0,2016-02-29 01:00:00,30.782827500000003
779,0,2016-02-29 02:00:00,29.8164768
779,0,2016-02-29 03:00:00,26.03542818
779,0,2016-02-29 04:00:00,22.850398410000004
779,0,2016-02-29 05:00:00,22.673717730000003
779,0,2016-02-29 06:00:00,26.676174090000004
779,0,2016-02-29 07:00:00,27.290042730000003
779,0,2016-02-29 08:00:00,27.54650523
779,0,2016-02-29 09:00:00,28.026046140000002
779,0,2016-02-29 10:00:00,32.656908900000005
779,0,2016-02-29 11:00:00,30.344936100000005
779,0,2016-02-29 12:00:00,35.963370000000005
779,0,2016-02-29 13:00:00,33.1472652
779,0,2016-02-29 14:00:00,34.79097
779,0,2016-02-29 15:00:00,34.2642693
779,0,2016-02-29 16:00:00,32.7424941
779,0,2016-02-29 17:00:00,30.993859500000003
779,0,2016-02-29 18:00:00,35.843785200000006
779,0,2016-02-29 19:00:00,36.925617300000006
779,0,2016-02-29 20:00:00,37.592419799999995
779,0,2016-02-29 21:00:00,35.7678723
779,0,2016-02-29 22:00:00,35.821802700000006
779,0,2016-02-29 23:00:00,35.370721800000005
779,0,2016-03-01 00:00:00,34.387957500000006
779,0,2016-03-01 01:00:00,31.952003400000002
779,0,2016-03-01 02:00:00,32.667460500000004
779,0,2016-03-01 03:00:00,24.403007730000002
779,0,2016-03-01 04:00:00,22.488097500000002
779,0,2016-03-01 05:00:00,21.693474090000002
779,0,2016-03-01 06:00:00,27.17280273
779,0,2016-03-01 07:00:00,30.829137300000006
779,0,2016-03-01 08:00:00,30.261109500000003
779,0,2016-03-01 09:00:00,29.275795230000003
779,0,2016-03-01 10:00:00,31.7043339
779,0,2016-03-01 11:00:00,29.423136600000003
779,0,2016-03-01 12:00:00,28.937938860000003
779,0,2016-03-01 13:00:00,28.302879090000005
779,0,2016-03-01 14:00:00,27.663745230000004
779,0,2016-03-01 15:00:00,32.4192048
779,0,2016-03-01 16:00:00,32.678305200000004
779,0,2016-03-01 17:00:00,37.9294848
779,0,2016-03-01 18:00:00,39.132074100000004
779,0,2016-03-01 19:00:00,42.2160723
779,0,2016-03-01 20:00:00,37.19526930000001
779,0,2016-03-01 21:00:00,42.17621070000001
779,0,2016-03-01 22:00:00,40.8077268
779,0,2016-03-01 23:00:00,39.965064299999995
779,0,2016-03-02 00:00:00,37.3784568
779,0,2016-03-02 01:00:00,36.9942027
779,0,2016-03-02 02:00:00,29.461532700000003
779,0,2016-03-02 03:00:00,24.768591360000002
779,0,2016-03-02 04:00:00,24.442898640000003
779,0,2016-03-02 05:00:00,22.768975230000002
779,0,2016-03-02 06:00:00,26.29514409
779,0,2016-03-02 07:00:00,26.65501227
779,0,2016-03-02 08:00:00,27.82820364
779,0,2016-03-02 09:00:00,30.243816600000006
779,0,2016-03-02 10:00:00,28.373692050000002
779,0,2016-03-02 11:00:00,27.168757950000003
779,0,2016-03-02 12:00:00,28.350918180000004
779,0,2016-03-02 13:00:00,32.5185657
779,0,2016-03-02 14:00:00,31.366682700000002
779,0,2016-03-02 15:00:00,30.745310700000005
779,0,2016-03-02 16:00:00,31.616697000000006
779,0,2016-03-02 17:00:00,36.039869100000004
779,0,2016-03-02 18:00:00,36.874324800000004
779,0,2016-03-02 19:00:00,37.1806143
779,0,2016-03-02 20:00:00,35.2666713
779,0,2016-03-02 21:00:00,35.990335200000004
779,0,2016-03-02 22:00:00,36.506484300000004
779,0,2016-03-02 23:00:00,38.21203320000001
779,0,2016-03-03 00:00:00,36.057748200000006
779,0,2016-03-03 01:00:00,33.662535
779,0,2016-03-03 02:00:00,30.8968434
779,0,2016-03-03 03:00:00,24.41684205
779,0,2016-03-03 04:00:00,23.237964540000004
779,0,2016-03-03 05:00:00,22.727472270000003
779,0,2016-03-03 06:00:00,26.30897841
779,0,2016-03-03 07:00:00,28.218202500000004
779,0,2016-03-03 08:00:00,28.01221182
779,0,2016-03-03 09:00:00,28.46326341
779,0,2016-03-03 10:00:00,29.408481600000002
779,0,2016-03-03 11:00:00,29.099114550000003
779,0,2016-03-03 12:00:00,26.525550000000003
779,0,2016-03-03 13:00:00,29.5453593
779,0,2016-03-03 14:00:00,28.440460230000003
779,0,2016-03-03 15:00:00,27.48137841
779,0,2016-03-03 16:00:00,29.767529100000004
779,0,2016-03-03 17:00:00,33.2096955
779,0,2016-03-03 18:00:00,39.60689610000001
779,0,2016-03-03 19:00:00,37.8758475
779,0,2016-03-03 20:00:00,36.564225
779,0,2016-03-03 21:00:00,40.1473725
779,0,2016-03-03 22:00:00,36.44932980000001
779,0,2016-03-03 23:00:00,39.307934100000004
779,0,2016-03-04 00:00:00,37.4663868
779,0,2016-03-04 01:00:00,37.6275918
779,0,2016-03-04 02:00:00,30.3968148
779,0,2016-03-04 03:00:00,25.96376523
779,0,2016-03-04 04:00:00,23.676793860000004
779,0,2016-03-04 05:00:00,25.32140727
779,0,2016-03-04 06:00:00,26.41320477
779,0,2016-03-04 07:00:00,26.768178180000003
779,0,2016-03-04 08:00:00,27.925102500000005
779,0,2016-03-04 09:00:00,28.249153860000003
779,0,2016-03-04 10:00:00,28.580503410000002
779,0,2016-03-04 11:00:00,33.2237643
779,0,2016-03-04 12:00:00,36.5308116
779,0,2016-03-04 13:00:00,37.5991611
779,0,2016-03-04 14:00:00,37.4174391
779,0,2016-03-04 15:00:00,39.523069500000005
779,0,2016-03-04 16:00:00,39.879479100000005
779,0,2016-03-04 17:00:00,36.9997716
779,0,2016-03-04 18:00:00,34.8619002
779,0,2016-03-04 19:00:00,36.9118416
779,0,2016-03-04 20:00:00,35.849354100000006
779,0,2016-03-04 21:00:00,41.290462500000004
779,0,2016-03-04 22:00:00,37.209045
779,0,2016-03-04 23:00:00,38.406651600000004
779,0,2016-03-05 00:00:00,34.5825759
779,0,2016-03-05 01:00:00,35.210982300000005
779,0,2016-03-05 02:00:00,31.593835200000004
779,0,2016-03-05 03:00:00,26.350510680000003
779,0,2016-03-05 04:00:00,22.892751360000002
779,0,2016-03-05 05:00:00,21.405268860000003
779,0,2016-03-05 06:00:00,24.98188023
779,0,2016-03-05 07:00:00,25.05108114
779,0,2016-03-05 08:00:00,26.867509770000005
779,0,2016-03-05 09:00:00,27.409744770000003
779,0,2016-03-05 10:00:00,27.93811614
779,0,2016-03-05 11:00:00,34.6420752
779,0,2016-03-05 12:00:00,34.700695200000006
779,0,2016-03-05 13:00:00,39.10686750000001
779,0,2016-03-05 14:00:00,42.493051799999996
779,0,2016-03-05 15:00:00,36.6627066
779,0,2016-03-05 16:00:00,35.9950248
779,0,2016-03-05 17:00:00,37.0167714
779,0,2016-03-05 18:00:00,38.523012300000005
779,0,2016-03-05 19:00:00,40.0099086
779,0,2016-03-05 20:00:00,39.040040700000006
779,0,2016-03-05 21:00:00,33.3067116
779,0,2016-03-05 22:00:00,37.9368123
779,0,2016-03-05 23:00:00,38.446513200000005
779,0,2016-03-06 00:00:00,38.7413718
779,0,2016-03-06 01:00:00,36.7506366
779,0,2016-03-06 02:00:00,32.640788400000005
779,0,2016-03-06 03:00:00,27.58150137
779,0,2016-03-06 04:00:00,23.525349090000002
779,0,2016-03-06 05:00:00,21.41584977
779,0,2016-03-06 06:00:00,25.596598860000004
779,0,2016-03-06 07:00:00,25.586017950000002
779,0,2016-03-06 08:00:00,25.914934770000006
779,0,2016-03-06 09:00:00,30.306540000000005
779,0,2016-03-06 10:00:00,29.9823714
779,0,2016-03-06 11:00:00,36.545466600000005
779,0,2016-03-06 12:00:00,39.2484348
779,0,2016-03-06 13:00:00,37.605609300000005
779,0,2016-03-06 14:00:00,43.71498570000001
779,0,2016-03-06 15:00:00,40.14502770000001
779,0,2016-03-06 16:00:00,36.1749882
779,0,2016-03-06 17:00:00,39.5734827
779,0,2016-03-06 18:00:00,38.3732382
779,0,2016-03-06 19:00:00,41.2954452
779,0,2016-03-06 20:00:00,36.9282552
779,0,2016-03-06 21:00:00,39.2150214
779,0,2016-03-06 22:00:00,44.378564100000006
779,0,2016-03-06 23:00:00,40.181665200000005
779,0,2016-03-07 00:00:00,34.930192500000004
779,0,2016-03-07 01:00:00,34.117719300000005
779,0,2016-03-07 02:00:00,30.485624100000003
779,0,2016-03-07 03:00:00,24.342775680000003
779,0,2016-03-07 04:00:00,22.11846909
779,0,2016-03-07 05:00:00,21.58599432
779,0,2016-03-07 06:00:00,25.35397068
779,0,2016-03-07 07:00:00,26.786907270000004
779,0,2016-03-07 08:00:00,28.361469780000004
779,0,2016-03-07 09:00:00,28.079800680000005
779,0,2016-03-07 10:00:00,28.749827280000005
779,0,2016-03-07 11:00:00,30.398573400000004
779,0,2016-03-07 12:00:00,34.25107980000001
779,0,2016-03-07 13:00:00,32.4998073
779,0,2016-03-07 14:00:00,34.5761277
779,0,2016-03-07 15:00:00,32.4347391
779,0,2016-03-07 16:00:00,29.174030910000003
779,0,2016-03-07 17:00:00,30.356073900000002
779,0,2016-03-07 18:00:00,34.63152360000001
779,0,2016-03-07 19:00:00,39.181608000000004
779,0,2016-03-07 20:00:00,39.5986893
779,0,2016-03-07 21:00:00,40.763761800000005
779,0,2016-03-07 22:00:00,36.9728064
779,0,2016-03-07 23:00:00,41.427926400000004
779,0,2016-03-08 00:00:00,39.1915734
779,0,2016-03-08 01:00:00,31.377820500000006
779,0,2016-03-08 02:00:00,26.753523180000002
779,0,2016-03-08 03:00:00,23.26806591
779,0,2016-03-08 04:00:00,21.579487500000003
779,0,2016-03-08 05:00:00,21.270911820000002
779,0,2016-03-08 06:00:00,25.664979090000003
779,0,2016-03-08 07:00:00,26.335035
779,0,2016-03-08 08:00:00,25.991463180000004
779,0,2016-03-08 09:00:00,26.378179320000005
779,0,2016-03-08 10:00:00,30.077042700000003
779,0,2016-03-08 11:00:00,29.861028
779,0,2016-03-08 12:00:00,26.584199310000006
779,0,2016-03-08 13:00:00,28.627751130000004
779,0,2016-03-08 14:00:00,27.796460910000004
779,0,2016-03-08 15:00:00,28.105036590000005
779,0,2016-03-08 16:00:00,30.063267
779,0,2016-03-08 17:00:00,32.639909100000004
779,0,2016-03-08 18:00:00,35.8713366
779,0,2016-03-08 19:00:00,32.634926400000005
779,0,2016-03-08 20:00:00,31.696127100000005
779,0,2016-03-08 21:00:00,35.0823114
779,0,2016-03-08 22:00:00,37.973449800000004
779,0,2016-03-08 23:00:00,43.6402452
779,0,2016-03-09 00:00:00,36.3347277
779,0,2016-03-09 01:00:00,32.8834752
779,0,2016-03-09 02:00:00,28.59026364
779,0,2016-03-09 03:00:00,23.97722136
779,0,2016-03-09 04:00:00,21.585173640000004
779,0,2016-03-09 05:00:00,21.89292864
779,0,2016-03-09 06:00:00,25.313259090000003
779,0,2016-03-09 07:00:00,25.639743180000004
779,0,2016-03-09 08:00:00,26.037040230000002
779,0,2016-03-09 09:00:00,31.628714100000003
779,0,2016-03-09 10:00:00,29.8000632
779,0,2016-03-09 11:00:00,28.731127500000003
779,0,2016-03-09 12:00:00,28.831279770000002
779,0,2016-03-09 13:00:00,28.965607500000004
779,0,2016-03-09 14:00:00,30.140352300000004
779,0,2016-03-09 15:00:00,30.047439600000004
779,0,2016-03-09 16:00:00,29.790390900000002
779,0,2016-03-09 17:00:00,34.5427143
779,0,2016-03-09 18:00:00,37.5918336
779,0,2016-03-09 19:00:00,40.4756445
779,0,2016-03-09 20:00:00,36.7638261
779,0,2016-03-09 21:00:00,39.42195
779,0,2016-03-09 22:00:00,38.457944100000006
779,0,2016-03-09 23:00:00,37.852399500000004
779,0,2016-03-10 00:00:00,33.2351952
779,0,2016-03-10 01:00:00,32.683874100000004
779,0,2016-03-10 02:00:00,28.883363640000002
779,0,2016-03-10 03:00:00,23.801332050000003
779,0,2016-03-10 04:00:00,23.497651140000002
779,0,2016-03-10 05:00:00,21.91004568
779,0,2016-03-10 06:00:00,25.41584409
779,0,2016-03-10 07:00:00,26.912295450000006
779,0,2016-03-10 08:00:00,29.02751022
779,0,2016-03-10 09:00:00,28.52513682
779,0,2016-03-10 10:00:00,31.128685500000003
779,0,2016-03-10 11:00:00,29.00142432
779,0,2016-03-10 12:00:00,39.69482610000001
779,0,2016-03-10 13:00:00,33.139937700000004
779,0,2016-03-10 14:00:00,33.706500000000005
779,0,2016-03-10 15:00:00,39.2762793
779,0,2016-03-10 16:00:00,35.0163639
779,0,2016-03-10 17:00:00,36.051300000000005
779,0,2016-03-10 18:00:00,44.75959410000001
779,0,2016-03-10 19:00:00,45.384190200000006
779,0,2016-03-10 20:00:00,48.66925500000001
779,0,2016-03-10 21:00:00,48.486946800000005
779,0,2016-03-10 22:00:00,41.2570491
779,0,2016-03-10 23:00:00,42.886392
779,0,2016-03-11 00:00:00,38.0906898
779,0,2016-03-11 01:00:00,36.737740200000005
779,0,2016-03-11 02:00:00,38.43097890000001
779,0,2016-03-11 03:00:00,30.2291616
779,0,2016-03-11 04:00:00,32.1269841
779,0,2016-03-11 05:00:00,28.459189320000004
779,0,2016-03-11 06:00:00,29.7179952
779,0,2016-03-11 07:00:00,29.965371600000005
779,0,2016-03-11 08:00:00,27.984543180000003
779,0,2016-03-11 09:00:00,31.393354800000004
779,0,2016-03-11 10:00:00,32.3893086
779,0,2016-03-11 11:00:00,36.417675
779,0,2016-03-11 12:00:00,38.2454466
779,0,2016-03-11 13:00:00,37.80755520000001
779,0,2016-03-11 14:00:00,40.03746
779,0,2016-03-11 15:00:00,37.765935
779,0,2016-03-11 16:00:00,39.06290250000001
779,0,2016-03-11 17:00:00,38.08101750000001
779,0,2016-03-11 18:00:00,39.84870360000001
779,0,2016-03-11 19:00:00,35.968938900000005
779,0,2016-03-11 20:00:00,33.287953200000004
779,0,2016-03-11 21:00:00,33.27916020000001
779,0,2016-03-11 22:00:00,38.633804100000006
779,0,2016-03-11 23:00:00,41.6738373
779,0,2016-03-12 00:00:00,36.4510884
779,0,2016-03-12 01:00:00,33.002180700000004
779,0,2016-03-12 02:00:00,29.883303600000005
779,0,2016-03-12 03:00:00,27.276208410000002
779,0,2016-03-12 04:00:00,21.474469770000002
779,0,2016-03-12 05:00:00,20.264611590000005
779,0,2016-03-12 06:00:00,25.31487114
779,0,2016-03-12 07:00:00,35.3827389
779,0,2016-03-12 08:00:00,30.408245700000002
779,0,2016-03-12 09:00:00,28.277613870000003
779,0,2016-03-12 10:00:00,28.295551590000002
779,0,2016-03-12 11:00:00,30.689914800000004
779,0,2016-03-12 12:00:00,26.875657950000004
779,0,2016-03-12 13:00:00,35.0808459
779,0,2016-03-12 14:00:00,31.875504300000003
779,0,2016-03-12 15:00:00,39.615689100000004
779,0,2016-03-12 16:00:00,30.324419100000004
779,0,2016-03-12 17:00:00,28.89476523
779,0,2016-03-12 18:00:00,37.918933200000005
779,0,2016-03-12 19:00:00,29.645306400000003
779,0,2016-03-12 20:00:00,26.367598410000003
779,0,2016-03-12 21:00:00,30.312988200000003
779,0,2016-03-12 22:00:00,31.449630000000003
779,0,2016-03-12 23:00:00,30.274005900000002
779,0,2016-03-13 00:00:00,30.971583900000002
779,0,2016-03-13 01:00:00,22.993695000000002
779,0,2016-03-13 03:00:00,21.522508860000002
779,0,2016-03-13 04:00:00,21.05841432
779,0,2016-03-13 05:00:00,20.740078410000002
779,0,2016-03-13 06:00:00,25.4190975
779,0,2016-03-13 07:00:00,25.325452050000003
779,0,2016-03-13 08:00:00,24.787291140000004
779,0,2016-03-13 09:00:00,26.427859770000005
779,0,2016-03-13 10:00:00,26.11846341
779,0,2016-03-13 11:00:00,33.7903266
779,0,2016-03-13 12:00:00,27.681653640000004
779,0,2016-03-13 13:00:00,31.768815900000003
779,0,2016-03-13 14:00:00,28.019539320000003
779,0,2016-03-13 15:00:00,32.2075866
779,0,2016-03-13 16:00:00,36.8839971
779,0,2016-03-13 17:00:00,32.050485
779,0,2016-03-13 18:00:00,34.5441798
779,0,2016-03-13 19:00:00,27.24771909
779,0,2016-03-13 20:00:00,25.551813180000003
779,0,2016-03-13 21:00:00,25.037246820000004
779,0,2016-03-13 22:00:00,26.900864550000005
779,0,2016-03-13 23:00:00,25.91572614
779,0,2016-03-14 00:00:00,27.578277270000005
779,0,2016-03-14 01:00:00,22.124155230000003
779,0,2016-03-14 02:00:00,21.541237950000003
779,0,2016-03-14 03:00:00,20.48118318
779,0,2016-03-14 04:00:00,21.065741820000003
779,0,2016-03-14 05:00:00,21.15288045
779,0,2016-03-14 06:00:00,25.25299773
779,0,2016-03-14 07:00:00,27.205366140000002
779,0,2016-03-14 08:00:00,26.5914975
779,0,2016-03-14 09:00:00,27.92753523
779,0,2016-03-14 10:00:00,28.750677270000004
779,0,2016-03-14 11:00:00,28.880930910000004
779,0,2016-03-14 12:00:00,28.809297270000005
779,0,2016-03-14 13:00:00,32.0455023
779,0,2016-03-14 14:00:00,33.865946400000006
779,0,2016-03-14 15:00:00,33.595122
779,0,2016-03-14 16:00:00,30.210403200000005
779,0,2016-03-14 17:00:00,29.767529100000004
779,0,2016-03-14 18:00:00,28.32568227
779,0,2016-03-14 19:00:00,27.717499770000003
779,0,2016-03-14 20:00:00,26.867480460000003
779,0,2016-03-14 21:00:00,27.0897675
779,0,2016-03-14 22:00:00,26.881344090000002
779,0,2016-03-14 23:00:00,28.490140680000003
779,0,2016-03-15 00:00:00,25.91247273
779,0,2016-03-15 01:00:00,24.139217730000002
779,0,2016-03-15 02:00:00,24.024439770000004
779,0,2016-03-15 03:00:00,22.262586360000004
779,0,2016-03-15 04:00:00,21.363736590000006
779,0,2016-03-15 05:00:00,21.253824090000005
779,0,2016-03-15 06:00:00,26.048441820000004
779,0,2016-03-15 07:00:00,27.683295000000005
779,0,2016-03-15 08:00:00,26.91308682
779,0,2016-03-15 09:00:00,28.098529770000003
779,0,2016-03-15 10:00:00,29.244023190000004
779,0,2016-03-15 11:00:00,34.480870200000005
779,0,2016-03-15 12:00:00,31.7289543
779,0,2016-03-15 13:00:00,29.3369652
779,0,2016-03-15 14:00:00,28.65213705
779,0,2016-03-15 15:00:00,30.1210077
779,0,2016-03-15 16:00:00,27.76553886
779,0,2016-03-15 17:00:00,26.995330680000002
779,0,2016-03-15 18:00:00,30.067956600000002
779,0,2016-03-15 19:00:00,28.884184320000003
779,0,2016-03-15 20:00:00,27.72236523
779,0,2016-03-15 21:00:00,27.724006590000002
779,0,2016-03-15 22:00:00,25.771638180000004
779,0,2016-03-15 23:00:00,34.117719300000005
779,0,2016-03-16 00:00:00,25.73335932
779,0,2016-03-16 01:00:00,24.14003841
779,0,2016-03-16 02:00:00,22.19989227
779,0,2016-03-16 03:00:00,21.16507341
779,0,2016-03-16 04:00:00,21.241601820000003
779,0,2016-03-16 05:00:00,21.70080159
779,0,2016-03-16 06:00:00,26.348869320000002
779,0,2016-03-16 07:00:00,27.61816818
779,0,2016-03-16 08:00:00,26.3570175
779,0,2016-03-16 09:00:00,27.636076590000002
779,0,2016-03-16 10:00:00,29.30920863
779,0,2016-03-16 11:00:00,31.553973600000006
779,0,2016-03-16 12:00:00,30.563002500000003
779,0,2016-03-16 13:00:00,30.250264800000004
779,0,2016-03-16 14:00:00,29.010363870000003
779,0,2016-03-16 15:00:00,29.129245230000006
779,0,2016-03-16 16:00:00,28.189713180000005
779,0,2016-03-16 17:00:00,32.118777300000005
779,0,2016-03-16 18:00:00,28.152255
779,0,2016-03-16 19:00:00,25.155307500000003
779,0,2016-03-16 20:00:00,23.829030000000003
779,0,2016-03-16 21:00:00,26.64117795
779,0,2016-03-16 22:00:00,25.546097730000003
779,0,2016-03-16 23:00:00,24.09853545
779,0,2016-03-17 00:00:00,28.218202500000004
779,0,2016-03-17 01:00:00,22.888677270000002
779,0,2016-03-17 02:00:00,21.41910318
779,0,2016-03-17 03:00:00,20.924907270000002
779,0,2016-03-17 04:00:00,21.555863640000002
779,0,2016-03-17 05:00:00,20.53654977
779,0,2016-03-17 06:00:00,25.05597591
779,0,2016-03-17 07:00:00,27.30469773
779,0,2016-03-17 08:00:00,26.28210114
779,0,2016-03-17 09:00:00,34.0884093
779,0,2016-03-17 10:00:00,30.7072077
779,0,2016-03-17 11:00:00,29.77896
779,0,2016-03-17 12:00:00,32.361464100000006
779,0,2016-03-17 13:00:00,34.3088205
779,0,2016-03-17 14:00:00,32.393118900000005
779,0,2016-03-17 15:00:00,33.24633300000001
779,0,2016-03-17 16:00:00,28.4233725
779,0,2016-03-17 17:00:00,29.8164768
779,0,2016-03-17 18:00:00,31.696420200000002
779,0,2016-03-17 19:00:00,28.12376568
779,0,2016-03-17 20:00:00,25.476896820000004
779,0,2016-03-17 21:00:00,25.215539550000003
779,0,2016-03-17 22:00:00,28.45675659
779,0,2016-03-17 23:00:00,26.419711590000006
779,0,2016-03-18 00:00:00,25.361298180000002
779,0,2016-03-18 01:00:00,23.26806591
779,0,2016-03-18 02:00:00,23.464296360000002
779,0,2016-03-18 03:00:00,22.41971727
779,0,2016-03-18 04:00:00,20.51292591
779,0,2016-03-18 05:00:00,21.12600318
779,0,2016-03-18 06:00:00,25.507848180000003
779,0,2016-03-18 07:00:00,25.392220230000003
779,0,2016-03-18 08:00:00,26.246284320000004
779,0,2016-03-18 09:00:00,29.961268200000003
779,0,2016-03-18 10:00:00,31.268787300000003
779,0,2016-03-18 11:00:00,29.454205200000004
779,0,2016-03-18 12:00:00,31.776143400000002
779,0,2016-03-18 13:00:00,33.722620500000005
779,0,2016-03-18 14:00:00,33.5502777
779,0,2016-03-18 15:00:00,33.9392214
779,0,2016-03-18 16:00:00,31.292528400000002
779,0,2016-03-18 17:00:00,35.462755200000004
779,0,2016-03-18 18:00:00,33.8946702
779,0,2016-03-18 19:00:00,28.945237050000003
779,0,2016-03-18 20:00:00,27.533491590000004
779,0,2016-03-18 21:00:00,24.30692955
779,0,2016-03-18 22:00:00,29.222890680000003
779,0,2016-03-18 23:00:00,26.418890910000002
779,0,2016-03-19 00:00:00,28.637482050000003
779,0,2016-03-19 01:00:00,24.344387730000005
779,0,2016-03-19 02:00:00,22.19010273
779,0,2016-03-19 03:00:00,20.91593841
779,0,2016-03-19 04:00:00,19.50823773
779,0,2016-03-19 05:00:00,19.457765910000003
779,0,2016-03-19 06:00:00,25.25463909
779,0,2016-03-19 07:00:00,26.02238523
779,0,2016-03-19 08:00:00,27.739482270000003
779,0,2016-03-19 09:00:00,30.563881800000004
779,0,2016-03-19 10:00:00,28.16691
779,0,2016-03-19 11:00:00,26.935890000000004
779,0,2016-03-19 12:00:00,28.679014320000004
779,0,2016-03-19 13:00:00,29.554152300000002
779,0,2016-03-19 14:00:00,30.315626100000003
779,0,2016-03-19 15:00:00,29.819700900000004
779,0,2016-03-19 16:00:00,35.453669100000006
779,0,2016-03-19 17:00:00,41.5184943
779,0,2016-03-19 18:00:00,35.2077582
779,0,2016-03-19 19:00:00,34.4131641
779,0,2016-03-19 20:00:00,33.991393200000005
779,0,2016-03-19 21:00:00,29.195984100000004
779,0,2016-03-19 22:00:00,31.106996100000003
779,0,2016-03-19 23:00:00,28.97129364
779,0,2016-03-20 00:00:00,27.45450114
779,0,2016-03-20 01:00:00,25.901071140000003
779,0,2016-03-20 02:00:00,23.715043410000003
779,0,2016-03-20 03:00:00,21.96538296
779,0,2016-03-20 04:00:00,21.292894320000002
779,0,2016-03-20 05:00:00,20.32487295
779,0,2016-03-20 06:00:00,25.551813180000003
779,0,2016-03-20 07:00:00,25.559140680000002
779,0,2016-03-20 08:00:00,26.098913640000003
779,0,2016-03-20 09:00:00,27.06535227
779,0,2016-03-20 10:00:00,28.45186182
779,0,2016-03-20 11:00:00,29.170806810000002
779,0,2016-03-20 12:00:00,34.8220386
779,0,2016-03-20 13:00:00,35.627770500000004
779,0,2016-03-20 14:00:00,35.6477013
779,0,2016-03-20 15:00:00,32.8248552
779,0,2016-03-20 16:00:00,36.731878200000004
779,0,2016-03-20 17:00:00,35.40003180000001
779,0,2016-03-20 18:00:00,33.229333200000006
779,0,2016-03-20 19:00:00,41.85966270000001
779,0,2016-03-20 20:00:00,39.64030950000001
779,0,2016-03-20 21:00:00,39.643533600000005
779,0,2016-03-20 22:00:00,37.2392343
779,0,2016-03-20 23:00:00,35.326756800000005
779,0,2016-03-21 00:00:00,37.481628
779,0,2016-03-21 01:00:00,32.9517675
779,0,2016-03-21 02:00:00,26.802353640000003
779,0,2016-03-21 03:00:00,25.52411523
779,0,2016-03-21 04:00:00,23.236323180000003
779,0,2016-03-21 05:00:00,21.816400230000003
779,0,2016-03-21 06:00:00,26.85121341
779,0,2016-03-21 07:00:00,28.82151954
779,0,2016-03-21 08:00:00,28.613066820000004
779,0,2016-03-21 09:00:00,28.41361227
779,0,2016-03-21 10:00:00,28.87685682
779,0,2016-03-21 11:00:00,29.9457339
779,0,2016-03-21 12:00:00,38.0329491
779,0,2016-03-21 13:00:00,36.638379300000004
779,0,2016-03-21 14:00:00,32.581289100000006
779,0,2016-03-21 15:00:00,27.87055659
779,0,2016-03-21 16:00:00,28.318354770000003
779,0,2016-03-21 17:00:00,30.650053200000002
779,0,2016-03-21 18:00:00,34.265734800000004
779,0,2016-03-21 19:00:00,32.44617
779,0,2016-03-21 20:00:00,34.168132500000006
779,0,2016-03-21 21:00:00,38.523305400000005
779,0,2016-03-21 22:00:00,39.0564543
779,0,2016-03-21 23:00:00,36.825670200000005
779,0,2016-03-22 00:00:00,38.5458741
779,0,2016-03-22 01:00:00,30.975101100000003
779,0,2016-03-22 02:00:00,25.445154090000003
779,0,2016-03-22 03:00:00,22.721756820000003
779,0,2016-03-22 04:00:00,23.398348860000002
779,0,2016-03-22 05:00:00,22.282927500000003
779,0,2016-03-22 06:00:00,26.897611140000002
779,0,2016-03-22 07:00:00,27.090588180000005
779,0,2016-03-22 08:00:00,27.517195230000006
779,0,2016-03-22 09:00:00,29.03480841
779,0,2016-03-22 10:00:00,29.455084500000005
779,0,2016-03-22 11:00:00,33.211454100000005
779,0,2016-03-22 12:00:00,29.342534100000005
779,0,2016-03-22 13:00:00,27.535103640000003
779,0,2016-03-22 14:00:00,32.738390700000004
779,0,2016-03-22 15:00:00,31.669455000000003
779,0,2016-03-22 16:00:00,32.354136600000004
779,0,2016-03-22 17:00:00,31.788453600000004
779,0,2016-03-22 18:00:00,34.60866180000001
779,0,2016-03-22 19:00:00,35.0011227
779,0,2016-03-22 20:00:00,32.410411800000006
779,0,2016-03-22 21:00:00,33.1129725
779,0,2016-03-22 22:00:00,35.036001600000006
779,0,2016-03-22 23:00:00,34.70714340000001
779,0,2016-03-23 00:00:00,34.013375700000005
779,0,2016-03-23 01:00:00,35.9120775
779,0,2016-03-23 02:00:00,30.243816600000006
779,0,2016-03-23 03:00:00,23.541616140000002
779,0,2016-03-23 04:00:00,22.37982636
779,0,2016-03-23 05:00:00,21.41420841
779,0,2016-03-23 06:00:00,25.9173675
779,0,2016-03-23 07:00:00,26.456349090000003
779,0,2016-03-23 08:00:00,26.079393180000004
779,0,2016-03-23 09:00:00,27.4707975
779,0,2016-03-23 10:00:00,26.70141
779,0,2016-03-23 11:00:00,28.380228180000003
779,0,2016-03-23 12:00:00,31.520560200000002
779,0,2016-03-23 13:00:00,29.436912300000003
779,0,2016-03-23 14:00:00,29.443653600000005
779,0,2016-03-23 15:00:00,30.038646600000003
779,0,2016-03-23 16:00:00,34.20477
779,0,2016-03-23 17:00:00,29.19844614
779,0,2016-03-23 18:00:00,28.806043860000006
779,0,2016-03-23 19:00:00,36.0032316
779,0,2016-03-23 20:00:00,34.5655761
779,0,2016-03-23 21:00:00,38.100655200000006
779,0,2016-03-23 22:00:00,37.5379032
779,0,2016-03-23 23:00:00,38.68685520000001
779,0,2016-03-24 00:00:00,36.831239100000005
779,0,2016-03-24 01:00:00,35.632167
779,0,2016-03-24 02:00:00,29.762839500000002
779,0,2016-03-24 03:00:00,23.53428864
779,0,2016-03-24 04:00:00,22.768154550000002
779,0,2016-03-24 05:00:00,21.506212500000004
779,0,2016-03-24 06:00:00,27.079186590000006
779,0,2016-03-24 07:00:00,29.763425700000003
779,0,2016-03-24 08:00:00,30.1576452
779,0,2016-03-24 09:00:00,29.578772700000002
779,0,2016-03-24 10:00:00,29.9272686
779,0,2016-03-24 11:00:00,28.323220230000004
779,0,2016-03-24 12:00:00,31.283442300000004
779,0,2016-03-24 13:00:00,32.5478757
779,0,2016-03-24 14:00:00,34.243752300000004
779,0,2016-03-24 15:00:00,32.13753570000001
779,0,2016-03-24 16:00:00,38.7560268
779,0,2016-03-24 17:00:00,34.8364005
779,0,2016-03-24 18:00:00,36.468967500000005
779,0,2016-03-24 19:00:00,35.7517518
779,0,2016-03-24 20:00:00,35.2200684
779,0,2016-03-24 21:00:00,40.598453400000004
779,0,2016-03-24 22:00:00,37.5616443
779,0,2016-03-24 23:00:00,39.3176064
779,0,2016-03-25 00:00:00,33.316383900000005
779,0,2016-03-25 01:00:00,30.0345432
779,0,2016-03-25 02:00:00,32.0496057
779,0,2016-03-25 03:00:00,26.61509205
779,0,2016-03-25 04:00:00,22.595577270000003
779,0,2016-03-25 05:00:00,22.237321140000002
779,0,2016-03-25 06:00:00,26.4889125
779,0,2016-03-25 07:00:00,27.126405000000002
779,0,2016-03-25 08:00:00,28.611425460000003
779,0,2016-03-25 09:00:00,31.0882377
779,0,2016-03-25 10:00:00,32.6545641
779,0,2016-03-25 11:00:00,30.0093366
779,0,2016-03-25 12:00:00,32.074812300000005
779,0,2016-03-25 13:00:00,33.9776175
779,0,2016-03-25 14:00:00,31.0205316
779,0,2016-03-25 15:00:00,33.997841400000006
779,0,2016-03-25 16:00:00,35.968938900000005
779,0,2016-03-25 17:00:00,34.623903
779,0,2016-03-25 18:00:00,30.5395545
779,0,2016-03-25 19:00:00,35.626305
779,0,2016-03-25 20:00:00,34.8789
779,0,2016-03-25 21:00:00,39.5904825
779,0,2016-03-25 22:00:00,40.180785900000004
779,0,2016-03-25 23:00:00,38.808198600000004
779,0,2016-03-26 00:00:00,34.0045827
779,0,2016-03-26 01:00:00,32.618805900000005
779,0,2016-03-26 02:00:00,31.671799800000006
779,0,2016-03-26 03:00:00,26.78687796
779,0,2016-03-26 04:00:00,23.056389090000003
779,0,2016-03-26 05:00:00,26.00611818
779,0,2016-03-26 06:00:00,27.851006820000002
779,0,2016-03-26 07:00:00,29.9099757
779,0,2016-03-26 08:00:00,35.924387700000004
779,0,2016-03-26 09:00:00,32.531755200000006
779,0,2016-03-26 10:00:00,30.803930700000002
779,0,2016-03-26 11:00:00,29.181387720000004
779,0,2016-03-26 12:00:00,33.0754557
779,0,2016-03-26 13:00:00,31.861728600000003
779,0,2016-03-26 14:00:00,34.282148400000004
779,0,2016-03-26 15:00:00,37.073925900000006
779,0,2016-03-26 16:00:00,37.4206632
779,0,2016-03-26 17:00:00,38.5476327
779,0,2016-03-26 18:00:00,37.25623410000001
779,0,2016-03-26 19:00:00,32.310171600000004
779,0,2016-03-26 20:00:00,33.0153702
779,0,2016-03-26 21:00:00,37.1413389
779,0,2016-03-26 22:00:00,37.4540766
779,0,2016-03-26 23:00:00,35.55449550000001
779,0,2016-03-27 00:00:00,30.394470000000005
779,0,2016-03-27 01:00:00,28.712398410000002
779,0,2016-03-27 02:00:00,30.779603400000003
779,0,2016-03-27 03:00:00,29.791856400000004
779,0,2016-03-27 04:00:00,22.909839090000002
779,0,2016-03-27 05:00:00,21.07224864
779,0,2016-03-27 06:00:00,25.89620568
779,0,2016-03-27 07:00:00,27.166295910000002
779,0,2016-03-27 08:00:00,25.636489770000004
779,0,2016-03-27 09:00:00,27.59375295
779,0,2016-03-27 10:00:00,30.2405925
779,0,2016-03-27 11:00:00,34.150253400000004
779,0,2016-03-27 12:00:00,32.5405482
779,0,2016-03-27 13:00:00,35.4935307
779,0,2016-03-27 14:00:00,34.667281800000005
779,0,2016-03-27 15:00:00,40.8801225
779,0,2016-03-27 16:00:00,38.5435293
779,0,2016-03-27 17:00:00,38.0906898
779,0,2016-03-27 18:00:00,36.543708
779,0,2016-03-27 19:00:00,36.6210864
779,0,2016-03-27 20:00:00,40.8150543
779,0,2016-03-27 21:00:00,41.09584410000001
779,0,2016-03-27 22:00:00,42.4197768
779,0,2016-03-27 23:00:00,43.1906298
779,0,2016-03-28 00:00:00,37.4004393
779,0,2016-03-28 01:00:00,33.397865700000004
779,0,2016-03-28 02:00:00,28.861381140000002
779,0,2016-03-28 03:00:00,25.226941140000005
779,0,2016-03-28 04:00:00,22.576027500000002
779,0,2016-03-28 05:00:00,21.826189770000003
779,0,2016-03-28 06:00:00,26.676994770000004
779,0,2016-03-28 07:00:00,28.172596140000003
779,0,2016-03-28 08:00:00,29.24159046
779,0,2016-03-28 09:00:00,30.4724346
779,0,2016-03-28 10:00:00,32.0440368
779,0,2016-03-28 11:00:00,33.5567259
779,0,2016-03-28 12:00:00,30.9683598
779,0,2016-03-28 13:00:00,32.030847300000005
779,0,2016-03-28 14:00:00,36.705206100000005
779,0,2016-03-28 15:00:00,33.068128200000004
779,0,2016-03-28 16:00:00,33.766585500000005
779,0,2016-03-28 17:00:00,34.892675700000005
779,0,2016-03-28 18:00:00,39.457708200000006
779,0,2016-03-28 19:00:00,37.5103518
779,0,2016-03-28 20:00:00,37.13078730000001
779,0,2016-03-28 21:00:00,36.17352270000001
779,0,2016-03-28 22:00:00,41.0175864
779,0,2016-03-28 23:00:00,40.6365564
779,0,2016-03-29 00:00:00,37.63316070000001
779,0,2016-03-29 01:00:00,32.241
779,0,2016-03-29 02:00:00,28.369647270000005
779,0,2016-03-29 03:00:00,24.659470230000004
779,0,2016-03-29 04:00:00,24.001636590000004
779,0,2016-03-29 05:00:00,22.76818386
779,0,2016-03-29 06:00:00,27.61327341
779,0,2016-03-29 07:00:00,27.259120680000002
779,0,2016-03-29 08:00:00,32.498341800000006
779,0,2016-03-29 09:00:00,36.479519100000005
779,0,2016-03-29 10:00:00,32.7319425
779,0,2016-03-29 11:00:00,30.536916600000005
779,0,2016-03-29 12:00:00,32.50566930000001
779,0,2016-03-29 13:00:00,29.05925295
779,0,2016-03-29 14:00:00,32.4127566
779,0,2016-03-29 15:00:00,30.120128400000002
779,0,2016-03-29 16:00:00,33.892911600000005
779,0,2016-03-29 17:00:00,35.7842859
779,0,2016-03-29 18:00:00,31.881952500000004
779,0,2016-03-29 19:00:00,35.6523909
779,0,2016-03-29 20:00:00,35.8223889
779,0,2016-03-29 21:00:00,36.451967700000004
779,0,2016-03-29 22:00:00,40.576470900000004
779,0,2016-03-29 23:00:00,40.6438839
779,0,2016-03-30 00:00:00,35.2915848
779,0,2016-03-30 01:00:00,31.5741975
779,0,2016-03-30 02:00:00,27.08651409
779,0,2016-03-30 03:00:00,23.504187270000003
779,0,2016-03-30 04:00:00,22.654988640000003
779,0,2016-03-30 05:00:00,22.383079770000002
779,0,2016-03-30 06:00:00,26.216974320000002
779,0,2016-03-30 07:00:00,27.271313640000002
779,0,2016-03-30 08:00:00,29.02991364
779,0,2016-03-30 09:00:00,31.2810975
779,0,2016-03-30 10:00:00,28.745811810000003
779,0,2016-03-30 11:00:00,29.27418318
779,0,2016-03-30 12:00:00,30.436090200000002
779,0,2016-03-30 13:00:00,32.497462500000005
779,0,2016-03-30 14:00:00,32.842734300000004
779,0,2016-03-30 15:00:00,31.2339084
779,0,2016-03-30 16:00:00,30.480055200000002
779,0,2016-03-30 17:00:00,31.672679100000003
779,0,2016-03-30 18:00:00,33.569036100000005
779,0,2016-03-30 19:00:00,37.4109909
779,0,2016-03-30 20:00:00,32.6114784
779,0,2016-03-30 21:00:00,34.141167300000006
779,0,2016-03-30 22:00:00,40.0154775
779,0,2016-03-30 23:00:00,37.358232900000004
779,0,2016-03-31 00:00:00,34.705384800000004
779,0,2016-03-31 01:00:00,36.858204300000004
779,0,2016-03-31 02:00:00,29.590203600000002
779,0,2016-03-31 03:00:00,24.290662500000003
779,0,2016-03-31 04:00:00,22.73315841
779,0,2016-03-31 05:00:00,21.314876820000002
779,0,2016-03-31 06:00:00,28.499871600000002
779,0,2016-03-31 07:00:00,27.79402818
779,0,2016-03-31 08:00:00,30.546002700000003
779,0,2016-03-31 09:00:00,31.228046400000004
779,0,2016-03-31 10:00:00,32.0783295
779,0,2016-03-31 11:00:00,33.7202757
779,0,2016-03-31 12:00:00,36.593535
779,0,2016-03-31 13:00:00,39.1736943
779,0,2016-03-31 14:00:00,34.9398648
779,0,2016-03-31 15:00:00,34.2798036
779,0,2016-03-31 16:00:00,38.7413718
779,0,2016-03-31 17:00:00,41.46075360000001
779,0,2016-03-31 18:00:00,37.2635616
779,0,2016-03-31 19:00:00,34.7338155
779,0,2016-03-31 20:00:00,36.7858086
779,0,2016-03-31 21:00:00,39.73468770000001
779,0,2016-03-31 22:00:00,40.55536770000001
779,0,2016-03-31 23:00:00,36.3827961
779,0,2016-04-01 00:00:00,34.594886100000004
779,0,2016-04-01 01:00:00,34.1810289
779,0,2016-04-01 02:00:00,31.7834709
779,0,2016-04-01 03:00:00,26.019952500000006
779,0,2016-04-01 04:00:00,23.70528318
779,0,2016-04-01 05:00:00,22.410748410000004
779,0,2016-04-01 06:00:00,27.37146591
779,0,2016-04-01 07:00:00,29.26439364
779,0,2016-04-01 08:00:00,29.070625230000005
779,0,2016-04-01 09:00:00,30.359591100000003
779,0,2016-04-01 10:00:00,29.472084300000002
779,0,2016-04-01 11:00:00,34.6746093
779,0,2016-04-01 12:00:00,34.6599543
779,0,2016-04-01 13:00:00,35.37306660000001
779,0,2016-04-01 14:00:00,36.9883407
779,0,2016-04-01 15:00:00,37.176510900000004
779,0,2016-04-01 16:00:00,33.16924770000001
779,0,2016-04-01 17:00:00,34.9929159
779,0,2016-04-01 18:00:00,35.91119820000001
779,0,2016-04-01 19:00:00,39.4814493
779,0,2016-04-01 20:00:00,36.412985400000004
779,0,2016-04-01 21:00:00,41.1447918
779,0,2016-04-01 22:00:00,44.08956750000001
779,0,2016-04-01 23:00:00,38.9928516
779,0,2016-04-02 00:00:00,32.9054577
779,0,2016-04-02 01:00:00,34.1883564
779,0,2016-04-02 02:00:00,32.789683200000006
779,0,2016-04-02 03:00:00,31.361700000000003
779,0,2016-04-02 04:00:00,24.510487500000004
779,0,2016-04-02 05:00:00,23.399169540000003
779,0,2016-04-02 06:00:00,27.248539770000004
779,0,2016-04-02 07:00:00,27.804609090000003
779,0,2016-04-02 08:00:00,27.665386590000004
779,0,2016-04-02 09:00:00,29.8906311
779,0,2016-04-02 10:00:00,31.310407500000004
779,0,2016-04-02 11:00:00,33.3304527
779,0,2016-04-02 12:00:00,37.6862118
779,0,2016-04-02 13:00:00,38.2178952
779,0,2016-04-02 14:00:00,35.122466100000004
779,0,2016-04-02 15:00:00,39.4635702
779,0,2016-04-02 16:00:00,38.0988966
779,0,2016-04-02 17:00:00,41.3092209
779,0,2016-04-02 18:00:00,41.0175864
779,0,2016-04-02 19:00:00,43.47904020000001
779,0,2016-04-02 20:00:00,38.774785200000004
779,0,2016-04-02 21:00:00,43.2258018
779,0,2016-04-02 22:00:00,38.50366770000001
779,0,2016-04-02 23:00:00,36.551328600000005
779,0,2016-04-03 00:00:00,36.7588434
779,0,2016-04-03 01:00:00,32.3907741
779,0,2016-04-03 02:00:00,32.0229336
779,0,2016-04-03 03:00:00,32.226345
779,0,2016-04-03 04:00:00,25.53715818
779,0,2016-04-03 05:00:00,22.950550680000003
779,0,2016-04-03 06:00:00,26.935890000000004
779,0,2016-04-03 07:00:00,27.24933114
779,0,2016-04-03 08:00:00,29.14961568
779,0,2016-04-03 09:00:00,31.825677300000002
779,0,2016-04-03 10:00:00,39.940737000000006
779,0,2016-04-03 11:00:00,42.005333400000005
779,0,2016-04-03 12:00:00,36.7034475
779,0,2016-04-03 13:00:00,34.4336811
779,0,2016-04-03 14:00:00,34.814711100000004
779,0,2016-04-03 15:00:00,35.61897750000001
779,0,2016-04-03 16:00:00,39.1306086
779,0,2016-04-03 17:00:00,40.3273359
779,0,2016-04-03 18:00:00,33.7302411
779,0,2016-04-03 19:00:00,36.74594700000001
779,0,2016-04-03 20:00:00,43.476402300000004
779,0,2016-04-03 21:00:00,42.3163125
779,0,2016-04-03 22:00:00,42.279675000000005
779,0,2016-04-03 23:00:00,38.676889800000005
779,0,2016-04-04 00:00:00,42.894305700000004
779,0,2016-04-04 01:00:00,38.8090779
779,0,2016-04-04 02:00:00,31.286959500000005
779,0,2016-04-04 03:00:00,27.13780659
779,0,2016-04-04 04:00:00,24.739252050000005
779,0,2016-04-04 05:00:00,25.037246820000004
779,0,2016-04-04 06:00:00,30.137128200000003
779,0,2016-04-04 07:00:00,31.807798200000004
779,0,2016-04-04 08:00:00,31.4478714
779,0,2016-04-04 09:00:00,33.759258
779,0,2016-04-04 10:00:00,36.6928959
779,0,2016-04-04 11:00:00,39.2071077
779,0,2016-04-04 12:00:00,35.656494300000006
779,0,2016-04-04 13:00:00,35.550685200000004
779,0,2016-04-04 14:00:00,36.1799709
779,0,2016-04-04 15:00:00,35.134483200000005
779,0,2016-04-04 16:00:00,41.95169610000001
779,0,2016-04-04 17:00:00,32.8776132
779,0,2016-04-04 18:00:00,38.01682860000001
779,0,2016-04-04 19:00:00,39.686619300000004
779,0,2016-04-04 20:00:00,37.6935393
779,0,2016-04-04 21:00:00,35.6327532
779,0,2016-04-04 22:00:00,36.2019534
779,0,2016-04-04 23:00:00,36.46164
779,0,2016-04-05 00:00:00,34.748763600000004
779,0,2016-04-05 01:00:00,34.11684
779,0,2016-04-05 02:00:00,32.6211507
779,0,2016-04-05 03:00:00,25.908398640000005
779,0,2016-04-05 04:00:00,23.979654090000004
779,0,2016-04-05 05:00:00,23.40892977
779,0,2016-04-05 06:00:00,28.44696705
779,0,2016-04-05 07:00:00,28.887437730000002
779,0,2016-04-05 08:00:00,28.98351591
779,0,2016-04-05 09:00:00,30.3267639
779,0,2016-04-05 10:00:00,32.365567500000004
779,0,2016-04-05 11:00:00,29.511066600000003
779,0,2016-04-05 12:00:00,30.032198400000002
779,0,2016-04-05 13:00:00,28.421789760000003
779,0,2016-04-05 14:00:00,30.939929100000004
779,0,2016-04-05 15:00:00,30.7664139
779,0,2016-04-05 16:00:00,31.8567459
779,0,2016-04-05 17:00:00,40.83938160000001
779,0,2016-04-05 18:00:00,37.9954323
779,0,2016-04-05 19:00:00,41.09027520000001
779,0,2016-04-05 20:00:00,33.119420700000006
779,0,2016-04-05 21:00:00,34.0719957
779,0,2016-04-05 22:00:00,39.230555700000004
779,0,2016-04-05 23:00:00,38.309928600000006
779,0,2016-04-06 00:00:00,39.46913910000001
779,0,2016-04-06 01:00:00,38.0426214
779,0,2016-04-06 02:00:00,31.279338900000003
779,0,2016-04-06 03:00:00,25.583555910000005
779,0,2016-04-06 04:00:00,24.08874591
779,0,2016-04-06 05:00:00,24.245876820000003
779,0,2016-04-06 06:00:00,28.846784760000002
779,0,2016-04-06 07:00:00,29.5069632
779,0,2016-04-06 08:00:00,29.20005819
779,0,2016-04-06 09:00:00,29.853700500000002
779,0,2016-04-06 10:00:00,27.857542950000003
779,0,2016-04-06 11:00:00,29.12437977
779,0,2016-04-06 12:00:00,29.494946100000003
779,0,2016-04-06 13:00:00,35.1743448
779,0,2016-04-06 14:00:00,32.948543400000005
779,0,2016-04-06 15:00:00,34.3138032
779,0,2016-04-06 16:00:00,32.3092923
779,0,2016-04-06 17:00:00,33.5819325
779,0,2016-04-06 18:00:00,38.01507
779,0,2016-04-06 19:00:00,38.60214930000001
779,0,2016-04-06 20:00:00,38.370014100000006
779,0,2016-04-06 21:00:00,41.64951
779,0,2016-04-06 22:00:00,43.652262300000004
779,0,2016-04-06 23:00:00,39.347209500000005
779,0,2016-04-07 00:00:00,34.866003600000006
779,0,2016-04-07 01:00:00,32.8400964
779,0,2016-04-07 02:00:00,29.207415000000005
779,0,2016-04-07 03:00:00,27.30633909
779,0,2016-04-07 04:00:00,23.88765
779,0,2016-04-07 05:00:00,23.11582977
779,0,2016-04-07 06:00:00,28.757975460000004
779,0,2016-04-07 07:00:00,29.115410910000005
779,0,2016-04-07 08:00:00,31.733643900000004
779,0,2016-04-07 09:00:00,34.6696266
779,0,2016-04-07 10:00:00,37.238355000000006
779,0,2016-04-07 11:00:00,38.0924484
779,0,2016-04-07 12:00:00,43.460868000000005
779,0,2016-04-07 13:00:00,35.063553
779,0,2016-04-07 14:00:00,31.317735000000003
779,0,2016-04-07 15:00:00,33.036473400000006
779,0,2016-04-07 16:00:00,36.4226577
779,0,2016-04-07 17:00:00,34.5890241
779,0,2016-04-07 18:00:00,32.96085360000001
779,0,2016-04-07 19:00:00,36.760308900000005
779,0,2016-04-07 20:00:00,38.53297770000001
779,0,2016-04-07 21:00:00,44.64880230000001
779,0,2016-04-07 22:00:00,39.266607
779,0,2016-04-07 23:00:00,38.001880500000006
779,0,2016-04-08 00:00:00,35.594650200000004
779,0,2016-04-08 01:00:00,38.628235200000006
779,0,2016-04-08 02:00:00,33.062559300000004
779,0,2016-04-08 03:00:00,26.442485460000004
779,0,2016-04-08 04:00:00,23.586401820000003
779,0,2016-04-08 05:00:00,24.21331341
779,0,2016-04-08 06:00:00,27.724006590000002
779,0,2016-04-08 07:00:00,28.21576977
779,0,2016-04-08 08:00:00,30.848775000000003
779,0,2016-04-08 09:00:00,34.76166
779,0,2016-04-08 10:00:00,33.16426500000001
779,0,2016-04-08 11:00:00,35.3941698
779,0,2016-04-08 12:00:00,31.864952700000003
779,0,2016-04-08 13:00:00,37.91014020000001
779,0,2016-04-08 14:00:00,38.474357700000006
779,0,2016-04-08 15:00:00,33.252195
779,0,2016-04-08 16:00:00,35.925853200000006
779,0,2016-04-08 17:00:00,38.0030529
779,0,2016-04-08 18:00:00,32.1246393
779,0,2016-04-08 19:00:00,34.7200398
779,0,2016-04-08 20:00:00,35.496168600000004
779,0,2016-04-08 21:00:00,33.3181425
779,0,2016-04-08 22:00:00,35.7353382
779,0,2016-04-08 23:00:00,39.1232811
779,0,2016-04-09 00:00:00,34.2853725
779,0,2016-04-09 01:00:00,31.697299500000003
779,0,2016-04-09 02:00:00,28.096888410000002
779,0,2016-04-09 03:00:00,24.566674770000002
779,0,2016-04-09 04:00:00,24.25974045
779,0,2016-04-09 05:00:00,20.915117730000002
779,0,2016-04-09 06:00:00,25.093434090000002
779,0,2016-04-09 07:00:00,25.038888180000004
779,0,2016-04-09 08:00:00,25.187050230000004
779,0,2016-04-09 09:00:00,27.276208410000002
779,0,2016-04-09 10:00:00,28.414432950000005
779,0,2016-04-09 11:00:00,33.040576800000004
779,0,2016-04-09 12:00:00,39.203004299999996
779,0,2016-04-09 13:00:00,41.7415434
779,0,2016-04-09 14:00:00,40.350783899999996
779,0,2016-04-09 15:00:00,38.49311610000001
779,0,2016-04-09 16:00:00,38.5523223
779,0,2016-04-09 17:00:00,38.956214100000004
779,0,2016-04-09 18:00:00,40.64007360000001
779,0,2016-04-09 19:00:00,35.6327532
779,0,2016-04-09 20:00:00,38.7706818
779,0,2016-04-09 21:00:00,37.814003400000004
779,0,2016-04-09 22:00:00,35.194861800000005
779,0,2016-04-09 23:00:00,33.49312320000001
779,0,2016-04-10 00:00:00,31.870521600000004
779,0,2016-04-10 01:00:00,31.2723045
779,0,2016-04-10 02:00:00,37.6404882
779,0,2016-04-10 03:00:00,31.418854500000002
779,0,2016-04-10 04:00:00,23.323432500000003
779,0,2016-04-10 05:00:00,21.248929320000006
779,0,2016-04-10 06:00:00,25.660905000000003
779,0,2016-04-10 07:00:00,26.30329227
779,0,2016-04-10 08:00:00,28.61470818
779,0,2016-04-10 09:00:00,28.73517228
779,0,2016-04-10 10:00:00,32.290827
779,0,2016-04-10 11:00:00,32.1105705
779,0,2016-04-10 12:00:00,36.6430689
779,0,2016-04-10 13:00:00,41.203411800000005
779,0,2016-04-10 14:00:00,41.598217500000004
779,0,2016-04-10 15:00:00,38.8128882
779,0,2016-04-10 16:00:00,39.280968900000005
779,0,2016-04-10 17:00:00,36.3118659
779,0,2016-04-10 18:00:00,38.1598614
779,0,2016-04-10 19:00:00,39.1109709
779,0,2016-04-10 20:00:00,38.4529614
779,0,2016-04-10 21:00:00,36.04719660000001
779,0,2016-04-10 22:00:00,38.8773702
779,0,2016-04-10 23:00:00,37.581282
779,0,2016-04-11 00:00:00,40.1643723
779,0,2016-04-11 01:00:00,34.4668014
779,0,2016-04-11 02:00:00,33.20266110000001
779,0,2016-04-11 03:00:00,29.13742272
779,0,2016-04-11 04:00:00,27.17280273
779,0,2016-04-11 05:00:00,23.217594090000002
779,0,2016-04-11 06:00:00,27.826591590000003
779,0,2016-04-11 07:00:00,28.252407270000003
779,0,2016-04-11 08:00:00,28.683909090000004
779,0,2016-04-11 09:00:00,28.008137730000005
779,0,2016-04-11 10:00:00,30.236489100000004
779,0,2016-04-11 11:00:00,34.5386109
779,0,2016-04-11 12:00:00,32.5642893
779,0,2016-04-11 13:00:00,31.102013400000004
779,0,2016-04-11 14:00:00,33.530640000000005
779,0,2016-04-11 15:00:00,30.514934100000005
779,0,2016-04-11 16:00:00,31.461060900000003
779,0,2016-04-11 17:00:00,33.4028484
779,0,2016-04-11 18:00:00,34.327872000000006
779,0,2016-04-11 19:00:00,35.9510598
779,0,2016-04-11 20:00:00,39.6010341
779,0,2016-04-11 21:00:00,38.14696500000001
779,0,2016-04-11 22:00:00,34.4676807
779,0,2016-04-11 23:00:00,36.3247623
779,0,2016-04-12 00:00:00,36.759429600000004
779,0,2016-04-12 01:00:00,34.248735
779,0,2016-04-12 02:00:00,28.339516590000002
779,0,2016-04-12 03:00:00,24.606565680000003
779,0,2016-04-12 04:00:00,23.62142727
779,0,2016-04-12 05:00:00,23.6165325
779,0,2016-04-12 06:00:00,27.59943909
779,0,2016-04-12 07:00:00,26.88949227
779,0,2016-04-12 08:00:00,27.759823410000003
779,0,2016-04-12 09:00:00,31.749178200000003
779,0,2016-04-12 10:00:00,30.247040700000003
779,0,2016-04-12 11:00:00,30.530468400000004
779,0,2016-04-12 12:00:00,38.869163400000005
779,0,2016-04-12 13:00:00,29.771632500000003
779,0,2016-04-12 14:00:00,28.455935910000004
779,0,2016-04-12 15:00:00,29.8627866
779,0,2016-04-12 16:00:00,34.18044270000001
779,0,2016-04-12 17:00:00,31.745074800000005
779,0,2016-04-12 18:00:00,33.827843400000006
779,0,2016-04-12 19:00:00,34.7739702
779,0,2016-04-12 20:00:00,32.820751800000004
779,0,2016-04-12 21:00:00,35.1403452
779,0,2016-04-12 22:00:00,35.17932750000001
779,0,2016-04-12 23:00:00,39.855151799999994
779,0,2016-04-13 00:00:00,35.9976627
779,0,2016-04-13 01:00:00,31.395113400000003
779,0,2016-04-13 02:00:00,28.207621590000002
779,0,2016-04-13 03:00:00,23.59047591
779,0,2016-04-13 04:00:00,23.72969841
779,0,2016-04-13 05:00:00,23.092205910000004
779,0,2016-04-13 06:00:00,26.652550230000003
779,0,2016-04-13 07:00:00,27.216797040000003
779,0,2016-04-13 08:00:00,29.195192730000002
779,0,2016-04-13 09:00:00,32.963784600000004
779,0,2016-04-13 10:00:00,28.857307050000003
779,0,2016-04-13 11:00:00,28.784032050000004
779,0,2016-04-13 12:00:00,28.797075000000003
779,0,2016-04-13 13:00:00,33.9181182
779,0,2016-04-13 14:00:00,34.617454800000004
779,0,2016-04-13 15:00:00,33.3360216
779,0,2016-04-13 16:00:00,32.908681800000004
779,0,2016-04-13 17:00:00,33.2351952
779,0,2016-04-13 18:00:00,32.311930200000006
779,0,2016-04-13 19:00:00,32.5071348
779,0,2016-04-13 20:00:00,32.579823600000005
779,0,2016-04-13 21:00:00,32.886699300000004
779,0,2016-04-13 22:00:00,37.958208600000006
779,0,2016-04-13 23:00:00,38.2967391
779,0,2016-04-14 00:00:00,36.2198325
779,0,2016-04-14 01:00:00,32.734287300000005
779,0,2016-04-14 02:00:00,31.833884100000006
779,0,2016-04-14 03:00:00,24.298810680000003
779,0,2016-04-14 04:00:00,22.528809090000003
779,0,2016-04-14 05:00:00,22.365992040000005
779,0,2016-04-14 06:00:00,26.795055450000003
779,0,2016-04-14 07:00:00,27.305518410000005
779,0,2016-04-14 08:00:00,28.622827050000005
779,0,2016-04-14 09:00:00,27.451247730000002
779,0,2016-04-14 10:00:00,29.2106391
779,0,2016-04-14 11:00:00,28.88828772
779,0,2016-04-14 12:00:00,30.694018200000002
779,0,2016-04-14 13:00:00,31.0987893
779,0,2016-04-14 14:00:00,32.0326059
779,0,2016-04-14 15:00:00,32.903699100000004
779,0,2016-04-14 16:00:00,31.029617700000003
779,0,2016-04-14 17:00:00,31.694661600000003
779,0,2016-04-14 18:00:00,36.820687500000005
779,0,2016-04-14 19:00:00,33.873567
779,0,2016-04-14 20:00:00,37.567213200000005
779,0,2016-04-14 21:00:00,36.5917764
779,0,2016-04-14 22:00:00,38.214671100000004
779,0,2016-04-14 23:00:00,37.0194093
779,0,2016-04-15 00:00:00,38.1510684
779,0,2016-04-15 01:00:00,35.16877590000001
779,0,2016-04-15 02:00:00,30.198386100000004
779,0,2016-04-15 03:00:00,25.879909320000003
779,0,2016-04-15 04:00:00,22.482411360000004
779,0,2016-04-15 05:00:00,21.92713341
779,0,2016-04-15 06:00:00,26.671279320000004
779,0,2016-04-15 07:00:00,29.373602700000003
779,0,2016-04-15 08:00:00,28.96642818
779,0,2016-04-15 09:00:00,30.432866100000005
779,0,2016-04-15 10:00:00,31.092927300000003
779,0,2016-04-15 11:00:00,33.574605000000005
779,0,2016-04-15 12:00:00,33.129386100000005
779,0,2016-04-15 13:00:00,35.0011227
779,0,2016-04-15 14:00:00,33.67543140000001
779,0,2016-04-15 15:00:00,33.6903795
779,0,2016-04-15 16:00:00,30.673794300000004
779,0,2016-04-15 17:00:00,30.394470000000005
779,0,2016-04-15 18:00:00,30.317091600000005
779,0,2016-04-15 19:00:00,36.995668200000004
779,0,2016-04-15 20:00:00,39.7631184
779,0,2016-04-15 21:00:00,36.5656905
779,0,2016-04-15 22:00:00,37.678005000000006
779,0,2016-04-15 23:00:00,33.9345318
779,0,2016-04-16 00:00:00,35.1916377
779,0,2016-04-16 01:00:00,33.146385900000006
779,0,2016-04-16 02:00:00,31.996847700000004
779,0,2016-04-16 03:00:00,27.68408637
779,0,2016-04-16 04:00:00,22.939149090000004
779,0,2016-04-16 05:00:00,20.90046273
779,0,2016-04-16 06:00:00,25.564826820000004
779,0,2016-04-16 07:00:00,26.188485
779,0,2016-04-16 08:00:00,29.403498900000002
779,0,2016-04-16 09:00:00,27.954412500000004
779,0,2016-04-16 10:00:00,27.250151820000003
779,0,2016-04-16 11:00:00,29.18297046
779,0,2016-04-16 12:00:00,31.645127700000003
779,0,2016-04-16 13:00:00,35.010795
779,0,2016-04-16 14:00:00,36.73451610000001
779,0,2016-04-16 15:00:00,34.9008825
779,0,2016-04-16 16:00:00,40.3680768
779,0,2016-04-16 17:00:00,31.265563200000003
779,0,2016-04-16 18:00:00,30.571209300000003
779,0,2016-04-16 19:00:00,32.34592980000001
779,0,2016-04-16 20:00:00,36.8107221
779,0,2016-04-16 21:00:00,37.9702257
779,0,2016-04-16 22:00:00,42.17884860000001
779,0,2016-04-16 23:00:00,40.14502770000001
779,0,2016-04-17 00:00:00,38.935990200000006
779,0,2016-04-17 01:00:00,39.5043111
779,0,2016-04-17 02:00:00,29.9685957
779,0,2016-04-17 03:00:00,27.54650523
779,0,2016-04-17 04:00:00,23.173629090000002
779,0,2016-04-17 05:00:00,21.734185680000003
779,0,2016-04-17 06:00:00,25.349896590000004
779,0,2016-04-17 07:00:00,26.385506820000003
779,0,2016-04-17 08:00:00,27.904761360000006
779,0,2016-04-17 09:00:00,28.380228180000003
779,0,2016-04-17 10:00:00,31.956986100000005
779,0,2016-04-17 11:00:00,32.2653273
779,0,2016-04-17 12:00:00,35.133897000000005
779,0,2016-04-17 13:00:00,35.4316866
779,0,2016-04-17 14:00:00,33.5713809
779,0,2016-04-17 15:00:00,34.025685900000006
779,0,2016-04-17 16:00:00,35.854336800000006
779,0,2016-04-17 17:00:00,36.852342300000004
779,0,2016-04-17 18:00:00,37.066598400000004
779,0,2016-04-17 19:00:00,38.27886
779,0,2016-04-17 20:00:00,37.265320200000005
779,0,2016-04-17 21:00:00,40.36162860000001
779,0,2016-04-17 22:00:00,41.7749568
779,0,2016-04-17 23:00:00,36.4337955
779,0,2016-04-18 00:00:00,39.2616243
779,0,2016-04-18 01:00:00,32.503031400000005
779,0,2016-04-18 02:00:00,28.74821523
779,0,2016-04-18 03:00:00,24.771024090000004
779,0,2016-04-18 04:00:00,22.87481364
779,0,2016-04-18 05:00:00,22.75514091
779,0,2016-04-18 06:00:00,27.214335000000002
779,0,2016-04-18 07:00:00,28.46894955
779,0,2016-04-18 08:00:00,28.038268410000004
779,0,2016-04-18 09:00:00,29.544480000000004
779,0,2016-04-18 10:00:00,34.3472166
779,0,2016-04-18 11:00:00,33.969410700000005
779,0,2016-04-18 12:00:00,31.913607300000002
779,0,2016-04-18 13:00:00,29.462998200000005
779,0,2016-04-18 14:00:00,31.176167700000004
779,0,2016-04-18 15:00:00,38.853629100000006
779,0,2016-04-18 16:00:00,35.106052500000004
779,0,2016-04-18 17:00:00,35.50349610000001
779,0,2016-04-18 18:00:00,35.0720529
779,0,2016-04-18 19:00:00,36.67325820000001
779,0,2016-04-18 20:00:00,38.67630360000001
779,0,2016-04-18 21:00:00,40.5371955
779,0,2016-04-18 22:00:00,36.8183427
779,0,2016-04-18 23:00:00,39.3935193
779,0,2016-04-19 00:00:00,37.738383600000006
779,0,2016-04-19 01:00:00,33.163385700000006
779,0,2016-04-19 02:00:00,29.156943180000003
779,0,2016-04-19 03:00:00,23.258305680000003
779,0,2016-04-19 04:00:00,22.15021182
779,0,2016-04-19 05:00:00,24.64806864
779,0,2016-04-19 06:00:00,26.036248860000004
779,0,2016-04-19 07:00:00,29.104009320000003
779,0,2016-04-19 08:00:00,30.252902700000003
779,0,2016-04-19 09:00:00,28.38184023
779,0,2016-04-19 10:00:00,27.825770910000003
779,0,2016-04-19 11:00:00,33.595708200000004
779,0,2016-04-19 12:00:00,30.326177700000002
779,0,2016-04-19 13:00:00,26.050903860000002
779,0,2016-04-19 14:00:00,30.151197000000003
779,0,2016-04-19 15:00:00,37.1967348
779,0,2016-04-19 16:00:00,33.1862475
779,0,2016-04-19 17:00:00,36.7855155
779,0,2016-04-19 18:00:00,32.616168
779,0,2016-04-19 19:00:00,41.58121770000001
779,0,2016-04-19 20:00:00,42.857668200000006
779,0,2016-04-19 21:00:00,38.30817
779,0,2016-04-19 22:00:00,43.218474300000004
779,0,2016-04-19 23:00:00,38.083362300000005
779,0,2016-04-20 00:00:00,38.70561360000001
779,0,2016-04-20 01:00:00,30.446641800000002
779,0,2016-04-20 02:00:00,28.003272270000004
779,0,2016-04-20 03:00:00,25.42399227
779,0,2016-04-20 04:00:00,22.42297068
779,0,2016-04-20 05:00:00,21.27419454
779,0,2016-04-20 06:00:00,26.055769320000003
779,0,2016-04-20 07:00:00,27.508255680000005
779,0,2016-04-20 08:00:00,28.876036140000004
779,0,2016-04-20 09:00:00,34.2959241
779,0,2016-04-20 10:00:00,29.400274800000005
779,0,2016-04-20 11:00:00,31.859970000000004
779,0,2016-04-20 12:00:00,32.84507910000001
779,0,2016-04-20 13:00:00,37.736625000000004
779,0,2016-04-20 14:00:00,34.0045827
779,0,2016-04-20 15:00:00,35.728010700000006
779,0,2016-04-20 16:00:00,32.503031400000005
779,0,2016-04-20 17:00:00,30.554209500000002
779,0,2016-04-20 18:00:00,37.270009800000004
779,0,2016-04-20 19:00:00,37.057512300000006
779,0,2016-04-20 20:00:00,36.4291059
779,0,2016-04-20 21:00:00,37.1096841
779,0,2016-04-20 22:00:00,37.8790716
779,0,2016-04-20 23:00:00,34.4879046
779,0,2016-04-21 00:00:00,34.453905
779,0,2016-04-21 01:00:00,34.101305700000005
779,0,2016-04-21 02:00:00,27.800535
779,0,2016-04-21 03:00:00,22.576848180000002
779,0,2016-04-21 04:00:00,22.565446590000004
779,0,2016-04-21 05:00:00,21.89457
779,0,2016-04-21 06:00:00,26.06717091
779,0,2016-04-21 07:00:00,27.883570230000004
779,0,2016-04-21 08:00:00,27.124792950000003
779,0,2016-04-21 09:00:00,29.4076023
779,0,2016-04-21 10:00:00,31.677661800000003
779,0,2016-04-21 11:00:00,35.063553
779,0,2016-04-21 12:00:00,32.5625307
779,0,2016-04-21 13:00:00,33.551743200000004
779,0,2016-04-21 14:00:00,34.7868666
779,0,2016-04-21 15:00:00,31.692316800000004
779,0,2016-04-21 16:00:00,35.70280410000001
779,0,2016-04-21 17:00:00,31.8593838
779,0,2016-04-21 18:00:00,31.2802182
779,0,2016-04-21 19:00:00,37.632281400000004
779,0,2016-04-21 20:00:00,37.812244799999995
779,0,2016-04-21 21:00:00,34.574369100000006
779,0,2016-04-21 22:00:00,35.881888200000006
779,0,2016-04-21 23:00:00,45.2156577
779,0,2016-04-22 00:00:00,38.610356100000004
779,0,2016-04-22 01:00:00,35.849354100000006
779,0,2016-04-22 02:00:00,30.900946800000003
779,0,2016-04-22 03:00:00,29.12188842
779,0,2016-04-22 04:00:00,24.296348640000005
779,0,2016-04-22 05:00:00,24.182391360000004
779,0,2016-04-22 06:00:00,27.859975680000005
779,0,2016-04-22 07:00:00,28.797075000000003
779,0,2016-04-22 08:00:00,31.479819300000006
779,0,2016-04-22 09:00:00,29.422257300000002
779,0,2016-04-22 10:00:00,30.890981400000005
779,0,2016-04-22 11:00:00,39.743480700000006
779,0,2016-04-22 12:00:00,39.6546714
779,0,2016-04-22 13:00:00,37.6372641
779,0,2016-04-22 14:00:00,42.28377840000001
779,0,2016-04-22 15:00:00,39.472363200000004
779,0,2016-04-22 16:00:00,34.2844932
779,0,2016-04-22 17:00:00,34.4887839
779,0,2016-04-22 18:00:00,33.9899277
779,0,2016-04-22 19:00:00,43.614745500000005
779,0,2016-04-22 20:00:00,40.4044212
779,0,2016-04-22 21:00:00,39.8712723
779,0,2016-04-22 22:00:00,39.500793900000005
779,0,2016-04-22 23:00:00,38.8545084
779,0,2016-04-23 00:00:00,38.08101750000001
779,0,2016-04-23 01:00:00,33.1756959
779,0,2016-04-23 02:00:00,32.4192048
779,0,2016-04-23 03:00:00,26.346436590000003
779,0,2016-04-23 04:00:00,24.09199932
779,0,2016-04-23 05:00:00,22.815402270000003
779,0,2016-04-23 06:00:00,26.418070230000005
779,0,2016-04-23 07:00:00,28.612246140000003
779,0,2016-04-23 08:00:00,29.5233768
779,0,2016-04-23 09:00:00,30.367504800000003
779,0,2016-04-23 10:00:00,30.700759500000004
779,0,2016-04-23 11:00:00,32.084777700000004
779,0,2016-04-23 12:00:00,33.18067860000001
779,0,2016-04-23 13:00:00,34.9832436
779,0,2016-04-23 14:00:00,32.3696709
779,0,2016-04-23 15:00:00,33.3231252
779,0,2016-04-23 16:00:00,41.4979773
779,0,2016-04-23 17:00:00,34.70714340000001
779,0,2016-04-23 18:00:00,34.502852700000005
779,0,2016-04-23 19:00:00,39.1860045
779,0,2016-04-23 20:00:00,37.62436770000001
779,0,2016-04-23 21:00:00,36.683809800000006
779,0,2016-04-23 22:00:00,37.413335700000005
779,0,2016-04-23 23:00:00,38.06401770000001
779,0,2016-04-24 00:00:00,34.8252627
779,0,2016-04-24 01:00:00,36.084713400000005
779,0,2016-04-24 02:00:00,33.81729180000001
779,0,2016-04-24 03:00:00,27.62224227
779,0,2016-04-24 04:00:00,22.152673860000004
779,0,2016-04-24 05:00:00,19.73867295
779,0,2016-04-24 06:00:00,24.219820230000003
779,0,2016-04-24 07:00:00,24.44210727
779,0,2016-04-24 08:00:00,25.016905680000004
779,0,2016-04-24 09:00:00,28.645630230000002
779,0,2016-04-24 10:00:00,31.897486800000003
779,0,2016-04-24 11:00:00,31.9895202
779,0,2016-04-24 12:00:00,33.891153
779,0,2016-04-24 13:00:00,38.6273559
779,0,2016-04-24 14:00:00,37.57717860000001
779,0,2016-04-24 15:00:00,42.4816209
779,0,2016-04-24 16:00:00,39.4169673
779,0,2016-04-24 17:00:00,33.630000900000006
779,0,2016-04-24 18:00:00,34.168132500000006
779,0,2016-04-24 19:00:00,39.5986893
779,0,2016-04-24 20:00:00,41.57857980000001
779,0,2016-04-24 21:00:00,40.4647998
779,0,2016-04-24 22:00:00,39.9477714
779,0,2016-04-24 23:00:00,43.1466648
779,0,2016-04-25 00:00:00,35.1922239
779,0,2016-04-25 01:00:00,32.2492068
779,0,2016-04-25 02:00:00,27.816831360000005
779,0,2016-04-25 03:00:00,24.645635910000003
779,0,2016-04-25 04:00:00,22.30980477
779,0,2016-04-25 05:00:00,21.861185910000003
779,0,2016-04-25 06:00:00,27.16465455
779,0,2016-04-25 07:00:00,27.70120341
779,0,2016-04-25 08:00:00,30.5744334
779,0,2016-04-25 09:00:00,31.212805200000005
779,0,2016-04-25 10:00:00,34.0892886
779,0,2016-04-25 11:00:00,32.0862432
779,0,2016-04-25 12:00:00,34.41081930000001
779,0,2016-04-25 13:00:00,30.053301600000005
779,0,2016-04-25 14:00:00,29.813252700000003
779,0,2016-04-25 15:00:00,31.697885700000004
779,0,2016-04-25 16:00:00,33.0780936
779,0,2016-04-25 17:00:00,32.97228450000001
779,0,2016-04-25 18:00:00,32.5258932
779,0,2016-04-25 19:00:00,33.019473600000005
779,0,2016-04-25 20:00:00,32.7149427
779,0,2016-04-25 21:00:00,35.36075640000001
779,0,2016-04-25 22:00:00,36.804273900000005
779,0,2016-04-25 23:00:00,38.96530020000001
779,0,2016-04-26 00:00:00,36.0797307
779,0,2016-04-26 01:00:00,35.714235
779,0,2016-04-26 02:00:00,30.587329800000003
779,0,2016-04-26 03:00:00,24.66193227
779,0,2016-04-26 04:00:00,22.668852270000002
779,0,2016-04-26 05:00:00,23.370650910000002
779,0,2016-04-26 06:00:00,27.163863180000003
779,0,2016-04-26 07:00:00,27.609199320000002
779,0,2016-04-26 08:00:00,27.671072730000002
779,0,2016-04-26 09:00:00,28.291477500000003
779,0,2016-04-26 10:00:00,28.560982950000003
779,0,2016-04-26 11:00:00,31.826556600000004
779,0,2016-04-26 12:00:00,30.8364648
779,0,2016-04-26 13:00:00,27.615735450000003
779,0,2016-04-26 14:00:00,29.16916545
779,0,2016-04-26 15:00:00,28.981053870000004
779,0,2016-04-26 16:00:00,32.6668743
779,0,2016-04-26 17:00:00,33.3799866
779,0,2016-04-26 18:00:00,35.3194293
779,0,2016-04-26 19:00:00,40.8516918
779,0,2016-04-26 20:00:00,35.607546600000006
779,0,2016-04-26 21:00:00,40.065890700000004
779,0,2016-04-26 22:00:00,42.0419709
779,0,2016-04-26 23:00:00,39.2396418
779,0,2016-04-27 00:00:00,39.006627300000005
779,0,2016-04-27 01:00:00,32.541427500000005
779,0,2016-04-27 02:00:00,30.7690518
779,0,2016-04-27 03:00:00,24.19701705
779,0,2016-04-27 04:00:00,22.722577500000003
779,0,2016-04-27 05:00:00,22.53531591
779,0,2016-04-27 06:00:00,27.534282960000002
779,0,2016-04-27 07:00:00,26.83573773
779,0,2016-04-27 08:00:00,30.077042700000003
779,0,2016-04-27 09:00:00,29.773391100000005
779,0,2016-04-27 10:00:00,28.976188410000002
779,0,2016-04-27 11:00:00,28.319966820000005
779,0,2016-04-27 12:00:00,30.220954800000005
779,0,2016-04-27 13:00:00,31.277873400000004
779,0,2016-04-27 14:00:00,30.536916600000005
779,0,2016-04-27 15:00:00,28.65867318
779,0,2016-04-27 16:00:00,33.520088400000006
779,0,2016-04-27 17:00:00,33.13642050000001
779,0,2016-04-27 18:00:00,34.590782700000005
779,0,2016-04-27 19:00:00,39.252538200000004
779,0,2016-04-27 20:00:00,34.2836139
779,0,2016-04-27 21:00:00,38.26742910000001
779,0,2016-04-27 22:00:00,38.166602700000006
779,0,2016-04-27 23:00:00,44.90790270000001
779,0,2016-04-28 00:00:00,34.2844932
779,0,2016-04-28 01:00:00,37.17416610000001
779,0,2016-04-28 02:00:00,30.6110709
779,0,2016-04-28 03:00:00,23.951164770000002
779,0,2016-04-28 04:00:00,22.869127500000005
779,0,2016-04-28 05:00:00,23.14596045
779,0,2016-04-28 06:00:00,26.136371820000004
779,0,2016-04-28 07:00:00,27.181771590000004
779,0,2016-04-28 08:00:00,27.59375295
779,0,2016-04-28 09:00:00,32.2433448
779,0,2016-04-28 10:00:00,30.237368400000005
779,0,2016-04-28 11:00:00,29.998785
779,0,2016-04-28 12:00:00,28.355783640000002
779,0,2016-04-28 13:00:00,28.871170680000002
779,0,2016-04-28 14:00:00,30.945791100000005
779,0,2016-04-28 15:00:00,30.519916800000004
779,0,2016-04-28 16:00:00,31.211925900000004
779,0,2016-04-28 17:00:00,34.78510800000001
779,0,2016-04-28 18:00:00,37.4361975
779,0,2016-04-28 19:00:00,41.0917407
779,0,2016-04-28 20:00:00,39.4058295
779,0,2016-04-28 21:00:00,38.8512843
779,0,2016-04-28 22:00:00,34.693953900000004
779,0,2016-04-28 23:00:00,41.13570570000001
779,0,2016-04-29 00:00:00,35.92262910000001
779,0,2016-04-29 01:00:00,31.8933834
779,0,2016-04-29 02:00:00,28.01871864
779,0,2016-04-29 03:00:00,25.048648410000002
779,0,2016-04-29 04:00:00,22.799926590000002
779,0,2016-04-29 05:00:00,21.760212960000004
779,0,2016-04-29 06:00:00,26.389580910000003
779,0,2016-04-29 07:00:00,27.750063180000005
779,0,2016-04-29 08:00:00,29.16916545
779,0,2016-04-29 09:00:00,29.658495900000002
779,0,2016-04-29 10:00:00,34.3668543
779,0,2016-04-29 11:00:00,36.2807973
779,0,2016-04-29 12:00:00,38.2152573
779,0,2016-04-29 13:00:00,35.084070000000004
779,0,2016-04-29 14:00:00,37.9335882
779,0,2016-04-29 15:00:00,37.281440700000005
779,0,2016-04-29 16:00:00,34.25107980000001
779,0,2016-04-29 17:00:00,36.84442860000001
779,0,2016-04-29 18:00:00,35.7467691
779,0,2016-04-29 19:00:00,32.409532500000005
779,0,2016-04-29 20:00:00,35.3941698
779,0,2016-04-29 21:00:00,39.0271443
779,0,2016-04-29 22:00:00,37.9678809
779,0,2016-04-29 23:00:00,35.0377602
779,0,2016-04-30 00:00:00,38.2577568
779,0,2016-04-30 01:00:00,32.755390500000004
779,0,2016-04-30 02:00:00,29.978561100000004
779,0,2016-04-30 03:00:00,25.543665000000004
779,0,2016-04-30 04:00:00,21.61287159
779,0,2016-04-30 05:00:00,21.105632730000004
779,0,2016-04-30 06:00:00,25.75208841
779,0,2016-04-30 07:00:00,26.568694320000002
779,0,2016-04-30 08:00:00,31.692316800000004
779,0,2016-04-30 09:00:00,30.010215900000002
779,0,2016-04-30 10:00:00,27.80868318
779,0,2016-04-30 11:00:00,30.6820011
779,0,2016-04-30 12:00:00,34.848710700000005
779,0,2016-04-30 13:00:00,32.8304241
779,0,2016-04-30 14:00:00,40.319129100000005
779,0,2016-04-30 15:00:00,42.02086770000001
779,0,2016-04-30 16:00:00,39.7613598
779,0,2016-04-30 17:00:00,36.25647000000001
779,0,2016-04-30 18:00:00,32.828079300000006
779,0,2016-04-30 19:00:00,32.7759075
779,0,2016-04-30 20:00:00,30.304195200000002
779,0,2016-04-30 21:00:00,33.0892314
779,0,2016-04-30 22:00:00,32.9517675
779,0,2016-04-30 23:00:00,34.157580900000006
779,0,2016-05-01 00:00:00,33.5663982
779,0,2016-05-01 01:00:00,33.683638200000004
779,0,2016-05-01 02:00:00,31.592955900000003
779,0,2016-05-01 03:00:00,27.038504310000004
779,0,2016-05-01 04:00:00,21.5648325
779,0,2016-05-01 05:00:00,21.887242500000003
779,0,2016-05-01 06:00:00,25.1846175
779,0,2016-05-01 07:00:00,25.181364090000002
779,0,2016-05-01 08:00:00,26.05008318
779,0,2016-05-01 09:00:00,28.236110910000004
779,0,2016-05-01 10:00:00,32.47782480000001
779,0,2016-05-01 11:00:00,31.366682700000002
779,0,2016-05-01 12:00:00,33.6047943
779,0,2016-05-01 13:00:00,29.546824800000003
779,0,2016-05-01 14:00:00,29.169956820000003
779,0,2016-05-01 15:00:00,30.652398
779,0,2016-05-01 16:00:00,31.962555000000002
779,0,2016-05-01 17:00:00,34.1405811
779,0,2016-05-01 18:00:00,35.748527700000004
779,0,2016-05-01 19:00:00,32.031726600000006
779,0,2016-05-01 20:00:00,36.836808000000005
779,0,2016-05-01 21:00:00,40.9322943
779,0,2016-05-01 22:00:00,36.25647000000001
779,0,2016-05-01 23:00:00,38.98874820000001
779,0,2016-05-02 00:00:00,38.5362018
779,0,2016-05-02 01:00:00,34.8293661
779,0,2016-05-02 02:00:00,28.908628860000004
779,0,2016-05-02 03:00:00,26.282921820000002
779,0,2016-05-02 04:00:00,22.6053375
779,0,2016-05-02 05:00:00,22.593935910000003
779,0,2016-05-02 06:00:00,26.00040273
779,0,2016-05-02 07:00:00,26.996942730000004
779,0,2016-05-02 08:00:00,27.085693410000005
779,0,2016-05-02 09:00:00,27.860796360000002
779,0,2016-05-02 10:00:00,33.975272700000005
779,0,2016-05-02 11:00:00,41.44258140000001
779,0,2016-05-02 12:00:00,39.3143823
779,0,2016-05-02 13:00:00,36.9988923
779,0,2016-05-02 14:00:00,43.67746890000001
779,0,2016-05-02 15:00:00,37.6396089
779,0,2016-05-02 16:00:00,37.6431261
779,0,2016-05-02 17:00:00,42.3057609
779,0,2016-05-02 18:00:00,47.833040700000005
779,0,2016-05-02 19:00:00,47.7486279
779,0,2016-05-02 20:00:00,41.3229966
779,0,2016-05-02 21:00:00,41.42734020000001
779,0,2016-05-02 22:00:00,38.61504570000001
779,0,2016-05-02 23:00:00,40.929070200000005
779,0,2016-05-03 00:00:00,38.8008711
779,0,2016-05-03 01:00:00,32.9500089
779,0,2016-05-03 02:00:00,30.090818400000003
779,0,2016-05-03 03:00:00,25.317333180000002
779,0,2016-05-03 04:00:00,23.524528410000002
779,0,2016-05-03 05:00:00,25.845733860000003
779,0,2016-05-03 06:00:00,27.887644320000003
779,0,2016-05-03 07:00:00,27.748421820000004
779,0,2016-05-03 08:00:00,27.785059320000002
779,0,2016-05-03 09:00:00,29.341654800000004
779,0,2016-05-03 10:00:00,33.997255200000005
779,0,2016-05-03 11:00:00,31.5026811
779,0,2016-05-03 12:00:00,40.38683520000001
779,0,2016-05-03 13:00:00,33.9629625
779,0,2016-05-03 14:00:00,34.997898600000006
779,0,2016-05-03 15:00:00,36.1732296
779,0,2016-05-03 16:00:00,39.7159293
779,0,2016-05-03 17:00:00,36.64658610000001
779,0,2016-05-03 18:00:00,40.8238473
779,0,2016-05-03 19:00:00,39.92022
779,0,2016-05-03 20:00:00,37.115253
779,0,2016-05-03 21:00:00,38.1305514
779,0,2016-05-03 22:00:00,35.853457500000005
779,0,2016-05-03 23:00:00,37.2172518
779,0,2016-05-04 00:00:00,36.4950534
779,0,2016-05-04 01:00:00,37.39956
779,0,2016-05-04 02:00:00,32.690322300000005
779,0,2016-05-04 03:00:00,23.24283
779,0,2016-05-04 04:00:00,22.976607270000002
779,0,2016-05-04 05:00:00,22.169761590000004
779,0,2016-05-04 06:00:00,27.2509725
779,0,2016-05-04 07:00:00,28.512123180000003
779,0,2016-05-04 08:00:00,30.524020200000002
779,0,2016-05-04 09:00:00,29.143929540000006
779,0,2016-05-04 10:00:00,31.0987893
779,0,2016-05-04 11:00:00,31.274649300000004
779,0,2016-05-04 12:00:00,30.655915200000003
779,0,2016-05-04 13:00:00,32.601513000000004
779,0,2016-05-04 14:00:00,40.5260577
779,0,2016-05-04 15:00:00,38.49780570000001
779,0,2016-05-04 16:00:00,36.6398448
779,0,2016-05-04 17:00:00,38.5370811
779,0,2016-05-04 18:00:00,35.7687516
779,0,2016-05-04 19:00:00,35.607546600000006
779,0,2016-05-04 20:00:00,38.39375520000001
779,0,2016-05-04 21:00:00,40.845829800000004
779,0,2016-05-04 22:00:00,37.0112025
779,0,2016-05-04 23:00:00,38.4359616
779,0,2016-05-05 00:00:00,34.1414604
779,0,2016-05-05 01:00:00,32.332154100000004
779,0,2016-05-05 02:00:00,34.14204660000001
779,0,2016-05-05 03:00:00,22.81294023
779,0,2016-05-05 04:00:00,21.30429591
779,0,2016-05-05 05:00:00,20.607362730000002
779,0,2016-05-05 06:00:00,25.08610659
779,0,2016-05-05 07:00:00,26.23327068
779,0,2016-05-05 08:00:00,27.777731820000003
779,0,2016-05-05 09:00:00,29.322310200000004
779,0,2016-05-05 10:00:00,32.3069475
779,0,2016-05-05 11:00:00,38.18272320000001
779,0,2016-05-05 12:00:00,38.96031750000001
779,0,2016-05-05 13:00:00,35.418790200000004
779,0,2016-05-05 14:00:00,35.013139800000005
779,0,2016-05-05 15:00:00,32.67566730000001
779,0,2016-05-05 16:00:00,37.62436770000001
779,0,2016-05-05 17:00:00,33.1217655
779,0,2016-05-05 18:00:00,37.72841820000001
779,0,2016-05-05 19:00:00,37.5827475
779,0,2016-05-05 20:00:00,32.7873384
779,0,2016-05-05 21:00:00,35.2095168
779,0,2016-05-05 22:00:00,37.211389800000006
779,0,2016-05-05 23:00:00,37.9010541
779,0,2016-05-06 00:00:00,34.7593152
779,0,2016-05-06 01:00:00,33.172471800000004
779,0,2016-05-06 02:00:00,29.355723600000005
779,0,2016-05-06 03:00:00,26.744554320000006
779,0,2016-05-06 04:00:00,22.466115000000002
779,0,2016-05-06 05:00:00,21.475261140000004
779,0,2016-05-06 06:00:00,25.750447050000005
779,0,2016-05-06 07:00:00,27.178518180000005
779,0,2016-05-06 08:00:00,30.045974100000002
779,0,2016-05-06 09:00:00,29.8742175
779,0,2016-05-06 10:00:00,28.581294780000004
779,0,2016-05-06 11:00:00,31.234787700000002
779,0,2016-05-06 12:00:00,33.4248309
779,0,2016-05-06 13:00:00,35.479755000000004
779,0,2016-05-06 14:00:00,38.9099043
779,0,2016-05-06 15:00:00,34.1086332
779,0,2016-05-06 16:00:00,33.85305
779,0,2016-05-06 17:00:00,39.863065500000005
779,0,2016-05-06 18:00:00,36.7890327
779,0,2016-05-06 19:00:00,36.5577768
779,0,2016-05-06 20:00:00,34.0004793
779,0,2016-05-06 21:00:00,33.2431089
779,0,2016-05-06 22:00:00,37.419783900000006
779,0,2016-05-06 23:00:00,33.9729279
779,0,2016-05-07 00:00:00,36.716343900000005
779,0,2016-05-07 01:00:00,33.991393200000005
779,0,2016-05-07 02:00:00,31.085599800000004
779,0,2016-05-07 03:00:00,26.42378568
779,0,2016-05-07 04:00:00,21.27823932
779,0,2016-05-07 05:00:00,20.26704432
779,0,2016-05-07 06:00:00,25.095075450000003
779,0,2016-05-07 07:00:00,25.93445523
779,0,2016-05-07 08:00:00,28.664388630000005
779,0,2016-05-07 09:00:00,28.236110910000004
779,0,2016-05-07 10:00:00,30.065611800000003
779,0,2016-05-07 11:00:00,30.304781400000003
779,0,2016-05-07 12:00:00,32.641667700000006
779,0,2016-05-07 13:00:00,33.646121400000006
779,0,2016-05-07 14:00:00,34.2584073
779,0,2016-05-07 15:00:00,33.3149184
779,0,2016-05-07 16:00:00,36.650396400000005
779,0,2016-05-07 17:00:00,36.7743777
779,0,2016-05-07 18:00:00,40.1409243
779,0,2016-05-07 19:00:00,39.500793900000005
779,0,2016-05-07 20:00:00,44.50166610000001
779,0,2016-05-07 21:00:00,47.416252500000006
779,0,2016-05-07 22:00:00,39.92197860000001
779,0,2016-05-07 23:00:00,37.92714000000001
779,0,2016-05-08 00:00:00,35.5612368
779,0,2016-05-08 01:00:00,30.968652900000006
779,0,2016-05-08 02:00:00,30.312988200000003
779,0,2016-05-08 03:00:00,26.886238860000002
779,0,2016-05-08 04:00:00,22.51822818
779,0,2016-05-08 05:00:00,21.664984770000004
779,0,2016-05-08 06:00:00,25.833511590000004
779,0,2016-05-08 07:00:00,26.49216591
779,0,2016-05-08 08:00:00,25.687782270000003
779,0,2016-05-08 09:00:00,27.43333932
779,0,2016-05-08 10:00:00,28.670866140000005
779,0,2016-05-08 11:00:00,30.416452500000005
779,0,2016-05-08 12:00:00,32.3192577
779,0,2016-05-08 13:00:00,33.013611600000004
779,0,2016-05-08 14:00:00,32.063381400000004
779,0,2016-05-08 15:00:00,35.7857514
779,0,2016-05-08 16:00:00,33.8360502
779,0,2016-05-08 17:00:00,34.24052820000001
779,0,2016-05-08 18:00:00,31.686454800000003
779,0,2016-05-08 19:00:00,33.64231110000001
779,0,2016-05-08 20:00:00,32.57630640000001
779,0,2016-05-08 21:00:00,34.395285
779,0,2016-05-08 22:00:00,37.012081800000004
779,0,2016-05-08 23:00:00,43.8509841
779,0,2016-05-09 00:00:00,36.942030900000006
779,0,2016-05-09 01:00:00,34.765763400000004
779,0,2016-05-09 02:00:00,31.5741975
779,0,2016-05-09 03:00:00,27.268880910000004
779,0,2016-05-09 04:00:00,24.37533909
779,0,2016-05-09 05:00:00,23.349489090000002
779,0,2016-05-09 06:00:00,26.166502500000004
779,0,2016-05-09 07:00:00,27.116615460000002
779,0,2016-05-09 08:00:00,28.32893568
779,0,2016-05-09 09:00:00,29.557376400000003
779,0,2016-05-09 10:00:00,29.515170000000005
779,0,2016-05-09 11:00:00,31.815125700000003
779,0,2016-05-09 12:00:00,33.2806257
779,0,2016-05-09 13:00:00,38.7958884
779,0,2016-05-09 14:00:00,40.989155700000005
779,0,2016-05-09 15:00:00,38.567856600000006
779,0,2016-05-09 16:00:00,33.4051932
779,0,2016-05-09 17:00:00,32.4470493
779,0,2016-05-09 18:00:00,36.57477660000001
779,0,2016-05-09 19:00:00,34.1860116
779,0,2016-05-09 20:00:00,32.908681800000004
779,0,2016-05-09 21:00:00,35.6368566
779,0,2016-05-09 22:00:00,33.639673200000004
779,0,2016-05-09 23:00:00,35.497634100000006
779,0,2016-05-10 00:00:00,37.4101116
779,0,2016-05-10 01:00:00,34.200666600000005
779,0,2016-05-10 02:00:00,32.5977027
779,0,2016-05-10 03:00:00,26.432725230000003
779,0,2016-05-10 04:00:00,25.333629540000004
779,0,2016-05-10 05:00:00,22.97007114
779,0,2016-05-10 06:00:00,29.3448789
779,0,2016-05-10 07:00:00,28.730306820000003
779,0,2016-05-10 08:00:00,29.419912500000002
779,0,2016-05-10 09:00:00,28.575637950000004
779,0,2016-05-10 10:00:00,30.209817
779,0,2016-05-10 11:00:00,33.4069518
779,0,2016-05-10 12:00:00,38.0393973
779,0,2016-05-10 13:00:00,30.1550073
779,0,2016-05-10 14:00:00,40.874553600000006
779,0,2016-05-10 15:00:00,39.16226340000001
779,0,2016-05-10 16:00:00,35.101069800000005
779,0,2016-05-10 17:00:00,32.053709100000006
779,0,2016-05-10 18:00:00,36.6946545
779,0,2016-05-10 19:00:00,34.4791116
779,0,2016-05-10 20:00:00,36.1483161
779,0,2016-05-10 21:00:00,40.4706618
779,0,2016-05-10 22:00:00,41.0911545
779,0,2016-05-10 23:00:00,38.56639110000001
779,0,2016-05-11 00:00:00,35.112500700000005
779,0,2016-05-11 01:00:00,31.6099557
779,0,2016-05-11 02:00:00,31.092341100000002
779,0,2016-05-11 03:00:00,28.34845614
779,0,2016-05-11 04:00:00,22.29676182
779,0,2016-05-11 05:00:00,20.552816820000004
779,0,2016-05-11 06:00:00,25.89131091
779,0,2016-05-11 07:00:00,27.232243410000002
779,0,2016-05-11 08:00:00,28.064325000000004
779,0,2016-05-11 09:00:00,29.002215690000003
779,0,2016-05-11 10:00:00,30.667346100000003
779,0,2016-05-11 11:00:00,33.749585700000004
779,0,2016-05-11 12:00:00,33.4019691
779,0,2016-05-11 13:00:00,33.4468134
779,0,2016-05-11 14:00:00,41.12339550000001
779,0,2016-05-11 15:00:00,37.01999550000001
779,0,2016-05-11 16:00:00,39.214435200000004
779,0,2016-05-11 17:00:00,34.578472500000004
779,0,2016-05-11 18:00:00,33.6642936
779,0,2016-05-11 19:00:00,38.921921399999995
779,0,2016-05-11 20:00:00,37.26766500000001
779,0,2016-05-11 21:00:00,35.2502577
779,0,2016-05-11 22:00:00,41.06331
779,0,2016-05-11 23:00:00,44.695991400000004
779,0,2016-05-12 00:00:00,35.573547000000005
779,0,2016-05-12 01:00:00,30.873102300000003
779,0,2016-05-12 02:00:00,29.8792002
779,0,2016-05-12 03:00:00,26.798308860000002
779,0,2016-05-12 04:00:00,22.37167818
779,0,2016-05-12 05:00:00,25.98738909
779,0,2016-05-12 06:00:00,26.188485
779,0,2016-05-12 07:00:00,27.576635910000004
779,0,2016-05-12 08:00:00,28.499930220000003
779,0,2016-05-12 09:00:00,28.88661705
779,0,2016-05-12 10:00:00,28.466516820000006
779,0,2016-05-12 11:00:00,32.0115027
779,0,2016-05-12 12:00:00,36.4396575
779,0,2016-05-12 13:00:00,33.2302125
779,0,2016-05-12 14:00:00,36.1758675
779,0,2016-05-12 15:00:00,30.257592300000002
779,0,2016-05-12 16:00:00,34.546817700000005
779,0,2016-05-12 17:00:00,39.5579484
779,0,2016-05-12 18:00:00,35.71833840000001
779,0,2016-05-12 19:00:00,32.848303200000004
779,0,2016-05-12 20:00:00,33.639673200000004
779,0,2016-05-12 21:00:00,37.7577282
779,0,2016-05-12 22:00:00,38.082483
779,0,2016-05-12 23:00:00,37.9881048
779,0,2016-05-13 00:00:00,39.9284268
779,0,2016-05-13 01:00:00,33.3556593
779,0,2016-05-13 02:00:00,31.383682500000003
779,0,2016-05-13 03:00:00,29.674909500000005
779,0,2016-05-13 04:00:00,22.44249114
779,0,2016-05-13 05:00:00,22.69652091
779,0,2016-05-13 06:00:00,27.41056545
779,0,2016-05-13 07:00:00,29.13657273
779,0,2016-05-13 08:00:00,29.6658234
779,0,2016-05-13 09:00:00,29.25138
779,0,2016-05-13 10:00:00,33.3410043
779,0,2016-05-13 11:00:00,33.1853682
779,0,2016-05-13 12:00:00,33.9881691
779,0,2016-05-13 13:00:00,37.100011800000004
779,0,2016-05-13 14:00:00,36.359055000000005
779,0,2016-05-13 15:00:00,40.4249382
779,0,2016-05-13 16:00:00,36.062730900000005
779,0,2016-05-13 17:00:00,34.327578900000006
779,0,2016-05-13 18:00:00,39.385312500000005
779,0,2016-05-13 19:00:00,38.91488700000001
779,0,2016-05-13 20:00:00,36.810135900000006
779,0,2016-05-13 21:00:00,35.81682000000001
779,0,2016-05-13 22:00:00,37.023512700000005
779,0,2016-05-13 23:00:00,39.32669250000001
779,0,2016-05-14 00:00:00,40.2994914
779,0,2016-05-14 01:00:00,34.7355741
779,0,2016-05-14 02:00:00,31.9153659
779,0,2016-05-14 03:00:00,27.802967730000002
779,0,2016-05-14 04:00:00,23.354383860000002
779,0,2016-05-14 05:00:00,21.625064550000005
779,0,2016-05-14 06:00:00,25.536337500000002
779,0,2016-05-14 07:00:00,26.18523159
779,0,2016-05-14 08:00:00,26.641148640000004
779,0,2016-05-14 09:00:00,28.7709891
779,0,2016-05-14 10:00:00,29.5940139
779,0,2016-05-14 11:00:00,29.870114100000002
779,0,2016-05-14 12:00:00,34.1827875
779,0,2016-05-14 13:00:00,35.804509800000005
779,0,2016-05-14 14:00:00,38.699751600000006
779,0,2016-05-14 15:00:00,33.568156800000004
779,0,2016-05-14 16:00:00,35.706028200000006
779,0,2016-05-14 17:00:00,34.453905
779,0,2016-05-14 18:00:00,32.3737743
779,0,2016-05-14 19:00:00,37.3336125
779,0,2016-05-14 20:00:00,35.123931600000006
779,0,2016-05-14 21:00:00,39.802980000000005
779,0,2016-05-14 22:00:00,40.0131327
779,0,2016-05-14 23:00:00,37.595643900000006
779,0,2016-05-15 00:00:00,38.1525339
779,0,2016-05-15 01:00:00,33.189471600000005
779,0,2016-05-15 02:00:00,32.106760200000004
779,0,2016-05-15 03:00:00,28.12376568
779,0,2016-05-15 04:00:00,24.647277270000004
779,0,2016-05-15 05:00:00,21.03643182
779,0,2016-05-15 06:00:00,24.65214273
779,0,2016-05-15 07:00:00,25.519249770000002
779,0,2016-05-15 08:00:00,25.832690910000004
779,0,2016-05-15 09:00:00,26.977422270000005
779,0,2016-05-15 10:00:00,30.1910586
779,0,2016-05-15 11:00:00,30.747948600000004
779,0,2016-05-15 12:00:00,31.478060700000004
779,0,2016-05-15 13:00:00,31.8875214
779,0,2016-05-15 14:00:00,36.292228200000004
779,0,2016-05-15 15:00:00,42.8479959
779,0,2016-05-15 16:00:00,39.0303684
779,0,2016-05-15 17:00:00,34.616868600000004
779,0,2016-05-15 18:00:00,32.7580284
779,0,2016-05-15 19:00:00,31.136892300000003
779,0,2016-05-15 20:00:00,32.4388425
779,0,2016-05-15 21:00:00,32.87292360000001
779,0,2016-05-15 22:00:00,33.8571534
779,0,2016-05-15 23:00:00,35.013139800000005
779,0,2016-05-16 00:00:00,36.7497573
779,0,2016-05-16 01:00:00,34.3797507
779,0,2016-05-16 02:00:00,32.0326059
779,0,2016-05-16 03:00:00,26.69654454
779,0,2016-05-16 04:00:00,23.72072955
779,0,2016-05-16 05:00:00,22.56055182
779,0,2016-05-16 06:00:00,26.549173860000003
779,0,2016-05-16 07:00:00,28.836995220000002
779,0,2016-05-16 08:00:00,28.329756360000005
779,0,2016-05-16 09:00:00,28.53407637
779,0,2016-05-16 10:00:00,27.548967270000002
779,0,2016-05-16 11:00:00,29.8879932
779,0,2016-05-16 12:00:00,32.420084100000004
779,0,2016-05-16 13:00:00,41.0861718
779,0,2016-05-16 14:00:00,37.5982818
779,0,2016-05-16 15:00:00,33.843377700000005
779,0,2016-05-16 16:00:00,35.978025
779,0,2016-05-16 17:00:00,33.6162252
779,0,2016-05-16 18:00:00,38.972627700000004
779,0,2016-05-16 19:00:00,40.07321820000001
779,0,2016-05-16 20:00:00,33.1487307
779,0,2016-05-16 21:00:00,33.9653073
779,0,2016-05-16 22:00:00,34.721798400000004
779,0,2016-05-16 23:00:00,34.8633657
779,0,2016-05-17 00:00:00,35.47154820000001
779,0,2016-05-17 01:00:00,34.1974425
779,0,2016-05-17 02:00:00,31.3388382
779,0,2016-05-17 03:00:00,23.965819770000003
779,0,2016-05-17 04:00:00,21.969486360000005
779,0,2016-05-17 05:00:00,20.766135000000002
779,0,2016-05-17 06:00:00,26.03053341
779,0,2016-05-17 07:00:00,27.54732591
779,0,2016-05-17 08:00:00,29.732650200000002
779,0,2016-05-17 09:00:00,28.787344080000004
779,0,2016-05-17 10:00:00,33.3369009
779,0,2016-05-17 11:00:00,41.8432491
779,0,2016-05-17 12:00:00,41.660061600000006
779,0,2016-05-17 13:00:00,36.6292932
779,0,2016-05-17 14:00:00,38.90902500000001
779,0,2016-05-17 15:00:00,38.4180825
779,0,2016-05-17 16:00:00,40.7710893
779,0,2016-05-17 17:00:00,38.082483
779,0,2016-05-17 18:00:00,37.9784325
779,0,2016-05-17 19:00:00,39.0286098
779,0,2016-05-17 20:00:00,38.0191734
779,0,2016-05-17 21:00:00,37.379043
779,0,2016-05-17 22:00:00,33.930428400000004
779,0,2016-05-17 23:00:00,33.612121800000004
779,0,2016-05-18 00:00:00,33.4069518
779,0,2016-05-18 01:00:00,32.4241875
779,0,2016-05-18 02:00:00,28.890691140000005
779,0,2016-05-18 03:00:00,27.054771360000004
779,0,2016-05-18 04:00:00,26.060664090000003
779,0,2016-05-18 05:00:00,23.84204364
779,0,2016-05-18 06:00:00,26.129044320000002
779,0,2016-05-18 07:00:00,27.675176130000004
779,0,2016-05-18 08:00:00,32.190586800000005
779,0,2016-05-18 09:00:00,30.2534889
779,0,2016-05-18 10:00:00,30.497055000000003
779,0,2016-05-18 11:00:00,32.7759075
779,0,2016-05-18 12:00:00,35.3894802
779,0,2016-05-18 13:00:00,36.0829548
779,0,2016-05-18 14:00:00,40.47623070000001
779,0,2016-05-18 15:00:00,37.919812500000006
779,0,2016-05-18 16:00:00,35.876319300000006
779,0,2016-05-18 17:00:00,37.1814936
779,0,2016-05-18 18:00:00,41.653613400000005
779,0,2016-05-18 19:00:00,40.3932834
779,0,2016-05-18 20:00:00,36.9282552
779,0,2016-05-18 21:00:00,38.0687073
779,0,2016-05-18 22:00:00,41.9654718
779,0,2016-05-18 23:00:00,43.4749368
779,0,2016-05-19 00:00:00,37.7676936
779,0,2016-05-19 01:00:00,37.4274045
779,0,2016-05-19 02:00:00,34.20477
779,0,2016-05-19 03:00:00,27.016521810000004
779,0,2016-05-19 04:00:00,21.451666590000002
779,0,2016-05-19 05:00:00,26.019131820000002
779,0,2016-05-19 06:00:00,30.233265000000003
779,0,2016-05-19 07:00:00,30.525485700000004
779,0,2016-05-19 08:00:00,28.48603728
779,0,2016-05-19 09:00:00,28.038239100000002
779,0,2016-05-19 10:00:00,32.6495814
779,0,2016-05-19 11:00:00,33.585156600000005
779,0,2016-05-19 12:00:00,34.0060482
779,0,2016-05-19 13:00:00,33.9573936
779,0,2016-05-19 14:00:00,37.28319930000001
779,0,2016-05-19 15:00:00,41.09584410000001
779,0,2016-05-19 16:00:00,39.13441890000001
779,0,2016-05-19 17:00:00,39.461811600000004
779,0,2016-05-19 18:00:00,35.0670702
779,0,2016-05-19 19:00:00,33.661655700000004
779,0,2016-05-19 20:00:00,36.083834100000004
779,0,2016-05-19 21:00:00,35.5433577
779,0,2016-05-19 22:00:00,39.252538200000004
779,0,2016-05-19 23:00:00,42.5238273
779,0,2016-05-20 00:00:00,36.6319311
779,0,2016-05-20 01:00:00,36.5527941
779,0,2016-05-20 02:00:00,34.8454866
779,0,2016-05-20 03:00:00,26.471004090000005
779,0,2016-05-20 04:00:00,23.439881130000003
779,0,2016-05-20 05:00:00,23.74192068
779,0,2016-05-20 06:00:00,28.228783410000002
779,0,2016-05-20 07:00:00,29.724443400000002
779,0,2016-05-20 08:00:00,27.899866590000002
779,0,2016-05-20 09:00:00,36.03254160000001
779,0,2016-05-20 10:00:00,38.818750200000004
779,0,2016-05-20 11:00:00,42.7870311
779,0,2016-05-20 12:00:00,48.10357200000001
779,0,2016-05-20 13:00:00,42.83334090000001
779,0,2016-05-20 14:00:00,39.43807050000001
779,0,2016-05-20 15:00:00,34.7200398
779,0,2016-05-20 16:00:00,34.809728400000004
779,0,2016-05-20 17:00:00,39.57905160000001
779,0,2016-05-20 18:00:00,35.8086132
779,0,2016-05-20 19:00:00,39.031833899999995
779,0,2016-05-20 20:00:00,37.8107793
779,0,2016-05-20 21:00:00,42.565447500000005
779,0,2016-05-20 22:00:00,43.026200700000004
779,0,2016-05-20 23:00:00,44.22791070000001
779,0,2016-05-21 00:00:00,36.408002700000004
779,0,2016-05-21 01:00:00,38.72759610000001
779,0,2016-05-21 02:00:00,39.02538570000001
779,0,2016-05-21 03:00:00,26.282921820000002
779,0,2016-05-21 04:00:00,25.901071140000003
779,0,2016-05-21 05:00:00,25.08610659
779,0,2016-05-21 06:00:00,27.347021370000004
779,0,2016-05-21 07:00:00,27.95523318
779,0,2016-05-21 08:00:00,27.708530910000004
779,0,2016-05-21 09:00:00,34.063202700000005
779,0,2016-05-21 10:00:00,43.483143600000005
779,0,2016-05-21 11:00:00,45.2871741
779,0,2016-05-21 12:00:00,33.82286070000001
779,0,2016-05-21 13:00:00,38.196792
779,0,2016-05-21 14:00:00,36.9590307
779,0,2016-05-21 15:00:00,33.0039393
779,0,2016-05-21 16:00:00,31.0091007
779,0,2016-05-21 17:00:00,31.634283000000003
779,0,2016-05-21 18:00:00,30.4759518
779,0,2016-05-21 19:00:00,30.067370400000005
779,0,2016-05-21 20:00:00,26.86179432
779,0,2016-05-21 21:00:00,29.526600900000005
779,0,2016-05-21 22:00:00,27.28596864
779,0,2016-05-21 23:00:00,26.54184636
779,0,2016-05-22 00:00:00,25.773250230000002
779,0,2016-05-22 01:00:00,24.154693410000004
779,0,2016-05-22 02:00:00,22.300835910000004
779,0,2016-05-22 03:00:00,22.58010159
779,0,2016-05-22 04:00:00,20.55038409
779,0,2016-05-22 05:00:00,20.01873
779,0,2016-05-22 06:00:00,24.92000682
779,0,2016-05-22 07:00:00,25.769996820000003
779,0,2016-05-22 08:00:00,28.086307500000004
779,0,2016-05-22 09:00:00,29.696598900000005
779,0,2016-05-22 10:00:00,31.114323600000006
779,0,2016-05-22 11:00:00,31.402440900000002
779,0,2016-05-22 12:00:00,32.50479000000001
779,0,2016-05-22 13:00:00,32.8899234
779,0,2016-05-22 14:00:00,30.51171
779,0,2016-05-22 15:00:00,28.54550727
779,0,2016-05-22 16:00:00,27.756570000000004
779,0,2016-05-22 17:00:00,27.150820230000004
779,0,2016-05-22 18:00:00,28.647271590000003
779,0,2016-05-22 19:00:00,30.461296800000003
779,0,2016-05-22 20:00:00,30.4952964
779,0,2016-05-22 21:00:00,25.676380680000005
779,0,2016-05-22 22:00:00,26.08672068
779,0,2016-05-22 23:00:00,24.64156182
779,0,2016-05-23 00:00:00,23.378799090000005
779,0,2016-05-23 01:00:00,21.875020230000004
779,0,2016-05-23 02:00:00,22.169761590000004
779,0,2016-05-23 03:00:00,21.018523410000004
779,0,2016-05-23 04:00:00,20.173428180000002
779,0,2016-05-23 05:00:00,20.61061614
779,0,2016-05-23 06:00:00,25.640534550000005
779,0,2016-05-23 07:00:00,28.845114090000003
779,0,2016-05-23 08:00:00,28.467337500000003
779,0,2016-05-23 09:00:00,26.557292730000004
779,0,2016-05-23 10:00:00,27.33729045
779,0,2016-05-23 11:00:00,28.040701140000003
779,0,2016-05-23 12:00:00,27.658059090000002
779,0,2016-05-23 13:00:00,28.428267270000003
779,0,2016-05-23 14:00:00,27.62549568
779,0,2016-05-23 15:00:00,25.794441360000004
779,0,2016-05-23 16:00:00,25.797694770000003
779,0,2016-05-23 17:00:00,25.406083860000003
779,0,2016-05-23 18:00:00,26.283742500000002
779,0,2016-05-23 19:00:00,25.16752977
779,0,2016-05-23 20:00:00,24.14493318
779,0,2016-05-23 21:00:00,27.921819780000003
779,0,2016-05-23 22:00:00,24.619579320000003
779,0,2016-05-23 23:00:00,25.646250000000002
779,0,2016-05-24 00:00:00,22.247902050000004
779,0,2016-05-24 01:00:00,21.86851341
779,0,2016-05-24 02:00:00,20.06512773
779,0,2016-05-24 03:00:00,19.03766568
779,0,2016-05-24 04:00:00,19.47406227
779,0,2016-05-24 05:00:00,19.960930680000004
779,0,2016-05-24 06:00:00,24.68960091
779,0,2016-05-24 07:00:00,25.478538180000005
779,0,2016-05-24 08:00:00,25.910040000000006
779,0,2016-05-24 09:00:00,27.70771023
779,0,2016-05-24 10:00:00,27.51232977
779,0,2016-05-24 11:00:00,26.571156360000003
779,0,2016-05-24 12:00:00,26.48973318
779,0,2016-05-24 13:00:00,23.46754977
779,0,2016-05-24 14:00:00,26.55486
779,0,2016-05-24 15:00:00,27.729692730000004
779,0,2016-05-24 16:00:00,28.2621675
779,0,2016-05-24 17:00:00,27.605125230000002
779,0,2016-05-24 18:00:00,28.828817730000004
779,0,2016-05-24 19:00:00,25.919829540000006
779,0,2016-05-24 20:00:00,22.697341590000004
779,0,2016-05-24 21:00:00,24.08713386
779,0,2016-05-24 22:00:00,22.444132500000002
779,0,2016-05-24 23:00:00,21.908404320000002
779,0,2016-05-25 00:00:00,24.42012477
779,0,2016-05-25 01:00:00,21.577875450000004
779,0,2016-05-25 02:00:00,20.29963704
779,0,2016-05-25 03:00:00,19.59048159
779,0,2016-05-25 04:00:00,19.99103205
779,0,2016-05-25 05:00:00,21.122749770000002
779,0,2016-05-25 06:00:00,24.802766820000006
779,0,2016-05-25 07:00:00,25.19112432
779,0,2016-05-25 08:00:00,25.09100136
779,0,2016-05-25 09:00:00,26.29514409
779,0,2016-05-25 10:00:00,27.145134090000003
779,0,2016-05-25 11:00:00,26.33014023
779,0,2016-05-25 12:00:00,26.531236140000004
779,0,2016-05-25 13:00:00,28.335442500000003
779,0,2016-05-25 14:00:00,28.788135450000002
779,0,2016-05-25 15:00:00,29.0722959
779,0,2016-05-25 16:00:00,27.53756568
779,0,2016-05-25 17:00:00,28.979441820000005
779,0,2016-05-25 18:00:00,28.983545220000003
779,0,2016-05-25 19:00:00,29.193580680000004
779,0,2016-05-25 20:00:00,24.92979636
779,0,2016-05-25 21:00:00,26.93017455
779,0,2016-05-25 22:00:00,29.494066800000002
779,0,2016-05-25 23:00:00,26.167323180000004
779,0,2016-05-26 00:00:00,24.381025230000002
779,0,2016-05-26 01:00:00,22.55973114
779,0,2016-05-26 02:00:00,22.38225909
779,0,2016-05-26 03:00:00,23.10117477
779,0,2016-05-26 04:00:00,22.36678341
779,0,2016-05-26 05:00:00,22.19010273
779,0,2016-05-26 06:00:00,26.036248860000004
779,0,2016-05-26 07:00:00,27.473230230000002
779,0,2016-05-26 08:00:00,29.866890000000005
779,0,2016-05-26 09:00:00,29.426360700000004
779,0,2016-05-26 10:00:00,28.664359320000003
779,0,2016-05-26 11:00:00,32.887285500000004
779,0,2016-05-26 12:00:00,30.290126400000002
779,0,2016-05-26 13:00:00,32.925095400000004
779,0,2016-05-26 14:00:00,32.352378
779,0,2016-05-26 15:00:00,34.9064514
779,0,2016-05-26 16:00:00,33.1024209
779,0,2016-05-26 17:00:00,38.6786484
779,0,2016-05-26 18:00:00,38.43918570000001
779,0,2016-05-26 19:00:00,31.740971400000003
779,0,2016-05-26 20:00:00,27.811936590000006
779,0,2016-05-26 21:00:00,28.90619613
779,0,2016-05-26 22:00:00,29.4190332
779,0,2016-05-26 23:00:00,29.917303200000003
779,0,2016-05-27 00:00:00,29.6526339
779,0,2016-05-27 01:00:00,28.777525230000002
779,0,2016-05-27 02:00:00,25.56157341
779,0,2016-05-27 03:00:00,22.88621523
779,0,2016-05-27 04:00:00,22.217800680000003
779,0,2016-05-27 05:00:00,22.21208523
779,0,2016-05-27 06:00:00,25.974375450000004
779,0,2016-05-27 07:00:00,28.98841068
779,0,2016-05-27 08:00:00,29.16019659
779,0,2016-05-27 09:00:00,28.679835
779,0,2016-05-27 10:00:00,34.0265652
779,0,2016-05-27 11:00:00,33.984945
779,0,2016-05-27 12:00:00,33.700051800000004
779,0,2016-05-27 13:00:00,35.9454909
779,0,2016-05-27 14:00:00,36.1515402
779,0,2016-05-27 15:00:00,33.5535018
779,0,2016-05-27 16:00:00,34.899123900000006
779,0,2016-05-27 17:00:00,38.9333523
779,0,2016-05-27 18:00:00,32.8354068
779,0,2016-05-27 19:00:00,34.2707175
779,0,2016-05-27 20:00:00,31.656558600000004
779,0,2016-05-27 21:00:00,29.3296377
779,0,2016-05-27 22:00:00,29.9823714
779,0,2016-05-27 23:00:00,30.074404800000003
779,0,2016-05-28 00:00:00,31.9502448
779,0,2016-05-28 01:00:00,29.177313630000004
779,0,2016-05-28 02:00:00,28.25563137
779,0,2016-05-28 03:00:00,26.104629090000003
779,0,2016-05-28 04:00:00,23.23793523
779,0,2016-05-28 05:00:00,22.27234659
779,0,2016-05-28 06:00:00,26.385506820000003
779,0,2016-05-28 07:00:00,27.51232977
779,0,2016-05-28 08:00:00,28.874424090000005
779,0,2016-05-28 09:00:00,29.732650200000002
779,0,2016-05-28 10:00:00,30.557140500000003
779,0,2016-05-28 11:00:00,33.656966100000005
779,0,2016-05-28 12:00:00,31.375475700000003
779,0,2016-05-28 13:00:00,32.4250668
779,0,2016-05-28 14:00:00,34.157580900000006
779,0,2016-05-28 15:00:00,36.95991
779,0,2016-05-28 16:00:00,34.848710700000005
779,0,2016-05-28 17:00:00,35.271360900000005
779,0,2016-05-28 18:00:00,37.357939800000004
779,0,2016-05-28 19:00:00,35.403255900000005
779,0,2016-05-28 20:00:00,29.8384593
779,0,2016-05-28 21:00:00,30.974808000000007
779,0,2016-05-28 22:00:00,34.5450591
779,0,2016-05-28 23:00:00,34.18044270000001
779,0,2016-05-29 00:00:00,32.70996
779,0,2016-05-29 01:00:00,31.246218600000002
779,0,2016-05-29 02:00:00,26.52147591
779,0,2016-05-29 03:00:00,25.4777175
779,0,2016-05-29 04:00:00,23.758187730000003
779,0,2016-05-29 05:00:00,23.57907432
779,0,2016-05-29 06:00:00,30.531933900000002
779,0,2016-05-29 07:00:00,31.8989523
779,0,2016-05-29 08:00:00,30.197506800000003
779,0,2016-05-29 09:00:00,33.3181425
779,0,2016-05-29 10:00:00,36.902169300000004
779,0,2016-05-29 11:00:00,34.62009270000001
779,0,2016-05-29 12:00:00,33.7953093
779,0,2016-05-29 13:00:00,35.7353382
779,0,2016-05-29 14:00:00,42.15100410000001
779,0,2016-05-29 15:00:00,36.1360059
779,0,2016-05-29 16:00:00,31.317735000000003
779,0,2016-05-29 17:00:00,31.6849893
779,0,2016-05-29 18:00:00,33.2096955
779,0,2016-05-29 19:00:00,34.0646682
779,0,2016-05-29 20:00:00,34.7698668
779,0,2016-05-29 21:00:00,29.203370220000004
779,0,2016-05-29 22:00:00,29.8009425
779,0,2016-05-29 23:00:00,32.1196566
779,0,2016-05-30 00:00:00,26.613480000000003
779,0,2016-05-30 01:00:00,30.103714800000002
779,0,2016-05-30 02:00:00,29.406136800000002
779,0,2016-05-30 03:00:00,23.605130910000003
779,0,2016-05-30 04:00:00,23.538362730000003
779,0,2016-05-30 05:00:00,24.729491820000003
779,0,2016-05-30 06:00:00,27.828232950000004
779,0,2016-05-30 07:00:00,28.578891360000004
779,0,2016-05-30 08:00:00,28.241005680000004
779,0,2016-05-30 09:00:00,29.23429227
779,0,2016-05-30 10:00:00,28.559341590000002
779,0,2016-05-30 11:00:00,29.642082300000002
779,0,2016-05-30 12:00:00,30.057405000000003
779,0,2016-05-30 13:00:00,28.081412730000004
779,0,2016-05-30 14:00:00,26.682680910000006
779,0,2016-05-30 15:00:00,29.559135
779,0,2016-05-30 16:00:00,33.2586432
779,0,2016-05-30 17:00:00,35.11338
779,0,2016-05-30 18:00:00,40.1001834
779,0,2016-05-30 19:00:00,28.42011909
779,0,2016-05-30 20:00:00,26.872375230000003
779,0,2016-05-30 21:00:00,29.128453860000004
779,0,2016-05-30 22:00:00,27.093841590000004
779,0,2016-05-30 23:00:00,27.579889320000003
779,0,2016-05-31 00:00:00,27.859155
779,0,2016-05-31 01:00:00,25.80420159
779,0,2016-05-31 02:00:00,23.552197050000004
779,0,2016-05-31 03:00:00,20.960724090000003
779,0,2016-05-31 04:00:00,21.684505230000003
779,0,2016-05-31 05:00:00,21.293715000000002
779,0,2016-05-31 06:00:00,25.972734090000003
779,0,2016-05-31 07:00:00,31.9886409
779,0,2016-05-31 08:00:00,28.86955863
779,0,2016-05-31 09:00:00,27.75574932
779,0,2016-05-31 10:00:00,27.901478640000004
779,0,2016-05-31 11:00:00,28.658643870000002
779,0,2016-05-31 12:00:00,28.730306820000003
779,0,2016-05-31 13:00:00,26.784445230000003
779,0,2016-05-31 14:00:00,29.26439364
779,0,2016-05-31 15:00:00,31.499457000000003
779,0,2016-05-31 16:00:00,32.6284782
779,0,2016-05-31 17:00:00,31.084134300000002
779,0,2016-05-31 18:00:00,37.199372700000005
779,0,2016-05-31 19:00:00,30.234144300000004
779,0,2016-05-31 20:00:00,24.90781386
779,0,2016-05-31 21:00:00,25.39550295
779,0,2016-05-31 22:00:00,27.574994550000003
779,0,2016-05-31 23:00:00,32.877027000000005
779,0,2016-06-01 00:00:00,30.5972952
779,0,2016-06-01 01:00:00,24.963971820000005
779,0,2016-06-01 02:00:00,22.931821590000002
779,0,2016-06-01 03:00:00,21.17404227
779,0,2016-06-01 04:00:00,20.963156820000002
779,0,2016-06-01 05:00:00,21.114601590000003
779,0,2016-06-01 06:00:00,25.446795450000003
779,0,2016-06-01 07:00:00,27.01810455
779,0,2016-06-01 08:00:00,31.9309002
779,0,2016-06-01 09:00:00,28.69777272
779,0,2016-06-01 10:00:00,29.3287584
779,0,2016-06-01 11:00:00,29.266826370000004
779,0,2016-06-01 12:00:00,26.943217500000003
779,0,2016-06-01 13:00:00,29.553566100000005
779,0,2016-06-01 14:00:00,30.6688116
779,0,2016-06-01 15:00:00,26.858540910000002
779,0,2016-06-01 16:00:00,25.931201820000002
779,0,2016-06-01 17:00:00,25.977628860000003
779,0,2016-06-01 18:00:00,26.536130910000004
779,0,2016-06-01 19:00:00,25.546097730000003
779,0,2016-06-01 20:00:00,22.402600230000004
779,0,2016-06-01 21:00:00,22.44820659
779,0,2016-06-01 22:00:00,23.281929540000004
779,0,2016-06-01 23:00:00,21.33117318
779,0,2016-06-02 00:00:00,20.32973841
779,0,2016-06-02 01:00:00,20.04153318
779,0,2016-06-02 02:00:00,19.45043841
779,0,2016-06-02 03:00:00,19.08406341
779,0,2016-06-02 04:00:00,19.49035863
779,0,2016-06-02 05:00:00,19.36414977
779,0,2016-06-02 06:00:00,24.358222050000006
779,0,2016-06-02 07:00:00,25.885624770000003
779,0,2016-06-02 08:00:00,27.624675000000003
779,0,2016-06-02 09:00:00,27.148387500000002
779,0,2016-06-02 10:00:00,26.284563180000003
779,0,2016-06-02 11:00:00,27.997556820000003
779,0,2016-06-02 12:00:00,27.704486130000003
779,0,2016-06-02 13:00:00,28.240185
779,0,2016-06-02 14:00:00,26.06717091
779,0,2016-06-02 15:00:00,25.392220230000003
779,0,2016-06-02 16:00:00,25.073884320000005
779,0,2016-06-02 17:00:00,25.14308523
779,0,2016-06-02 18:00:00,25.322198640000003
779,0,2016-06-02 19:00:00,23.561986590000004
779,0,2016-06-02 20:00:00,21.26115159
779,0,2016-06-02 21:00:00,20.60003523
779,0,2016-06-02 22:00:00,20.91432636
779,0,2016-06-02 23:00:00,20.913505680000004
779,0,2016-06-03 00:00:00,20.90943159
779,0,2016-06-03 01:00:00,20.77510386
779,0,2016-06-03 02:00:00,20.405446140000002
779,0,2016-06-03 03:00:00,20.17178682
779,0,2016-06-03 04:00:00,20.099332500000003
779,0,2016-06-03 05:00:00,20.029310910000003
779,0,2016-06-03 06:00:00,25.099120230000004
779,0,2016-06-03 07:00:00,26.77875909
779,0,2016-06-03 08:00:00,26.479152270000004
779,0,2016-06-03 09:00:00,28.135958640000002
779,0,2016-06-03 10:00:00,27.656447040000003
779,0,2016-06-03 11:00:00,27.904761360000006
779,0,2016-06-03 12:00:00,26.546711820000002
779,0,2016-06-03 13:00:00,26.979855
779,0,2016-06-03 14:00:00,29.410240200000004
779,0,2016-06-03 15:00:00,30.812137500000002
779,0,2016-06-03 16:00:00,24.385099320000002
779,0,2016-06-03 17:00:00,24.56016795
779,0,2016-06-03 18:00:00,25.048648410000002
779,0,2016-06-03 19:00:00,23.87545704
779,0,2016-06-03 20:00:00,21.68043114
779,0,2016-06-03 21:00:00,24.991640460000003
779,0,2016-06-03 22:00:00,21.675565680000002
779,0,2016-06-03 23:00:00,20.62773318
779,0,2016-06-04 00:00:00,20.170174770000003
779,0,2016-06-04 01:00:00,20.385105
779,0,2016-06-04 02:00:00,20.202738180000004
779,0,2016-06-04 03:00:00,19.603495230000004
779,0,2016-06-04 04:00:00,19.439036820000002
779,0,2016-06-04 05:00:00,19.678411590000003
779,0,2016-06-04 06:00:00,25.503774090000004
779,0,2016-06-04 07:00:00,26.841453180000002
779,0,2016-06-04 08:00:00,27.8811375
779,0,2016-06-04 09:00:00,27.0311475
779,0,2016-06-04 10:00:00,26.327707500000002
779,0,2016-06-04 11:00:00,26.440873410000002
779,0,2016-06-04 12:00:00,25.54284432
779,0,2016-06-04 13:00:00,25.598210910000002
779,0,2016-06-04 14:00:00,24.94281
779,0,2016-06-04 15:00:00,24.03502068
779,0,2016-06-04 16:00:00,24.067584090000004
779,0,2016-06-04 17:00:00,24.021186360000005
779,0,2016-06-04 18:00:00,24.399754320000003
779,0,2016-06-04 19:00:00,23.189896140000002
779,0,2016-06-04 20:00:00,19.521280680000004
779,0,2016-06-04 21:00:00,19.84369068
779,0,2016-06-04 22:00:00,19.04091909
779,0,2016-06-04 23:00:00,21.69916023
779,0,2016-06-05 00:00:00,19.59048159
779,0,2016-06-05 01:00:00,19.392639090000003
779,0,2016-06-05 02:00:00,19.37959614
779,0,2016-06-05 03:00:00,18.97904568
779,0,2016-06-05 04:00:00,19.171172730000002
779,0,2016-06-05 05:00:00,18.82598886
779,0,2016-06-05 06:00:00,24.952570230000003
779,0,2016-06-05 07:00:00,26.609405910000003
779,0,2016-06-05 08:00:00,25.270114770000003
779,0,2016-06-05 09:00:00,25.396294320000003
779,0,2016-06-05 10:00:00,24.986775
779,0,2016-06-05 11:00:00,25.02097977
779,0,2016-06-05 12:00:00,24.635875680000005
779,0,2016-06-05 13:00:00,24.985162950000003
779,0,2016-06-05 14:00:00,24.58701591
779,0,2016-06-05 15:00:00,24.599238180000004
779,0,2016-06-05 16:00:00,25.007145450000003
779,0,2016-06-05 17:00:00,28.393241820000004
779,0,2016-06-05 18:00:00,27.925102500000005
779,0,2016-06-05 19:00:00,27.197217960000003
779,0,2016-06-05 20:00:00,22.059849090000004
779,0,2016-06-05 21:00:00,21.50131773
779,0,2016-06-05 22:00:00,19.724809320000002
779,0,2016-06-05 23:00:00,20.515358640000002
779,0,2016-06-06 00:00:00,19.66618932
779,0,2016-06-06 01:00:00,19.610822730000002
779,0,2016-06-06 02:00:00,19.15326432
779,0,2016-06-06 03:00:00,18.847150680000002
779,0,2016-06-06 04:00:00,19.23061341
779,0,2016-06-06 05:00:00,21.508645230000003
779,0,2016-06-06 06:00:00,24.517815000000002
779,0,2016-06-06 07:00:00,25.563214770000002
779,0,2016-06-06 08:00:00,24.850805910000005
779,0,2016-06-06 09:00:00,24.640741140000003
779,0,2016-06-06 10:00:00,24.534111360000004
779,0,2016-06-06 11:00:00,24.073270230000002
779,0,2016-06-06 12:00:00,24.69449568
779,0,2016-06-06 13:00:00,23.933227050000003
779,0,2016-06-06 14:00:00,27.92592318
779,0,2016-06-06 15:00:00,24.792185910000004
779,0,2016-06-06 16:00:00,24.690421590000003
779,0,2016-06-06 17:00:00,23.70935727
779,0,2016-06-06 18:00:00,23.624680680000004
779,0,2016-06-06 19:00:00,23.09953341
779,0,2016-06-06 20:00:00,19.283547270000003
779,0,2016-06-06 21:00:00,19.53265296
779,0,2016-06-06 22:00:00,19.022190000000002
779,0,2016-06-06 23:00:00,19.685739090000002
779,0,2016-06-07 00:00:00,18.770622270000004
779,0,2016-06-07 01:00:00,18.54100773
779,0,2016-06-07 02:00:00,18.096492270000002
779,0,2016-06-07 03:00:00,17.96213523
779,0,2016-06-07 04:00:00,18.68755773
779,0,2016-06-07 05:00:00,19.30878318
779,0,2016-06-07 06:00:00,23.353563180000002
779,0,2016-06-07 07:00:00,27.523731360000003
779,0,2016-06-07 08:00:00,24.319972500000002
779,0,2016-06-07 09:00:00,23.70692454
779,0,2016-06-07 10:00:00,24.41848341
779,0,2016-06-07 11:00:00,23.960925000000003
779,0,2016-06-07 12:00:00,23.849371140000002
779,0,2016-06-07 13:00:00,21.794417730000003
779,0,2016-06-07 14:00:00,24.815809770000005
779,0,2016-06-07 15:00:00,24.27926091
779,0,2016-06-07 16:00:00,24.569107500000005
779,0,2016-06-07 17:00:00,26.271520230000004
779,0,2016-06-07 18:00:00,25.673127270000002
779,0,2016-06-07 19:00:00,22.461220230000002
779,0,2016-06-07 20:00:00,20.21331909
779,0,2016-06-07 21:00:00,20.937920910000003
779,0,2016-06-07 22:00:00,21.97356045
779,0,2016-06-07 23:00:00,21.80502795
779,0,2016-06-08 00:00:00,20.033385
779,0,2016-06-08 01:00:00,19.531861590000005
779,0,2016-06-08 02:00:00,19.146757500000003
779,0,2016-06-08 03:00:00,18.85040409
779,0,2016-06-08 04:00:00,18.768980910000003
779,0,2016-06-08 05:00:00,19.548949320000002
779,0,2016-06-08 06:00:00,24.227147730000002
779,0,2016-06-08 07:00:00,25.541232270000002
779,0,2016-06-08 08:00:00,24.447793410000003
779,0,2016-06-08 09:00:00,24.635055
779,0,2016-06-08 10:00:00,24.913500000000003
779,0,2016-06-08 11:00:00,23.948732040000003
779,0,2016-06-08 12:00:00,24.778351590000003
779,0,2016-06-08 13:00:00,24.938735910000002
779,0,2016-06-08 14:00:00,24.58458318
779,0,2016-06-08 15:00:00,24.831285450000003
779,0,2016-06-08 16:00:00,24.50398068
779,0,2016-06-08 17:00:00,26.646043410000004
779,0,2016-06-08 18:00:00,25.295350680000002
779,0,2016-06-08 19:00:00,24.411155910000005
779,0,2016-06-08 20:00:00,21.068995230000002
779,0,2016-06-08 21:00:00,20.26868568
779,0,2016-06-08 22:00:00,20.585380230000002
779,0,2016-06-08 23:00:00,19.97883909
779,0,2016-06-09 00:00:00,19.361687730000003
779,0,2016-06-09 01:00:00,18.85040409
779,0,2016-06-09 02:00:00,18.43355727
779,0,2016-06-09 03:00:00,17.81397318
779,0,2016-06-09 04:00:00,17.8571175
779,0,2016-06-09 05:00:00,19.00346091
779,0,2016-06-09 06:00:00,23.30227068
779,0,2016-06-09 07:00:00,26.99286864
779,0,2016-06-09 08:00:00,26.545891140000002
779,0,2016-06-09 09:00:00,24.343596360000003
779,0,2016-06-09 10:00:00,24.93140841
779,0,2016-06-09 11:00:00,24.574002270000005
779,0,2016-06-09 12:00:00,24.3053175
779,0,2016-06-09 13:00:00,24.460836360000002
779,0,2016-06-09 14:00:00,23.74192068
779,0,2016-06-09 15:00:00,23.33890818
779,0,2016-06-09 16:00:00,23.12802273
779,0,2016-06-09 17:00:00,23.772872040000003
779,0,2016-06-09 18:00:00,24.110728410000004
779,0,2016-06-09 19:00:00,23.28922773
779,0,2016-06-09 20:00:00,19.453691820000003
779,0,2016-06-09 21:00:00,18.373295910000003
779,0,2016-06-09 22:00:00,18.623251590000002
779,0,2016-06-09 23:00:00,19.281905910000003
779,0,2016-06-10 00:00:00,19.103613180000004
779,0,2016-06-10 01:00:00,18.85122477
779,0,2016-06-10 02:00:00,18.54997659
779,0,2016-06-10 03:00:00,18.01588977
779,0,2016-06-10 04:00:00,18.27967977
779,0,2016-06-10 05:00:00,18.60370182
779,0,2016-06-10 06:00:00,22.88703591
779,0,2016-06-10 07:00:00,25.215539550000003
779,0,2016-06-10 08:00:00,23.68737477
779,0,2016-06-10 09:00:00,23.259097050000005
779,0,2016-06-10 10:00:00,23.77448409
779,0,2016-06-10 11:00:00,23.285153640000004
779,0,2016-06-10 12:00:00,23.04988227
779,0,2016-06-10 13:00:00,23.761470450000004
779,0,2016-06-10 14:00:00,23.53593
779,0,2016-06-10 15:00:00,22.790957730000002
779,0,2016-06-10 16:00:00,22.961952270000005
779,0,2016-06-10 17:00:00,23.51151477
779,0,2016-06-10 18:00:00,23.786706360000004
779,0,2016-06-10 19:00:00,20.893955910000003
779,0,2016-06-10 20:00:00,19.22410659
779,0,2016-06-10 21:00:00,19.127207730000002
779,0,2016-06-10 22:00:00,18.93751341
779,0,2016-06-10 23:00:00,18.552409320000002
779,0,2016-06-11 00:00:00,18.266636820000002
779,0,2016-06-11 01:00:00,18.19174977
779,0,2016-06-11 02:00:00,17.90515659
779,0,2016-06-11 03:00:00,18.071256360000003
779,0,2016-06-11 04:00:00,17.894575680000003
779,0,2016-06-11 05:00:00,17.774052960000002
779,0,2016-06-11 06:00:00,21.984141360000002
779,0,2016-06-11 07:00:00,22.944835230000002
779,0,2016-06-11 08:00:00,23.213520000000003
779,0,2016-06-11 09:00:00,23.188284090000003
779,0,2016-06-11 10:00:00,22.98962091
779,0,2016-06-11 11:00:00,22.99126227
779,0,2016-06-11 12:00:00,22.94808864
779,0,2016-06-11 13:00:00,22.905765000000002
779,0,2016-06-11 14:00:00,22.800747270000002
779,0,2016-06-11 15:00:00,22.72014477
779,0,2016-06-11 16:00:00,23.18421
779,0,2016-06-11 17:00:00,22.974145230000005
779,0,2016-06-11 18:00:00,23.33565477
779,0,2016-06-11 19:00:00,23.380411140000003
779,0,2016-06-11 20:00:00,18.646875450000003
779,0,2016-06-11 21:00:00,20.59109568
779,0,2016-06-11 22:00:00,26.31548523
779,0,2016-06-11 23:00:00,20.995720230000003
779,0,2016-06-12 00:00:00,18.26013
779,0,2016-06-12 01:00:00,17.722789770000002
779,0,2016-06-12 02:00:00,17.647052730000002
779,0,2016-06-12 03:00:00,17.40767796
779,0,2016-06-12 04:00:00,17.45246364
779,0,2016-06-12 05:00:00,17.244860910000003
779,0,2016-06-12 06:00:00,21.781404090000002
779,0,2016-06-12 07:00:00,22.89682545
779,0,2016-06-12 08:00:00,23.057209770000004
779,0,2016-06-12 09:00:00,23.06940273
779,0,2016-06-12 10:00:00,23.389380000000003
779,0,2016-06-12 11:00:00,23.30227068
779,0,2016-06-12 12:00:00,22.99694841
779,0,2016-06-12 13:00:00,22.72339818
779,0,2016-06-12 14:00:00,23.25587295
779,0,2016-06-12 15:00:00,22.729084320000002
779,0,2016-06-12 16:00:00,23.519662950000004
779,0,2016-06-12 17:00:00,23.818449090000005
779,0,2016-06-12 18:00:00,23.59780341
779,0,2016-06-12 19:00:00,22.102993410000003
779,0,2016-06-12 20:00:00,19.00917636
779,0,2016-06-12 21:00:00,18.04437909
779,0,2016-06-12 22:00:00,20.134357950000002
779,0,2016-06-12 23:00:00,18.68755773
779,0,2016-06-13 00:00:00,17.54121432
779,0,2016-06-13 01:00:00,17.423153640000002
779,0,2016-06-13 02:00:00,17.362100910000002
779,0,2016-06-13 03:00:00,17.16669114
779,0,2016-06-13 04:00:00,17.89618773
779,0,2016-06-13 05:00:00,19.4691675
779,0,2016-06-13 06:00:00,22.877275680000004
779,0,2016-06-13 07:00:00,24.517815000000002
779,0,2016-06-13 08:00:00,23.942195910000002
779,0,2016-06-13 09:00:00,24.28008159
779,0,2016-06-13 10:00:00,24.996535230000003
779,0,2016-06-13 11:00:00,23.675973180000003
779,0,2016-06-13 12:00:00,24.40139568
779,0,2016-06-13 13:00:00,24.834538860000002
779,0,2016-06-13 14:00:00,24.293095230000002
779,0,2016-06-13 15:00:00,22.635468180000004
779,0,2016-06-13 16:00:00,22.995336360000003
779,0,2016-06-13 17:00:00,22.700595000000003
779,0,2016-06-13 18:00:00,22.95787818
779,0,2016-06-13 19:00:00,20.998973640000003
779,0,2016-06-13 20:00:00,18.637085910000003
779,0,2016-06-13 21:00:00,18.738850230000004
779,0,2016-06-13 22:00:00,18.029724090000002
779,0,2016-06-13 23:00:00,17.38000932
779,0,2016-06-14 00:00:00,17.393872950000002
779,0,2016-06-14 01:00:00,17.450030910000002
779,0,2016-06-14 02:00:00,17.57216568
779,0,2016-06-14 03:00:00,17.449210230000002
779,0,2016-06-14 04:00:00,18.395278410000003
779,0,2016-06-14 05:00:00,17.907589320000003
779,0,2016-06-14 06:00:00,22.23245568
779,0,2016-06-14 07:00:00,24.223073640000003
779,0,2016-06-14 08:00:00,24.069196140000003
779,0,2016-06-14 09:00:00,24.216566820000004
779,0,2016-06-14 10:00:00,23.794033860000003
779,0,2016-06-14 11:00:00,24.49419114
779,0,2016-06-14 12:00:00,23.96664045
779,0,2016-06-14 13:00:00,21.79687977
779,0,2016-06-14 14:00:00,23.160586140000003
779,0,2016-06-14 15:00:00,22.170552960000002
779,0,2016-06-14 16:00:00,22.71035523
779,0,2016-06-14 17:00:00,22.59639795
779,0,2016-06-14 18:00:00,23.143498410000003
779,0,2016-06-14 19:00:00,20.975379090000004
779,0,2016-06-14 20:00:00,19.136967960000003
779,0,2016-06-14 21:00:00,20.44129227
779,0,2016-06-14 22:00:00,19.08649614
779,0,2016-06-14 23:00:00,18.504370230000003
779,0,2016-06-15 00:00:00,17.946688860000002
779,0,2016-06-15 01:00:00,17.783021820000002
779,0,2016-06-15 02:00:00,17.99226591
779,0,2016-06-15 03:00:00,17.94994227
779,0,2016-06-15 04:00:00,19.588019550000002
779,0,2016-06-15 05:00:00,18.83739045
779,0,2016-06-15 06:00:00,22.44820659
779,0,2016-06-15 07:00:00,24.363116820000005
779,0,2016-06-15 08:00:00,25.377565230000002
779,0,2016-06-15 09:00:00,24.338701590000003
779,0,2016-06-15 10:00:00,24.05372046
779,0,2016-06-15 11:00:00,24.556885230000002
779,0,2016-06-15 12:00:00,23.23304046
779,0,2016-06-15 13:00:00,24.250771590000003
779,0,2016-06-15 14:00:00,24.16040886
779,0,2016-06-15 15:00:00,23.42437614
779,0,2016-06-15 16:00:00,22.893542730000004
779,0,2016-06-15 17:00:00,23.736205230000003
779,0,2016-06-15 18:00:00,23.68083864
779,0,2016-06-15 19:00:00,22.085905680000003
779,0,2016-06-15 20:00:00,18.470194770000003
779,0,2016-06-15 21:00:00,18.87481932
779,0,2016-06-15 22:00:00,19.420307730000005
779,0,2016-06-15 23:00:00,18.685945680000003
779,0,2016-06-16 00:00:00,18.487282500000003
779,0,2016-06-16 01:00:00,17.731729320000003
779,0,2016-06-16 02:00:00,17.81640591
779,0,2016-06-16 03:00:00,17.673930000000002
779,0,2016-06-16 04:00:00,18.184422270000002
779,0,2016-06-16 05:00:00,18.69570591
779,0,2016-06-16 06:00:00,24.858954090000005
779,0,2016-06-16 07:00:00,24.82718205
779,0,2016-06-16 08:00:00,25.366984320000004
779,0,2016-06-16 09:00:00,24.735998640000005
779,0,2016-06-16 10:00:00,24.37369773
779,0,2016-06-16 11:00:00,24.139217730000002
779,0,2016-06-16 12:00:00,23.382052500000004
779,0,2016-06-16 13:00:00,24.834538860000002
779,0,2016-06-16 14:00:00,25.182184770000003
779,0,2016-06-16 15:00:00,23.87056227
779,0,2016-06-16 16:00:00,23.31774636
779,0,2016-06-16 17:00:00,23.42927091
779,0,2016-06-16 18:00:00,23.929973640000004
779,0,2016-06-16 19:00:00,21.515181360000003
779,0,2016-06-16 20:00:00,19.65074295
779,0,2016-06-16 21:00:00,19.52535477
779,0,2016-06-16 22:00:00,19.40811477
779,0,2016-06-16 23:00:00,18.70467477
779,0,2016-06-17 00:00:00,18.362715
779,0,2016-06-17 01:00:00,18.429483180000002
779,0,2016-06-17 02:00:00,18.63057909
779,0,2016-06-17 03:00:00,18.41564886
779,0,2016-06-17 04:00:00,17.850610680000003
779,0,2016-06-17 05:00:00,17.784663180000003
779,0,2016-06-17 06:00:00,22.977398640000004
779,0,2016-06-17 07:00:00,24.166915680000002
779,0,2016-06-17 08:00:00,24.09689409
779,0,2016-06-17 09:00:00,23.149184550000005
779,0,2016-06-17 10:00:00,24.456762270000002
779,0,2016-06-17 11:00:00,25.030740000000005
779,0,2016-06-17 12:00:00,23.667004320000004
779,0,2016-06-17 13:00:00,23.22166818
779,0,2016-06-17 14:00:00,23.579895000000004
779,0,2016-06-17 15:00:00,23.368218180000003
779,0,2016-06-17 16:00:00,23.170375680000003
779,0,2016-06-17 17:00:00,23.2941225
779,0,2016-06-17 18:00:00,22.87320159
779,0,2016-06-17 19:00:00,20.99085477
779,0,2016-06-17 20:00:00,18.813766590000004
779,0,2016-06-17 21:00:00,18.817020000000003
779,0,2016-06-17 22:00:00,19.180962270000002
779,0,2016-06-17 23:00:00,18.51577182
779,0,2016-06-18 00:00:00,18.238147500000004
779,0,2016-06-18 01:00:00,18.100566360000002
779,0,2016-06-18 02:00:00,17.785483860000003
779,0,2016-06-18 03:00:00,17.643799320000003
779,0,2016-06-18 04:00:00,17.473654770000003
779,0,2016-06-18 05:00:00,17.360488860000004
779,0,2016-06-18 06:00:00,22.010989320000004
779,0,2016-06-18 07:00:00,22.387124550000003
779,0,2016-06-18 08:00:00,22.544255460000002
779,0,2016-06-18 09:00:00,22.93996977
779,0,2016-06-18 10:00:00,22.471830450000002
779,0,2016-06-18 11:00:00,22.554865680000002
779,0,2016-06-18 12:00:00,23.03766
779,0,2016-06-18 13:00:00,23.178523860000002
779,0,2016-06-18 14:00:00,23.65399068
779,0,2016-06-18 15:00:00,23.40649704
779,0,2016-06-18 16:00:00,23.924287500000002
779,0,2016-06-18 17:00:00,23.99266773
779,0,2016-06-18 18:00:00,24.258099090000005
779,0,2016-06-18 19:00:00,23.374725
779,0,2016-06-18 20:00:00,19.468346820000004
779,0,2016-06-18 21:00:00,19.38449091
779,0,2016-06-18 22:00:00,19.773669090000002
779,0,2016-06-18 23:00:00,19.42602318
779,0,2016-06-19 00:00:00,20.565859770000003
779,0,2016-06-19 01:00:00,18.803185680000002
779,0,2016-06-19 02:00:00,18.190108410000004
779,0,2016-06-19 03:00:00,17.99634
779,0,2016-06-19 04:00:00,17.785483860000003
779,0,2016-06-19 05:00:00,17.94994227
779,0,2016-06-19 06:00:00,22.829236590000004
779,0,2016-06-19 07:00:00,23.420302050000004
779,0,2016-06-19 08:00:00,23.222488860000002
779,0,2016-06-19 09:00:00,22.912271820000004
779,0,2016-06-19 10:00:00,22.96763841
779,0,2016-06-19 11:00:00,23.586401820000003
779,0,2016-06-19 12:00:00,23.60595159
779,0,2016-06-19 13:00:00,24.227968410000003
779,0,2016-06-19 14:00:00,24.539797500000002
779,0,2016-06-19 15:00:00,25.216360230000003
779,0,2016-06-19 16:00:00,26.351331360000003
779,0,2016-06-19 17:00:00,26.349690000000002
779,0,2016-06-19 18:00:00,26.76328341
779,0,2016-06-19 19:00:00,24.491758410000003
779,0,2016-06-19 20:00:00,23.17606182
779,0,2016-06-19 21:00:00,24.194584320000004
779,0,2016-06-19 22:00:00,25.546097730000003
779,0,2016-06-19 23:00:00,21.92223864
779,0,2016-06-20 00:00:00,21.631600680000002
779,0,2016-06-20 01:00:00,20.503165680000002
779,0,2016-06-20 02:00:00,19.090570230000004
779,0,2016-06-20 03:00:00,18.804006360000002
779,0,2016-06-20 04:00:00,19.458586590000003
779,0,2016-06-20 05:00:00,19.318543410000004
779,0,2016-06-20 06:00:00,23.59047591
779,0,2016-06-20 07:00:00,27.36657114
779,0,2016-06-20 08:00:00,26.016699090000003
779,0,2016-06-20 09:00:00,27.312025230000003
779,0,2016-06-20 10:00:00,28.87196205
779,0,2016-06-20 11:00:00,25.038888180000004
779,0,2016-06-20 12:00:00,24.497473860000003
779,0,2016-06-20 13:00:00,25.655218860000005
779,0,2016-06-20 14:00:00,24.888264090000003
779,0,2016-06-20 15:00:00,24.057003180000002
779,0,2016-06-20 16:00:00,24.67984068
779,0,2016-06-20 17:00:00,24.23529591
779,0,2016-06-20 18:00:00,25.769176140000003
779,0,2016-06-20 19:00:00,26.0785725
779,0,2016-06-20 20:00:00,23.294943180000004
779,0,2016-06-20 21:00:00,24.615505230000004
779,0,2016-06-20 22:00:00,27.178518180000005
779,0,2016-06-20 23:00:00,24.48035682
779,0,2016-06-21 00:00:00,21.04783341
779,0,2016-06-21 01:00:00,19.44800568
779,0,2016-06-21 02:00:00,18.72583659
779,0,2016-06-21 03:00:00,18.67861818
779,0,2016-06-21 04:00:00,19.49197068
779,0,2016-06-21 05:00:00,19.218420450000004
779,0,2016-06-21 06:00:00,24.17831727
779,0,2016-06-21 07:00:00,25.510280910000002
779,0,2016-06-21 08:00:00,24.566674770000002
779,0,2016-06-21 09:00:00,24.551199090000004
779,0,2016-06-21 10:00:00,25.599852270000003
779,0,2016-06-21 11:00:00,25.132504320000006
779,0,2016-06-21 12:00:00,24.403828410000003
779,0,2016-06-21 13:00:00,22.751887500000002
779,0,2016-06-21 14:00:00,25.298604090000005
779,0,2016-06-21 15:00:00,24.82800273
779,0,2016-06-21 16:00:00,25.058437950000002
779,0,2016-06-21 17:00:00,25.574616360000004
779,0,2016-06-21 18:00:00,25.828616820000004
779,0,2016-06-21 19:00:00,27.590470230000005
779,0,2016-06-21 20:00:00,27.61245273
779,0,2016-06-21 21:00:00,25.296171360000002
779,0,2016-06-21 22:00:00,29.7039264
779,0,2016-06-21 23:00:00,24.578867730000002
779,0,2016-06-22 00:00:00,21.363736590000006
779,0,2016-06-22 01:00:00,20.710768410000004
779,0,2016-06-22 02:00:00,20.33055909
779,0,2016-06-22 03:00:00,20.019550680000002
779,0,2016-06-22 04:00:00,19.511491140000004
779,0,2016-06-22 05:00:00,21.744766590000005
779,0,2016-06-22 06:00:00,25.19437773
779,0,2016-06-22 07:00:00,26.03868159
779,0,2016-06-22 08:00:00,25.266861360000004
779,0,2016-06-22 09:00:00,27.54732591
779,0,2016-06-22 10:00:00,27.114182730000003
779,0,2016-06-22 11:00:00,25.581123180000002
779,0,2016-06-22 12:00:00,24.891517500000003
779,0,2016-06-22 13:00:00,25.819677270000003
779,0,2016-06-22 14:00:00,24.37533909
779,0,2016-06-22 15:00:00,24.79461864
779,0,2016-06-22 16:00:00,23.57746227
779,0,2016-06-22 17:00:00,24.343596360000003
779,0,2016-06-22 18:00:00,24.7889325
779,0,2016-06-22 19:00:00,25.679634090000004
779,0,2016-06-22 20:00:00,21.20253159
779,0,2016-06-22 21:00:00,23.31446364
779,0,2016-06-22 22:00:00,24.005710680000004
779,0,2016-06-22 23:00:00,21.55993773
779,0,2016-06-23 00:00:00,20.28577341
779,0,2016-06-23 01:00:00,19.34624136
779,0,2016-06-23 02:00:00,18.38713023
779,0,2016-06-23 03:00:00,17.981685000000002
779,0,2016-06-23 04:00:00,18.98309046
779,0,2016-06-23 05:00:00,19.27296636
779,0,2016-06-23 06:00:00,22.987188180000004
779,0,2016-06-23 07:00:00,26.47018341
779,0,2016-06-23 08:00:00,25.787905230000003
779,0,2016-06-23 09:00:00,24.302884770000006
779,0,2016-06-23 10:00:00,24.434779770000002
779,0,2016-06-23 11:00:00,24.672513180000003
779,0,2016-06-23 12:00:00,24.622012050000002
779,0,2016-06-23 13:00:00,24.645635910000003
779,0,2016-06-23 14:00:00,25.267652730000002
779,0,2016-06-23 15:00:00,24.92326023
779,0,2016-06-23 16:00:00,24.192972270000006
779,0,2016-06-23 17:00:00,25.71055614
779,0,2016-06-23 18:00:00,27.3095925
779,0,2016-06-23 19:00:00,25.489119090000003
779,0,2016-06-23 20:00:00,23.87217432
779,0,2016-06-23 21:00:00,24.857312730000004
779,0,2016-06-23 22:00:00,24.360684090000003
779,0,2016-06-23 23:00:00,22.22756091
779,0,2016-06-24 00:00:00,20.933846820000003
779,0,2016-06-24 01:00:00,20.72134932
779,0,2016-06-24 02:00:00,19.39832523
779,0,2016-06-24 03:00:00,19.380416820000004
779,0,2016-06-24 04:00:00,18.67290273
779,0,2016-06-24 05:00:00,19.119059550000003
779,0,2016-06-24 06:00:00,23.12802273
779,0,2016-06-24 07:00:00,25.663337730000002
779,0,2016-06-24 08:00:00,26.365986360000004
779,0,2016-06-24 09:00:00,24.845911140000002
779,0,2016-06-24 10:00:00,23.641768410000005
779,0,2016-06-24 11:00:00,24.534111360000004
779,0,2016-06-24 12:00:00,24.505592730000004
779,0,2016-06-24 13:00:00,26.84552727
779,0,2016-06-24 14:00:00,25.25299773
779,0,2016-06-24 15:00:00,24.07165818
779,0,2016-06-24 16:00:00,23.61571182
779,0,2016-06-24 17:00:00,24.67005114
779,0,2016-06-24 18:00:00,24.57482295
779,0,2016-06-24 19:00:00,27.702024090000005
779,0,2016-06-24 20:00:00,23.063716590000002
779,0,2016-06-24 21:00:00,22.424582730000004
779,0,2016-06-24 22:00:00,26.38225341
779,0,2016-06-24 23:00:00,23.898230910000002
779,0,2016-06-25 00:00:00,20.403834090000004
779,0,2016-06-25 01:00:00,20.069201820000004
779,0,2016-06-25 02:00:00,19.624686360000002
779,0,2016-06-25 03:00:00,18.917172270000002
779,0,2016-06-25 04:00:00,18.773875680000003
779,0,2016-06-25 05:00:00,18.655815
779,0,2016-06-25 06:00:00,22.941581820000003
779,0,2016-06-25 07:00:00,24.092820000000003
779,0,2016-06-25 08:00:00,24.69124227
779,0,2016-06-25 09:00:00,25.253818410000004
779,0,2016-06-25 10:00:00,23.855907270000003
779,0,2016-06-25 11:00:00,24.712404090000003
779,0,2016-06-25 12:00:00,23.959283640000002
779,0,2016-06-25 13:00:00,23.897410230000002
779,0,2016-06-25 14:00:00,23.675152500000003
779,0,2016-06-25 15:00:00,24.986775
779,0,2016-06-25 16:00:00,26.32038
779,0,2016-06-25 17:00:00,25.42967841
779,0,2016-06-25 18:00:00,23.44882068
779,0,2016-06-25 19:00:00,23.59211727
779,0,2016-06-25 20:00:00,19.38205818
779,0,2016-06-25 21:00:00,19.14268341
779,0,2016-06-25 22:00:00,19.07755659
779,0,2016-06-25 23:00:00,18.76980159
779,0,2016-06-26 00:00:00,19.35761364
779,0,2016-06-26 01:00:00,19.364941140000003
779,0,2016-06-26 02:00:00,19.459407270000003
779,0,2016-06-26 03:00:00,18.26095068
779,0,2016-06-26 04:00:00,18.241400910000003
779,0,2016-06-26 05:00:00,18.15918636
779,0,2016-06-26 06:00:00,24.006531360000004
779,0,2016-06-26 07:00:00,24.916753410000002
779,0,2016-06-26 08:00:00,24.640741140000003
779,0,2016-06-26 09:00:00,24.938735910000002
779,0,2016-06-26 10:00:00,24.32161386
779,0,2016-06-26 11:00:00,23.966611140000005
779,0,2016-06-26 12:00:00,23.240397270000003
779,0,2016-06-26 13:00:00,23.237964540000004
779,0,2016-06-26 14:00:00,23.98536954
779,0,2016-06-26 15:00:00,24.747400230000004
779,0,2016-06-26 16:00:00,24.06676341
779,0,2016-06-26 17:00:00,24.008143410000002
779,0,2016-06-26 18:00:00,25.413382050000003
779,0,2016-06-26 19:00:00,25.205779320000005
779,0,2016-06-26 20:00:00,21.94178841
779,0,2016-06-26 21:00:00,22.963564320000003
779,0,2016-06-26 22:00:00,20.99085477
779,0,2016-06-26 23:00:00,20.779969320000003
779,0,2016-06-27 00:00:00,19.79972568
779,0,2016-06-27 01:00:00,19.419516360000003
779,0,2016-06-27 02:00:00,18.89436909
779,0,2016-06-27 03:00:00,18.54182841
779,0,2016-06-27 04:00:00,18.985552500000004
779,0,2016-06-27 05:00:00,19.39425114
779,0,2016-06-27 06:00:00,23.91045318
779,0,2016-06-27 07:00:00,25.20091386
779,0,2016-06-27 08:00:00,25.287202500000003
779,0,2016-06-27 09:00:00,25.339315680000002
779,0,2016-06-27 10:00:00,26.129865000000002
779,0,2016-06-27 11:00:00,25.56890091
779,0,2016-06-27 12:00:00,25.86200091
779,0,2016-06-27 13:00:00,26.71363227
779,0,2016-06-27 14:00:00,25.49480523
779,0,2016-06-27 15:00:00,26.33421432
779,0,2016-06-27 16:00:00,24.714836820000002
779,0,2016-06-27 17:00:00,24.513740910000003
779,0,2016-06-27 18:00:00,25.543665000000004
779,0,2016-06-27 19:00:00,25.171574550000003
779,0,2016-06-27 20:00:00,23.443134540000003
779,0,2016-06-27 21:00:00,22.063923180000003
779,0,2016-06-27 22:00:00,21.781404090000002
779,0,2016-06-27 23:00:00,21.21636591
779,0,2016-06-28 00:00:00,21.139016820000005
779,0,2016-06-28 01:00:00,20.679025680000002
779,0,2016-06-28 02:00:00,20.14819227
779,0,2016-06-28 03:00:00,19.34946546
779,0,2016-06-28 04:00:00,20.087930910000004
779,0,2016-06-28 05:00:00,21.09261909
779,0,2016-06-28 06:00:00,25.902712500000003
779,0,2016-06-28 07:00:00,27.890077050000002
779,0,2016-06-28 08:00:00,27.423579090000004
779,0,2016-06-28 09:00:00,27.37471932
779,0,2016-06-28 10:00:00,28.205159550000005
779,0,2016-06-28 11:00:00,27.575023860000005
779,0,2016-06-28 12:00:00,26.389580910000003
779,0,2016-06-28 13:00:00,25.707302730000002
779,0,2016-06-28 14:00:00,26.533698180000002
779,0,2016-06-28 15:00:00,25.941782730000003
779,0,2016-06-28 16:00:00,26.270728860000002
779,0,2016-06-28 17:00:00,26.704663410000002
779,0,2016-06-28 18:00:00,26.305725000000002
779,0,2016-06-28 19:00:00,25.053543180000002
779,0,2016-06-28 20:00:00,21.514360680000003
779,0,2016-06-28 21:00:00,22.08833841
779,0,2016-06-28 22:00:00,21.58599432
779,0,2016-06-28 23:00:00,21.373496820000003
779,0,2016-06-29 00:00:00,21.466321590000003
779,0,2016-06-29 01:00:00,21.038893860000005
779,0,2016-06-29 02:00:00,19.997568180000002
779,0,2016-06-29 03:00:00,19.729704090000002
779,0,2016-06-29 04:00:00,20.48851068
779,0,2016-06-29 05:00:00,20.3484675
779,0,2016-06-29 06:00:00,25.463062500000003
779,0,2016-06-29 07:00:00,26.790981360000004
779,0,2016-06-29 08:00:00,27.355198860000005
779,0,2016-06-29 09:00:00,28.03583568
779,0,2016-06-29 10:00:00,27.099527730000002
779,0,2016-06-29 11:00:00,27.119077500000003
779,0,2016-06-29 12:00:00,26.685934320000005
779,0,2016-06-29 13:00:00,28.577250000000003
779,0,2016-06-29 14:00:00,27.278670450000003
779,0,2016-06-29 15:00:00,26.146952730000002
779,0,2016-06-29 16:00:00,25.686140910000002
779,0,2016-06-29 17:00:00,26.056590000000003
779,0,2016-06-29 18:00:00,26.01019227
779,0,2016-06-29 19:00:00,29.25627477
779,0,2016-06-29 20:00:00,23.824955910000003
779,0,2016-06-29 21:00:00,26.720959770000004
779,0,2016-06-29 22:00:00,25.126818180000004
779,0,2016-06-29 23:00:00,21.881556360000005
779,0,2016-06-30 00:00:00,21.97191909
779,0,2016-06-30 01:00:00,21.56565318
779,0,2016-06-30 02:00:00,21.378391590000003
779,0,2016-06-30 03:00:00,20.397297960000003
779,0,2016-06-30 04:00:00,20.06676909
779,0,2016-06-30 05:00:00,20.181547050000002
779,0,2016-06-30 06:00:00,25.493193180000002
779,0,2016-06-30 07:00:00,28.140032730000005
779,0,2016-06-30 08:00:00,27.276208410000002
779,0,2016-06-30 09:00:00,25.89702636
779,0,2016-06-30 10:00:00,25.89620568
779,0,2016-06-30 11:00:00,25.74394023
779,0,2016-06-30 12:00:00,25.408516590000005
779,0,2016-06-30 13:00:00,25.612865910000004
779,0,2016-06-30 14:00:00,25.613686590000004
779,0,2016-06-30 15:00:00,25.154486820000002
779,0,2016-06-30 16:00:00,24.446972730000002
779,0,2016-06-30 17:00:00,24.52839591
779,0,2016-06-30 18:00:00,24.92326023
779,0,2016-06-30 19:00:00,24.59677614
779,0,2016-06-30 20:00:00,21.28884954
779,0,2016-06-30 21:00:00,23.326685910000002
779,0,2016-06-30 22:00:00,21.37106409
779,0,2016-06-30 23:00:00,20.83126182
779,0,2016-07-01 00:00:00,20.57644068
779,0,2016-07-01 01:00:00,19.734569550000003
779,0,2016-07-01 02:00:00,18.94484091
779,0,2016-07-01 03:00:00,18.84550932
779,0,2016-07-01 04:00:00,19.580721360000002
779,0,2016-07-01 05:00:00,20.98431864
779,0,2016-07-01 06:00:00,24.06025659
779,0,2016-07-01 07:00:00,26.316305910000004
779,0,2016-07-01 08:00:00,25.131683640000002
779,0,2016-07-01 09:00:00,26.011804320000003
779,0,2016-07-01 10:00:00,25.77732432
779,0,2016-07-01 11:00:00,25.401189090000003
779,0,2016-07-01 12:00:00,26.104629090000003
779,0,2016-07-01 13:00:00,26.024026590000002
779,0,2016-07-01 14:00:00,25.511101590000003
779,0,2016-07-01 15:00:00,25.42478364
779,0,2016-07-01 16:00:00,25.11377523
779,0,2016-07-01 17:00:00,25.038888180000004
779,0,2016-07-01 18:00:00,27.566055000000002
779,0,2016-07-01 19:00:00,25.856314770000004
779,0,2016-07-01 20:00:00,22.91798727
779,0,2016-07-01 21:00:00,24.653784090000002
779,0,2016-07-01 22:00:00,23.824135230000003
779,0,2016-07-01 23:00:00,22.27152591
779,0,2016-07-02 00:00:00,22.616739090000003
779,0,2016-07-02 01:00:00,21.255436140000004
779,0,2016-07-02 02:00:00,20.272730460000002
779,0,2016-07-02 03:00:00,19.471600230000004
779,0,2016-07-02 04:00:00,19.271325
779,0,2016-07-02 05:00:00,18.948094320000003
779,0,2016-07-02 06:00:00,23.627934090000004
779,0,2016-07-02 07:00:00,24.564212730000005
779,0,2016-07-02 08:00:00,24.46162773
779,0,2016-07-02 09:00:00,25.892952270000002
779,0,2016-07-02 10:00:00,26.11521
779,0,2016-07-02 11:00:00,26.550785910000002
779,0,2016-07-02 12:00:00,24.434779770000002
779,0,2016-07-02 13:00:00,25.31487114
779,0,2016-07-02 14:00:00,27.35924364
779,0,2016-07-02 15:00:00,25.12435614
779,0,2016-07-02 16:00:00,24.226327050000002
779,0,2016-07-02 17:00:00,23.991055680000002
779,0,2016-07-02 18:00:00,23.982907500000003
779,0,2016-07-02 19:00:00,23.303882730000005
779,0,2016-07-02 20:00:00,20.65947591
779,0,2016-07-02 21:00:00,20.019550680000002
779,0,2016-07-02 22:00:00,19.50823773
779,0,2016-07-02 23:00:00,19.608390000000004
779,0,2016-07-03 00:00:00,19.259923410000003
779,0,2016-07-03 01:00:00,18.85040409
779,0,2016-07-03 02:00:00,18.89436909
779,0,2016-07-03 03:00:00,18.638727270000004
779,0,2016-07-03 04:00:00,18.770622270000004
779,0,2016-07-03 05:00:00,18.77956182
779,0,2016-07-03 06:00:00,23.4406725
779,0,2016-07-03 07:00:00,23.899051590000003
779,0,2016-07-03 08:00:00,23.823314550000003
779,0,2016-07-03 09:00:00,23.54894364
779,0,2016-07-03 10:00:00,23.380411140000003
779,0,2016-07-03 11:00:00,23.29737591
779,0,2016-07-03 12:00:00,23.574208860000002
779,0,2016-07-03 13:00:00,24.027693180000004
779,0,2016-07-03 14:00:00,23.92264614
779,0,2016-07-03 15:00:00,23.785885680000003
779,0,2016-07-03 16:00:00,24.698569770000002
779,0,2016-07-03 17:00:00,24.83125614
779,0,2016-07-03 18:00:00,24.319972500000002
779,0,2016-07-03 19:00:00,22.231635
779,0,2016-07-03 20:00:00,20.39650659
779,0,2016-07-03 21:00:00,19.81924614
779,0,2016-07-03 22:00:00,19.77935523
779,0,2016-07-03 23:00:00,19.40404068
779,0,2016-07-04 00:00:00,18.99123864
779,0,2016-07-04 01:00:00,18.746177730000003
779,0,2016-07-04 02:00:00,18.848762730000004
779,0,2016-07-04 03:00:00,18.996133410000002
779,0,2016-07-04 04:00:00,19.050679320000004
779,0,2016-07-04 05:00:00,18.918784320000004
779,0,2016-07-04 06:00:00,23.31935841
779,0,2016-07-04 07:00:00,23.941375230000002
779,0,2016-07-04 08:00:00,24.006531360000004
779,0,2016-07-04 09:00:00,23.801361360000005
779,0,2016-07-04 10:00:00,23.411362500000003
779,0,2016-07-04 11:00:00,23.58965523
779,0,2016-07-04 12:00:00,23.65234932
779,0,2016-07-04 13:00:00,23.77284273
779,0,2016-07-04 14:00:00,23.943837270000003
779,0,2016-07-04 15:00:00,23.86730886
779,0,2016-07-04 16:00:00,24.039094770000002
779,0,2016-07-04 17:00:00,23.991847050000004
779,0,2016-07-04 18:00:00,24.15551409
779,0,2016-07-04 19:00:00,21.995513640000002
779,0,2016-07-04 20:00:00,19.639341360000003
779,0,2016-07-04 21:00:00,18.978225000000002
779,0,2016-07-04 22:00:00,19.207018860000005
779,0,2016-07-04 23:00:00,19.11337341
779,0,2016-07-05 00:00:00,19.42927659
779,0,2016-07-05 01:00:00,19.21595841
779,0,2016-07-05 02:00:00,19.08895818
779,0,2016-07-05 03:00:00,19.03112955
779,0,2016-07-05 04:00:00,19.864852500000005
779,0,2016-07-05 05:00:00,19.619791590000002
779,0,2016-07-05 06:00:00,25.398756360000004
779,0,2016-07-05 07:00:00,26.6501175
779,0,2016-07-05 08:00:00,26.164040460000002
779,0,2016-07-05 09:00:00,26.573589090000002
779,0,2016-07-05 10:00:00,27.290042730000003
779,0,2016-07-05 11:00:00,26.3570175
779,0,2016-07-05 12:00:00,25.67720136
779,0,2016-07-05 13:00:00,23.31285159
779,0,2016-07-05 14:00:00,24.801946140000002
779,0,2016-07-05 15:00:00,24.66193227
779,0,2016-07-05 16:00:00,24.37208568
779,0,2016-07-05 17:00:00,25.049469090000002
779,0,2016-07-05 18:00:00,25.092613410000002
779,0,2016-07-05 19:00:00,24.695316360000003
779,0,2016-07-05 20:00:00,20.76452295
779,0,2016-07-05 21:00:00,20.42824932
779,0,2016-07-05 22:00:00,21.04293864
779,0,2016-07-05 23:00:00,20.401372050000003
779,0,2016-07-06 00:00:00,19.58722818
779,0,2016-07-06 01:00:00,18.798290910000002
779,0,2016-07-06 02:00:00,18.79260477
779,0,2016-07-06 03:00:00,18.707928180000003
779,0,2016-07-06 04:00:00,19.496836140000003
779,0,2016-07-06 05:00:00,19.280264550000002
779,0,2016-07-06 06:00:00,24.307750230000003
779,0,2016-07-06 07:00:00,24.716478180000003
779,0,2016-07-06 08:00:00,25.388175450000002
779,0,2016-07-06 09:00:00,27.36657114
779,0,2016-07-06 10:00:00,27.331575
779,0,2016-07-06 11:00:00,26.491345230000004
779,0,2016-07-06 12:00:00,27.313666590000004
779,0,2016-07-06 13:00:00,25.97191341
779,0,2016-07-06 14:00:00,27.11257068
779,0,2016-07-06 15:00:00,24.793797960000003
779,0,2016-07-06 16:00:00,25.42399227
779,0,2016-07-06 17:00:00,26.61509205
779,0,2016-07-06 18:00:00,30.2405925
779,0,2016-07-06 19:00:00,25.459809090000004
779,0,2016-07-06 20:00:00,21.308370000000004
779,0,2016-07-06 21:00:00,24.543871590000002
779,0,2016-07-06 22:00:00,26.647684770000005
779,0,2016-07-06 23:00:00,23.1475725
779,0,2016-07-07 00:00:00,20.227974090000004
779,0,2016-07-07 01:00:00,19.17442614
779,0,2016-07-07 02:00:00,18.82109409
779,0,2016-07-07 03:00:00,18.38877159
779,0,2016-07-07 04:00:00,18.23407341
779,0,2016-07-07 05:00:00,19.55302341
779,0,2016-07-07 06:00:00,22.372498860000004
779,0,2016-07-07 07:00:00,24.201091140000003
779,0,2016-07-07 08:00:00,24.79300659
779,0,2016-07-07 09:00:00,26.335035
779,0,2016-07-07 10:00:00,25.757803860000003
779,0,2016-07-07 11:00:00,22.197430230000002
779,0,2016-07-07 12:00:00,20.788117500000002
779,0,2016-07-07 13:00:00,17.581105230000002
779,0,2016-07-07 14:00:00,17.73093795
779,0,2016-07-07 15:00:00,17.164258410000002
779,0,2016-07-07 16:00:00,17.406065910000002
779,0,2016-07-07 17:00:00,18.22105977
779,0,2016-07-07 18:00:00,19.27296636
779,0,2016-07-07 19:00:00,19.62222432
779,0,2016-07-07 20:00:00,17.673930000000002
779,0,2016-07-07 21:00:00,18.12498159
779,0,2016-07-07 22:00:00,20.609004090000003
779,0,2016-07-07 23:00:00,20.320798860000004
779,0,2016-07-08 00:00:00,18.003667500000002
779,0,2016-07-08 01:00:00,16.52594523
779,0,2016-07-08 02:00:00,16.214936820000002
779,0,2016-07-08 03:00:00,16.398945
779,0,2016-07-08 04:00:00,16.2450675
779,0,2016-07-08 05:00:00,17.80095954
779,0,2016-07-08 06:00:00,18.683483640000002
779,0,2016-07-08 07:00:00,18.638727270000004
779,0,2016-07-08 08:00:00,18.89680182
779,0,2016-07-08 09:00:00,19.09628568
779,0,2016-07-08 10:00:00,19.291666140000004
779,0,2016-07-08 11:00:00,19.620612270000002
779,0,2016-07-08 12:00:00,19.41218886
779,0,2016-07-08 13:00:00,19.81599273
779,0,2016-07-08 14:00:00,20.052934770000004
779,0,2016-07-08 15:00:00,21.799312500000003
779,0,2016-07-08 16:00:00,26.523908640000002
779,0,2016-07-08 17:00:00,25.66741182
779,0,2016-07-08 18:00:00,24.017932950000002
779,0,2016-07-08 19:00:00,24.32161386
779,0,2016-07-08 20:00:00,21.241601820000003
779,0,2016-07-08 21:00:00,22.901690910000003
779,0,2016-07-08 22:00:00,20.52350682
779,0,2016-07-08 23:00:00,21.864439320000002
779,0,2016-07-09 00:00:00,21.572980680000004
779,0,2016-07-09 01:00:00,19.237120230000002
779,0,2016-07-09 02:00:00,18.19257045
779,0,2016-07-09 03:00:00,17.8571175
779,0,2016-07-09 04:00:00,17.893755000000002
779,0,2016-07-09 05:00:00,17.90026182
779,0,2016-07-09 06:00:00,22.94322318
779,0,2016-07-09 07:00:00,23.267245230000004
779,0,2016-07-09 08:00:00,23.46916182
779,0,2016-07-09 09:00:00,25.70894409
779,0,2016-07-09 10:00:00,25.744760910000004
779,0,2016-07-09 11:00:00,26.822724090000005
779,0,2016-07-09 12:00:00,26.54999454
779,0,2016-07-09 13:00:00,27.263194770000002
779,0,2016-07-09 14:00:00,28.838607270000004
779,0,2016-07-09 15:00:00,28.455144540000003
779,0,2016-07-09 16:00:00,27.43823409
779,0,2016-07-09 17:00:00,27.15164091
779,0,2016-07-09 18:00:00,28.007346360000003
779,0,2016-07-09 19:00:00,29.929613400000004
779,0,2016-07-09 20:00:00,24.255666360000003
779,0,2016-07-09 21:00:00,24.403007730000002
779,0,2016-07-09 22:00:00,25.67391864
779,0,2016-07-09 23:00:00,24.48199818
779,0,2016-07-10 00:00:00,22.03215114
779,0,2016-07-10 01:00:00,19.41380091
779,0,2016-07-10 02:00:00,22.909018410000005
779,0,2016-07-10 03:00:00,20.23366023
779,0,2016-07-10 04:00:00,18.50275818
779,0,2016-07-10 05:00:00,18.333405000000003
779,0,2016-07-10 06:00:00,25.029098640000004
779,0,2016-07-10 07:00:00,27.50254023
779,0,2016-07-10 08:00:00,26.789340000000003
779,0,2016-07-10 09:00:00,27.73945296
779,0,2016-07-10 10:00:00,26.037860910000003
779,0,2016-07-10 11:00:00,26.87158386
779,0,2016-07-10 12:00:00,27.12801705
779,0,2016-07-10 13:00:00,29.3141034
779,0,2016-07-10 14:00:00,24.755548410000003
779,0,2016-07-10 15:00:00,25.45248159
779,0,2016-07-10 16:00:00,28.302087720000003
779,0,2016-07-10 17:00:00,26.032966140000003
779,0,2016-07-10 18:00:00,25.241596140000002
779,0,2016-07-10 19:00:00,26.186052270000005
779,0,2016-07-10 20:00:00,27.450456360000004
779,0,2016-07-10 21:00:00,25.140652500000005
779,0,2016-07-10 22:00:00,22.14206364
779,0,2016-07-10 23:00:00,25.002250680000003
779,0,2016-07-11 00:00:00,22.55647773
779,0,2016-07-11 01:00:00,21.59253045
779,0,2016-07-11 02:00:00,19.524534090000003
779,0,2016-07-11 03:00:00,18.618356820000002
779,0,2016-07-11 04:00:00,19.764700230000003
779,0,2016-07-11 05:00:00,18.995312730000002
779,0,2016-07-11 06:00:00,24.13353159
779,0,2016-07-11 07:00:00,25.142264550000004
779,0,2016-07-11 08:00:00,25.31082636
779,0,2016-07-11 09:00:00,24.683914770000005
779,0,2016-07-11 10:00:00,24.06351
779,0,2016-07-11 11:00:00,23.55873318
779,0,2016-07-11 12:00:00,23.5579125
779,0,2016-07-11 13:00:00,24.55527318
779,0,2016-07-11 14:00:00,23.452894770000004
779,0,2016-07-11 15:00:00,24.258099090000005
779,0,2016-07-11 16:00:00,24.08385114
779,0,2016-07-11 17:00:00,24.199479090000004
779,0,2016-07-11 18:00:00,25.162635
779,0,2016-07-11 19:00:00,26.89274568
779,0,2016-07-11 20:00:00,23.132096820000005
779,0,2016-07-11 21:00:00,25.59741954
779,0,2016-07-11 22:00:00,26.46693
779,0,2016-07-11 23:00:00,25.349896590000004
779,0,2016-07-12 00:00:00,23.447179320000004
779,0,2016-07-12 01:00:00,22.514974770000002
779,0,2016-07-12 02:00:00,19.09789773
779,0,2016-07-12 03:00:00,18.50275818
779,0,2016-07-12 04:00:00,18.92449977
779,0,2016-07-12 05:00:00,20.214139770000003
779,0,2016-07-12 06:00:00,23.2061925
779,0,2016-07-12 07:00:00,24.48035682
779,0,2016-07-12 08:00:00,25.213927500000004
779,0,2016-07-12 09:00:00,25.776532950000004
779,0,2016-07-12 10:00:00,26.335035
779,0,2016-07-12 11:00:00,25.492372500000002
779,0,2016-07-12 12:00:00,25.200884550000005
779,0,2016-07-12 13:00:00,23.233069770000004
779,0,2016-07-12 14:00:00,24.97294068
779,0,2016-07-12 15:00:00,24.144112500000002
779,0,2016-07-12 16:00:00,24.559347270000004
779,0,2016-07-12 17:00:00,29.433102
779,0,2016-07-12 18:00:00,29.452446600000005
779,0,2016-07-12 19:00:00,32.132553
779,0,2016-07-12 20:00:00,24.43557114
779,0,2016-07-12 21:00:00,26.63138841
779,0,2016-07-12 22:00:00,26.877270000000003
779,0,2016-07-12 23:00:00,28.622856360000004
779,0,2016-07-13 00:00:00,23.941375230000002
779,0,2016-07-13 01:00:00,20.30368182
779,0,2016-07-13 02:00:00,18.756787950000003
779,0,2016-07-13 03:00:00,18.479955
779,0,2016-07-13 04:00:00,19.27621977
779,0,2016-07-13 05:00:00,19.53104091
779,0,2016-07-13 06:00:00,24.60410364
779,0,2016-07-13 07:00:00,25.89049023
779,0,2016-07-13 08:00:00,29.848131600000002
779,0,2016-07-13 09:00:00,26.07042432
779,0,2016-07-13 10:00:00,27.539998410000003
779,0,2016-07-13 11:00:00,25.6389225
779,0,2016-07-13 12:00:00,27.575023860000005
779,0,2016-07-13 13:00:00,29.532169800000002
779,0,2016-07-13 14:00:00,27.06535227
779,0,2016-07-13 15:00:00,28.850008860000003
779,0,2016-07-13 16:00:00,31.0987893
779,0,2016-07-13 17:00:00,35.0996043
779,0,2016-07-13 18:00:00,27.773657730000004
779,0,2016-07-13 19:00:00,25.796874090000003
779,0,2016-07-13 20:00:00,32.5129968
779,0,2016-07-13 21:00:00,33.244867500000005
779,0,2016-07-13 22:00:00,32.2084659
779,0,2016-07-13 23:00:00,26.271520230000004
779,0,2016-07-14 00:00:00,24.022798410000004
779,0,2016-07-14 01:00:00,22.149391140000002
779,0,2016-07-14 02:00:00,19.839616590000002
779,0,2016-07-14 03:00:00,20.08875159
779,0,2016-07-14 04:00:00,20.592707730000004
779,0,2016-07-14 05:00:00,18.93590136
779,0,2016-07-14 06:00:00,23.296555230000003
779,0,2016-07-14 07:00:00,26.36027091
779,0,2016-07-14 08:00:00,26.728287270000003
779,0,2016-07-14 09:00:00,27.868915230000002
779,0,2016-07-14 10:00:00,27.224915910000004
779,0,2016-07-14 11:00:00,25.218822270000004
779,0,2016-07-14 12:00:00,26.725033860000003
779,0,2016-07-14 13:00:00,26.242239540000003
779,0,2016-07-14 14:00:00,24.752295000000004
779,0,2016-07-14 15:00:00,25.370237730000003
779,0,2016-07-14 16:00:00,30.0990252
779,0,2016-07-14 17:00:00,28.342740690000003
779,0,2016-07-14 18:00:00,36.556897500000005
779,0,2016-07-14 19:00:00,32.4136359
779,0,2016-07-14 20:00:00,26.942396820000003
779,0,2016-07-14 21:00:00,32.47694550000001
779,0,2016-07-14 22:00:00,30.246161400000002
779,0,2016-07-14 23:00:00,27.528596820000004
779,0,2016-07-15 00:00:00,26.964379320000006
779,0,2016-07-15 01:00:00,22.134736140000005
779,0,2016-07-15 02:00:00,20.959903410000003
779,0,2016-07-15 03:00:00,19.73539023
779,0,2016-07-15 04:00:00,20.519432730000002
779,0,2016-07-15 05:00:00,19.588019550000002
779,0,2016-07-15 06:00:00,24.113981820000003
779,0,2016-07-15 07:00:00,25.61450727
779,0,2016-07-15 08:00:00,27.153282270000002
779,0,2016-07-15 09:00:00,27.673534770000003
779,0,2016-07-15 10:00:00,25.909219320000002
779,0,2016-07-15 11:00:00,25.79036727
779,0,2016-07-15 12:00:00,27.85751364
779,0,2016-07-15 13:00:00,28.67335749
779,0,2016-07-15 14:00:00,33.1088691
779,0,2016-07-15 15:00:00,30.405900900000002
779,0,2016-07-15 16:00:00,27.02950614
779,0,2016-07-15 17:00:00,30.197506800000003
779,0,2016-07-15 18:00:00,30.528123600000004
779,0,2016-07-15 19:00:00,33.826377900000004
779,0,2016-07-15 20:00:00,37.9702257
779,0,2016-07-15 21:00:00,32.6064957
779,0,2016-07-15 22:00:00,25.992254550000002
779,0,2016-07-15 23:00:00,29.195222040000004
779,0,2016-07-16 00:00:00,31.984537500000002
779,0,2016-07-16 01:00:00,25.597390230000002
779,0,2016-07-16 02:00:00,20.880912960000003
779,0,2016-07-16 03:00:00,18.948094320000003
779,0,2016-07-16 04:00:00,19.017295230000002
779,0,2016-07-16 05:00:00,18.87481932
779,0,2016-07-16 06:00:00,24.000024540000002
779,0,2016-07-16 07:00:00,27.14106
779,0,2016-07-16 08:00:00,28.657881810000003
779,0,2016-07-16 09:00:00,29.844028200000004
779,0,2016-07-16 10:00:00,26.15999568
779,0,2016-07-16 11:00:00,24.564212730000005
779,0,2016-07-16 12:00:00,25.514355000000002
779,0,2016-07-16 13:00:00,27.197217960000003
779,0,2016-07-16 14:00:00,28.183206360000003
779,0,2016-07-16 15:00:00,38.49458160000001
779,0,2016-07-16 16:00:00,29.323775700000002
779,0,2016-07-16 17:00:00,34.622437500000004
779,0,2016-07-16 18:00:00,34.025685900000006
779,0,2016-07-16 19:00:00,30.689328600000003
779,0,2016-07-16 20:00:00,30.956342700000004
779,0,2016-07-16 21:00:00,26.407489320000003
779,0,2016-07-16 22:00:00,28.608201360000002
779,0,2016-07-16 23:00:00,26.555680680000002
779,0,2016-07-17 00:00:00,27.65234364
779,0,2016-07-17 01:00:00,25.90757796
779,0,2016-07-17 02:00:00,22.923673410000003
779,0,2016-07-17 03:00:00,21.695086140000004
779,0,2016-07-17 04:00:00,20.702620230000004
779,0,2016-07-17 05:00:00,20.4363975
779,0,2016-07-17 06:00:00,24.999788640000002
779,0,2016-07-17 07:00:00,25.68370818
779,0,2016-07-17 08:00:00,26.354584770000002
779,0,2016-07-17 09:00:00,27.370645230000004
779,0,2016-07-17 10:00:00,35.7508725
779,0,2016-07-17 11:00:00,30.589088400000005
779,0,2016-07-17 12:00:00,30.4759518
779,0,2016-07-17 13:00:00,36.6292932
779,0,2016-07-17 14:00:00,34.001944800000004
779,0,2016-07-17 15:00:00,32.0050545
779,0,2016-07-17 16:00:00,36.505605
779,0,2016-07-17 17:00:00,31.816005
779,0,2016-07-17 18:00:00,30.9847734
779,0,2016-07-17 19:00:00,31.112565000000004
779,0,2016-07-17 20:00:00,28.515376590000002
779,0,2016-07-17 21:00:00,28.86630522
779,0,2016-07-17 22:00:00,32.97375
779,0,2016-07-17 23:00:00,32.4998073
779,0,2016-07-18 00:00:00,24.855700680000005
779,0,2016-07-18 01:00:00,23.54976432
779,0,2016-07-18 02:00:00,22.91470455
779,0,2016-07-18 03:00:00,20.31344205
779,0,2016-07-18 04:00:00,20.217393180000002
779,0,2016-07-18 05:00:00,20.29066818
779,0,2016-07-18 06:00:00,24.25484568
779,0,2016-07-18 07:00:00,25.989821820000003
779,0,2016-07-18 08:00:00,25.67881341
779,0,2016-07-18 09:00:00,26.550785910000002
779,0,2016-07-18 10:00:00,28.61960295
779,0,2016-07-18 11:00:00,26.383074090000004
779,0,2016-07-18 12:00:00,27.50418159
779,0,2016-07-18 13:00:00,28.182385680000003
779,0,2016-07-18 14:00:00,26.058202050000002
779,0,2016-07-18 15:00:00,25.356403410000002
779,0,2016-07-18 16:00:00,27.723215220000004
779,0,2016-07-18 17:00:00,29.843148900000003
779,0,2016-07-18 18:00:00,31.919469300000003
779,0,2016-07-18 19:00:00,30.311522700000005
779,0,2016-07-18 20:00:00,25.40769591
779,0,2016-07-18 21:00:00,28.221455910000003
779,0,2016-07-18 22:00:00,29.15046567
779,0,2016-07-18 23:00:00,24.622012050000002
779,0,2016-07-19 00:00:00,24.515382270000003
779,0,2016-07-19 01:00:00,24.372877050000003
779,0,2016-07-19 02:00:00,22.888677270000002
779,0,2016-07-19 03:00:00,21.117034320000002
779,0,2016-07-19 04:00:00,20.455947270000003
779,0,2016-07-19 05:00:00,19.640132730000005
779,0,2016-07-19 06:00:00,24.53654409
779,0,2016-07-19 07:00:00,24.920827500000005
779,0,2016-07-19 08:00:00,25.677172050000003
779,0,2016-07-19 09:00:00,27.835560450000003
779,0,2016-07-19 10:00:00,28.749065220000006
779,0,2016-07-19 11:00:00,29.342534100000005
779,0,2016-07-19 12:00:00,32.2767582
779,0,2016-07-19 13:00:00,25.09994091
779,0,2016-07-19 14:00:00,24.6570375
779,0,2016-07-19 15:00:00,26.793414090000002
779,0,2016-07-19 16:00:00,29.183820450000002
779,0,2016-07-19 17:00:00,29.859562500000003
779,0,2016-07-19 18:00:00,31.430285400000002
779,0,2016-07-19 19:00:00,29.530704300000004
779,0,2016-07-19 20:00:00,24.488505
779,0,2016-07-19 21:00:00,24.662723640000003
779,0,2016-07-19 22:00:00,25.23265659
779,0,2016-07-19 23:00:00,26.124149550000002
779,0,2016-07-20 00:00:00,25.849778640000004
779,0,2016-07-20 01:00:00,24.917574090000006
779,0,2016-07-20 02:00:00,22.514974770000002
779,0,2016-07-20 03:00:00,20.570725230000004
779,0,2016-07-20 04:00:00,20.876868180000002
779,0,2016-07-20 05:00:00,21.716277270000003
779,0,2016-07-20 06:00:00,23.93243568
779,0,2016-07-20 07:00:00,25.74558159
779,0,2016-07-20 08:00:00,25.464703860000004
779,0,2016-07-20 09:00:00,25.954825680000003
779,0,2016-07-20 10:00:00,26.100555
779,0,2016-07-20 11:00:00,24.86628159
779,0,2016-07-20 12:00:00,26.11846341
779,0,2016-07-20 13:00:00,25.63566909
779,0,2016-07-20 14:00:00,30.755862300000004
779,0,2016-07-20 15:00:00,31.443181800000005
779,0,2016-07-20 16:00:00,29.5852209
779,0,2016-07-20 17:00:00,25.997149320000002
779,0,2016-07-20 18:00:00,24.629339550000005
779,0,2016-07-20 19:00:00,25.949110230000002
779,0,2016-07-20 20:00:00,25.53469614
779,0,2016-07-20 21:00:00,28.021151370000002
779,0,2016-07-20 22:00:00,29.054328870000003
779,0,2016-07-20 23:00:00,29.6031
779,0,2016-07-21 00:00:00,24.953390910000003
779,0,2016-07-21 01:00:00,23.62060659
779,0,2016-07-21 02:00:00,23.14596045
779,0,2016-07-21 03:00:00,20.84105136
779,0,2016-07-21 04:00:00,19.37716341
779,0,2016-07-21 05:00:00,20.697725460000004
779,0,2016-07-21 06:00:00,24.154693410000004
779,0,2016-07-21 07:00:00,25.020159090000003
779,0,2016-07-21 08:00:00,24.549557730000004
779,0,2016-07-21 09:00:00,26.712811590000005
779,0,2016-07-21 10:00:00,27.19074045
779,0,2016-07-21 11:00:00,24.775889550000002
779,0,2016-07-21 12:00:00,26.357838180000005
779,0,2016-07-21 13:00:00,26.99776341
779,0,2016-07-21 14:00:00,24.17831727
779,0,2016-07-21 15:00:00,25.633236360000005
779,0,2016-07-21 16:00:00,25.839197730000002
779,0,2016-07-21 17:00:00,26.14044591
779,0,2016-07-21 18:00:00,28.315072050000005
779,0,2016-07-21 19:00:00,27.36413841
779,0,2016-07-21 20:00:00,25.916546820000004
779,0,2016-07-21 21:00:00,26.511715680000002
779,0,2016-07-21 22:00:00,24.78811182
779,0,2016-07-21 23:00:00,29.529825000000002
779,0,2016-07-22 00:00:00,26.88785091
779,0,2016-07-22 01:00:00,23.346235680000003
779,0,2016-07-22 02:00:00,21.018523410000004
779,0,2016-07-22 03:00:00,19.81194795
779,0,2016-07-22 04:00:00,20.07491727
779,0,2016-07-22 05:00:00,19.058827500000003
779,0,2016-07-22 06:00:00,23.33319273
779,0,2016-07-22 07:00:00,24.60817773
779,0,2016-07-22 08:00:00,25.96051182
779,0,2016-07-22 09:00:00,25.853061360000005
779,0,2016-07-22 10:00:00,26.44412682
779,0,2016-07-22 11:00:00,26.53205682
779,0,2016-07-22 12:00:00,27.21351432
779,0,2016-07-22 13:00:00,29.428119300000006
779,0,2016-07-22 14:00:00,32.4502734
779,0,2016-07-22 15:00:00,29.782184100000006
779,0,2016-07-22 16:00:00,31.553094300000005
779,0,2016-07-22 17:00:00,28.89966
779,0,2016-07-22 18:00:00,28.428267270000003
779,0,2016-07-22 19:00:00,34.01659980000001
779,0,2016-07-22 20:00:00,28.819057500000003
779,0,2016-07-22 21:00:00,30.321195000000003
779,0,2016-07-22 22:00:00,38.0030529
779,0,2016-07-22 23:00:00,35.5937709
779,0,2016-07-23 00:00:00,34.37242320000001
779,0,2016-07-23 01:00:00,23.859981360000003
779,0,2016-07-23 02:00:00,22.26663114
779,0,2016-07-23 03:00:00,21.739871820000005
779,0,2016-07-23 04:00:00,21.131689320000003
779,0,2016-07-23 05:00:00,19.924293180000003
779,0,2016-07-23 06:00:00,25.330346820000003
779,0,2016-07-23 07:00:00,26.365957050000002
779,0,2016-07-23 08:00:00,25.172395230000003
779,0,2016-07-23 09:00:00,24.807661590000006
779,0,2016-07-23 10:00:00,25.20495864
779,0,2016-07-23 11:00:00,25.924695000000003
779,0,2016-07-23 12:00:00,27.246898410000004
779,0,2016-07-23 13:00:00,26.474257500000004
779,0,2016-07-23 14:00:00,25.393861590000004
779,0,2016-07-23 15:00:00,25.572975000000003
779,0,2016-07-23 16:00:00,25.580302500000005
779,0,2016-07-23 17:00:00,26.45473704
779,0,2016-07-23 18:00:00,33.0983175
779,0,2016-07-23 19:00:00,30.029853600000003
779,0,2016-07-23 20:00:00,33.728482500000005
779,0,2016-07-23 21:00:00,32.2758789
779,0,2016-07-23 22:00:00,35.4879618
779,0,2016-07-23 23:00:00,30.220954800000005
779,0,2016-07-24 00:00:00,27.967455450000003
779,0,2016-07-24 01:00:00,26.825156820000004
779,0,2016-07-24 02:00:00,22.95949023
779,0,2016-07-24 03:00:00,21.59250114
779,0,2016-07-24 04:00:00,20.11562886
779,0,2016-07-24 05:00:00,19.529428860000003
779,0,2016-07-24 06:00:00,23.979654090000004
779,0,2016-07-24 07:00:00,24.420916140000003
779,0,2016-07-24 08:00:00,24.705897270000005
779,0,2016-07-24 09:00:00,28.500750900000003
779,0,2016-07-24 10:00:00,27.874630680000003
779,0,2016-07-24 11:00:00,32.3362575
779,0,2016-07-24 12:00:00,31.333269300000005
779,0,2016-07-24 13:00:00,31.665351600000005
779,0,2016-07-24 14:00:00,30.362815200000004
779,0,2016-07-24 15:00:00,29.13252795
779,0,2016-07-24 16:00:00,29.682823200000005
779,0,2016-07-24 17:00:00,28.109110680000004
779,0,2016-07-24 18:00:00,28.96314546
779,0,2016-07-24 19:00:00,33.8254986
779,0,2016-07-24 20:00:00,33.145506600000004
779,0,2016-07-24 21:00:00,29.953940700000004
779,0,2016-07-24 22:00:00,33.0232839
779,0,2016-07-24 23:00:00,30.348160200000002
779,0,2016-07-25 00:00:00,24.20191182
779,0,2016-07-25 01:00:00,22.81458159
779,0,2016-07-25 02:00:00,22.12497591
779,0,2016-07-25 03:00:00,20.37291204
779,0,2016-07-25 04:00:00,20.40465477
779,0,2016-07-25 05:00:00,20.7294975
779,0,2016-07-25 06:00:00,26.44576818
779,0,2016-07-25 07:00:00,27.960919320000002
779,0,2016-07-25 08:00:00,28.6431975
779,0,2016-07-25 09:00:00,27.338902500000003
779,0,2016-07-25 10:00:00,28.045595910000003
779,0,2016-07-25 11:00:00,27.0897675
779,0,2016-07-25 12:00:00,29.483515200000003
779,0,2016-07-25 13:00:00,25.668232500000002
779,0,2016-07-25 14:00:00,25.34256909
779,0,2016-07-25 15:00:00,24.758801820000002
779,0,2016-07-25 16:00:00,26.111956590000002
779,0,2016-07-25 17:00:00,28.983545220000003
779,0,2016-07-25 18:00:00,30.4873827
779,0,2016-07-25 19:00:00,31.434095700000004
779,0,2016-07-25 20:00:00,31.860849300000005
779,0,2016-07-25 21:00:00,32.2873098
779,0,2016-07-25 22:00:00,28.943625000000004
779,0,2016-07-25 23:00:00,24.591090000000005
779,0,2016-07-26 00:00:00,23.121515910000003
779,0,2016-07-26 01:00:00,25.80256023
779,0,2016-07-26 02:00:00,21.26276364
779,0,2016-07-26 03:00:00,19.38287886
779,0,2016-07-26 04:00:00,20.14004409
779,0,2016-07-26 05:00:00,23.613279090000002
779,0,2016-07-26 06:00:00,26.204752050000003
779,0,2016-07-26 07:00:00,25.288023180000003
779,0,2016-07-26 08:00:00,24.775918860000004
779,0,2016-07-26 09:00:00,26.18684364
779,0,2016-07-26 10:00:00,26.681068860000003
779,0,2016-07-26 11:00:00,28.17505818
779,0,2016-07-26 12:00:00,26.61591273
779,0,2016-07-26 13:00:00,23.57092614
779,0,2016-07-26 14:00:00,25.836765000000003
779,0,2016-07-26 15:00:00,26.841453180000002
779,0,2016-07-26 16:00:00,27.097095000000003
779,0,2016-07-26 17:00:00,28.032582270000002
779,0,2016-07-26 18:00:00,27.884390910000004
779,0,2016-07-26 19:00:00,28.78159932
779,0,2016-07-26 20:00:00,26.932607280000003
779,0,2016-07-26 21:00:00,27.65641773
779,0,2016-07-26 22:00:00,25.476896820000004
779,0,2016-07-26 23:00:00,28.267882950000004
779,0,2016-07-27 00:00:00,26.69326182
779,0,2016-07-27 01:00:00,22.950550680000003
779,0,2016-07-27 02:00:00,21.112168860000004
779,0,2016-07-27 03:00:00,19.498477500000003
779,0,2016-07-27 04:00:00,20.197843410000004
779,0,2016-07-27 05:00:00,22.609411590000004
779,0,2016-07-27 06:00:00,25.273368180000002
779,0,2016-07-27 07:00:00,24.23611659
779,0,2016-07-27 08:00:00,25.818035910000003
779,0,2016-07-27 09:00:00,26.103017040000005
779,0,2016-07-27 10:00:00,27.874630680000003
779,0,2016-07-27 11:00:00,25.546097730000003
779,0,2016-07-27 12:00:00,26.135580450000003
779,0,2016-07-27 13:00:00,26.625702270000005
779,0,2016-07-27 14:00:00,28.6546284
779,0,2016-07-27 15:00:00,32.134311600000004
779,0,2016-07-27 16:00:00,27.659700450000003
779,0,2016-07-27 17:00:00,32.9989566
779,0,2016-07-27 18:00:00,28.84997955
779,0,2016-07-27 19:00:00,28.293089550000005
779,0,2016-07-27 20:00:00,31.5384393
779,0,2016-07-27 21:00:00,32.7814764
779,0,2016-07-27 22:00:00,30.477417300000003
779,0,2016-07-27 23:00:00,27.97067955
779,0,2016-07-28 00:00:00,28.503154320000004
779,0,2016-07-28 01:00:00,23.649916590000004
779,0,2016-07-28 02:00:00,20.753912730000003
779,0,2016-07-28 03:00:00,19.72237659
779,0,2016-07-28 04:00:00,20.085498180000002
779,0,2016-07-28 05:00:00,21.511107270000004
779,0,2016-07-28 06:00:00,25.17078318
779,0,2016-07-28 07:00:00,25.345001820000004
779,0,2016-07-28 08:00:00,26.09730159
779,0,2016-07-28 09:00:00,27.791566140000004
779,0,2016-07-28 10:00:00,28.375362720000002
779,0,2016-07-28 11:00:00,25.65929295
779,0,2016-07-28 12:00:00,26.794234770000003
779,0,2016-07-28 13:00:00,26.56790295
779,0,2016-07-28 14:00:00,24.982700910000002
779,0,2016-07-28 15:00:00,26.247105
779,0,2016-07-28 16:00:00,25.969480680000004
779,0,2016-07-28 17:00:00,26.82026205
779,0,2016-07-28 18:00:00,26.475898860000004
779,0,2016-07-28 19:00:00,26.316305910000004
779,0,2016-07-28 20:00:00,23.896618860000004
779,0,2016-07-28 21:00:00,25.703228640000003
779,0,2016-07-28 22:00:00,24.051287730000002
779,0,2016-07-28 23:00:00,26.167323180000004
779,0,2016-07-29 00:00:00,23.526169770000003
779,0,2016-07-29 01:00:00,24.290662500000003
779,0,2016-07-29 02:00:00,19.48056909
779,0,2016-07-29 03:00:00,19.351927500000002
779,0,2016-07-29 04:00:00,19.37880477
779,0,2016-07-29 05:00:00,21.65601591
779,0,2016-07-29 06:00:00,25.484224320000003
779,0,2016-07-29 07:00:00,25.27090614
779,0,2016-07-29 08:00:00,25.230223860000002
779,0,2016-07-29 09:00:00,25.81560318
779,0,2016-07-29 10:00:00,30.36516
779,0,2016-07-29 11:00:00,32.0179509
779,0,2016-07-29 12:00:00,26.93671068
779,0,2016-07-29 13:00:00,27.839605230000004
779,0,2016-07-29 14:00:00,34.288596600000005
779,0,2016-07-29 15:00:00,35.1857757
779,0,2016-07-29 16:00:00,31.6213866
779,0,2016-07-29 17:00:00,33.8914461
779,0,2016-07-29 18:00:00,26.807248410000003
779,0,2016-07-29 19:00:00,26.94972432
779,0,2016-07-29 20:00:00,26.791802040000004
779,0,2016-07-29 21:00:00,26.223510450000003
779,0,2016-07-29 22:00:00,25.78872591
779,0,2016-07-29 23:00:00,24.076523640000005
779,0,2016-07-30 00:00:00,23.021392950000003
779,0,2016-07-30 01:00:00,23.610025680000003
779,0,2016-07-30 02:00:00,22.625678640000004
779,0,2016-07-30 03:00:00,20.72867682
779,0,2016-07-30 04:00:00,19.55791818
779,0,2016-07-30 05:00:00,19.01078841
779,0,2016-07-30 06:00:00,23.81194227
779,0,2016-07-30 07:00:00,25.603105680000002
779,0,2016-07-30 08:00:00,27.490347270000004
779,0,2016-07-30 09:00:00,28.064325000000004
779,0,2016-07-30 10:00:00,27.01974591
779,0,2016-07-30 11:00:00,26.339109090000004
779,0,2016-07-30 12:00:00,28.401360690000004
779,0,2016-07-30 13:00:00,29.718581400000005
779,0,2016-07-30 14:00:00,30.378935700000003
779,0,2016-07-30 15:00:00,31.403027100000003
779,0,2016-07-30 16:00:00,35.2282752
779,0,2016-07-30 17:00:00,34.2504936
779,0,2016-07-30 18:00:00,32.9843016
779,0,2016-07-30 19:00:00,28.597591140000002
779,0,2016-07-30 20:00:00,29.344292700000004
779,0,2016-07-30 21:00:00,30.2455752
779,0,2016-07-30 22:00:00,35.215965000000004
779,0,2016-07-30 23:00:00,26.462855910000005
779,0,2016-07-31 00:00:00,24.470596590000003
779,0,2016-07-31 01:00:00,23.275393410000003
779,0,2016-07-31 02:00:00,22.98800886
779,0,2016-07-31 03:00:00,21.631600680000002
779,0,2016-07-31 04:00:00,21.52737432
779,0,2016-07-31 05:00:00,20.209245000000003
779,0,2016-07-31 06:00:00,25.36941705
779,0,2016-07-31 07:00:00,24.696107730000005
779,0,2016-07-31 08:00:00,24.516994320000002
779,0,2016-07-31 09:00:00,26.672100000000004
779,0,2016-07-31 10:00:00,27.928355910000004
779,0,2016-07-31 11:00:00,27.62549568
779,0,2016-07-31 12:00:00,28.484454540000005
779,0,2016-07-31 13:00:00,27.99105
779,0,2016-07-31 14:00:00,28.207650900000004
779,0,2016-07-31 15:00:00,30.019008900000003
779,0,2016-07-31 16:00:00,31.626369300000004
779,0,2016-07-31 17:00:00,37.9491225
779,0,2016-07-31 18:00:00,33.3222459
779,0,2016-07-31 19:00:00,30.462762300000005
779,0,2016-07-31 20:00:00,28.942833630000003
779,0,2016-07-31 21:00:00,32.629357500000005
779,0,2016-07-31 22:00:00,27.428444550000002
779,0,2016-07-31 23:00:00,26.853675450000004
779,0,2016-08-01 00:00:00,25.104015000000004
779,0,2016-08-01 01:00:00,20.48118318
779,0,2016-08-01 02:00:00,19.53429432
779,0,2016-08-01 03:00:00,19.27214568
779,0,2016-08-01 04:00:00,18.78853068
779,0,2016-08-01 05:00:00,20.04886068
779,0,2016-08-01 06:00:00,25.48586568
779,0,2016-08-01 07:00:00,25.428066360000003
779,0,2016-08-01 08:00:00,24.892338180000003
779,0,2016-08-01 09:00:00,25.86443364
779,0,2016-08-01 10:00:00,28.644018180000003
779,0,2016-08-01 11:00:00,26.176262730000005
779,0,2016-08-01 12:00:00,26.627314320000004
779,0,2016-08-01 13:00:00,27.528596820000004
779,0,2016-08-01 14:00:00,26.598825
779,0,2016-08-01 15:00:00,25.454914320000004
779,0,2016-08-01 16:00:00,25.590062730000003
779,0,2016-08-01 17:00:00,25.379206590000003
779,0,2016-08-01 18:00:00,33.678069300000004
779,0,2016-08-01 19:00:00,32.899009500000005
779,0,2016-08-01 20:00:00,27.03683364
779,0,2016-08-01 21:00:00,24.81498909
779,0,2016-08-01 22:00:00,24.372877050000003
779,0,2016-08-01 23:00:00,24.547125
779,0,2016-08-02 00:00:00,24.637487730000004
779,0,2016-08-02 01:00:00,24.02851386
779,0,2016-08-02 02:00:00,20.154699090000005
779,0,2016-08-02 03:00:00,18.78281523
779,0,2016-08-02 04:00:00,18.952168410000002
779,0,2016-08-02 05:00:00,18.698138640000003
779,0,2016-08-02 06:00:00,23.745994770000003
779,0,2016-08-02 07:00:00,23.813554320000005
779,0,2016-08-02 08:00:00,23.46590841
779,0,2016-08-02 09:00:00,24.49419114
779,0,2016-08-02 10:00:00,24.637487730000004
779,0,2016-08-02 11:00:00,25.47932955
779,0,2016-08-02 12:00:00,32.352378
779,0,2016-08-02 13:00:00,23.31774636
779,0,2016-08-02 14:00:00,23.386947270000004
779,0,2016-08-02 15:00:00,24.569107500000005
779,0,2016-08-02 16:00:00,25.48261227
779,0,2016-08-02 17:00:00,27.478125000000002
779,0,2016-08-02 18:00:00,28.775942490000002
779,0,2016-08-02 19:00:00,28.5593709
779,0,2016-08-02 20:00:00,27.7492425
779,0,2016-08-02 21:00:00,30.443417700000005
779,0,2016-08-02 22:00:00,29.3612925
779,0,2016-08-02 23:00:00,28.862201820000003
779,0,2016-08-03 00:00:00,29.963906100000003
779,0,2016-08-03 01:00:00,24.61632591
779,0,2016-08-03 02:00:00,20.227153410000003
779,0,2016-08-03 03:00:00,18.931827270000003
779,0,2016-08-03 04:00:00,19.300635
779,0,2016-08-03 05:00:00,21.22937955
779,0,2016-08-03 06:00:00,23.86892091
779,0,2016-08-03 07:00:00,24.245876820000003
779,0,2016-08-03 08:00:00,25.835123640000003
779,0,2016-08-03 09:00:00,26.229196590000004
779,0,2016-08-03 10:00:00,27.272955000000003
779,0,2016-08-03 11:00:00,25.49076045
779,0,2016-08-03 12:00:00,30.732414300000002
779,0,2016-08-03 13:00:00,26.45309568
779,0,2016-08-03 14:00:00,27.491959320000003
779,0,2016-08-03 15:00:00,30.1567659
779,0,2016-08-03 16:00:00,29.452446600000005
779,0,2016-08-03 17:00:00,25.954825680000003
779,0,2016-08-03 18:00:00,26.36352432
779,0,2016-08-03 19:00:00,27.310413180000005
779,0,2016-08-03 20:00:00,27.531850230000003
779,0,2016-08-03 21:00:00,28.042371810000002
779,0,2016-08-03 22:00:00,28.867096590000003
779,0,2016-08-03 23:00:00,26.605331820000004
779,0,2016-08-04 00:00:00,24.7449675
779,0,2016-08-04 01:00:00,22.076145450000002
779,0,2016-08-04 02:00:00,21.605544090000002
779,0,2016-08-04 03:00:00,20.00000091
779,0,2016-08-04 04:00:00,20.28577341
779,0,2016-08-04 05:00:00,19.791577500000002
779,0,2016-08-04 06:00:00,24.38838204
779,0,2016-08-04 07:00:00,24.869535
779,0,2016-08-04 08:00:00,24.725417730000004
779,0,2016-08-04 09:00:00,25.27172682
779,0,2016-08-04 10:00:00,28.074905910000005
779,0,2016-08-04 11:00:00,27.268880910000004
779,0,2016-08-04 12:00:00,27.242003640000004
779,0,2016-08-04 13:00:00,28.100141820000005
779,0,2016-08-04 14:00:00,24.448614090000003
779,0,2016-08-04 15:00:00,27.676788180000003
779,0,2016-08-04 16:00:00,28.43395341
779,0,2016-08-04 17:00:00,27.37067454
779,0,2016-08-04 18:00:00,28.97457636
779,0,2016-08-04 19:00:00,25.62262614
779,0,2016-08-04 20:00:00,24.39650091
779,0,2016-08-04 21:00:00,23.399169540000003
779,0,2016-08-04 22:00:00,21.710561820000002
779,0,2016-08-04 23:00:00,21.663343410000003
779,0,2016-08-05 00:00:00,23.991847050000004
779,0,2016-08-05 01:00:00,23.69877636
779,0,2016-08-05 02:00:00,21.496452270000002
779,0,2016-08-05 03:00:00,20.919191820000005
779,0,2016-08-05 04:00:00,20.79951909
779,0,2016-08-05 05:00:00,20.346034770000003
779,0,2016-08-05 06:00:00,24.549587040000002
779,0,2016-08-05 07:00:00,24.962359770000003
779,0,2016-08-05 08:00:00,26.017519770000003
779,0,2016-08-05 09:00:00,25.664979090000003
779,0,2016-08-05 10:00:00,28.21659045
779,0,2016-08-05 11:00:00,28.213307730000004
779,0,2016-08-05 12:00:00,30.666466800000002
779,0,2016-08-05 13:00:00,31.070065500000002
779,0,2016-08-05 14:00:00,32.568392700000004
779,0,2016-08-05 15:00:00,25.932843180000003
779,0,2016-08-05 16:00:00,26.939964090000004
779,0,2016-08-05 17:00:00,28.132705230000003
779,0,2016-08-05 18:00:00,28.532493630000005
779,0,2016-08-05 19:00:00,30.0591636
779,0,2016-08-05 20:00:00,30.4352109
779,0,2016-08-05 21:00:00,25.393040910000003
779,0,2016-08-05 22:00:00,23.934868410000004
779,0,2016-08-05 23:00:00,25.439438640000002
779,0,2016-08-06 00:00:00,26.22104841
779,0,2016-08-06 01:00:00,22.84307091
779,0,2016-08-06 02:00:00,21.112168860000004
779,0,2016-08-06 03:00:00,19.42927659
779,0,2016-08-06 04:00:00,18.808871820000004
779,0,2016-08-06 05:00:00,18.519845910000004
779,0,2016-08-06 06:00:00,23.418690000000005
779,0,2016-08-06 07:00:00,24.569107500000005
779,0,2016-08-06 08:00:00,25.146367950000002
779,0,2016-08-06 09:00:00,25.932843180000003
779,0,2016-08-06 10:00:00,25.61450727
779,0,2016-08-06 11:00:00,25.2066
779,0,2016-08-06 12:00:00,24.39896295
779,0,2016-08-06 13:00:00,26.600466360000002
779,0,2016-08-06 14:00:00,29.7537534
779,0,2016-08-06 15:00:00,27.912880230000003
779,0,2016-08-06 16:00:00,27.303085680000002
779,0,2016-08-06 17:00:00,24.941197950000003
779,0,2016-08-06 18:00:00,26.429471820000003
779,0,2016-08-06 19:00:00,26.965200000000003
779,0,2016-08-06 20:00:00,27.51962796
779,0,2016-08-06 21:00:00,25.85224068
779,0,2016-08-06 22:00:00,27.84288795
779,0,2016-08-06 23:00:00,27.259120680000002
779,0,2016-08-07 00:00:00,25.559140680000002
779,0,2016-08-07 01:00:00,24.535723410000003
779,0,2016-08-07 02:00:00,22.090800450000003
779,0,2016-08-07 03:00:00,21.33929205
779,0,2016-08-07 04:00:00,21.295356360000003
779,0,2016-08-07 05:00:00,21.351514320000003
779,0,2016-08-07 06:00:00,25.308364320000003
779,0,2016-08-07 07:00:00,25.29778341
779,0,2016-08-07 08:00:00,24.86466954
779,0,2016-08-07 09:00:00,27.343797270000003
779,0,2016-08-07 10:00:00,26.527982730000005
779,0,2016-08-07 11:00:00,25.471210680000002
779,0,2016-08-07 12:00:00,27.07103841
779,0,2016-08-07 13:00:00,30.821223600000003
779,0,2016-08-07 14:00:00,28.743349770000002
779,0,2016-08-07 15:00:00,34.55883480000001
779,0,2016-08-07 16:00:00,29.378292300000005
779,0,2016-08-07 17:00:00,28.097709090000002
779,0,2016-08-07 18:00:00,30.247040700000003
779,0,2016-08-07 19:00:00,30.006112500000004
779,0,2016-08-07 20:00:00,28.407896820000005
779,0,2016-08-07 21:00:00,28.622856360000004
779,0,2016-08-07 22:00:00,28.937147490000005
779,0,2016-08-07 23:00:00,31.765591800000003
779,0,2016-08-08 00:00:00,29.530704300000004
779,0,2016-08-08 01:00:00,22.21859205
779,0,2016-08-08 02:00:00,19.78017591
779,0,2016-08-08 03:00:00,19.334839770000002
779,0,2016-08-08 04:00:00,19.573393860000003
779,0,2016-08-08 05:00:00,19.259923410000003
779,0,2016-08-08 06:00:00,24.772636140000003
779,0,2016-08-08 07:00:00,26.446588860000002
779,0,2016-08-08 08:00:00,26.22348114
779,0,2016-08-08 09:00:00,26.117642730000004
779,0,2016-08-08 10:00:00,27.947876370000003
779,0,2016-08-08 11:00:00,26.727466590000002
779,0,2016-08-08 12:00:00,27.350304090000005
779,0,2016-08-08 13:00:00,28.371288630000006
779,0,2016-08-08 14:00:00,32.2084659
779,0,2016-08-08 15:00:00,30.068835900000003
779,0,2016-08-08 16:00:00,29.00631909
779,0,2016-08-08 17:00:00,31.0809102
779,0,2016-08-08 18:00:00,31.763833200000004
779,0,2016-08-08 19:00:00,30.713655900000003
779,0,2016-08-08 20:00:00,31.251787500000002
779,0,2016-08-08 21:00:00,31.589731800000006
779,0,2016-08-08 22:00:00,31.839453000000002
779,0,2016-08-08 23:00:00,28.502362950000002
779,0,2016-08-09 00:00:00,24.377771820000003
779,0,2016-08-09 01:00:00,22.69490886
779,0,2016-08-09 02:00:00,20.81824818
779,0,2016-08-09 03:00:00,20.28577341
779,0,2016-08-09 04:00:00,19.19236386
779,0,2016-08-09 05:00:00,20.289026820000004
779,0,2016-08-09 06:00:00,25.12925091
779,0,2016-08-09 07:00:00,26.458781820000002
779,0,2016-08-09 08:00:00,27.023820000000004
779,0,2016-08-09 09:00:00,25.29778341
779,0,2016-08-09 10:00:00,27.50254023
779,0,2016-08-09 11:00:00,27.921849090000006
779,0,2016-08-09 12:00:00,29.275795230000003
779,0,2016-08-09 13:00:00,23.66539227
779,0,2016-08-09 14:00:00,26.17708341
779,0,2016-08-09 15:00:00,28.229574780000004
779,0,2016-08-09 16:00:00,28.157941140000002
779,0,2016-08-09 17:00:00,28.70345886
779,0,2016-08-09 18:00:00,27.259120680000002
779,0,2016-08-09 19:00:00,27.501748860000003
779,0,2016-08-09 20:00:00,26.830872270000004
779,0,2016-08-09 21:00:00,29.298627720000002
779,0,2016-08-09 22:00:00,34.4726634
779,0,2016-08-09 23:00:00,34.8032802
779,0,2016-08-10 00:00:00,25.74719364
779,0,2016-08-10 01:00:00,22.16650818
779,0,2016-08-10 02:00:00,21.148777050000003
779,0,2016-08-10 03:00:00,19.945455000000003
779,0,2016-08-10 04:00:00,20.179114320000004
779,0,2016-08-10 05:00:00,21.16750614
779,0,2016-08-10 06:00:00,25.563214770000002
779,0,2016-08-10 07:00:00,24.92651364
779,0,2016-08-10 08:00:00,25.42073886
779,0,2016-08-10 09:00:00,27.13291182
779,0,2016-08-10 10:00:00,27.46429068
779,0,2016-08-10 11:00:00,25.71627159
779,0,2016-08-10 12:00:00,27.097095000000003
779,0,2016-08-10 13:00:00,26.880523410000002
779,0,2016-08-10 14:00:00,31.687334100000005
779,0,2016-08-10 15:00:00,30.849654300000005
779,0,2016-08-10 16:00:00,27.76633023
779,0,2016-08-10 17:00:00,31.855866600000006
779,0,2016-08-10 18:00:00,27.500928180000002
779,0,2016-08-10 19:00:00,27.175264770000002
779,0,2016-08-10 20:00:00,27.02135796
779,0,2016-08-10 21:00:00,27.928355910000004
779,0,2016-08-10 22:00:00,25.138219770000003
779,0,2016-08-10 23:00:00,25.260325230000003
779,0,2016-08-11 00:00:00,25.511101590000003
779,0,2016-08-11 01:00:00,27.267268860000005
779,0,2016-08-11 02:00:00,24.75801045
779,0,2016-08-11 03:00:00,20.16771273
779,0,2016-08-11 04:00:00,19.677590910000003
779,0,2016-08-11 05:00:00,21.198457500000004
779,0,2016-08-11 06:00:00,24.64806864
779,0,2016-08-11 07:00:00,24.775918860000004
779,0,2016-08-11 08:00:00,25.502132730000003
779,0,2016-08-11 09:00:00,25.952392950000004
779,0,2016-08-11 10:00:00,26.770610910000002
779,0,2016-08-11 11:00:00,24.966433860000002
779,0,2016-08-11 12:00:00,28.302879090000005
779,0,2016-08-11 13:00:00,26.8406325
779,0,2016-08-11 14:00:00,24.52839591
779,0,2016-08-11 15:00:00,25.210674090000005
779,0,2016-08-11 16:00:00,28.22550069
779,0,2016-08-11 17:00:00,28.668433410000002
779,0,2016-08-11 18:00:00,29.24244045
779,0,2016-08-11 19:00:00,32.9769741
779,0,2016-08-11 20:00:00,29.271750450000003
779,0,2016-08-11 21:00:00,25.007145450000003
779,0,2016-08-11 22:00:00,24.906993180000004
779,0,2016-08-11 23:00:00,27.561980910000003
779,0,2016-08-12 00:00:00,22.41807591
779,0,2016-08-12 01:00:00,26.588214780000005
779,0,2016-08-12 02:00:00,22.173015000000003
779,0,2016-08-12 03:00:00,19.33401909
779,0,2016-08-12 04:00:00,18.21209091
779,0,2016-08-12 05:00:00,18.63954795
779,0,2016-08-12 06:00:00,23.670257730000003
779,0,2016-08-12 07:00:00,24.940347960000004
779,0,2016-08-12 08:00:00,26.098913640000003
779,0,2016-08-12 09:00:00,24.390814770000002
779,0,2016-08-12 10:00:00,26.168935230000002
779,0,2016-08-12 11:00:00,29.694254100000006
779,0,2016-08-12 12:00:00,28.464875460000005
779,0,2016-08-12 13:00:00,29.810028600000003
779,0,2016-08-12 14:00:00,26.40995136
779,0,2016-08-12 15:00:00,27.73945296
779,0,2016-08-12 16:00:00,29.115410910000005
779,0,2016-08-12 17:00:00,32.6742018
779,0,2016-08-12 18:00:00,32.3638089
779,0,2016-08-12 19:00:00,29.173210230000002
779,0,2016-08-12 20:00:00,25.42399227
779,0,2016-08-12 21:00:00,27.027073410000003
779,0,2016-08-12 22:00:00,25.50052068
779,0,2016-08-12 23:00:00,25.58273523
779,0,2016-08-13 00:00:00,31.813660200000005
779,0,2016-08-13 01:00:00,27.610020000000002
779,0,2016-08-13 02:00:00,26.562187500000004
779,0,2016-08-13 03:00:00,25.08936
779,0,2016-08-13 04:00:00,25.112983860000003
779,0,2016-08-13 05:00:00,20.56665114
779,0,2016-08-13 06:00:00,24.87196773
779,0,2016-08-13 07:00:00,24.870355680000003
779,0,2016-08-13 08:00:00,28.836995220000002
779,0,2016-08-13 09:00:00,30.436090200000002
779,0,2016-08-13 10:00:00,28.422551820000002
779,0,2016-08-13 11:00:00,30.4645209
779,0,2016-08-13 12:00:00,32.1099843
779,0,2016-08-13 13:00:00,28.629333870000004
779,0,2016-08-13 14:00:00,27.47973705
779,0,2016-08-13 15:00:00,29.018541360000004
779,0,2016-08-13 16:00:00,28.185668400000004
779,0,2016-08-13 17:00:00,27.225736590000004
779,0,2016-08-13 18:00:00,30.808913400000005
779,0,2016-08-13 19:00:00,26.02563864
779,0,2016-08-13 20:00:00,24.70343523
779,0,2016-08-13 21:00:00,31.796367300000004
779,0,2016-08-13 22:00:00,24.134352270000004
779,0,2016-08-13 23:00:00,24.639129090000004
779,0,2016-08-14 00:00:00,24.38427864
779,0,2016-08-14 01:00:00,23.31774636
779,0,2016-08-14 02:00:00,22.45635477
779,0,2016-08-14 03:00:00,21.663343410000003
779,0,2016-08-14 04:00:00,25.48261227
779,0,2016-08-14 05:00:00,21.84571023
779,0,2016-08-14 06:00:00,25.48261227
779,0,2016-08-14 07:00:00,27.37146591
779,0,2016-08-14 08:00:00,26.792593410000006
779,0,2016-08-14 09:00:00,28.584577500000005
779,0,2016-08-14 10:00:00,27.988617270000002
779,0,2016-08-14 11:00:00,27.215155680000002
779,0,2016-08-14 12:00:00,31.3300452
779,0,2016-08-14 13:00:00,35.519616600000006
779,0,2016-08-14 14:00:00,31.314510900000002
779,0,2016-08-14 15:00:00,31.505905200000004
779,0,2016-08-14 16:00:00,33.5118816
779,0,2016-08-14 17:00:00,32.738390700000004
779,0,2016-08-14 18:00:00,32.4508596
779,0,2016-08-14 19:00:00,33.6707418
779,0,2016-08-14 20:00:00,27.491138640000003
779,0,2016-08-14 21:00:00,28.162835910000002
779,0,2016-08-14 22:00:00,30.422900700000003
779,0,2016-08-14 23:00:00,27.938145450000004
779,0,2016-08-15 00:00:00,27.77694045
779,0,2016-08-15 01:00:00,26.46693
779,0,2016-08-15 02:00:00,24.03255864
779,0,2016-08-15 03:00:00,23.63769432
779,0,2016-08-15 04:00:00,21.123570450000003
779,0,2016-08-15 05:00:00,21.41256705
779,0,2016-08-15 06:00:00,25.467957270000003
779,0,2016-08-15 07:00:00,25.875043860000005
779,0,2016-08-15 08:00:00,25.682066820000003
779,0,2016-08-15 09:00:00,27.52777614
779,0,2016-08-15 10:00:00,28.7059209
779,0,2016-08-15 11:00:00,28.103395230000004
779,0,2016-08-15 12:00:00,29.043777270000003
779,0,2016-08-15 13:00:00,28.727874090000004
779,0,2016-08-15 14:00:00,26.08021386
779,0,2016-08-15 15:00:00,26.173830000000002
779,0,2016-08-15 16:00:00,27.658879770000002
779,0,2016-08-15 17:00:00,28.657852500000004
779,0,2016-08-15 18:00:00,31.172064300000002
779,0,2016-08-15 19:00:00,30.677018400000005
779,0,2016-08-15 20:00:00,25.554245910000002
779,0,2016-08-15 21:00:00,30.040991400000003
779,0,2016-08-15 22:00:00,25.397935680000003
779,0,2016-08-15 23:00:00,23.87950182
779,0,2016-08-16 00:00:00,28.02850818
779,0,2016-08-16 01:00:00,22.901690910000003
779,0,2016-08-16 02:00:00,20.88826977
779,0,2016-08-16 03:00:00,19.45533318
779,0,2016-08-16 04:00:00,19.774489770000002
779,0,2016-08-16 05:00:00,19.013221140000002
779,0,2016-08-16 06:00:00,24.52350114
779,0,2016-08-16 07:00:00,24.937123860000003
779,0,2016-08-16 08:00:00,25.023412500000003
779,0,2016-08-16 09:00:00,26.090794770000002
779,0,2016-08-16 10:00:00,28.075726590000002
779,0,2016-08-16 11:00:00,27.028685460000002
779,0,2016-08-16 12:00:00,29.9712336
779,0,2016-08-16 13:00:00,24.210880680000002
779,0,2016-08-16 14:00:00,24.87196773
779,0,2016-08-16 15:00:00,25.97191341
779,0,2016-08-16 16:00:00,28.793821590000004
779,0,2016-08-16 17:00:00,32.15307000000001
779,0,2016-08-16 18:00:00,28.56907251
779,0,2016-08-16 19:00:00,32.79613140000001
779,0,2016-08-16 20:00:00,25.997970000000002
779,0,2016-08-16 21:00:00,29.10321795
779,0,2016-08-16 22:00:00,23.123948640000002
779,0,2016-08-16 23:00:00,23.485458180000002
779,0,2016-08-17 00:00:00,23.45371545
779,0,2016-08-17 01:00:00,24.32161386
779,0,2016-08-17 02:00:00,22.365962730000003
779,0,2016-08-17 03:00:00,19.53593568
779,0,2016-08-17 04:00:00,19.632805230000002
779,0,2016-08-17 05:00:00,20.46245409
779,0,2016-08-17 06:00:00,24.18725682
779,0,2016-08-17 07:00:00,25.7854725
779,0,2016-08-17 08:00:00,25.031560680000002
779,0,2016-08-17 09:00:00,25.371879090000004
779,0,2016-08-17 10:00:00,26.87319591
779,0,2016-08-17 11:00:00,25.285561140000002
779,0,2016-08-17 12:00:00,26.25361182
779,0,2016-08-17 13:00:00,26.956260450000002
779,0,2016-08-17 14:00:00,27.906373410000004
779,0,2016-08-17 15:00:00,26.103808410000003
779,0,2016-08-17 16:00:00,27.027073410000003
779,0,2016-08-17 17:00:00,33.666638400000004
779,0,2016-08-17 18:00:00,27.97232091
779,0,2016-08-17 19:00:00,26.031354090000004
779,0,2016-08-17 20:00:00,26.974139550000004
779,0,2016-08-17 21:00:00,29.19111864
779,0,2016-08-17 22:00:00,29.09178705
779,0,2016-08-17 23:00:00,25.119490680000002
779,0,2016-08-18 00:00:00,24.403828410000003
779,0,2016-08-18 01:00:00,24.896412270000003
779,0,2016-08-18 02:00:00,22.31059614
779,0,2016-08-18 03:00:00,19.87053864
779,0,2016-08-18 04:00:00,19.960930680000004
779,0,2016-08-18 05:00:00,21.5208675
779,0,2016-08-18 06:00:00,24.665977050000002
779,0,2016-08-18 07:00:00,25.433752500000004
779,0,2016-08-18 08:00:00,27.940578180000003
779,0,2016-08-18 09:00:00,26.733182040000003
779,0,2016-08-18 10:00:00,26.934248640000003
779,0,2016-08-18 11:00:00,26.711170230000004
779,0,2016-08-18 12:00:00,33.4852095
779,0,2016-08-18 13:00:00,26.77957977
779,0,2016-08-18 14:00:00,25.559140680000002
779,0,2016-08-18 15:00:00,27.15489432
779,0,2016-08-18 16:00:00,30.3024366
779,0,2016-08-18 17:00:00,29.652047700000004
779,0,2016-08-18 18:00:00,27.61245273
779,0,2016-08-18 19:00:00,26.695723860000005
779,0,2016-08-18 20:00:00,22.466935680000002
779,0,2016-08-18 21:00:00,23.70038841
779,0,2016-08-18 22:00:00,26.895178410000003
779,0,2016-08-18 23:00:00,23.91696
779,0,2016-08-19 00:00:00,24.775889550000002
779,0,2016-08-19 01:00:00,21.926312730000003
779,0,2016-08-19 02:00:00,21.032357730000005
779,0,2016-08-19 03:00:00,20.17096614
779,0,2016-08-19 04:00:00,20.33137977
779,0,2016-08-19 05:00:00,21.085291590000004
779,0,2016-08-19 06:00:00,24.845911140000002
779,0,2016-08-19 07:00:00,24.85323864
779,0,2016-08-19 08:00:00,25.235089320000004
779,0,2016-08-19 09:00:00,26.428651140000003
779,0,2016-08-19 10:00:00,25.994716590000003
779,0,2016-08-19 11:00:00,26.918802270000004
779,0,2016-08-19 12:00:00,31.246218600000002
779,0,2016-08-19 13:00:00,33.6543282
779,0,2016-08-19 14:00:00,30.5222616
779,0,2016-08-19 15:00:00,28.462442730000003
779,0,2016-08-19 16:00:00,32.6829948
779,0,2016-08-19 17:00:00,32.1220014
779,0,2016-08-19 18:00:00,29.04864273
779,0,2016-08-19 19:00:00,28.794671580000003
779,0,2016-08-19 20:00:00,31.4871468
779,0,2016-08-19 21:00:00,29.831718000000002
779,0,2016-08-19 22:00:00,25.08121182
779,0,2016-08-19 23:00:00,23.76390318
779,0,2016-08-20 00:00:00,26.043547050000004
779,0,2016-08-20 01:00:00,22.47180114
779,0,2016-08-20 02:00:00,22.738844550000003
779,0,2016-08-20 03:00:00,22.16161341
779,0,2016-08-20 04:00:00,21.28231341
779,0,2016-08-20 05:00:00,20.197843410000004
779,0,2016-08-20 06:00:00,24.74007273
779,0,2016-08-20 07:00:00,24.32812068
779,0,2016-08-20 08:00:00,24.70668864
779,0,2016-08-20 09:00:00,26.595571590000002
779,0,2016-08-20 10:00:00,27.466723410000004
779,0,2016-08-20 11:00:00,26.856928860000004
779,0,2016-08-20 12:00:00,26.2983975
779,0,2016-08-20 13:00:00,30.185196600000005
779,0,2016-08-20 14:00:00,34.694247000000004
779,0,2016-08-20 15:00:00,40.324111800000004
779,0,2016-08-20 16:00:00,34.501973400000004
779,0,2016-08-20 17:00:00,26.692441140000003
779,0,2016-08-20 18:00:00,26.108703180000003
779,0,2016-08-20 19:00:00,28.043163180000004
779,0,2016-08-20 20:00:00,27.860796360000002
779,0,2016-08-20 21:00:00,30.037767300000002
779,0,2016-08-20 22:00:00,26.84796
779,0,2016-08-20 23:00:00,28.90291341
779,0,2016-08-21 00:00:00,29.9970264
779,0,2016-08-21 01:00:00,25.426425000000002
779,0,2016-08-21 02:00:00,24.106654320000004
779,0,2016-08-21 03:00:00,21.924700680000004
779,0,2016-08-21 04:00:00,21.020164770000004
779,0,2016-08-21 05:00:00,19.994314770000003
779,0,2016-08-21 06:00:00,24.46162773
779,0,2016-08-21 07:00:00,25.20170523
779,0,2016-08-21 08:00:00,25.832690910000004
779,0,2016-08-21 09:00:00,28.203547500000003
779,0,2016-08-21 10:00:00,26.006909550000003
779,0,2016-08-21 11:00:00,27.53756568
779,0,2016-08-21 12:00:00,30.2649198
779,0,2016-08-21 13:00:00,26.37492591
779,0,2016-08-21 14:00:00,30.432573
779,0,2016-08-21 15:00:00,30.947256600000003
779,0,2016-08-21 16:00:00,31.736281800000004
779,0,2016-08-21 17:00:00,27.660491820000004
779,0,2016-08-21 18:00:00,30.732414300000002
779,0,2016-08-21 19:00:00,30.2552475
779,0,2016-08-21 20:00:00,29.135752050000004
779,0,2016-08-21 21:00:00,28.543074540000003
779,0,2016-08-21 22:00:00,28.30859454
779,0,2016-08-21 23:00:00,27.660491820000004
779,0,2016-08-22 00:00:00,26.032145460000002
779,0,2016-08-22 01:00:00,25.004683410000002
779,0,2016-08-22 02:00:00,23.282720910000002
779,0,2016-08-22 03:00:00,21.536343180000003
779,0,2016-08-22 04:00:00,20.99085477
779,0,2016-08-22 05:00:00,21.689400000000003
779,0,2016-08-22 06:00:00,25.67881341
779,0,2016-08-22 07:00:00,26.582557950000005
779,0,2016-08-22 08:00:00,27.4707975
779,0,2016-08-22 09:00:00,26.571156360000003
779,0,2016-08-22 10:00:00,26.81865
779,0,2016-08-22 11:00:00,26.414816820000006
779,0,2016-08-22 12:00:00,27.719932500000002
779,0,2016-08-22 13:00:00,27.539998410000003
779,0,2016-08-22 14:00:00,27.109317270000002
779,0,2016-08-22 15:00:00,27.849394770000004
779,0,2016-08-22 16:00:00,29.180537730000005
779,0,2016-08-22 17:00:00,27.632002500000006
779,0,2016-08-22 18:00:00,28.72951545
779,0,2016-08-22 19:00:00,25.997149320000002
779,0,2016-08-22 20:00:00,26.91636954
779,0,2016-08-22 21:00:00,26.303262960000005
779,0,2016-08-22 22:00:00,28.51860069
779,0,2016-08-22 23:00:00,28.13842068
779,0,2016-08-23 00:00:00,24.70997136
779,0,2016-08-23 01:00:00,25.59577818
779,0,2016-08-23 02:00:00,20.941174320000002
779,0,2016-08-23 03:00:00,20.57154591
779,0,2016-08-23 04:00:00,20.164459320000002
779,0,2016-08-23 05:00:00,21.35069364
779,0,2016-08-23 06:00:00,24.78975318
779,0,2016-08-23 07:00:00,24.562600680000003
779,0,2016-08-23 08:00:00,25.734180000000002
779,0,2016-08-23 09:00:00,25.686140910000002
779,0,2016-08-23 10:00:00,25.901071140000003
779,0,2016-08-23 11:00:00,27.26155341
779,0,2016-08-23 12:00:00,29.911734300000003
779,0,2016-08-23 13:00:00,24.85323864
779,0,2016-08-23 14:00:00,27.780193860000004
779,0,2016-08-23 15:00:00,27.121510230000002
779,0,2016-08-23 16:00:00,26.40831
779,0,2016-08-23 17:00:00,26.440873410000002
779,0,2016-08-23 18:00:00,28.224738630000004
779,0,2016-08-23 19:00:00,26.356196820000005
779,0,2016-08-23 20:00:00,25.68939432
779,0,2016-08-23 21:00:00,25.515996360000003
779,0,2016-08-23 22:00:00,28.525957500000004
779,0,2016-08-23 23:00:00,29.905872300000002
779,0,2016-08-24 00:00:00,26.885418180000002
779,0,2016-08-24 01:00:00,22.8544725
779,0,2016-08-24 02:00:00,21.77894205
779,0,2016-08-24 03:00:00,21.078784770000002
779,0,2016-08-24 04:00:00,20.85324432
779,0,2016-08-24 05:00:00,21.30919068
779,0,2016-08-24 06:00:00,25.177290000000003
779,0,2016-08-24 07:00:00,26.940784770000004
779,0,2016-08-24 08:00:00,27.190711140000005
779,0,2016-08-24 09:00:00,26.620807500000005
779,0,2016-08-24 10:00:00,25.470390000000005
779,0,2016-08-24 11:00:00,25.425604320000005
779,0,2016-08-24 12:00:00,27.33239568
779,0,2016-08-24 13:00:00,27.286789320000004
779,0,2016-08-24 14:00:00,27.07593318
779,0,2016-08-24 15:00:00,26.80642773
779,0,2016-08-24 16:00:00,27.15653568
779,0,2016-08-24 17:00:00,29.04949272
779,0,2016-08-24 18:00:00,25.325452050000003
779,0,2016-08-24 19:00:00,24.225535680000004
779,0,2016-08-24 20:00:00,24.232863180000003
779,0,2016-08-24 21:00:00,26.287816590000002
779,0,2016-08-24 22:00:00,23.67028704
779,0,2016-08-24 23:00:00,26.54914455
779,0,2016-08-25 00:00:00,27.671893410000003
779,0,2016-08-25 01:00:00,24.390814770000002
779,0,2016-08-25 02:00:00,21.76592841
779,0,2016-08-25 03:00:00,19.253416590000004
779,0,2016-08-25 04:00:00,18.83249568
779,0,2016-08-25 05:00:00,22.3855125
779,0,2016-08-25 06:00:00,25.844092500000002
779,0,2016-08-25 07:00:00,27.785059320000002
779,0,2016-08-25 08:00:00,27.562801590000003
779,0,2016-08-25 09:00:00,26.39690841
779,0,2016-08-25 10:00:00,25.125176820000004
779,0,2016-08-25 11:00:00,25.188691590000005
779,0,2016-08-25 12:00:00,25.489939770000003
779,0,2016-08-25 13:00:00,27.28271523
779,0,2016-08-25 14:00:00,28.38591432
779,0,2016-08-25 15:00:00,27.939757500000002
779,0,2016-08-25 16:00:00,25.616119320000003
779,0,2016-08-25 17:00:00,24.53164932
779,0,2016-08-25 18:00:00,26.066350230000005
779,0,2016-08-25 19:00:00,27.467514780000005
779,0,2016-08-25 20:00:00,25.8188859
779,0,2016-08-25 21:00:00,25.04782773
779,0,2016-08-25 22:00:00,28.556088180000003
779,0,2016-08-25 23:00:00,24.90291909
779,0,2016-08-26 00:00:00,24.92000682
779,0,2016-08-26 01:00:00,21.34744023
779,0,2016-08-26 02:00:00,19.877895450000004
779,0,2016-08-26 03:00:00,19.421949090000005
779,0,2016-08-26 04:00:00,19.62711909
779,0,2016-08-26 05:00:00,19.90963818
779,0,2016-08-26 06:00:00,25.86364227
779,0,2016-08-26 07:00:00,27.506614320000004
779,0,2016-08-26 08:00:00,29.111366130000004
779,0,2016-08-26 09:00:00,25.30754364
779,0,2016-08-26 10:00:00,24.46326909
779,0,2016-08-26 11:00:00,25.106447730000003
779,0,2016-08-26 12:00:00,26.032995450000005
779,0,2016-08-26 13:00:00,29.3671545
779,0,2016-08-26 14:00:00,27.655626360000003
779,0,2016-08-26 15:00:00,26.876449320000003
779,0,2016-08-26 16:00:00,28.762078860000003
779,0,2016-08-26 17:00:00,27.449635680000004
779,0,2016-08-26 18:00:00,28.49500614
779,0,2016-08-26 19:00:00,34.0760991
779,0,2016-08-26 20:00:00,30.713655900000003
779,0,2016-08-26 21:00:00,27.739482270000003
779,0,2016-08-26 22:00:00,27.304727040000003
779,0,2016-08-26 23:00:00,28.807655910000005
779,0,2016-08-27 00:00:00,23.95441818
779,0,2016-08-27 01:00:00,21.781404090000002
779,0,2016-08-27 02:00:00,23.52778182
779,0,2016-08-27 03:00:00,22.0044825
779,0,2016-08-27 04:00:00,20.50641909
779,0,2016-08-27 05:00:00,18.751893180000003
779,0,2016-08-27 06:00:00,25.004683410000002
779,0,2016-08-27 07:00:00,26.02238523
779,0,2016-08-27 08:00:00,26.218615680000003
779,0,2016-08-27 09:00:00,24.177496590000004
779,0,2016-08-27 10:00:00,25.32466068
779,0,2016-08-27 11:00:00,31.7647125
779,0,2016-08-27 12:00:00,28.852412280000003
779,0,2016-08-27 13:00:00,24.87117636
779,0,2016-08-27 14:00:00,25.997970000000002
779,0,2016-08-27 15:00:00,27.9576366
779,0,2016-08-27 16:00:00,32.0455023
779,0,2016-08-27 17:00:00,27.040116360000003
779,0,2016-08-27 18:00:00,31.4258889
779,0,2016-08-27 19:00:00,33.179799300000006
779,0,2016-08-27 20:00:00,31.026393600000002
779,0,2016-08-27 21:00:00,30.974221800000002
779,0,2016-08-27 22:00:00,23.684912730000004
779,0,2016-08-27 23:00:00,28.821490230000002
779,0,2016-08-28 00:00:00,27.876272040000003
779,0,2016-08-28 01:00:00,27.19968
779,0,2016-08-28 02:00:00,26.882164770000003
779,0,2016-08-28 03:00:00,21.42886341
779,0,2016-08-28 04:00:00,19.281905910000003
779,0,2016-08-28 05:00:00,18.843076590000003
779,0,2016-08-28 06:00:00,25.298604090000005
779,0,2016-08-28 07:00:00,26.484838410000002
779,0,2016-08-28 08:00:00,28.414432950000005
779,0,2016-08-28 09:00:00,25.060050000000004
779,0,2016-08-28 10:00:00,24.7449675
779,0,2016-08-28 11:00:00,27.102839760000002
779,0,2016-08-28 12:00:00,36.7148784
779,0,2016-08-28 13:00:00,36.698757900000004
779,0,2016-08-28 14:00:00,31.604386800000004
779,0,2016-08-28 15:00:00,26.9285625
779,0,2016-08-28 16:00:00,25.669844550000004
779,0,2016-08-28 17:00:00,25.688573640000005
779,0,2016-08-28 18:00:00,26.798308860000002
779,0,2016-08-28 19:00:00,28.807655910000005
779,0,2016-08-28 20:00:00,30.050956800000005
779,0,2016-08-28 21:00:00,27.64258341
779,0,2016-08-28 22:00:00,24.13842636
779,0,2016-08-28 23:00:00,28.58701023
779,0,2016-08-29 00:00:00,26.275594320000003
779,0,2016-08-29 01:00:00,23.33972886
779,0,2016-08-29 02:00:00,21.78301614
779,0,2016-08-29 03:00:00,19.229792730000003
779,0,2016-08-29 04:00:00,19.949529090000002
779,0,2016-08-29 05:00:00,19.960930680000004
779,0,2016-08-29 06:00:00,24.051287730000002
779,0,2016-08-29 07:00:00,25.115416590000002
779,0,2016-08-29 08:00:00,26.462855910000005
779,0,2016-08-29 09:00:00,26.22104841
779,0,2016-08-29 10:00:00,26.51496909
779,0,2016-08-29 11:00:00,25.42235091
779,0,2016-08-29 12:00:00,27.847753410000003
779,0,2016-08-29 13:00:00,26.912266140000003
779,0,2016-08-29 14:00:00,31.447285200000003
779,0,2016-08-29 15:00:00,33.815533200000004
779,0,2016-08-29 16:00:00,34.701281400000006
779,0,2016-08-29 17:00:00,41.9100759
779,0,2016-08-29 18:00:00,32.0334852
779,0,2016-08-29 19:00:00,27.72236523
779,0,2016-08-29 20:00:00,27.476512950000004
779,0,2016-08-29 21:00:00,30.2895402
779,0,2016-08-29 22:00:00,33.3240045
779,0,2016-08-29 23:00:00,33.0666627
779,0,2016-08-30 00:00:00,25.914934770000006
779,0,2016-08-30 01:00:00,22.545896820000003
779,0,2016-08-30 02:00:00,19.471600230000004
779,0,2016-08-30 03:00:00,20.384284320000003
779,0,2016-08-30 04:00:00,19.197229320000005
779,0,2016-08-30 05:00:00,19.492791360000002
779,0,2016-08-30 06:00:00,25.739866140000004
779,0,2016-08-30 07:00:00,27.03604227
779,0,2016-08-30 08:00:00,27.719111820000002
779,0,2016-08-30 09:00:00,28.46326341
779,0,2016-08-30 10:00:00,28.52352477
779,0,2016-08-30 11:00:00,28.57971204
779,0,2016-08-30 12:00:00,29.177284320000005
779,0,2016-08-30 13:00:00,25.148800680000004
779,0,2016-08-30 14:00:00,27.601051140000003
779,0,2016-08-30 15:00:00,26.663160450000003
779,0,2016-08-30 16:00:00,27.294116820000003
779,0,2016-08-30 17:00:00,31.584749100000003
779,0,2016-08-30 18:00:00,31.811901600000002
779,0,2016-08-30 19:00:00,30.154421100000004
779,0,2016-08-30 20:00:00,27.21676773
779,0,2016-08-30 21:00:00,24.01547091
779,0,2016-08-30 22:00:00,24.01872432
779,0,2016-08-30 23:00:00,25.750447050000005
779,0,2016-08-31 00:00:00,21.94750386
779,0,2016-08-31 01:00:00,23.423584770000005
779,0,2016-08-31 02:00:00,19.851018180000004
779,0,2016-08-31 03:00:00,18.2088375
779,0,2016-08-31 04:00:00,17.894575680000003
779,0,2016-08-31 05:00:00,18.04927386
779,0,2016-08-31 06:00:00,24.999788640000002
779,0,2016-08-31 07:00:00,25.231835910000004
779,0,2016-08-31 08:00:00,25.142293860000006
779,0,2016-08-31 09:00:00,25.198451820000002
779,0,2016-08-31 10:00:00,29.06414772
779,0,2016-08-31 11:00:00,38.216136600000006
779,0,2016-08-31 12:00:00,34.7525739
779,0,2016-08-31 13:00:00,27.106034550000004
779,0,2016-08-31 14:00:00,28.02525477
779,0,2016-08-31 15:00:00,30.741207300000003
779,0,2016-08-31 16:00:00,31.212805200000005
779,0,2016-08-31 17:00:00,29.843442
779,0,2016-08-31 18:00:00,26.49216591
779,0,2016-08-31 19:00:00,25.41094932
779,0,2016-08-31 20:00:00,20.76288159
779,0,2016-08-31 21:00:00,23.06940273
779,0,2016-08-31 22:00:00,23.331580680000002
779,0,2016-08-31 23:00:00,21.144732270000002
779,0,2016-09-01 00:00:00,18.59476227
779,0,2016-09-01 01:00:00,18.376549320000002
779,0,2016-09-01 02:00:00,17.84002977
779,0,2016-09-01 03:00:00,17.50132341
779,0,2016-09-01 04:00:00,17.722789770000002
779,0,2016-09-01 05:00:00,18.846330000000002
779,0,2016-09-01 06:00:00,23.722370910000002
779,0,2016-09-01 07:00:00,25.760236590000005
779,0,2016-09-01 08:00:00,26.43193386
779,0,2016-09-01 09:00:00,25.053543180000002
779,0,2016-09-01 10:00:00,24.424198860000004
779,0,2016-09-01 11:00:00,27.869735910000003
779,0,2016-09-01 12:00:00,26.291070000000005
779,0,2016-09-01 13:00:00,25.78872591
779,0,2016-09-01 14:00:00,26.55893409
779,0,2016-09-01 15:00:00,26.252820450000005
779,0,2016-09-01 16:00:00,25.959691140000004
779,0,2016-09-01 17:00:00,25.629982950000002
779,0,2016-09-01 18:00:00,26.176262730000005
779,0,2016-09-01 19:00:00,24.883369320000003
779,0,2016-09-01 20:00:00,21.66985023
779,0,2016-09-01 21:00:00,21.51597273
779,0,2016-09-01 22:00:00,21.61694568
779,0,2016-09-01 23:00:00,20.398147950000002
779,0,2016-09-02 00:00:00,20.39568591
779,0,2016-09-02 01:00:00,18.89926386
779,0,2016-09-02 02:00:00,18.189287730000004
779,0,2016-09-02 03:00:00,17.981685000000002
779,0,2016-09-02 04:00:00,18.25769727
779,0,2016-09-02 05:00:00,18.42702114
779,0,2016-09-02 06:00:00,24.702614550000003
779,0,2016-09-02 07:00:00,25.803380910000005
779,0,2016-09-02 08:00:00,27.318561360000004
779,0,2016-09-02 09:00:00,25.81070841
779,0,2016-09-02 10:00:00,24.83207682
779,0,2016-09-02 11:00:00,26.647684770000005
779,0,2016-09-02 12:00:00,25.591704090000004
779,0,2016-09-02 13:00:00,25.599031590000003
779,0,2016-09-02 14:00:00,26.25850659
779,0,2016-09-02 15:00:00,23.90717046
779,0,2016-09-02 16:00:00,24.20191182
779,0,2016-09-02 17:00:00,24.116443860000004
779,0,2016-09-02 18:00:00,25.23916341
779,0,2016-09-02 19:00:00,22.33339932
779,0,2016-09-02 20:00:00,21.0812175
779,0,2016-09-02 21:00:00,21.90025614
779,0,2016-09-02 22:00:00,21.476902500000005
779,0,2016-09-02 23:00:00,21.78873159
779,0,2016-09-03 00:00:00,21.61205091
779,0,2016-09-03 01:00:00,20.618793630000003
779,0,2016-09-03 02:00:00,20.139223410000003
779,0,2016-09-03 03:00:00,18.73073136
779,0,2016-09-03 04:00:00,18.34316523
779,0,2016-09-03 05:00:00,18.43842273
779,0,2016-09-03 06:00:00,24.900486360000002
779,0,2016-09-03 07:00:00,28.005705000000003
779,0,2016-09-03 08:00:00,27.58071
779,0,2016-09-03 09:00:00,29.079564780000005
779,0,2016-09-03 10:00:00,35.2728264
779,0,2016-09-03 11:00:00,32.013847500000004
779,0,2016-09-03 12:00:00,30.184317300000004
779,0,2016-09-03 13:00:00,28.387555680000002
779,0,2016-09-03 14:00:00,27.01974591
779,0,2016-09-03 15:00:00,29.734995000000005
779,0,2016-09-03 16:00:00,31.568628600000004
779,0,2016-09-03 17:00:00,26.692470450000005
779,0,2016-09-03 18:00:00,26.029712730000004
779,0,2016-09-03 19:00:00,24.481177500000005
779,0,2016-09-03 20:00:00,25.182184770000003
779,0,2016-09-03 21:00:00,24.495011820000002
779,0,2016-09-03 22:00:00,25.399577040000004
779,0,2016-09-03 23:00:00,25.243237500000003
779,0,2016-09-04 00:00:00,23.0742975
779,0,2016-09-04 01:00:00,20.3924325
779,0,2016-09-04 02:00:00,19.52614614
779,0,2016-09-04 03:00:00,18.974971590000003
779,0,2016-09-04 04:00:00,18.73559682
779,0,2016-09-04 05:00:00,19.01568318
779,0,2016-09-04 06:00:00,25.476896820000004
779,0,2016-09-04 07:00:00,24.892338180000003
779,0,2016-09-04 08:00:00,28.148180910000004
779,0,2016-09-04 09:00:00,27.84206727
779,0,2016-09-04 10:00:00,25.26768204
779,0,2016-09-04 11:00:00,27.130479090000005
779,0,2016-09-04 12:00:00,27.380434770000004
779,0,2016-09-04 13:00:00,27.215947050000004
779,0,2016-09-04 14:00:00,25.253818410000004
779,0,2016-09-04 15:00:00,26.882164770000003
779,0,2016-09-04 16:00:00,28.323220230000004
779,0,2016-09-04 17:00:00,26.59393023
779,0,2016-09-04 18:00:00,25.624267500000002
779,0,2016-09-04 19:00:00,24.245876820000003
779,0,2016-09-04 20:00:00,24.785679090000002
779,0,2016-09-04 21:00:00,22.995336360000003
779,0,2016-09-04 22:00:00,27.675967500000002
779,0,2016-09-04 23:00:00,23.110935
779,0,2016-09-05 00:00:00,20.87118204
779,0,2016-09-05 01:00:00,19.697961360000004
779,0,2016-09-05 02:00:00,19.08406341
779,0,2016-09-05 03:00:00,19.563604320000003
779,0,2016-09-05 04:00:00,20.37616545
779,0,2016-09-05 05:00:00,18.94648227
779,0,2016-09-05 06:00:00,24.70182318
779,0,2016-09-05 07:00:00,25.98170295
779,0,2016-09-05 08:00:00,25.74232818
779,0,2016-09-05 09:00:00,24.944422050000004
779,0,2016-09-05 10:00:00,27.138627270000004
779,0,2016-09-05 11:00:00,25.38653409
779,0,2016-09-05 12:00:00,25.581123180000002
779,0,2016-09-05 13:00:00,26.420532270000002
779,0,2016-09-05 14:00:00,25.162635
779,0,2016-09-05 15:00:00,26.598004320000005
779,0,2016-09-05 16:00:00,28.567489770000005
779,0,2016-09-05 17:00:00,25.16588841
779,0,2016-09-05 18:00:00,25.42073886
779,0,2016-09-05 19:00:00,23.568493410000002
779,0,2016-09-05 20:00:00,20.437218180000002
779,0,2016-09-05 21:00:00,20.690427270000004
779,0,2016-09-05 22:00:00,21.066562500000003
779,0,2016-09-05 23:00:00,20.314262730000003
779,0,2016-09-06 00:00:00,19.73864364
779,0,2016-09-06 01:00:00,18.561378180000002
779,0,2016-09-06 02:00:00,18.23407341
779,0,2016-09-06 03:00:00,17.713000230000002
779,0,2016-09-06 04:00:00,18.44900364
779,0,2016-09-06 05:00:00,18.729090000000003
779,0,2016-09-06 06:00:00,24.48199818
779,0,2016-09-06 07:00:00,27.208648860000004
779,0,2016-09-06 08:00:00,25.728493860000004
779,0,2016-09-06 09:00:00,26.618374770000003
779,0,2016-09-06 10:00:00,26.326095450000004
779,0,2016-09-06 11:00:00,25.516787730000004
779,0,2016-09-06 12:00:00,25.67066523
779,0,2016-09-06 13:00:00,23.141857050000002
779,0,2016-09-06 14:00:00,24.92490159
779,0,2016-09-06 15:00:00,25.945856820000003
779,0,2016-09-06 16:00:00,25.00793682
779,0,2016-09-06 17:00:00,25.01444364
779,0,2016-09-06 18:00:00,26.622448860000002
779,0,2016-09-06 19:00:00,24.597596820000003
779,0,2016-09-06 20:00:00,21.881556360000005
779,0,2016-09-06 21:00:00,27.447994320000003
779,0,2016-09-06 22:00:00,22.839817500000002
779,0,2016-09-06 23:00:00,21.14634432
779,0,2016-09-07 00:00:00,20.174219550000004
779,0,2016-09-07 01:00:00,19.36901523
779,0,2016-09-07 02:00:00,18.676156140000003
779,0,2016-09-07 03:00:00,18.837361140000002
779,0,2016-09-07 04:00:00,19.277831820000003
779,0,2016-09-07 05:00:00,19.24444773
779,0,2016-09-07 06:00:00,23.74192068
779,0,2016-09-07 07:00:00,25.445974770000003
779,0,2016-09-07 08:00:00,26.131506360000003
779,0,2016-09-07 09:00:00,25.100761590000005
779,0,2016-09-07 10:00:00,26.025667950000003
779,0,2016-09-07 11:00:00,25.74558159
779,0,2016-09-07 12:00:00,27.18259227
779,0,2016-09-07 13:00:00,28.877648190000002
779,0,2016-09-07 14:00:00,26.211288180000004
779,0,2016-09-07 15:00:00,26.266654770000002
779,0,2016-09-07 16:00:00,25.682887500000003
779,0,2016-09-07 17:00:00,28.479559770000005
779,0,2016-09-07 18:00:00,28.36229046
779,0,2016-09-07 19:00:00,26.75513523
779,0,2016-09-07 20:00:00,22.69162614
779,0,2016-09-07 21:00:00,24.619579320000003
779,0,2016-09-07 22:00:00,26.830051590000004
779,0,2016-09-07 23:00:00,26.18523159
779,0,2016-09-08 00:00:00,21.76349568
779,0,2016-09-08 01:00:00,20.157952500000004
779,0,2016-09-08 02:00:00,19.764700230000003
779,0,2016-09-08 03:00:00,19.61897091
779,0,2016-09-08 04:00:00,20.056188180000003
779,0,2016-09-08 05:00:00,20.74658523
779,0,2016-09-08 06:00:00,25.05108114
779,0,2016-09-08 07:00:00,27.72808068
779,0,2016-09-08 08:00:00,28.558520910000002
779,0,2016-09-08 09:00:00,29.152839780000004
779,0,2016-09-08 10:00:00,28.350126810000003
779,0,2016-09-08 11:00:00,30.4009182
779,0,2016-09-08 12:00:00,28.053744090000002
779,0,2016-09-08 13:00:00,29.368620000000004
779,0,2016-09-08 14:00:00,28.046416590000003
779,0,2016-09-08 15:00:00,25.82128932
779,0,2016-09-08 16:00:00,25.203346590000002
779,0,2016-09-08 17:00:00,25.959691140000004
779,0,2016-09-08 18:00:00,25.81396182
779,0,2016-09-08 19:00:00,26.511715680000002
779,0,2016-09-08 20:00:00,24.889084770000004
779,0,2016-09-08 21:00:00,22.12254318
779,0,2016-09-08 22:00:00,22.27234659
779,0,2016-09-08 23:00:00,21.809893410000004
779,0,2016-09-09 00:00:00,21.385719090000002
779,0,2016-09-09 01:00:00,19.9088175
779,0,2016-09-09 02:00:00,19.19236386
779,0,2016-09-09 03:00:00,19.05964818
779,0,2016-09-09 04:00:00,19.646639550000003
779,0,2016-09-09 05:00:00,19.661323860000003
779,0,2016-09-09 06:00:00,25.550171820000003
779,0,2016-09-09 07:00:00,29.3448789
779,0,2016-09-09 08:00:00,28.153075680000004
779,0,2016-09-09 09:00:00,28.231245450000003
779,0,2016-09-09 10:00:00,28.21576977
779,0,2016-09-09 11:00:00,28.37694546
779,0,2016-09-09 12:00:00,27.17280273
779,0,2016-09-09 13:00:00,27.369853860000003
779,0,2016-09-09 14:00:00,33.4239516
779,0,2016-09-09 15:00:00,40.7596584
779,0,2016-09-09 16:00:00,44.2343589
779,0,2016-09-09 17:00:00,42.808134300000006
779,0,2016-09-09 18:00:00,47.06775660000001
779,0,2016-09-09 19:00:00,37.0982532
779,0,2016-09-09 20:00:00,29.8792002
779,0,2016-09-09 21:00:00,28.322428860000002
779,0,2016-09-09 22:00:00,28.31589273
779,0,2016-09-09 23:00:00,29.331103200000005
779,0,2016-09-10 00:00:00,30.581760900000003
779,0,2016-09-10 01:00:00,31.384561800000004
779,0,2016-09-10 02:00:00,26.91634023
779,0,2016-09-10 03:00:00,23.312030910000004
779,0,2016-09-10 04:00:00,20.59109568
779,0,2016-09-10 05:00:00,22.044373410000002
779,0,2016-09-10 06:00:00,25.059229320000004
779,0,2016-09-10 07:00:00,25.594957500000003
779,0,2016-09-10 08:00:00,30.793379100000006
779,0,2016-09-10 09:00:00,34.24052820000001
779,0,2016-09-10 10:00:00,36.1181268
779,0,2016-09-10 11:00:00,38.472599100000004
779,0,2016-09-10 12:00:00,43.65490020000001
779,0,2016-09-10 13:00:00,37.9092609
779,0,2016-09-10 14:00:00,36.3077625
779,0,2016-09-10 15:00:00,42.13957320000001
779,0,2016-09-10 16:00:00,34.1493741
779,0,2016-09-10 17:00:00,36.9068589
779,0,2016-09-10 18:00:00,40.615453200000005
779,0,2016-09-10 19:00:00,49.205041800000004
779,0,2016-09-10 20:00:00,34.298268900000004
779,0,2016-09-10 21:00:00,28.811759310000003
779,0,2016-09-10 22:00:00,34.963605900000005
779,0,2016-09-10 23:00:00,34.6142307
779,0,2016-09-11 00:00:00,29.6552718
779,0,2016-09-11 01:00:00,25.682066820000003
779,0,2016-09-11 02:00:00,27.522910680000003
779,0,2016-09-11 03:00:00,23.676793860000004
779,0,2016-09-11 04:00:00,21.445159770000004
779,0,2016-09-11 05:00:00,21.429684090000002
779,0,2016-09-11 06:00:00,26.607764550000002
779,0,2016-09-11 07:00:00,27.408924090000003
779,0,2016-09-11 08:00:00,30.232385700000005
779,0,2016-09-11 09:00:00,32.2313277
779,0,2016-09-11 10:00:00,31.395992700000004
779,0,2016-09-11 11:00:00,38.3333766
779,0,2016-09-11 12:00:00,40.7725548
779,0,2016-09-11 13:00:00,38.650217700000006
779,0,2016-09-11 14:00:00,36.6650514
779,0,2016-09-11 15:00:00,32.766235200000004
779,0,2016-09-11 16:00:00,32.2914132
779,0,2016-09-11 17:00:00,38.35711770000001
779,0,2016-09-11 18:00:00,41.65595820000001
779,0,2016-09-11 19:00:00,34.996140000000004
779,0,2016-09-11 20:00:00,29.833476600000004
779,0,2016-09-11 21:00:00,32.2987407
779,0,2016-09-11 22:00:00,31.937934600000002
779,0,2016-09-11 23:00:00,29.441015700000005
779,0,2016-09-12 00:00:00,26.256073860000004
779,0,2016-09-12 01:00:00,26.251179090000004
779,0,2016-09-12 02:00:00,24.977014770000004
779,0,2016-09-12 03:00:00,22.494604320000004
779,0,2016-09-12 04:00:00,21.45002523
779,0,2016-09-12 05:00:00,22.555686360000003
779,0,2016-09-12 06:00:00,27.629569770000003
779,0,2016-09-12 07:00:00,27.77204568
779,0,2016-09-12 08:00:00,28.220635230000003
779,0,2016-09-12 09:00:00,30.2666784
779,0,2016-09-12 10:00:00,33.7806543
779,0,2016-09-12 11:00:00,34.172235900000004
779,0,2016-09-12 12:00:00,33.562294800000004
779,0,2016-09-12 13:00:00,34.513404300000005
779,0,2016-09-12 14:00:00,35.0231052
779,0,2016-09-12 15:00:00,30.641846400000002
779,0,2016-09-12 16:00:00,33.826084800000004
779,0,2016-09-12 17:00:00,35.617218900000005
779,0,2016-09-12 18:00:00,34.287717300000004
779,0,2016-09-12 19:00:00,36.798705000000005
779,0,2016-09-12 20:00:00,33.09274860000001
779,0,2016-09-12 21:00:00,36.585328200000006
779,0,2016-09-12 22:00:00,32.690615400000006
779,0,2016-09-12 23:00:00,30.424659300000002
779,0,2016-09-13 00:00:00,28.647271590000003
779,0,2016-09-13 01:00:00,26.47507818
779,0,2016-09-13 02:00:00,24.28822977
779,0,2016-09-13 03:00:00,22.41646386
779,0,2016-09-13 04:00:00,22.299223860000005
779,0,2016-09-13 05:00:00,21.99390159
779,0,2016-09-13 06:00:00,26.458781820000002
779,0,2016-09-13 07:00:00,27.101169090000003
779,0,2016-09-13 08:00:00,26.793414090000002
779,0,2016-09-13 09:00:00,26.614300680000003
779,0,2016-09-13 10:00:00,28.366364550000004
779,0,2016-09-13 11:00:00,37.0323057
779,0,2016-09-13 12:00:00,37.046081400000006
779,0,2016-09-13 13:00:00,32.739270000000005
779,0,2016-09-13 14:00:00,35.6579598
779,0,2016-09-13 15:00:00,37.8855198
779,0,2016-09-13 16:00:00,39.0757989
779,0,2016-09-13 17:00:00,36.683223600000005
779,0,2016-09-13 18:00:00,33.848067300000004
779,0,2016-09-13 19:00:00,36.7776018
779,0,2016-09-13 20:00:00,36.46486410000001
779,0,2016-09-13 21:00:00,29.399395500000004
779,0,2016-09-13 22:00:00,32.854165200000004
779,0,2016-09-13 23:00:00,34.6467648
779,0,2016-09-14 00:00:00,30.301557300000002
779,0,2016-09-14 01:00:00,22.44249114
779,0,2016-09-14 02:00:00,21.136584090000003
779,0,2016-09-14 03:00:00,20.307755910000004
779,0,2016-09-14 04:00:00,20.96805159
779,0,2016-09-14 05:00:00,23.24933682
779,0,2016-09-14 06:00:00,26.61834546
779,0,2016-09-14 07:00:00,27.488705910000004
779,0,2016-09-14 08:00:00,29.384740500000003
779,0,2016-09-14 09:00:00,29.148795000000003
779,0,2016-09-14 10:00:00,27.796460910000004
779,0,2016-09-14 11:00:00,29.25302136
779,0,2016-09-14 12:00:00,29.456550000000004
779,0,2016-09-14 13:00:00,32.0056407
779,0,2016-09-14 14:00:00,33.392296800000004
779,0,2016-09-14 15:00:00,34.7566773
779,0,2016-09-14 16:00:00,36.342055200000004
779,0,2016-09-14 17:00:00,34.11508140000001
779,0,2016-09-14 18:00:00,36.134247300000006
779,0,2016-09-14 19:00:00,41.3490825
779,0,2016-09-14 20:00:00,36.5601216
779,0,2016-09-14 21:00:00,37.1642007
779,0,2016-09-14 22:00:00,43.05316590000001
779,0,2016-09-14 23:00:00,34.6485234
779,0,2016-09-15 00:00:00,35.1591036
779,0,2016-09-15 01:00:00,27.181771590000004
779,0,2016-09-15 02:00:00,24.76695
779,0,2016-09-15 03:00:00,22.565446590000004
779,0,2016-09-15 04:00:00,21.49481091
779,0,2016-09-15 05:00:00,21.92388
779,0,2016-09-15 06:00:00,27.661341810000003
779,0,2016-09-15 07:00:00,28.737663630000004
779,0,2016-09-15 08:00:00,30.492951600000005
779,0,2016-09-15 09:00:00,30.9147225
779,0,2016-09-15 10:00:00,29.664064800000002
779,0,2016-09-15 11:00:00,31.033428
779,0,2016-09-15 12:00:00,33.519209100000005
779,0,2016-09-15 13:00:00,31.328286600000002
779,0,2016-09-15 14:00:00,30.664122000000003
779,0,2016-09-15 15:00:00,35.205413400000005
779,0,2016-09-15 16:00:00,35.576478
779,0,2016-09-15 17:00:00,38.181843900000004
779,0,2016-09-15 18:00:00,36.82713570000001
779,0,2016-09-15 19:00:00,34.160805
779,0,2016-09-15 20:00:00,39.7933077
779,0,2016-09-15 21:00:00,39.70684320000001
779,0,2016-09-15 22:00:00,39.704498400000006
779,0,2016-09-15 23:00:00,39.5327418
779,0,2016-09-16 00:00:00,35.03101890000001
779,0,2016-09-16 01:00:00,29.226173400000004
779,0,2016-09-16 02:00:00,24.983521590000002
779,0,2016-09-16 03:00:00,25.995537270000003
779,0,2016-09-16 04:00:00,21.879915000000004
779,0,2016-09-16 05:00:00,22.920420000000004
779,0,2016-09-16 06:00:00,25.906786590000003
779,0,2016-09-16 07:00:00,28.417686360000005
779,0,2016-09-16 08:00:00,28.93547682
779,0,2016-09-16 09:00:00,31.075048200000005
779,0,2016-09-16 10:00:00,34.7974182
779,0,2016-09-16 11:00:00,32.668339800000005
779,0,2016-09-16 12:00:00,38.5915977
779,0,2016-09-16 13:00:00,34.178684100000005
779,0,2016-09-16 14:00:00,32.6431332
779,0,2016-09-16 15:00:00,32.4567216
779,0,2016-09-16 16:00:00,38.0256216
779,0,2016-09-16 17:00:00,35.3510841
779,0,2016-09-16 18:00:00,33.349797300000006
779,0,2016-09-16 19:00:00,36.1928673
779,0,2016-09-16 20:00:00,39.7566702
779,0,2016-09-16 21:00:00,40.7180382
779,0,2016-09-16 22:00:00,39.533621100000005
779,0,2016-09-16 23:00:00,38.176275000000004
779,0,2016-09-17 00:00:00,31.8289014
779,0,2016-09-17 01:00:00,30.0345432
779,0,2016-09-17 02:00:00,29.949837300000006
779,0,2016-09-17 03:00:00,26.468571360000002
779,0,2016-09-17 04:00:00,20.525939550000004
779,0,2016-09-17 05:00:00,19.589660910000003
779,0,2016-09-17 06:00:00,24.627727500000002
779,0,2016-09-17 07:00:00,25.4190975
779,0,2016-09-17 08:00:00,27.98375181
779,0,2016-09-17 09:00:00,29.820580200000006
779,0,2016-09-17 10:00:00,30.7177593
779,0,2016-09-17 11:00:00,32.486031600000004
779,0,2016-09-17 12:00:00,34.914658200000005
779,0,2016-09-17 13:00:00,43.7094168
779,0,2016-09-17 14:00:00,41.07708570000001
779,0,2016-09-17 15:00:00,34.063202700000005
779,0,2016-09-17 16:00:00,41.5639248
779,0,2016-09-17 17:00:00,40.9794834
779,0,2016-09-17 18:00:00,34.60279980000001
779,0,2016-09-17 19:00:00,37.48104180000001
779,0,2016-09-17 20:00:00,36.233608200000006
779,0,2016-09-17 21:00:00,34.5230766
779,0,2016-09-17 22:00:00,34.1956839
779,0,2016-09-17 23:00:00,35.7678723
779,0,2016-09-18 00:00:00,35.1051732
779,0,2016-09-18 01:00:00,32.0147268
779,0,2016-09-18 02:00:00,28.92328386
779,0,2016-09-18 03:00:00,23.33076
779,0,2016-09-18 04:00:00,20.640746820000004
779,0,2016-09-18 05:00:00,19.986166590000003
779,0,2016-09-18 06:00:00,26.200707270000002
779,0,2016-09-18 07:00:00,25.68939432
779,0,2016-09-18 08:00:00,27.90883545
779,0,2016-09-18 09:00:00,28.64483886
779,0,2016-09-18 10:00:00,30.1828518
779,0,2016-09-18 11:00:00,33.6387939
779,0,2016-09-18 12:00:00,29.581996800000002
779,0,2016-09-18 13:00:00,38.170706100000004
779,0,2016-09-18 14:00:00,28.722158640000004
779,0,2016-09-18 15:00:00,29.712133200000004
779,0,2016-09-18 16:00:00,34.3179066
779,0,2016-09-18 17:00:00,37.66745340000001
779,0,2016-09-18 18:00:00,44.1563943
779,0,2016-09-18 19:00:00,47.046653400000004
779,0,2016-09-18 20:00:00,43.0572693
779,0,2016-09-18 21:00:00,47.090618400000004
779,0,2016-09-18 22:00:00,41.477753400000005
779,0,2016-09-18 23:00:00,38.0306043
779,0,2016-09-19 00:00:00,32.6164611
779,0,2016-09-19 01:00:00,28.93547682
779,0,2016-09-19 02:00:00,26.481585
779,0,2016-09-19 03:00:00,23.766335910000002
779,0,2016-09-19 04:00:00,22.07857818
779,0,2016-09-19 05:00:00,21.52901568
779,0,2016-09-19 06:00:00,28.19539932
779,0,2016-09-19 07:00:00,31.0946859
779,0,2016-09-19 08:00:00,35.496754800000005
779,0,2016-09-19 09:00:00,31.038410700000004
779,0,2016-09-19 10:00:00,29.833476600000004
779,0,2016-09-19 11:00:00,32.5258932
779,0,2016-09-19 12:00:00,32.8084416
779,0,2016-09-19 13:00:00,30.563881800000004
779,0,2016-09-19 14:00:00,34.453905
779,0,2016-09-19 15:00:00,34.3788714
779,0,2016-09-19 16:00:00,34.474128900000004
779,0,2016-09-19 17:00:00,34.6810575
779,0,2016-09-19 18:00:00,37.7668143
779,0,2016-09-19 19:00:00,40.6365564
779,0,2016-09-19 20:00:00,42.4596384
779,0,2016-09-19 21:00:00,43.6938825
779,0,2016-09-19 22:00:00,48.5186016
779,0,2016-09-19 23:00:00,43.34861070000001
779,0,2016-09-20 00:00:00,36.4502091
779,0,2016-09-20 01:00:00,30.697242300000003
779,0,2016-09-20 02:00:00,25.84245114
779,0,2016-09-20 03:00:00,22.264198410000002
779,0,2016-09-20 04:00:00,21.10402068
779,0,2016-09-20 05:00:00,21.032357730000005
779,0,2016-09-20 06:00:00,26.40995136
779,0,2016-09-20 07:00:00,26.858540910000002
779,0,2016-09-20 08:00:00,27.478125000000002
779,0,2016-09-20 09:00:00,28.337875230000005
779,0,2016-09-20 10:00:00,32.590375200000004
779,0,2016-09-20 11:00:00,30.7869309
779,0,2016-09-20 12:00:00,31.3745964
779,0,2016-09-20 13:00:00,31.081789500000003
779,0,2016-09-20 14:00:00,31.4871468
779,0,2016-09-20 15:00:00,29.057582280000005
779,0,2016-09-20 16:00:00,32.145742500000004
779,0,2016-09-20 17:00:00,33.948307500000006
779,0,2016-09-20 18:00:00,35.86664700000001
779,0,2016-09-20 19:00:00,41.4012543
779,0,2016-09-20 20:00:00,36.1702986
779,0,2016-09-20 21:00:00,39.30969270000001
779,0,2016-09-20 22:00:00,43.46760930000001
779,0,2016-09-20 23:00:00,41.517615000000006
779,0,2016-09-21 00:00:00,36.08647200000001
779,0,2016-09-21 01:00:00,33.9025839
779,0,2016-09-21 02:00:00,27.798102270000005
779,0,2016-09-21 03:00:00,23.59047591
779,0,2016-09-21 04:00:00,22.620813180000003
779,0,2016-09-21 05:00:00,22.40342091
779,0,2016-09-21 06:00:00,26.923667730000002
779,0,2016-09-21 07:00:00,28.335442500000003
779,0,2016-09-21 08:00:00,29.281510680000004
779,0,2016-09-21 09:00:00,36.150660900000005
779,0,2016-09-21 10:00:00,30.277230000000003
779,0,2016-09-21 11:00:00,28.127839770000005
779,0,2016-09-21 12:00:00,30.808034100000004
779,0,2016-09-21 13:00:00,34.6159893
779,0,2016-09-21 14:00:00,36.0422139
779,0,2016-09-21 15:00:00,37.3573536
779,0,2016-09-21 16:00:00,34.3847334
779,0,2016-09-21 17:00:00,33.947428200000004
779,0,2016-09-21 18:00:00,42.9766668
779,0,2016-09-21 19:00:00,39.215900700000006
779,0,2016-09-21 20:00:00,38.4359616
779,0,2016-09-21 21:00:00,43.52447070000001
779,0,2016-09-21 22:00:00,40.291577700000005
779,0,2016-09-21 23:00:00,38.169826799999996
779,0,2016-09-22 00:00:00,37.1023566
779,0,2016-09-22 01:00:00,31.922693400000004
779,0,2016-09-22 02:00:00,29.572031400000004
779,0,2016-09-22 03:00:00,23.72969841
779,0,2016-09-22 04:00:00,22.567058640000003
779,0,2016-09-22 05:00:00,22.257691590000004
779,0,2016-09-22 06:00:00,27.393448410000005
779,0,2016-09-22 07:00:00,27.97067955
779,0,2016-09-22 08:00:00,28.70507091
779,0,2016-09-22 09:00:00,30.6600186
779,0,2016-09-22 10:00:00,29.173210230000002
779,0,2016-09-22 11:00:00,28.110722730000003
779,0,2016-09-22 12:00:00,32.9280264
779,0,2016-09-22 13:00:00,30.0005436
779,0,2016-09-22 14:00:00,31.275528600000005
779,0,2016-09-22 15:00:00,30.499399800000006
779,0,2016-09-22 16:00:00,32.5625307
779,0,2016-09-22 17:00:00,32.7319425
779,0,2016-09-22 18:00:00,31.551335700000006
779,0,2016-09-22 19:00:00,34.52073180000001
779,0,2016-09-22 20:00:00,39.13441890000001
779,0,2016-09-22 21:00:00,37.90427820000001
779,0,2016-09-22 22:00:00,37.358819100000005
779,0,2016-09-22 23:00:00,38.211153900000006
779,0,2016-09-23 00:00:00,33.4948818
779,0,2016-09-23 01:00:00,30.581760900000003
779,0,2016-09-23 02:00:00,29.2554834
779,0,2016-09-23 03:00:00,24.779172270000004
779,0,2016-09-23 04:00:00,22.9570575
779,0,2016-09-23 05:00:00,21.16425273
779,0,2016-09-23 06:00:00,26.898431820000003
779,0,2016-09-23 07:00:00,28.52024205
779,0,2016-09-23 08:00:00,31.573318200000003
779,0,2016-09-23 09:00:00,30.719224800000006
779,0,2016-09-23 10:00:00,30.080266800000004
779,0,2016-09-23 11:00:00,33.419848200000004
779,0,2016-09-23 12:00:00,35.69049390000001
779,0,2016-09-23 13:00:00,35.6872698
779,0,2016-09-23 14:00:00,35.5832193
779,0,2016-09-23 15:00:00,40.69459020000001
779,0,2016-09-23 16:00:00,38.452375200000006
779,0,2016-09-23 17:00:00,36.37781340000001
779,0,2016-09-23 18:00:00,32.8189932
779,0,2016-09-23 19:00:00,36.100247700000004
779,0,2016-09-23 20:00:00,33.2914704
779,0,2016-09-23 21:00:00,40.379507700000005
779,0,2016-09-23 22:00:00,42.3212952
779,0,2016-09-23 23:00:00,39.824962500000005
779,0,2016-09-24 00:00:00,40.4111625
779,0,2016-09-24 01:00:00,33.650224800000004
779,0,2016-09-24 02:00:00,28.714010460000004
779,0,2016-09-24 03:00:00,25.106447730000003
779,0,2016-09-24 04:00:00,21.682893180000004
779,0,2016-09-24 05:00:00,21.073069320000002
779,0,2016-09-24 06:00:00,25.72441977
779,0,2016-09-24 07:00:00,26.78772795
779,0,2016-09-24 08:00:00,27.92592318
779,0,2016-09-24 09:00:00,29.9126136
779,0,2016-09-24 10:00:00,31.698765000000005
779,0,2016-09-24 11:00:00,34.0714095
779,0,2016-09-24 12:00:00,38.87062890000001
779,0,2016-09-24 13:00:00,41.284893600000004
779,0,2016-09-24 14:00:00,42.94325340000001
779,0,2016-09-24 15:00:00,41.016120900000004
779,0,2016-09-24 16:00:00,40.0471323
779,0,2016-09-24 17:00:00,39.28272750000001
779,0,2016-09-24 18:00:00,44.230548600000006
779,0,2016-09-24 19:00:00,42.072160200000006
779,0,2016-09-24 20:00:00,37.3564743
779,0,2016-09-24 21:00:00,38.3626866
779,0,2016-09-24 22:00:00,39.58637910000001
779,0,2016-09-24 23:00:00,33.287953200000004
779,0,2016-09-25 00:00:00,30.707793900000006
779,0,2016-09-25 01:00:00,31.017307500000005
779,0,2016-09-25 02:00:00,28.870350000000002
779,0,2016-09-25 03:00:00,26.6615484
779,0,2016-09-25 04:00:00,21.967845000000004
779,0,2016-09-25 05:00:00,20.10015318
779,0,2016-09-25 06:00:00,25.34256909
779,0,2016-09-25 07:00:00,25.51760841
779,0,2016-09-25 08:00:00,25.60146432
779,0,2016-09-25 09:00:00,27.27459636
779,0,2016-09-25 10:00:00,30.86343
779,0,2016-09-25 11:00:00,38.6557866
779,0,2016-09-25 12:00:00,40.655314800000006
779,0,2016-09-25 13:00:00,37.75626270000001
779,0,2016-09-25 14:00:00,39.44715660000001
779,0,2016-09-25 15:00:00,39.13940160000001
779,0,2016-09-25 16:00:00,35.7482346
779,0,2016-09-25 17:00:00,37.836572100000005
779,0,2016-09-25 18:00:00,41.5184943
779,0,2016-09-25 19:00:00,41.4393573
779,0,2016-09-25 20:00:00,39.313796100000005
779,0,2016-09-25 21:00:00,42.2893473
779,0,2016-09-25 22:00:00,39.5904825
779,0,2016-09-25 23:00:00,39.2241075
779,0,2016-09-26 00:00:00,36.63515520000001
779,0,2016-09-26 01:00:00,33.3410043
779,0,2016-09-26 02:00:00,29.9850093
779,0,2016-09-26 03:00:00,23.627934090000004
779,0,2016-09-26 04:00:00,20.76777636
779,0,2016-09-26 05:00:00,19.45207977
779,0,2016-09-26 06:00:00,24.740893410000005
779,0,2016-09-26 07:00:00,26.608585230000003
779,0,2016-09-26 08:00:00,29.5696866
779,0,2016-09-26 09:00:00,27.25665864
779,0,2016-09-26 10:00:00,27.7492425
779,0,2016-09-26 11:00:00,27.861587730000004
779,0,2016-09-26 12:00:00,29.565583200000003
779,0,2016-09-26 13:00:00,30.409125000000003
779,0,2016-09-26 14:00:00,34.530404100000005
779,0,2016-09-26 15:00:00,33.5910186
779,0,2016-09-26 16:00:00,38.322825
779,0,2016-09-26 17:00:00,33.5347434
779,0,2016-09-26 18:00:00,36.255590700000006
779,0,2016-09-26 19:00:00,35.9261463
779,0,2016-09-26 20:00:00,38.6549073
779,0,2016-09-26 21:00:00,39.2868309
779,0,2016-09-26 22:00:00,37.258872000000004
779,0,2016-09-26 23:00:00,39.25664160000001
779,0,2016-09-27 00:00:00,38.2225848
779,0,2016-09-27 01:00:00,34.2941655
779,0,2016-09-27 02:00:00,30.666466800000002
779,0,2016-09-27 03:00:00,24.774277500000004
779,0,2016-09-27 04:00:00,21.286387500000004
779,0,2016-09-27 05:00:00,21.42561
779,0,2016-09-27 06:00:00,25.778965680000002
779,0,2016-09-27 07:00:00,28.116438180000003
779,0,2016-09-27 08:00:00,29.042106600000004
779,0,2016-09-27 09:00:00,33.5493984
779,0,2016-09-27 10:00:00,30.434331600000004
779,0,2016-09-27 11:00:00,30.873102300000003
779,0,2016-09-27 12:00:00,33.233436600000005
779,0,2016-09-27 13:00:00,28.394853870000002
779,0,2016-09-27 14:00:00,30.3188502
779,0,2016-09-27 15:00:00,30.04275
779,0,2016-09-27 16:00:00,32.75245950000001
779,0,2016-09-27 17:00:00,32.08155360000001
779,0,2016-09-27 18:00:00,33.7627752
779,0,2016-09-27 19:00:00,37.780590000000004
779,0,2016-09-27 20:00:00,32.493359100000006
779,0,2016-09-27 21:00:00,34.0508925
779,0,2016-09-27 22:00:00,43.7826918
779,0,2016-09-27 23:00:00,39.7549116
779,0,2016-09-28 00:00:00,34.179563400000006
779,0,2016-09-28 01:00:00,32.619685200000006
779,0,2016-09-28 02:00:00,28.108290000000004
779,0,2016-09-28 03:00:00,22.88134977
779,0,2016-09-28 04:00:00,21.109706820000003
779,0,2016-09-28 05:00:00,19.9820925
779,0,2016-09-28 06:00:00,24.80115477
779,0,2016-09-28 07:00:00,26.252791140000003
779,0,2016-09-28 08:00:00,29.579358900000003
779,0,2016-09-28 09:00:00,30.5580198
779,0,2016-09-28 10:00:00,28.446175680000003
779,0,2016-09-28 11:00:00,35.270481600000004
779,0,2016-09-28 12:00:00,33.02650800000001
779,0,2016-09-28 13:00:00,31.485388200000003
779,0,2016-09-28 14:00:00,30.887171100000003
779,0,2016-09-28 15:00:00,37.765055700000005
779,0,2016-09-28 16:00:00,36.564225
779,0,2016-09-28 17:00:00,33.1267482
779,0,2016-09-28 18:00:00,35.9665941
779,0,2016-09-28 19:00:00,38.16249930000001
779,0,2016-09-28 20:00:00,40.7458827
779,0,2016-09-28 21:00:00,40.7060211
779,0,2016-09-28 22:00:00,41.374289100000006
779,0,2016-09-28 23:00:00,41.5208391
779,0,2016-09-29 00:00:00,36.727774800000006
779,0,2016-09-29 01:00:00,33.47114070000001
779,0,2016-09-29 02:00:00,29.7625464
779,0,2016-09-29 03:00:00,24.962359770000003
779,0,2016-09-29 04:00:00,21.716277270000003
779,0,2016-09-29 05:00:00,20.626091820000003
779,0,2016-09-29 06:00:00,25.687782270000003
779,0,2016-09-29 07:00:00,27.487885230000003
779,0,2016-09-29 08:00:00,28.663538640000002
779,0,2016-09-29 09:00:00,28.922433870000003
779,0,2016-09-29 10:00:00,33.4541409
779,0,2016-09-29 11:00:00,33.5705016
779,0,2016-09-29 12:00:00,33.20823
779,0,2016-09-29 13:00:00,30.6705702
779,0,2016-09-29 14:00:00,33.16924770000001
779,0,2016-09-29 15:00:00,36.029317500000005
779,0,2016-09-29 16:00:00,36.660948000000005
779,0,2016-09-29 17:00:00,39.154935900000005
779,0,2016-09-29 18:00:00,36.4387782
779,0,2016-09-29 19:00:00,37.276458000000005
779,0,2016-09-29 20:00:00,37.556661600000005
779,0,2016-09-29 21:00:00,41.78316360000001
779,0,2016-09-29 22:00:00,39.1736943
779,0,2016-09-29 23:00:00,40.4161452
779,0,2016-09-30 00:00:00,37.66335
779,0,2016-09-30 01:00:00,33.8577396
779,0,2016-09-30 02:00:00,30.944911800000003
779,0,2016-09-30 03:00:00,26.20152795
779,0,2016-09-30 04:00:00,25.174857270000004
779,0,2016-09-30 05:00:00,21.47772318
779,0,2016-09-30 06:00:00,26.218615680000003
779,0,2016-09-30 07:00:00,26.99858409
779,0,2016-09-30 08:00:00,29.8384593
779,0,2016-09-30 09:00:00,29.261960910000003
779,0,2016-09-30 10:00:00,27.898254540000003
779,0,2016-09-30 11:00:00,30.516692700000004
779,0,2016-09-30 12:00:00,31.917710700000004
779,0,2016-09-30 13:00:00,36.128678400000005
779,0,2016-09-30 14:00:00,33.20823
779,0,2016-09-30 15:00:00,35.9284911
779,0,2016-09-30 16:00:00,38.3017218
779,0,2016-09-30 17:00:00,34.38385410000001
779,0,2016-09-30 18:00:00,36.683223600000005
779,0,2016-09-30 19:00:00,42.5018448
779,0,2016-09-30 20:00:00,40.37218020000001
779,0,2016-09-30 21:00:00,41.005569300000005
779,0,2016-09-30 22:00:00,38.72349270000001
779,0,2016-09-30 23:00:00,35.3909457
779,0,2016-10-01 00:00:00,33.3026082
779,0,2016-10-01 01:00:00,32.250672300000005
779,0,2016-10-01 02:00:00,36.2116257
779,0,2016-10-01 03:00:00,30.257592300000002
779,0,2016-10-01 04:00:00,22.04680614
779,0,2016-10-01 05:00:00,20.99654091
779,0,2016-10-01 06:00:00,25.751267730000002
779,0,2016-10-01 07:00:00,26.99368932
779,0,2016-10-01 08:00:00,28.110722730000003
779,0,2016-10-01 09:00:00,32.656322700000004
779,0,2016-10-01 10:00:00,35.134483200000005
779,0,2016-10-01 11:00:00,30.120128400000002
779,0,2016-10-01 12:00:00,33.476123400000006
779,0,2016-10-01 13:00:00,37.3230609
779,0,2016-10-01 14:00:00,43.680106800000004
779,0,2016-10-01 15:00:00,41.484201600000006
779,0,2016-10-01 16:00:00,43.66955520000001
779,0,2016-10-01 17:00:00,46.02226890000001
779,0,2016-10-01 18:00:00,43.2551118
779,0,2016-10-01 19:00:00,40.329094500000004
779,0,2016-10-01 20:00:00,42.4312077
779,0,2016-10-01 21:00:00,39.847824300000006
779,0,2016-10-01 22:00:00,34.9937952
779,0,2016-10-01 23:00:00,36.5756559
779,0,2016-10-02 00:00:00,37.4476284
779,0,2016-10-02 01:00:00,34.6526268
779,0,2016-10-02 02:00:00,30.590847000000004
779,0,2016-10-02 03:00:00,27.69387591
779,0,2016-10-02 04:00:00,23.684912730000004
779,0,2016-10-02 05:00:00,21.52168818
779,0,2016-10-02 06:00:00,26.004476820000004
779,0,2016-10-02 07:00:00,27.04172841
779,0,2016-10-02 08:00:00,26.793414090000002
779,0,2016-10-02 09:00:00,29.991457500000003
779,0,2016-10-02 10:00:00,30.624846600000005
779,0,2016-10-02 11:00:00,32.5276518
779,0,2016-10-02 12:00:00,32.6229093
779,0,2016-10-02 13:00:00,42.3749325
779,0,2016-10-02 14:00:00,47.11494570000001
779,0,2016-10-02 15:00:00,47.10439410000001
779,0,2016-10-02 16:00:00,43.44210960000001
779,0,2016-10-02 17:00:00,41.1122577
779,0,2016-10-02 18:00:00,40.30535340000001
779,0,2016-10-02 19:00:00,37.7448318
779,0,2016-10-02 20:00:00,46.882224300000004
779,0,2016-10-02 21:00:00,44.959781400000004
779,0,2016-10-02 22:00:00,42.06717750000001
779,0,2016-10-02 23:00:00,44.465614800000004
779,0,2016-10-03 00:00:00,39.3876573
779,0,2016-10-03 01:00:00,31.8324186
779,0,2016-10-03 02:00:00,29.08610091
779,0,2016-10-03 03:00:00,24.888264090000003
779,0,2016-10-03 04:00:00,22.81132818
779,0,2016-10-03 05:00:00,23.21598204
779,0,2016-10-03 06:00:00,26.704663410000002
779,0,2016-10-03 07:00:00,29.0095725
779,0,2016-10-03 08:00:00,29.3612925
779,0,2016-10-03 09:00:00,29.642961600000003
779,0,2016-10-03 10:00:00,29.33931
779,0,2016-10-03 11:00:00,29.075490690000002
779,0,2016-10-03 12:00:00,30.221834100000002
779,0,2016-10-03 13:00:00,30.803930700000002
779,0,2016-10-03 14:00:00,33.842498400000004
779,0,2016-10-03 15:00:00,36.8875143
779,0,2016-10-03 16:00:00,36.480398400000006
779,0,2016-10-03 17:00:00,36.95346180000001
779,0,2016-10-03 18:00:00,37.72783200000001
779,0,2016-10-03 19:00:00,36.4208991
779,0,2016-10-03 20:00:00,37.654557000000004
779,0,2016-10-03 21:00:00,39.131194799999996
779,0,2016-10-03 22:00:00,43.258335900000006
779,0,2016-10-03 23:00:00,43.136992500000005
779,0,2016-10-04 00:00:00,41.95902360000001
779,0,2016-10-04 01:00:00,37.16830410000001
779,0,2016-10-04 02:00:00,31.991865000000004
779,0,2016-10-04 03:00:00,25.001430000000003
779,0,2016-10-04 04:00:00,25.727673180000004
779,0,2016-10-04 05:00:00,23.51230614
779,0,2016-10-04 06:00:00,27.368212500000002
779,0,2016-10-04 07:00:00,27.809503860000003
779,0,2016-10-04 08:00:00,27.447994320000003
779,0,2016-10-04 09:00:00,29.521618200000002
779,0,2016-10-04 10:00:00,30.261695700000004
779,0,2016-10-04 11:00:00,31.928262300000004
779,0,2016-10-04 12:00:00,33.617690700000004
779,0,2016-10-04 13:00:00,33.474364800000004
779,0,2016-10-04 14:00:00,34.056754500000004
779,0,2016-10-04 15:00:00,38.560529100000004
779,0,2016-10-04 16:00:00,33.375297
779,0,2016-10-04 17:00:00,32.569858200000006
779,0,2016-10-04 18:00:00,37.7348664
779,0,2016-10-04 19:00:00,36.612293400000006
779,0,2016-10-04 20:00:00,36.556897500000005
779,0,2016-10-04 21:00:00,46.591469100000005
779,0,2016-10-04 22:00:00,42.55079250000001
779,0,2016-10-04 23:00:00,40.5911259
779,0,2016-10-05 00:00:00,35.063846100000006
779,0,2016-10-05 01:00:00,32.498928
779,0,2016-10-05 02:00:00,29.8009425
779,0,2016-10-05 03:00:00,26.064738180000003
779,0,2016-10-05 04:00:00,23.627934090000004
779,0,2016-10-05 05:00:00,21.586815000000005
779,0,2016-10-05 06:00:00,29.003886360000003
779,0,2016-10-05 07:00:00,29.391481800000005
779,0,2016-10-05 08:00:00,29.270079780000003
779,0,2016-10-05 09:00:00,29.128453860000004
779,0,2016-10-05 10:00:00,24.722955690000003
779,0,2016-10-05 11:00:00,29.24809728
779,0,2016-10-05 12:00:00,33.5104161
779,0,2016-10-05 13:00:00,30.5492268
779,0,2016-10-05 14:00:00,29.17406022
779,0,2016-10-05 15:00:00,33.459123600000005
779,0,2016-10-05 16:00:00,33.1358343
779,0,2016-10-05 17:00:00,30.351970500000004
779,0,2016-10-05 18:00:00,34.7534532
779,0,2016-10-05 19:00:00,37.8227964
779,0,2016-10-05 20:00:00,35.78897550000001
779,0,2016-10-05 21:00:00,36.6301725
779,0,2016-10-05 22:00:00,39.141746399999995
779,0,2016-10-05 23:00:00,38.61768360000001
779,0,2016-10-06 00:00:00,36.6782409
779,0,2016-10-06 01:00:00,35.832354300000006
779,0,2016-10-06 02:00:00,29.097473190000002
779,0,2016-10-06 03:00:00,25.318153860000002
779,0,2016-10-06 04:00:00,23.460222270000003
779,0,2016-10-06 05:00:00,22.14531705
779,0,2016-10-06 06:00:00,27.454530450000004
779,0,2016-10-06 07:00:00,27.646657500000003
779,0,2016-10-06 08:00:00,28.363111140000004
779,0,2016-10-06 09:00:00,31.077686100000005
779,0,2016-10-06 10:00:00,29.099143860000005
779,0,2016-10-06 11:00:00,30.3138675
779,0,2016-10-06 12:00:00,32.106760200000004
779,0,2016-10-06 13:00:00,32.2483275
779,0,2016-10-06 14:00:00,31.004997300000003
779,0,2016-10-06 15:00:00,32.629357500000005
779,0,2016-10-06 16:00:00,30.151783200000004
779,0,2016-10-06 17:00:00,30.7649484
779,0,2016-10-06 18:00:00,37.11320130000001
779,0,2016-10-06 19:00:00,35.7678723
779,0,2016-10-06 20:00:00,33.6323457
779,0,2016-10-06 21:00:00,36.512053200000004
779,0,2016-10-06 22:00:00,39.524535
779,0,2016-10-06 23:00:00,38.892025200000006
779,0,2016-10-07 00:00:00,37.3341987
779,0,2016-10-07 01:00:00,33.8847048
779,0,2016-10-07 02:00:00,29.03319636
779,0,2016-10-07 03:00:00,29.8472523
779,0,2016-10-07 04:00:00,25.921441590000004
779,0,2016-10-07 05:00:00,22.765721820000003
779,0,2016-10-07 06:00:00,27.633643860000003
779,0,2016-10-07 07:00:00,29.006348400000004
779,0,2016-10-07 08:00:00,28.329756360000005
779,0,2016-10-07 09:00:00,32.1586389
779,0,2016-10-07 10:00:00,31.782591600000003
779,0,2016-10-07 11:00:00,32.0261577
779,0,2016-10-07 12:00:00,39.1476084
779,0,2016-10-07 13:00:00,35.2575852
779,0,2016-10-07 14:00:00,38.9878689
779,0,2016-10-07 15:00:00,42.70642860000001
779,0,2016-10-07 16:00:00,37.83774450000001
779,0,2016-10-07 17:00:00,37.380801600000005
779,0,2016-10-07 18:00:00,39.3730023
779,0,2016-10-07 19:00:00,41.3605134
779,0,2016-10-07 20:00:00,44.34192660000001
779,0,2016-10-07 21:00:00,39.71182590000001
779,0,2016-10-07 22:00:00,40.9630698
779,0,2016-10-07 23:00:00,43.4479716
779,0,2016-10-08 00:00:00,41.660061600000006
779,0,2016-10-08 01:00:00,34.321130700000005
779,0,2016-10-08 02:00:00,34.4269398
779,0,2016-10-08 03:00:00,26.541025680000004
779,0,2016-10-08 04:00:00,23.959283640000002
779,0,2016-10-08 05:00:00,21.967845000000004
779,0,2016-10-08 06:00:00,27.110108640000004
779,0,2016-10-08 07:00:00,28.95825069
779,0,2016-10-08 08:00:00,27.99430341
779,0,2016-10-08 09:00:00,30.563002500000003
779,0,2016-10-08 10:00:00,28.41850704
779,0,2016-10-08 11:00:00,34.2455109
779,0,2016-10-08 12:00:00,34.606317000000004
779,0,2016-10-08 13:00:00,37.5909543
779,0,2016-10-08 14:00:00,41.2863591
779,0,2016-10-08 15:00:00,42.361743000000004
779,0,2016-10-08 16:00:00,44.59428570000001
779,0,2016-10-08 17:00:00,41.3033589
779,0,2016-10-08 18:00:00,41.9710407
779,0,2016-10-08 19:00:00,41.37106500000001
779,0,2016-10-08 20:00:00,38.0499489
779,0,2016-10-08 21:00:00,37.77912450000001
779,0,2016-10-08 22:00:00,34.453905
779,0,2016-10-08 23:00:00,35.952818400000005
779,0,2016-10-09 00:00:00,39.154935900000005
779,0,2016-10-09 01:00:00,32.4291702
779,0,2016-10-09 02:00:00,29.889751800000003
779,0,2016-10-09 03:00:00,30.120128400000002
779,0,2016-10-09 04:00:00,24.26053182
779,0,2016-10-09 05:00:00,23.012424090000003
779,0,2016-10-09 06:00:00,26.990435910000002
779,0,2016-10-09 07:00:00,28.073293860000003
779,0,2016-10-09 08:00:00,28.662747270000004
779,0,2016-10-09 09:00:00,32.300499300000006
779,0,2016-10-09 10:00:00,29.6045655
779,0,2016-10-09 11:00:00,35.48209980000001
779,0,2016-10-09 12:00:00,38.17539570000001
779,0,2016-10-09 13:00:00,40.385076600000005
779,0,2016-10-09 14:00:00,41.75385360000001
779,0,2016-10-09 15:00:00,36.687913200000004
779,0,2016-10-09 16:00:00,36.9118416
779,0,2016-10-09 17:00:00,40.5975741
779,0,2016-10-09 18:00:00,42.7307559
779,0,2016-10-09 19:00:00,40.4803341
779,0,2016-10-09 20:00:00,38.6370282
779,0,2016-10-09 21:00:00,42.6354984
779,0,2016-10-09 22:00:00,38.626476600000004
779,0,2016-10-09 23:00:00,40.688142
779,0,2016-10-10 00:00:00,35.3305671
779,0,2016-10-10 01:00:00,35.0612082
779,0,2016-10-10 02:00:00,35.3950491
779,0,2016-10-10 03:00:00,25.599031590000003
779,0,2016-10-10 04:00:00,24.022798410000004
779,0,2016-10-10 05:00:00,23.402422950000002
779,0,2016-10-10 06:00:00,27.884361600000002
779,0,2016-10-10 07:00:00,28.762078860000003
779,0,2016-10-10 08:00:00,29.556790200000002
779,0,2016-10-10 09:00:00,29.379171600000003
779,0,2016-10-10 10:00:00,28.769406360000005
779,0,2016-10-10 11:00:00,28.990843410000004
779,0,2016-10-10 12:00:00,29.650289100000002
779,0,2016-10-10 13:00:00,31.982778900000003
779,0,2016-10-10 14:00:00,36.5185014
779,0,2016-10-10 15:00:00,35.2696023
779,0,2016-10-10 16:00:00,32.6390298
779,0,2016-10-10 17:00:00,35.435790000000004
779,0,2016-10-10 18:00:00,34.0116171
779,0,2016-10-10 19:00:00,37.78967610000001
779,0,2016-10-10 20:00:00,35.6271843
779,0,2016-10-10 21:00:00,33.7454823
779,0,2016-10-10 22:00:00,36.040748400000005
779,0,2016-10-10 23:00:00,34.607782500000006
779,0,2016-10-11 00:00:00,32.3239473
779,0,2016-10-11 01:00:00,36.79460160000001
779,0,2016-10-11 02:00:00,33.651104100000005
779,0,2016-10-11 03:00:00,23.65888545
779,0,2016-10-11 04:00:00,24.363116820000005
779,0,2016-10-11 05:00:00,21.94668318
779,0,2016-10-11 06:00:00,26.5768425
779,0,2016-10-11 07:00:00,26.26744614
779,0,2016-10-11 08:00:00,26.71688568
779,0,2016-10-11 09:00:00,28.859739780000005
779,0,2016-10-11 10:00:00,30.515813400000003
779,0,2016-10-11 11:00:00,30.760845000000003
779,0,2016-10-11 12:00:00,31.5009225
779,0,2016-10-11 13:00:00,29.681357700000003
779,0,2016-10-11 14:00:00,35.106052500000004
779,0,2016-10-11 15:00:00,29.128453860000004
779,0,2016-10-11 16:00:00,33.2700741
779,0,2016-10-11 17:00:00,29.494066800000002
779,0,2016-10-11 18:00:00,33.0836625
779,0,2016-10-11 19:00:00,35.843785200000006
779,0,2016-10-11 20:00:00,34.4629911
779,0,2016-10-11 21:00:00,38.3919966
779,0,2016-10-11 22:00:00,40.61955660000001
779,0,2016-10-11 23:00:00,36.282555900000006
779,0,2016-10-12 00:00:00,34.1039436
779,0,2016-10-12 01:00:00,35.5480473
779,0,2016-10-12 02:00:00,34.3064757
779,0,2016-10-12 03:00:00,25.182184770000003
779,0,2016-10-12 04:00:00,21.835129320000004
779,0,2016-10-12 05:00:00,20.493376140000002
779,0,2016-10-12 06:00:00,27.89740455
779,0,2016-10-12 07:00:00,26.182769550000003
779,0,2016-10-12 08:00:00,28.054564770000002
779,0,2016-10-12 09:00:00,28.572355230000003
779,0,2016-10-12 10:00:00,27.421937730000003
779,0,2016-10-12 11:00:00,27.916954320000006
779,0,2016-10-12 12:00:00,29.033167050000003
779,0,2016-10-12 13:00:00,33.9011184
779,0,2016-10-12 14:00:00,34.52718
779,0,2016-10-12 15:00:00,32.69677050000001
779,0,2016-10-12 16:00:00,34.4506809
779,0,2016-10-12 17:00:00,31.5448875
779,0,2016-10-12 18:00:00,35.50906500000001
779,0,2016-10-12 19:00:00,36.1708848
779,0,2016-10-12 20:00:00,35.4495657
779,0,2016-10-12 21:00:00,34.655850900000004
779,0,2016-10-12 22:00:00,36.2092809
779,0,2016-10-12 23:00:00,37.139873400000006
779,0,2016-10-13 00:00:00,39.144384300000006
779,0,2016-10-13 01:00:00,32.859734100000004
779,0,2016-10-13 02:00:00,29.026689540000003
779,0,2016-10-13 03:00:00,23.680047270000003
779,0,2016-10-13 04:00:00,22.2756
779,0,2016-10-13 05:00:00,22.973353860000003
779,0,2016-10-13 06:00:00,25.108909770000004
779,0,2016-10-13 07:00:00,26.03378682
779,0,2016-10-13 08:00:00,27.496033410000003
779,0,2016-10-13 09:00:00,28.205159550000005
779,0,2016-10-13 10:00:00,30.9531186
779,0,2016-10-13 11:00:00,30.054180900000002
779,0,2016-10-13 12:00:00,29.795373600000005
779,0,2016-10-13 13:00:00,32.8849407
779,0,2016-10-13 14:00:00,31.531111800000005
779,0,2016-10-13 15:00:00,29.472670500000003
779,0,2016-10-13 16:00:00,32.7328218
779,0,2016-10-13 17:00:00,33.805860900000006
779,0,2016-10-13 18:00:00,37.1038221
779,0,2016-10-13 19:00:00,37.9875186
779,0,2016-10-13 20:00:00,38.4098757
779,0,2016-10-13 21:00:00,41.89278300000001
779,0,2016-10-13 22:00:00,36.727774800000006
779,0,2016-10-13 23:00:00,38.2389984
779,0,2016-10-14 00:00:00,35.23062
779,0,2016-10-14 01:00:00,33.930428400000004
779,0,2016-10-14 02:00:00,30.7429659
779,0,2016-10-14 03:00:00,25.92551568
779,0,2016-10-14 04:00:00,23.437419090000002
779,0,2016-10-14 05:00:00,22.60208409
779,0,2016-10-14 06:00:00,27.237958860000003
779,0,2016-10-14 07:00:00,27.4414875
779,0,2016-10-14 08:00:00,30.077042700000003
779,0,2016-10-14 09:00:00,29.636513400000005
779,0,2016-10-14 10:00:00,33.9834795
779,0,2016-10-14 11:00:00,34.941623400000005
779,0,2016-10-14 12:00:00,39.073454100000006
779,0,2016-10-14 13:00:00,39.884461800000004
779,0,2016-10-14 14:00:00,39.7232568
779,0,2016-10-14 15:00:00,36.764412300000004
779,0,2016-10-14 16:00:00,40.1716998
779,0,2016-10-14 17:00:00,38.430392700000006
779,0,2016-10-14 18:00:00,38.896714800000005
779,0,2016-10-14 19:00:00,40.77021
779,0,2016-10-14 20:00:00,40.647987300000004
779,0,2016-10-14 21:00:00,40.8768984
779,0,2016-10-14 22:00:00,40.7464689
779,0,2016-10-14 23:00:00,38.56639110000001
779,0,2016-10-15 00:00:00,36.4657434
779,0,2016-10-15 01:00:00,32.4965832
779,0,2016-10-15 02:00:00,31.738040400000006
779,0,2016-10-15 03:00:00,27.777731820000003
779,0,2016-10-15 04:00:00,24.02526045
779,0,2016-10-15 05:00:00,21.979246590000002
779,0,2016-10-15 06:00:00,27.399955230000003
779,0,2016-10-15 07:00:00,27.48058704
779,0,2016-10-15 08:00:00,28.249153860000003
779,0,2016-10-15 09:00:00,28.597620450000004
779,0,2016-10-15 10:00:00,31.0809102
779,0,2016-10-15 11:00:00,30.900067500000002
779,0,2016-10-15 12:00:00,33.3530214
779,0,2016-10-15 13:00:00,39.5620518
779,0,2016-10-15 14:00:00,40.081425
779,0,2016-10-15 15:00:00,43.356231300000005
779,0,2016-10-15 16:00:00,40.3965075
779,0,2016-10-15 17:00:00,37.764469500000004
779,0,2016-10-15 18:00:00,40.380093900000006
779,0,2016-10-15 19:00:00,38.9570934
779,0,2016-10-15 20:00:00,40.159682700000005
779,0,2016-10-15 21:00:00,37.787038200000005
779,0,2016-10-15 22:00:00,37.7114184
779,0,2016-10-15 23:00:00,35.94871500000001
779,0,2016-10-16 00:00:00,33.1651443
779,0,2016-10-16 01:00:00,32.3174991
779,0,2016-10-16 02:00:00,32.278516800000006
779,0,2016-10-16 03:00:00,26.11521
779,0,2016-10-16 04:00:00,21.85385841
779,0,2016-10-16 05:00:00,20.61061614
779,0,2016-10-16 06:00:00,26.188485
779,0,2016-10-16 07:00:00,27.38855364
779,0,2016-10-16 08:00:00,26.302471590000003
779,0,2016-10-16 09:00:00,27.561980910000003
779,0,2016-10-16 10:00:00,31.046617500000004
779,0,2016-10-16 11:00:00,38.738147700000006
779,0,2016-10-16 12:00:00,36.051300000000005
779,0,2016-10-16 13:00:00,37.182372900000004
779,0,2016-10-16 14:00:00,35.626305
779,0,2016-10-16 15:00:00,37.2163725
779,0,2016-10-16 16:00:00,42.253589100000006
779,0,2016-10-16 17:00:00,37.907502300000004
779,0,2016-10-16 18:00:00,36.616983000000005
779,0,2016-10-16 19:00:00,42.78263460000001
779,0,2016-10-16 20:00:00,35.035122300000005
779,0,2016-10-16 21:00:00,44.351012700000005
779,0,2016-10-16 22:00:00,38.648459100000004
779,0,2016-10-16 23:00:00,40.719796800000005
779,0,2016-10-17 00:00:00,48.31255230000001
779,0,2016-10-17 01:00:00,37.3377159
779,0,2016-10-17 02:00:00,31.8901593
779,0,2016-10-17 03:00:00,25.555887270000003
779,0,2016-10-17 04:00:00,24.000815910000004
779,0,2016-10-17 05:00:00,22.76003568
779,0,2016-10-17 06:00:00,27.832307040000003
779,0,2016-10-17 07:00:00,29.20823568
779,0,2016-10-17 08:00:00,30.351970500000004
779,0,2016-10-17 09:00:00,29.267647050000004
779,0,2016-10-17 10:00:00,29.812373400000002
779,0,2016-10-17 11:00:00,28.787314770000002
779,0,2016-10-17 12:00:00,28.39162977
779,0,2016-10-17 13:00:00,31.6328175
779,0,2016-10-17 14:00:00,31.916245200000002
779,0,2016-10-17 15:00:00,32.3453436
779,0,2016-10-17 16:00:00,42.757721100000005
779,0,2016-10-17 17:00:00,40.054752900000004
779,0,2016-10-17 18:00:00,33.381745200000005
779,0,2016-10-17 19:00:00,43.570194300000004
779,0,2016-10-17 20:00:00,38.8114227
779,0,2016-10-17 21:00:00,40.5902466
779,0,2016-10-17 22:00:00,36.5097084
779,0,2016-10-17 23:00:00,37.958208600000006
779,0,2016-10-18 00:00:00,41.2620318
779,0,2016-10-18 01:00:00,36.3842616
779,0,2016-10-18 02:00:00,30.498520500000005
779,0,2016-10-18 03:00:00,24.232863180000003
779,0,2016-10-18 04:00:00,21.71220318
779,0,2016-10-18 05:00:00,23.125590000000003
779,0,2016-10-18 06:00:00,27.418684320000004
779,0,2016-10-18 07:00:00,27.724827270000002
779,0,2016-10-18 08:00:00,28.508869770000004
779,0,2016-10-18 09:00:00,29.3384307
779,0,2016-10-18 10:00:00,30.634518900000003
779,0,2016-10-18 11:00:00,30.518158200000002
779,0,2016-10-18 12:00:00,31.491836400000004
779,0,2016-10-18 13:00:00,30.075284100000005
779,0,2016-10-18 14:00:00,30.631294800000003
779,0,2016-10-18 15:00:00,28.604947950000003
779,0,2016-10-18 16:00:00,32.5446516
779,0,2016-10-18 17:00:00,37.0868223
779,0,2016-10-18 18:00:00,36.1711779
779,0,2016-10-18 19:00:00,35.770510200000004
779,0,2016-10-18 20:00:00,34.0714095
779,0,2016-10-18 21:00:00,39.62477520000001
779,0,2016-10-18 22:00:00,41.709009300000005
779,0,2016-10-18 23:00:00,39.951288600000005
779,0,2016-10-19 00:00:00,42.054867300000005
779,0,2016-10-19 01:00:00,32.7589077
779,0,2016-10-19 02:00:00,29.126841810000002
779,0,2016-10-19 03:00:00,24.672513180000003
779,0,2016-10-19 04:00:00,22.265839770000003
779,0,2016-10-19 05:00:00,21.732544320000002
779,0,2016-10-19 06:00:00,27.946293630000003
779,0,2016-10-19 07:00:00,28.03419432
779,0,2016-10-19 08:00:00,30.274005900000002
779,0,2016-10-19 09:00:00,28.328115000000004
779,0,2016-10-19 10:00:00,28.174237500000004
779,0,2016-10-19 11:00:00,28.864634550000005
779,0,2016-10-19 12:00:00,32.0349507
779,0,2016-10-19 13:00:00,31.979554800000003
779,0,2016-10-19 14:00:00,33.0936279
779,0,2016-10-19 15:00:00,33.2091093
779,0,2016-10-19 16:00:00,31.478940000000005
779,0,2016-10-19 17:00:00,34.76166
779,0,2016-10-19 18:00:00,33.0772143
779,0,2016-10-19 19:00:00,36.188763900000005
779,0,2016-10-19 20:00:00,33.3969864
779,0,2016-10-19 21:00:00,33.94098
779,0,2016-10-19 22:00:00,34.04268570000001
779,0,2016-10-19 23:00:00,36.5551389
779,0,2016-10-20 00:00:00,40.6693836
779,0,2016-10-20 01:00:00,36.89308320000001
779,0,2016-10-20 02:00:00,30.053301600000005
779,0,2016-10-20 03:00:00,23.784244320000003
779,0,2016-10-20 04:00:00,23.15246727
779,0,2016-10-20 05:00:00,23.05313568
779,0,2016-10-20 06:00:00,27.6173475
779,0,2016-10-20 07:00:00,27.045802500000004
779,0,2016-10-20 08:00:00,28.206009540000004
779,0,2016-10-20 09:00:00,27.974782950000005
779,0,2016-10-20 10:00:00,34.1355984
779,0,2016-10-20 11:00:00,29.8627866
779,0,2016-10-20 12:00:00,29.934596100000004
779,0,2016-10-20 13:00:00,32.6284782
779,0,2016-10-20 14:00:00,29.099935230000003
779,0,2016-10-20 15:00:00,30.434331600000004
779,0,2016-10-20 16:00:00,34.540076400000004
779,0,2016-10-20 17:00:00,38.0777934
779,0,2016-10-20 18:00:00,38.3538936
779,0,2016-10-20 19:00:00,35.084949300000005
779,0,2016-10-20 20:00:00,37.166838600000005
779,0,2016-10-20 21:00:00,35.991214500000005
779,0,2016-10-20 22:00:00,36.9493584
779,0,2016-10-20 23:00:00,35.864009100000004
779,0,2016-10-21 00:00:00,33.0666627
779,0,2016-10-21 01:00:00,33.064024800000006
779,0,2016-10-21 02:00:00,31.528767000000002
779,0,2016-10-21 03:00:00,25.41094932
779,0,2016-10-21 04:00:00,22.779585450000003
779,0,2016-10-21 05:00:00,22.449847950000002
779,0,2016-10-21 06:00:00,26.36352432
779,0,2016-10-21 07:00:00,27.077545230000005
779,0,2016-10-21 08:00:00,28.09606773
779,0,2016-10-21 09:00:00,30.420555900000004
779,0,2016-10-21 10:00:00,29.940165000000004
779,0,2016-10-21 11:00:00,32.244224100000004
779,0,2016-10-21 12:00:00,35.7206832
779,0,2016-10-21 13:00:00,39.7411359
779,0,2016-10-21 14:00:00,40.934639100000005
779,0,2016-10-21 15:00:00,32.994267
779,0,2016-10-21 16:00:00,36.446105700000004
779,0,2016-10-21 17:00:00,32.943560700000006
779,0,2016-10-21 18:00:00,43.3014216
779,0,2016-10-21 19:00:00,37.280854500000004
779,0,2016-10-21 20:00:00,38.60771820000001
779,0,2016-10-21 21:00:00,38.743716600000006
779,0,2016-10-21 22:00:00,36.6635859
779,0,2016-10-21 23:00:00,37.203183
779,0,2016-10-22 00:00:00,39.269831100000005
779,0,2016-10-22 01:00:00,35.929956600000004
779,0,2016-10-22 02:00:00,33.525071100000005
779,0,2016-10-22 03:00:00,27.123151590000003
779,0,2016-10-22 04:00:00,24.039094770000002
779,0,2016-10-22 05:00:00,22.397734770000003
779,0,2016-10-22 06:00:00,25.93935
779,0,2016-10-22 07:00:00,26.666413860000002
779,0,2016-10-22 08:00:00,28.775913180000003
779,0,2016-10-22 09:00:00,31.275528600000005
779,0,2016-10-22 10:00:00,35.3680839
779,0,2016-10-22 11:00:00,38.6420109
779,0,2016-10-22 12:00:00,37.661591400000006
779,0,2016-10-22 13:00:00,42.7673934
779,0,2016-10-22 14:00:00,44.40142590000001
779,0,2016-10-22 15:00:00,37.128442500000006
779,0,2016-10-22 16:00:00,40.93141500000001
779,0,2016-10-22 17:00:00,37.595057700000005
779,0,2016-10-22 18:00:00,39.556189800000006
779,0,2016-10-22 19:00:00,38.495460900000005
779,0,2016-10-22 20:00:00,35.3079984
779,0,2016-10-22 21:00:00,35.9967834
779,0,2016-10-22 22:00:00,35.3226534
779,0,2016-10-22 23:00:00,38.7950091
779,0,2016-10-23 00:00:00,36.634275900000006
779,0,2016-10-23 01:00:00,33.047904300000006
779,0,2016-10-23 02:00:00,29.18786523
779,0,2016-10-23 03:00:00,25.721957730000003
779,0,2016-10-23 04:00:00,22.840638180000003
779,0,2016-10-23 05:00:00,21.048654090000003
779,0,2016-10-23 06:00:00,25.60146432
779,0,2016-10-23 07:00:00,26.248746360000002
779,0,2016-10-23 08:00:00,26.819470680000002
779,0,2016-10-23 09:00:00,26.98310841
779,0,2016-10-23 10:00:00,28.685521140000002
779,0,2016-10-23 11:00:00,35.3519634
779,0,2016-10-23 12:00:00,42.4106907
779,0,2016-10-23 13:00:00,42.6762393
779,0,2016-10-23 14:00:00,40.52752320000001
779,0,2016-10-23 15:00:00,40.8361575
779,0,2016-10-23 16:00:00,42.328622700000004
779,0,2016-10-23 17:00:00,37.423887300000004
779,0,2016-10-23 18:00:00,47.6425257
779,0,2016-10-23 19:00:00,42.6542568
779,0,2016-10-23 20:00:00,38.802336600000004
779,0,2016-10-23 21:00:00,41.274342000000004
779,0,2016-10-23 22:00:00,39.334899300000004
779,0,2016-10-23 23:00:00,38.2697739
779,0,2016-10-24 00:00:00,36.720447300000004
779,0,2016-10-24 01:00:00,31.153305900000003
779,0,2016-10-24 02:00:00,32.0601573
779,0,2016-10-24 03:00:00,24.572360910000004
779,0,2016-10-24 04:00:00,23.847759090000004
779,0,2016-10-24 05:00:00,21.703234320000004
779,0,2016-10-24 06:00:00,26.929383180000002
779,0,2016-10-24 07:00:00,28.945237050000003
779,0,2016-10-24 08:00:00,28.90944954
779,0,2016-10-24 09:00:00,29.331103200000005
779,0,2016-10-24 10:00:00,27.74760114
779,0,2016-10-24 11:00:00,29.8367007
779,0,2016-10-24 12:00:00,31.707851100000003
779,0,2016-10-24 13:00:00,34.1136159
779,0,2016-10-24 14:00:00,33.5998116
779,0,2016-10-24 15:00:00,35.701045500000006
779,0,2016-10-24 16:00:00,34.145563800000005
779,0,2016-10-24 17:00:00,33.0566973
779,0,2016-10-24 18:00:00,35.5864434
779,0,2016-10-24 19:00:00,36.3599343
779,0,2016-10-24 20:00:00,34.7959527
779,0,2016-10-24 21:00:00,33.231678
779,0,2016-10-24 22:00:00,35.85521610000001
779,0,2016-10-24 23:00:00,40.4436966
779,0,2016-10-25 00:00:00,37.4508525
779,0,2016-10-25 01:00:00,33.2073507
779,0,2016-10-25 02:00:00,29.007139770000002
779,0,2016-10-25 03:00:00,23.139453630000002
779,0,2016-10-25 04:00:00,22.018316820000003
779,0,2016-10-25 05:00:00,21.5648325
779,0,2016-10-25 06:00:00,27.088946820000004
779,0,2016-10-25 07:00:00,27.00265818
779,0,2016-10-25 08:00:00,27.87055659
779,0,2016-10-25 09:00:00,28.513764540000004
779,0,2016-10-25 10:00:00,28.836965910000004
779,0,2016-10-25 11:00:00,29.27500386
779,0,2016-10-25 12:00:00,30.982428600000002
779,0,2016-10-25 13:00:00,28.977009090000003
779,0,2016-10-25 14:00:00,29.892975900000003
779,0,2016-10-25 15:00:00,30.388608000000005
779,0,2016-10-25 16:00:00,32.2108107
779,0,2016-10-25 17:00:00,32.162742300000005
779,0,2016-10-25 18:00:00,36.7776018
779,0,2016-10-25 19:00:00,35.951939100000004
779,0,2016-10-25 20:00:00,39.49200090000001
779,0,2016-10-25 21:00:00,37.3450434
779,0,2016-10-25 22:00:00,37.1023566
779,0,2016-10-25 23:00:00,35.6532702
779,0,2016-10-26 00:00:00,33.0666627
779,0,2016-10-26 01:00:00,30.011095200000003
779,0,2016-10-26 02:00:00,27.115824090000004
779,0,2016-10-26 03:00:00,24.146545230000005
779,0,2016-10-26 04:00:00,22.571953410000003
779,0,2016-10-26 05:00:00,21.44598045
779,0,2016-10-26 06:00:00,26.644431360000006
779,0,2016-10-26 07:00:00,27.554653410000004
779,0,2016-10-26 08:00:00,28.630183860000002
779,0,2016-10-26 09:00:00,29.4020334
779,0,2016-10-26 10:00:00,28.949281830000004
779,0,2016-10-26 11:00:00,28.88987046
779,0,2016-10-26 12:00:00,29.307537960000005
779,0,2016-10-26 13:00:00,27.606737280000004
779,0,2016-10-26 14:00:00,30.456314100000004
779,0,2016-10-26 15:00:00,30.2309202
779,0,2016-10-26 16:00:00,37.226924100000005
779,0,2016-10-26 17:00:00,38.0420352
779,0,2016-10-26 18:00:00,42.7509798
779,0,2016-10-26 19:00:00,40.7734341
779,0,2016-10-26 20:00:00,34.739677500000006
779,0,2016-10-26 21:00:00,37.10646
779,0,2016-10-26 22:00:00,38.71763070000001
779,0,2016-10-26 23:00:00,41.862886800000005
779,0,2016-10-27 00:00:00,38.55730500000001
779,0,2016-10-27 01:00:00,39.3234684
779,0,2016-10-27 02:00:00,29.464756800000004
779,0,2016-10-27 03:00:00,23.17198773
779,0,2016-10-27 04:00:00,22.17952182
779,0,2016-10-27 05:00:00,20.91104364
779,0,2016-10-27 06:00:00,26.963587950000004
779,0,2016-10-27 07:00:00,26.781191820000004
779,0,2016-10-27 08:00:00,27.645045450000005
779,0,2016-10-27 09:00:00,27.6613125
779,0,2016-10-27 10:00:00,28.6431975
779,0,2016-10-27 11:00:00,30.865188600000003
779,0,2016-10-27 12:00:00,35.274585
779,0,2016-10-27 13:00:00,41.588545200000006
779,0,2016-10-27 14:00:00,38.67366570000001
779,0,2016-10-27 15:00:00,38.51334000000001
779,0,2016-10-27 16:00:00,45.8417193
779,0,2016-10-27 17:00:00,44.421942900000005
779,0,2016-10-27 18:00:00,41.642768700000005
779,0,2016-10-27 19:00:00,40.2288543
779,0,2016-10-27 20:00:00,40.4680239
779,0,2016-10-27 21:00:00,43.5473325
779,0,2016-10-27 22:00:00,45.261967500000004
779,0,2016-10-27 23:00:00,31.444061100000006
779,0,2016-10-28 00:00:00,35.497634100000006
779,0,2016-10-28 01:00:00,31.211046600000003
779,0,2016-10-28 02:00:00,30.5832264
779,0,2016-10-28 03:00:00,32.8354068
779,0,2016-10-28 04:00:00,24.021186360000005
779,0,2016-10-28 05:00:00,24.214954770000002
779,0,2016-10-28 06:00:00,26.98800318
779,0,2016-10-28 07:00:00,29.232621600000005
779,0,2016-10-28 08:00:00,27.457783860000003
779,0,2016-10-28 09:00:00,27.255046590000003
779,0,2016-10-28 10:00:00,29.146303650000004
779,0,2016-10-28 11:00:00,32.1929316
779,0,2016-10-28 12:00:00,39.7279464
779,0,2016-10-28 13:00:00,41.28958320000001
779,0,2016-10-28 14:00:00,41.9261964
779,0,2016-10-28 15:00:00,42.823668600000005
779,0,2016-10-28 16:00:00,35.237947500000004
779,0,2016-10-28 17:00:00,31.288425000000004
779,0,2016-10-28 18:00:00,37.5273516
779,0,2016-10-28 19:00:00,39.5506209
779,0,2016-10-28 20:00:00,36.3101073
779,0,2016-10-28 21:00:00,41.29456590000001
779,0,2016-10-28 22:00:00,42.939150000000005
779,0,2016-10-28 23:00:00,36.174402
779,0,2016-10-29 00:00:00,30.865774800000004
779,0,2016-10-29 01:00:00,27.589678860000003
779,0,2016-10-29 02:00:00,22.945655910000003
779,0,2016-10-29 03:00:00,21.5941425
779,0,2016-10-29 04:00:00,20.72378205
779,0,2016-10-29 05:00:00,20.17178682
779,0,2016-10-29 06:00:00,24.628548180000003
779,0,2016-10-29 07:00:00,25.011219540000003
779,0,2016-10-29 08:00:00,26.09404818
779,0,2016-10-29 09:00:00,29.429584800000004
779,0,2016-10-29 10:00:00,32.4030843
779,0,2016-10-29 11:00:00,33.4043139
779,0,2016-10-29 12:00:00,30.890102100000004
779,0,2016-10-29 13:00:00,35.0213466
779,0,2016-10-29 14:00:00,29.423136600000003
779,0,2016-10-29 15:00:00,30.263454300000003
779,0,2016-10-29 16:00:00,28.86791727
779,0,2016-10-29 17:00:00,35.4668586
779,0,2016-10-29 18:00:00,34.506956100000004
779,0,2016-10-29 19:00:00,28.226350680000003
779,0,2016-10-29 20:00:00,29.3882577
779,0,2016-10-29 21:00:00,37.70643570000001
779,0,2016-10-29 22:00:00,34.4703186
779,0,2016-10-29 23:00:00,28.725412050000003
779,0,2016-10-30 00:00:00,32.1612768
779,0,2016-10-30 01:00:00,27.6906225
779,0,2016-10-30 02:00:00,22.74945477
779,0,2016-10-30 03:00:00,22.73233773
779,0,2016-10-30 04:00:00,21.017732040000002
779,0,2016-10-30 05:00:00,19.873000680000004
779,0,2016-10-30 06:00:00,25.060050000000004
779,0,2016-10-30 07:00:00,26.8113225
779,0,2016-10-30 08:00:00,25.791158640000003
779,0,2016-10-30 09:00:00,26.128223640000005
779,0,2016-10-30 10:00:00,29.957457900000005
779,0,2016-10-30 11:00:00,27.350304090000005
779,0,2016-10-30 12:00:00,25.844913180000002
779,0,2016-10-30 13:00:00,27.558727500000003
779,0,2016-10-30 14:00:00,27.56441364
779,0,2016-10-30 15:00:00,27.51722454
779,0,2016-10-30 16:00:00,28.113155460000005
779,0,2016-10-30 17:00:00,31.518801600000003
779,0,2016-10-30 18:00:00,30.555675000000004
779,0,2016-10-30 19:00:00,28.873632720000003
779,0,2016-10-30 20:00:00,31.204598400000002
779,0,2016-10-30 21:00:00,27.929997270000005
779,0,2016-10-30 22:00:00,34.860141600000006
779,0,2016-10-30 23:00:00,31.810436100000004
779,0,2016-10-31 00:00:00,32.228689800000005
779,0,2016-10-31 01:00:00,27.32832159
779,0,2016-10-31 02:00:00,23.051494320000003
779,0,2016-10-31 03:00:00,22.127408640000002
779,0,2016-10-31 04:00:00,22.050059550000004
779,0,2016-10-31 05:00:00,21.61858704
779,0,2016-10-31 06:00:00,25.887236820000002
779,0,2016-10-31 07:00:00,26.92692114
779,0,2016-10-31 08:00:00,27.97067955
779,0,2016-10-31 09:00:00,27.435772050000004
779,0,2016-10-31 10:00:00,25.766743410000004
779,0,2016-10-31 11:00:00,26.825156820000004
779,0,2016-10-31 12:00:00,29.4841014
779,0,2016-10-31 13:00:00,28.8524709
779,0,2016-10-31 14:00:00,28.681447050000006
779,0,2016-10-31 15:00:00,34.693953900000004
779,0,2016-10-31 16:00:00,32.1888282
779,0,2016-10-31 17:00:00,29.797718400000004
779,0,2016-10-31 18:00:00,30.003767700000004
779,0,2016-10-31 19:00:00,26.894357730000003
779,0,2016-10-31 20:00:00,29.851355700000003
779,0,2016-10-31 21:00:00,27.834739770000002
779,0,2016-10-31 22:00:00,24.887443410000003
779,0,2016-10-31 23:00:00,26.738868180000004
779,0,2016-11-01 00:00:00,28.848396810000004
779,0,2016-11-01 01:00:00,23.632828860000004
779,0,2016-11-01 02:00:00,21.70569636
779,0,2016-11-01 03:00:00,20.46163341
779,0,2016-11-01 04:00:00,20.197052040000003
779,0,2016-11-01 05:00:00,20.898030000000002
779,0,2016-11-01 06:00:00,25.020159090000003
779,0,2016-11-01 07:00:00,25.946677500000003
779,0,2016-11-01 08:00:00,26.084287950000004
779,0,2016-11-01 09:00:00,25.514355000000002
779,0,2016-11-01 10:00:00,25.581943860000003
779,0,2016-11-01 11:00:00,26.39119296
779,0,2016-11-01 12:00:00,26.369239770000004
779,0,2016-11-01 13:00:00,25.53390477
779,0,2016-11-01 14:00:00,26.90658
779,0,2016-11-01 15:00:00,26.147773410000003
779,0,2016-11-01 16:00:00,30.595536600000003
779,0,2016-11-01 17:00:00,36.019352100000006
779,0,2016-11-01 18:00:00,32.475480000000005
779,0,2016-11-01 19:00:00,29.491722000000003
779,0,2016-11-01 20:00:00,27.057204090000003
779,0,2016-11-01 21:00:00,24.21574614
779,0,2016-11-01 22:00:00,24.039886140000004
779,0,2016-11-01 23:00:00,23.431703640000002
779,0,2016-11-02 00:00:00,23.974759320000004
779,0,2016-11-02 01:00:00,22.380647040000003
779,0,2016-11-02 02:00:00,21.97353114
779,0,2016-11-02 03:00:00,20.197843410000004
779,0,2016-11-02 04:00:00,20.21167773
779,0,2016-11-02 05:00:00,20.51456727
779,0,2016-11-02 06:00:00,26.054948640000003
779,0,2016-11-02 07:00:00,26.975780910000005
779,0,2016-11-02 08:00:00,26.125790910000003
779,0,2016-11-02 09:00:00,26.11603068
779,0,2016-11-02 10:00:00,27.16465455
779,0,2016-11-02 11:00:00,28.780807950000003
779,0,2016-11-02 12:00:00,29.971819800000002
779,0,2016-11-02 13:00:00,31.640145000000004
779,0,2016-11-02 14:00:00,29.17646364
779,0,2016-11-02 15:00:00,32.1709491
779,0,2016-11-02 16:00:00,27.440666820000004
779,0,2016-11-02 17:00:00,25.87094046
779,0,2016-11-02 18:00:00,27.780193860000004
779,0,2016-11-02 19:00:00,27.215947050000004
779,0,2016-11-02 20:00:00,27.176876820000004
779,0,2016-11-02 21:00:00,31.258235700000004
779,0,2016-11-02 22:00:00,28.1197209
779,0,2016-11-02 23:00:00,30.2048343
779,0,2016-11-03 00:00:00,29.763425700000003
779,0,2016-11-03 01:00:00,27.3095925
779,0,2016-11-03 02:00:00,23.947090680000002
779,0,2016-11-03 03:00:00,21.74884068
779,0,2016-11-03 04:00:00,20.60654205
779,0,2016-11-03 05:00:00,21.94260909
779,0,2016-11-03 06:00:00,27.11257068
779,0,2016-11-03 07:00:00,27.250151820000003
779,0,2016-11-03 08:00:00,25.730105910000002
779,0,2016-11-03 09:00:00,27.452889090000003
779,0,2016-11-03 10:00:00,27.999989550000002
779,0,2016-11-03 11:00:00,27.085693410000005
779,0,2016-11-03 12:00:00,26.81375523
779,0,2016-11-03 13:00:00,28.045595910000003
779,0,2016-11-03 14:00:00,26.812143180000003
779,0,2016-11-03 15:00:00,29.739098400000003
779,0,2016-11-03 16:00:00,29.803287300000004
779,0,2016-11-03 17:00:00,30.746190000000006
779,0,2016-11-03 18:00:00,29.857803900000004
779,0,2016-11-03 19:00:00,26.03378682
779,0,2016-11-03 20:00:00,22.69652091
779,0,2016-11-03 21:00:00,23.739487950000004
779,0,2016-11-03 22:00:00,26.760850680000004
779,0,2016-11-03 23:00:00,30.664708200000003
779,0,2016-11-04 00:00:00,27.608437260000002
779,0,2016-11-04 01:00:00,22.501931820000003
779,0,2016-11-04 02:00:00,21.12110841
779,0,2016-11-04 03:00:00,20.144909550000005
779,0,2016-11-04 04:00:00,19.53429432
779,0,2016-11-04 05:00:00,19.5424425
779,0,2016-11-04 06:00:00,24.84594045
779,0,2016-11-04 07:00:00,27.015671820000005
779,0,2016-11-04 08:00:00,25.72034568
779,0,2016-11-04 09:00:00,25.559140680000002
779,0,2016-11-04 10:00:00,25.76920545
779,0,2016-11-04 11:00:00,27.79728159
779,0,2016-11-04 12:00:00,28.214099100000002
779,0,2016-11-04 13:00:00,27.5514
779,0,2016-11-04 14:00:00,27.820084770000005
779,0,2016-11-04 15:00:00,27.49442136
779,0,2016-11-04 16:00:00,30.519916800000004
779,0,2016-11-04 17:00:00,29.651168400000003
779,0,2016-11-04 18:00:00,29.993216100000005
779,0,2016-11-04 19:00:00,29.837580000000003
779,0,2016-11-04 20:00:00,29.637392700000003
779,0,2016-11-04 21:00:00,26.83981182
779,0,2016-11-04 22:00:00,29.12437977
779,0,2016-11-04 23:00:00,35.0286741
779,0,2016-11-05 00:00:00,26.827618860000005
779,0,2016-11-05 01:00:00,24.03991545
779,0,2016-11-05 02:00:00,21.730932270000004
779,0,2016-11-05 03:00:00,21.19438341
779,0,2016-11-05 04:00:00,23.403214320000004
779,0,2016-11-05 05:00:00,21.524941590000005
779,0,2016-11-05 06:00:00,25.200093180000003
779,0,2016-11-05 07:00:00,26.73640614
779,0,2016-11-05 08:00:00,25.59413682
779,0,2016-11-05 09:00:00,25.888057500000002
779,0,2016-11-05 10:00:00,29.12024706
779,0,2016-11-05 11:00:00,36.7090164
779,0,2016-11-05 12:00:00,33.0819039
779,0,2016-11-05 13:00:00,26.168935230000002
779,0,2016-11-05 14:00:00,28.62690114
779,0,2016-11-05 15:00:00,33.9899277
779,0,2016-11-05 16:00:00,35.799527100000006
779,0,2016-11-05 17:00:00,29.051075460000003
779,0,2016-11-05 18:00:00,30.762603600000002
779,0,2016-11-05 19:00:00,29.500515000000004
779,0,2016-11-05 20:00:00,28.531643640000002
779,0,2016-11-05 21:00:00,29.556790200000002
779,0,2016-11-05 22:00:00,31.004997300000003
779,0,2016-11-05 23:00:00,36.51469110000001
779,0,2016-11-06 00:00:00,27.76228545
779,0,2016-11-06 01:00:00,25.870149090000005
779,0,2016-11-06 02:00:00,21.480155910000004
779,0,2016-11-06 03:00:00,21.342574770000002
779,0,2016-11-06 04:00:00,20.060262270000003
779,0,2016-11-06 05:00:00,19.97394432
779,0,2016-11-06 06:00:00,25.470390000000005
779,0,2016-11-06 07:00:00,26.25035841
779,0,2016-11-06 08:00:00,28.63994409
779,0,2016-11-06 09:00:00,30.0703014
779,0,2016-11-06 10:00:00,31.885176600000005
779,0,2016-11-06 11:00:00,30.9147225
779,0,2016-11-06 12:00:00,30.225937500000004
779,0,2016-11-06 13:00:00,30.187541400000004
779,0,2016-11-06 14:00:00,34.007806800000004
779,0,2016-11-06 15:00:00,34.2968034
779,0,2016-11-06 16:00:00,35.3780493
779,0,2016-11-06 17:00:00,39.6517404
779,0,2016-11-06 18:00:00,43.470833400000004
779,0,2016-11-06 19:00:00,39.1769184
779,0,2016-11-06 20:00:00,35.2728264
779,0,2016-11-06 21:00:00,34.941623400000005
779,0,2016-11-06 22:00:00,39.3055893
779,0,2016-11-06 23:00:00,40.34843910000001
779,0,2016-11-07 00:00:00,36.86641110000001
779,0,2016-11-07 01:00:00,32.157173400000005
779,0,2016-11-07 02:00:00,27.100348410000002
779,0,2016-11-07 03:00:00,27.073471140000002
779,0,2016-11-07 04:00:00,22.880529090000003
779,0,2016-11-07 05:00:00,22.242215910000002
779,0,2016-11-07 06:00:00,26.19173841
779,0,2016-11-07 07:00:00,28.928999310000005
779,0,2016-11-07 08:00:00,29.392947300000003
779,0,2016-11-07 09:00:00,30.109576800000003
779,0,2016-11-07 10:00:00,31.278752700000002
779,0,2016-11-07 11:00:00,29.360413200000004
779,0,2016-11-07 12:00:00,30.117783600000003
779,0,2016-11-07 13:00:00,34.1657877
779,0,2016-11-07 14:00:00,35.3519634
779,0,2016-11-07 15:00:00,40.22709570000001
779,0,2016-11-07 16:00:00,35.0817252
779,0,2016-11-07 17:00:00,36.6791202
779,0,2016-11-07 18:00:00,37.2072864
779,0,2016-11-07 19:00:00,37.462283400000004
779,0,2016-11-07 20:00:00,34.035358200000005
779,0,2016-11-07 21:00:00,32.241
779,0,2016-11-07 22:00:00,33.0657834
779,0,2016-11-07 23:00:00,36.5006223
779,0,2016-11-08 00:00:00,35.188120500000004
779,0,2016-11-08 01:00:00,29.992923
779,0,2016-11-08 02:00:00,27.81926409
779,0,2016-11-08 03:00:00,23.415436590000006
779,0,2016-11-08 04:00:00,22.031330460000003
779,0,2016-11-08 05:00:00,21.82372773
779,0,2016-11-08 06:00:00,25.79930682
779,0,2016-11-08 07:00:00,26.415637500000003
779,0,2016-11-08 08:00:00,26.446559550000003
779,0,2016-11-08 09:00:00,27.939757500000002
779,0,2016-11-08 10:00:00,27.773687040000002
779,0,2016-11-08 11:00:00,28.246691820000006
779,0,2016-11-08 12:00:00,28.61634954
779,0,2016-11-08 13:00:00,27.63039045
779,0,2016-11-08 14:00:00,29.335206600000003
779,0,2016-11-08 15:00:00,29.524842300000003
779,0,2016-11-08 16:00:00,30.0477327
779,0,2016-11-08 17:00:00,32.525013900000005
779,0,2016-11-08 18:00:00,31.9886409
779,0,2016-11-08 19:00:00,34.7918493
779,0,2016-11-08 20:00:00,32.5258932
779,0,2016-11-08 21:00:00,33.628242300000004
779,0,2016-11-08 22:00:00,33.96061770000001
779,0,2016-11-08 23:00:00,34.409060700000005
779,0,2016-11-09 00:00:00,32.009744100000006
779,0,2016-11-09 01:00:00,31.137771600000004
779,0,2016-11-09 02:00:00,29.122709100000005
779,0,2016-11-09 03:00:00,24.79136523
779,0,2016-11-09 04:00:00,21.70566705
779,0,2016-11-09 05:00:00,22.241395230000002
779,0,2016-11-09 06:00:00,26.457169770000004
779,0,2016-11-09 07:00:00,27.852648180000003
779,0,2016-11-09 08:00:00,28.896377280000003
779,0,2016-11-09 09:00:00,30.503503200000004
779,0,2016-11-09 10:00:00,31.137771600000004
779,0,2016-11-09 11:00:00,32.056347
779,0,2016-11-09 12:00:00,29.913199800000005
779,0,2016-11-09 13:00:00,31.202839800000003
779,0,2016-11-09 14:00:00,29.943389100000005
779,0,2016-11-09 15:00:00,31.162978200000005
779,0,2016-11-09 16:00:00,35.6093052
779,0,2016-11-09 17:00:00,32.705856600000004
779,0,2016-11-09 18:00:00,31.5944214
779,0,2016-11-09 19:00:00,34.6435407
779,0,2016-11-09 20:00:00,36.3021936
779,0,2016-11-09 21:00:00,35.304774300000005
779,0,2016-11-09 22:00:00,36.7122405
779,0,2016-11-09 23:00:00,36.70755090000001
779,0,2016-11-10 00:00:00,35.4073593
779,0,2016-11-10 01:00:00,30.6948975
779,0,2016-11-10 02:00:00,31.243580700000003
779,0,2016-11-10 03:00:00,24.902098410000004
779,0,2016-11-10 04:00:00,21.653583180000002
779,0,2016-11-10 05:00:00,21.929595450000004
779,0,2016-11-10 06:00:00,26.524729320000006
779,0,2016-11-10 07:00:00,26.276415000000004
779,0,2016-11-10 08:00:00,26.032966140000003
779,0,2016-11-10 09:00:00,27.58235136
779,0,2016-11-10 10:00:00,27.456142500000002
779,0,2016-11-10 11:00:00,28.438027500000004
779,0,2016-11-10 12:00:00,29.152048410000003
779,0,2016-11-10 13:00:00,32.619685200000006
779,0,2016-11-10 14:00:00,29.936940900000003
779,0,2016-11-10 15:00:00,30.9627909
779,0,2016-11-10 16:00:00,31.957572300000002
779,0,2016-11-10 17:00:00,29.681943900000004
779,0,2016-11-10 18:00:00,31.522905
779,0,2016-11-10 19:00:00,32.634340200000004
779,0,2016-11-10 20:00:00,31.615817700000004
779,0,2016-11-10 21:00:00,39.390295200000004
779,0,2016-11-10 22:00:00,36.17909160000001
779,0,2016-11-10 23:00:00,39.0725748
779,0,2016-11-11 00:00:00,37.8676407
779,0,2016-11-11 01:00:00,34.232321400000004
779,0,2016-11-11 02:00:00,27.3095925
779,0,2016-11-11 03:00:00,24.473850000000002
779,0,2016-11-11 04:00:00,21.746378640000003
779,0,2016-11-11 05:00:00,21.536343180000003
779,0,2016-11-11 06:00:00,24.625294770000004
779,0,2016-11-11 07:00:00,25.025845230000005
779,0,2016-11-11 08:00:00,25.345001820000004
779,0,2016-11-11 09:00:00,26.877270000000003
779,0,2016-11-11 10:00:00,26.076139770000005
779,0,2016-11-11 11:00:00,35.16877590000001
779,0,2016-11-11 12:00:00,36.7122405
779,0,2016-11-11 13:00:00,31.750057500000004
779,0,2016-11-11 14:00:00,38.599804500000005
779,0,2016-11-11 15:00:00,38.801457299999996
779,0,2016-11-11 16:00:00,35.656494300000006
779,0,2016-11-11 17:00:00,34.409060700000005
779,0,2016-11-11 18:00:00,33.91167
779,0,2016-11-11 19:00:00,39.745239299999994
779,0,2016-11-11 20:00:00,32.73516660000001
779,0,2016-11-11 21:00:00,37.4426457
779,0,2016-11-11 22:00:00,38.253653400000005
779,0,2016-11-11 23:00:00,35.38860090000001
779,0,2016-11-12 00:00:00,32.493359100000006
779,0,2016-11-12 01:00:00,34.640316600000006
779,0,2016-11-12 02:00:00,32.392532700000004
779,0,2016-11-12 03:00:00,27.46754409
779,0,2016-11-12 04:00:00,21.892137270000003
779,0,2016-11-12 05:00:00,21.81071409
779,0,2016-11-12 06:00:00,24.66518568
779,0,2016-11-12 07:00:00,25.660084320000003
779,0,2016-11-12 08:00:00,25.68939432
779,0,2016-11-12 09:00:00,28.058609550000003
779,0,2016-11-12 10:00:00,32.2524309
779,0,2016-11-12 11:00:00,38.61504570000001
779,0,2016-11-12 12:00:00,36.8883936
779,0,2016-11-12 13:00:00,38.59570110000001
779,0,2016-11-12 14:00:00,38.7844575
779,0,2016-11-12 15:00:00,43.8688632
779,0,2016-11-12 16:00:00,45.016056600000006
779,0,2016-11-12 17:00:00,45.8733741
779,0,2016-11-12 18:00:00,37.02497820000001
779,0,2016-11-12 19:00:00,37.6862118
779,0,2016-11-12 20:00:00,33.6470007
779,0,2016-11-12 21:00:00,35.7678723
779,0,2016-11-12 22:00:00,36.2637975
779,0,2016-11-12 23:00:00,32.00652
779,0,2016-11-13 00:00:00,33.5388468
779,0,2016-11-13 01:00:00,31.1216511
779,0,2016-11-13 02:00:00,30.305660700000004
779,0,2016-11-13 03:00:00,32.850061800000006
779,0,2016-11-13 04:00:00,21.99879636
779,0,2016-11-13 05:00:00,20.223079320000004
779,0,2016-11-13 06:00:00,24.45512091
779,0,2016-11-13 07:00:00,26.25361182
779,0,2016-11-13 08:00:00,26.71199091
779,0,2016-11-13 09:00:00,26.799100230000004
779,0,2016-11-13 10:00:00,28.898868630000003
779,0,2016-11-13 11:00:00,29.054328870000003
779,0,2016-11-13 12:00:00,31.6433691
779,0,2016-11-13 13:00:00,32.619685200000006
779,0,2016-11-13 14:00:00,40.6057809
779,0,2016-11-13 15:00:00,40.369542300000006
779,0,2016-11-13 16:00:00,37.9327089
779,0,2016-11-13 17:00:00,37.92626070000001
779,0,2016-11-13 18:00:00,38.6469936
779,0,2016-11-13 19:00:00,40.2124407
779,0,2016-11-13 20:00:00,35.441358900000004
779,0,2016-11-13 21:00:00,39.2176593
779,0,2016-11-13 22:00:00,36.167660700000006
779,0,2016-11-13 23:00:00,33.3190218
779,0,2016-11-14 00:00:00,33.684517500000005
779,0,2016-11-14 01:00:00,36.006455700000004
779,0,2016-11-14 02:00:00,30.227403000000002
779,0,2016-11-14 03:00:00,23.44392591
779,0,2016-11-14 04:00:00,22.444132500000002
779,0,2016-11-14 05:00:00,22.90330296
779,0,2016-11-14 06:00:00,27.298190910000002
779,0,2016-11-14 07:00:00,26.747807730000005
779,0,2016-11-14 08:00:00,27.544893180000003
779,0,2016-11-14 09:00:00,31.864073400000002
779,0,2016-11-14 10:00:00,32.9508882
779,0,2016-11-14 11:00:00,29.9891127
779,0,2016-11-14 12:00:00,28.30856523
779,0,2016-11-14 13:00:00,31.443768000000002
779,0,2016-11-14 14:00:00,33.0713523
779,0,2016-11-14 15:00:00,35.0377602
779,0,2016-11-14 16:00:00,38.3067045
779,0,2016-11-14 17:00:00,34.4122848
779,0,2016-11-14 18:00:00,33.206471400000005
779,0,2016-11-14 19:00:00,38.2894116
779,0,2016-11-14 20:00:00,34.2798036
779,0,2016-11-14 21:00:00,35.162327700000006
779,0,2016-11-14 22:00:00,34.640316600000006
779,0,2016-11-14 23:00:00,40.27926750000001
779,0,2016-11-15 00:00:00,41.7104748
779,0,2016-11-15 01:00:00,32.2254657
779,0,2016-11-15 02:00:00,29.3448789
779,0,2016-11-15 03:00:00,24.473029320000006
779,0,2016-11-15 04:00:00,25.195198410000003
779,0,2016-11-15 05:00:00,22.237321140000002
779,0,2016-11-15 06:00:00,25.529830680000003
779,0,2016-11-15 07:00:00,26.361091590000004
779,0,2016-11-15 08:00:00,26.557292730000004
779,0,2016-11-15 09:00:00,28.565848410000005
779,0,2016-11-15 10:00:00,28.14410682
779,0,2016-11-15 11:00:00,29.3410686
779,0,2016-11-15 12:00:00,34.0069275
779,0,2016-11-15 13:00:00,30.474193200000002
779,0,2016-11-15 14:00:00,31.671799800000006
779,0,2016-11-15 15:00:00,32.250086100000004
779,0,2016-11-15 16:00:00,36.925031100000005
779,0,2016-11-15 17:00:00,37.4109909
779,0,2016-11-15 18:00:00,37.115253
779,0,2016-11-15 19:00:00,35.18020680000001
779,0,2016-11-15 20:00:00,34.2698382
779,0,2016-11-15 21:00:00,34.5107664
779,0,2016-11-15 22:00:00,37.485731400000006
779,0,2016-11-15 23:00:00,36.2116257
779,0,2016-11-16 00:00:00,33.1317309
779,0,2016-11-16 01:00:00,30.870757500000003
779,0,2016-11-16 02:00:00,29.681943900000004
779,0,2016-11-16 03:00:00,24.315077730000002
779,0,2016-11-16 04:00:00,22.733979090000002
779,0,2016-11-16 05:00:00,22.107067500000003
779,0,2016-11-16 06:00:00,26.336647050000003
779,0,2016-11-16 07:00:00,25.487477730000002
779,0,2016-11-16 08:00:00,26.815396590000002
779,0,2016-11-16 09:00:00,26.910654090000005
779,0,2016-11-16 10:00:00,26.977422270000005
779,0,2016-11-16 11:00:00,28.116438180000003
779,0,2016-11-16 12:00:00,30.584985
779,0,2016-11-16 13:00:00,34.7259018
779,0,2016-11-16 14:00:00,32.627892
779,0,2016-11-16 15:00:00,29.860441800000004
779,0,2016-11-16 16:00:00,33.0933348
779,0,2016-11-16 17:00:00,31.9511241
779,0,2016-11-16 18:00:00,32.5341
779,0,2016-11-16 19:00:00,32.57630640000001
779,0,2016-11-16 20:00:00,34.4067159
779,0,2016-11-16 21:00:00,34.064082000000006
779,0,2016-11-16 22:00:00,36.792256800000004
779,0,2016-11-16 23:00:00,37.7577282
779,0,2016-11-17 00:00:00,36.20781540000001
779,0,2016-11-17 01:00:00,34.4328018
779,0,2016-11-17 02:00:00,29.9214066
779,0,2016-11-17 03:00:00,24.009784770000003
779,0,2016-11-17 04:00:00,22.664778180000003
779,0,2016-11-17 05:00:00,20.661117270000002
779,0,2016-11-17 06:00:00,25.020159090000003
779,0,2016-11-17 07:00:00,25.32791409
779,0,2016-11-17 08:00:00,25.267652730000002
779,0,2016-11-17 09:00:00,26.435978640000002
779,0,2016-11-17 10:00:00,30.167317500000003
779,0,2016-11-17 11:00:00,30.456314100000004
779,0,2016-11-17 12:00:00,31.762953900000003
779,0,2016-11-17 13:00:00,33.1033002
779,0,2016-11-17 14:00:00,32.9289057
779,0,2016-11-17 15:00:00,31.7696952
779,0,2016-11-17 16:00:00,33.71294820000001
779,0,2016-11-17 17:00:00,31.715764800000002
779,0,2016-11-17 18:00:00,33.3410043
779,0,2016-11-17 19:00:00,32.2711893
779,0,2016-11-17 20:00:00,33.524191800000004
779,0,2016-11-17 21:00:00,34.1772186
779,0,2016-11-17 22:00:00,31.421199300000005
779,0,2016-11-17 23:00:00,34.1713566
779,0,2016-11-18 00:00:00,35.25084390000001
779,0,2016-11-18 01:00:00,30.003767700000004
779,0,2016-11-18 02:00:00,28.113184770000004
779,0,2016-11-18 03:00:00,27.152461590000005
779,0,2016-11-18 04:00:00,21.996334320000003
779,0,2016-11-18 05:00:00,20.92083318
779,0,2016-11-18 06:00:00,25.74719364
779,0,2016-11-18 07:00:00,26.214541590000003
779,0,2016-11-18 08:00:00,27.01974591
779,0,2016-11-18 09:00:00,26.2690875
779,0,2016-11-18 10:00:00,28.661926590000004
779,0,2016-11-18 11:00:00,29.117872950000002
779,0,2016-11-18 12:00:00,33.6276561
779,0,2016-11-18 13:00:00,36.86553180000001
779,0,2016-11-18 14:00:00,32.7269598
779,0,2016-11-18 15:00:00,34.08196110000001
779,0,2016-11-18 16:00:00,40.9973625
779,0,2016-11-18 17:00:00,41.9352825
779,0,2016-11-18 18:00:00,38.8161123
779,0,2016-11-18 19:00:00,36.6260691
779,0,2016-11-18 20:00:00,34.409940000000006
779,0,2016-11-18 21:00:00,33.1153173
779,0,2016-11-18 22:00:00,33.0877659
779,0,2016-11-18 23:00:00,30.5386752
779,0,2016-11-19 00:00:00,31.74273
779,0,2016-11-19 01:00:00,29.797718400000004
779,0,2016-11-19 02:00:00,32.068364100000004
779,0,2016-11-19 03:00:00,26.84960136
779,0,2016-11-19 04:00:00,20.07491727
779,0,2016-11-19 05:00:00,18.772234320000003
779,0,2016-11-19 06:00:00,23.658064770000003
779,0,2016-11-19 07:00:00,24.47467068
779,0,2016-11-19 08:00:00,26.84631864
779,0,2016-11-19 09:00:00,29.985888600000003
779,0,2016-11-19 10:00:00,27.188278410000002
779,0,2016-11-19 11:00:00,33.50455410000001
779,0,2016-11-19 12:00:00,35.918525700000004
779,0,2016-11-19 13:00:00,35.529288900000005
779,0,2016-11-19 14:00:00,39.4242948
779,0,2016-11-19 15:00:00,37.13078730000001
779,0,2016-11-19 16:00:00,37.52324820000001
779,0,2016-11-19 17:00:00,39.473242500000005
779,0,2016-11-19 18:00:00,35.93816340000001
779,0,2016-11-19 19:00:00,32.216672700000004
779,0,2016-11-19 20:00:00,33.0487836
779,0,2016-11-19 21:00:00,34.0330134
779,0,2016-11-19 22:00:00,38.7551475
779,0,2016-11-19 23:00:00,39.9032202
779,0,2016-11-20 00:00:00,36.0911616
779,0,2016-11-20 01:00:00,30.4979343
779,0,2016-11-20 02:00:00,27.43333932
779,0,2016-11-20 03:00:00,24.642382500000004
779,0,2016-11-20 04:00:00,21.491557500000003
779,0,2016-11-20 05:00:00,19.52860818
779,0,2016-11-20 06:00:00,23.903946360000003
779,0,2016-11-20 07:00:00,24.975373410000003
779,0,2016-11-20 08:00:00,25.14798
779,0,2016-11-20 09:00:00,27.042549090000005
779,0,2016-11-20 10:00:00,28.035015000000005
779,0,2016-11-20 11:00:00,30.383918400000002
779,0,2016-11-20 12:00:00,34.233200700000005
779,0,2016-11-20 13:00:00,34.826728200000005
779,0,2016-11-20 14:00:00,39.759015000000005
779,0,2016-11-20 15:00:00,36.9209277
779,0,2016-11-20 16:00:00,36.7734984
779,0,2016-11-20 17:00:00,39.3170202
779,0,2016-11-20 18:00:00,41.0348793
779,0,2016-11-20 19:00:00,38.8193364
779,0,2016-11-20 20:00:00,38.094793200000005
779,0,2016-11-20 21:00:00,37.57454070000001
779,0,2016-11-20 22:00:00,37.884933600000004
779,0,2016-11-20 23:00:00,38.478461100000004
779,0,2016-11-21 00:00:00,34.1933391
779,0,2016-11-21 01:00:00,33.327228600000005
779,0,2016-11-21 02:00:00,28.321608180000002
779,0,2016-11-21 03:00:00,24.640741140000003
779,0,2016-11-21 04:00:00,25.36455159
779,0,2016-11-21 05:00:00,22.707101820000002
779,0,2016-11-21 06:00:00,28.98187455
779,0,2016-11-21 07:00:00,29.568807300000003
779,0,2016-11-21 08:00:00,28.25727273
779,0,2016-11-21 09:00:00,29.330223900000004
779,0,2016-11-21 10:00:00,31.004411100000006
779,0,2016-11-21 11:00:00,29.30671728
779,0,2016-11-21 12:00:00,28.482813180000004
779,0,2016-11-21 13:00:00,32.7700455
779,0,2016-11-21 14:00:00,34.4292846
779,0,2016-11-21 15:00:00,33.6314664
779,0,2016-11-21 16:00:00,40.9736214
779,0,2016-11-21 17:00:00,36.0351795
779,0,2016-11-21 18:00:00,42.90251250000001
779,0,2016-11-21 19:00:00,51.040140900000004
779,0,2016-11-21 20:00:00,44.8044384
779,0,2016-11-21 21:00:00,39.6362061
779,0,2016-11-21 22:00:00,37.039633200000004
779,0,2016-11-21 23:00:00,32.5771857
779,0,2016-11-22 00:00:00,30.200730900000003
779,0,2016-11-22 01:00:00,29.06165637
779,0,2016-11-22 02:00:00,30.821223600000003
779,0,2016-11-22 03:00:00,25.96945137
779,0,2016-11-22 04:00:00,21.45084591
779,0,2016-11-22 05:00:00,21.48587136
779,0,2016-11-22 06:00:00,25.580302500000005
779,0,2016-11-22 07:00:00,26.902505910000002
779,0,2016-11-22 08:00:00,26.852034090000004
779,0,2016-11-22 09:00:00,28.876065450000002
779,0,2016-11-22 10:00:00,35.783406600000006
779,0,2016-11-22 11:00:00,34.5547314
779,0,2016-11-22 12:00:00,40.00580520000001
779,0,2016-11-22 13:00:00,37.5909543
779,0,2016-11-22 14:00:00,39.6880848
779,0,2016-11-22 15:00:00,34.6485234
779,0,2016-11-22 16:00:00,34.7859873
779,0,2016-11-22 17:00:00,39.7525668
779,0,2016-11-22 18:00:00,38.050242000000004
779,0,2016-11-22 19:00:00,37.5534375
779,0,2016-11-22 20:00:00,35.3176707
779,0,2016-11-22 21:00:00,33.898773600000006
779,0,2016-11-22 22:00:00,40.03746
779,0,2016-11-22 23:00:00,36.30541770000001
779,0,2016-11-23 00:00:00,28.283329320000004
779,0,2016-11-23 01:00:00,30.133904100000006
779,0,2016-11-23 02:00:00,24.720522960000004
779,0,2016-11-23 03:00:00,20.823113640000003
779,0,2016-11-23 04:00:00,19.95196182
779,0,2016-11-23 05:00:00,20.142476820000002
779,0,2016-11-23 06:00:00,25.846525230000005
779,0,2016-11-23 07:00:00,27.420325680000005
779,0,2016-11-23 08:00:00,26.186052270000005
779,0,2016-11-23 09:00:00,27.268060230000003
779,0,2016-11-23 10:00:00,26.994510000000002
779,0,2016-11-23 11:00:00,29.7039264
779,0,2016-11-23 12:00:00,30.773741400000002
779,0,2016-11-23 13:00:00,30.2177307
779,0,2016-11-23 14:00:00,30.573554100000006
779,0,2016-11-23 15:00:00,28.041521820000003
779,0,2016-11-23 16:00:00,28.601665230000002
779,0,2016-11-23 17:00:00,29.978561100000004
779,0,2016-11-23 18:00:00,29.476773900000005
779,0,2016-11-23 19:00:00,26.833305000000003
779,0,2016-11-23 20:00:00,24.86302818
779,0,2016-11-23 21:00:00,26.934248640000003
779,0,2016-11-23 22:00:00,31.177047000000005
779,0,2016-11-23 23:00:00,29.906751600000003
779,0,2016-11-24 00:00:00,26.6501175
779,0,2016-11-24 01:00:00,24.627727500000002
779,0,2016-11-24 02:00:00,22.14859977
779,0,2016-11-24 03:00:00,22.515766140000004
779,0,2016-11-24 04:00:00,21.5208675
779,0,2016-11-24 05:00:00,20.79951909
779,0,2016-11-24 06:00:00,25.366984320000004
779,0,2016-11-24 07:00:00,25.56239409
779,0,2016-11-24 08:00:00,25.42478364
779,0,2016-11-24 09:00:00,25.75372977
779,0,2016-11-24 10:00:00,26.767357500000003
779,0,2016-11-24 11:00:00,29.3255343
779,0,2016-11-24 12:00:00,28.08223341
779,0,2016-11-24 13:00:00,29.470325700000004
779,0,2016-11-24 14:00:00,29.671392300000004
779,0,2016-11-24 15:00:00,31.447285200000003
779,0,2016-11-24 16:00:00,38.204705700000005
779,0,2016-11-24 17:00:00,35.3446359
779,0,2016-11-24 18:00:00,29.901182700000003
779,0,2016-11-24 19:00:00,27.18663705
779,0,2016-11-24 20:00:00,24.558526590000003
779,0,2016-11-24 21:00:00,23.667825
779,0,2016-11-24 22:00:00,24.162841590000003
779,0,2016-11-24 23:00:00,22.871589540000002
779,0,2016-11-25 00:00:00,22.08672636
779,0,2016-11-25 01:00:00,20.35661568
779,0,2016-11-25 02:00:00,20.38185159
779,0,2016-11-25 03:00:00,19.53754773
779,0,2016-11-25 04:00:00,19.563604320000003
779,0,2016-11-25 05:00:00,19.26317682
779,0,2016-11-25 06:00:00,24.56828682
779,0,2016-11-25 07:00:00,25.366984320000004
779,0,2016-11-25 08:00:00,24.642382500000004
779,0,2016-11-25 09:00:00,24.67984068
779,0,2016-11-25 10:00:00,25.797694770000003
779,0,2016-11-25 11:00:00,27.443920230000003
779,0,2016-11-25 12:00:00,26.03053341
779,0,2016-11-25 13:00:00,30.0811461
779,0,2016-11-25 14:00:00,30.563881800000004
779,0,2016-11-25 15:00:00,28.257302040000003
779,0,2016-11-25 16:00:00,29.04459795
779,0,2016-11-25 17:00:00,30.7429659
779,0,2016-11-25 18:00:00,29.657616600000004
779,0,2016-11-25 19:00:00,29.104830000000003
779,0,2016-11-25 20:00:00,24.668439090000003
779,0,2016-11-25 21:00:00,25.251385680000002
779,0,2016-11-25 22:00:00,24.514561590000003
779,0,2016-11-25 23:00:00,25.947498180000004
779,0,2016-11-26 00:00:00,24.197837730000003
779,0,2016-11-26 01:00:00,21.280701360000002
779,0,2016-11-26 02:00:00,20.122135680000003
779,0,2016-11-26 03:00:00,19.348674090000003
779,0,2016-11-26 04:00:00,19.458586590000003
779,0,2016-11-26 05:00:00,19.298202270000004
779,0,2016-11-26 06:00:00,24.376159770000005
779,0,2016-11-26 07:00:00,24.81334773
779,0,2016-11-26 08:00:00,26.33828841
779,0,2016-11-26 09:00:00,25.936096590000002
779,0,2016-11-26 10:00:00,28.715681130000004
779,0,2016-11-26 11:00:00,26.93506932
779,0,2016-11-26 12:00:00,29.235962940000004
779,0,2016-11-26 13:00:00,28.871991360000003
779,0,2016-11-26 14:00:00,31.182615900000002
779,0,2016-11-26 15:00:00,37.962018900000004
779,0,2016-11-26 16:00:00,34.6370925
779,0,2016-11-26 17:00:00,34.1819082
779,0,2016-11-26 18:00:00,32.0880018
779,0,2016-11-26 19:00:00,28.704279540000005
779,0,2016-11-26 20:00:00,27.65723841
779,0,2016-11-26 21:00:00,26.865868410000004
779,0,2016-11-26 22:00:00,26.440873410000002
779,0,2016-11-26 23:00:00,29.896200000000004
779,0,2016-11-27 00:00:00,25.537978860000003
779,0,2016-11-27 01:00:00,23.036839320000002
779,0,2016-11-27 02:00:00,22.378185000000002
779,0,2016-11-27 03:00:00,21.66905886
779,0,2016-11-27 04:00:00,20.100973860000003
779,0,2016-11-27 05:00:00,19.790756820000002
779,0,2016-11-27 06:00:00,25.12435614
779,0,2016-11-27 07:00:00,25.23265659
779,0,2016-11-27 08:00:00,25.3897875
779,0,2016-11-27 09:00:00,27.90229932
779,0,2016-11-27 10:00:00,27.83799318
779,0,2016-11-27 11:00:00,27.10767591
779,0,2016-11-27 12:00:00,29.03644977
779,0,2016-11-27 13:00:00,31.59618
779,0,2016-11-27 14:00:00,38.703268800000004
779,0,2016-11-27 15:00:00,33.6171045
779,0,2016-11-27 16:00:00,36.1741089
779,0,2016-11-27 17:00:00,42.527344500000005
779,0,2016-11-27 18:00:00,37.25301
779,0,2016-11-27 19:00:00,42.115832100000006
779,0,2016-11-27 20:00:00,37.489834800000004
779,0,2016-11-27 21:00:00,40.104286800000004
779,0,2016-11-27 22:00:00,36.4094682
779,0,2016-11-27 23:00:00,35.61897750000001
779,0,2016-11-28 00:00:00,42.9872184
779,0,2016-11-28 01:00:00,31.777022700000003
779,0,2016-11-28 02:00:00,27.195605910000005
779,0,2016-11-28 03:00:00,23.81762841
779,0,2016-11-28 04:00:00,21.878302950000002
779,0,2016-11-28 05:00:00,21.051086820000002
779,0,2016-11-28 06:00:00,26.491345230000004
779,0,2016-11-28 07:00:00,25.074705
779,0,2016-11-28 08:00:00,26.610226590000003
779,0,2016-11-28 09:00:00,27.81926409
779,0,2016-11-28 10:00:00,28.49011137
779,0,2016-11-28 11:00:00,28.950952500000003
779,0,2016-11-28 12:00:00,38.0191734
779,0,2016-11-28 13:00:00,31.2802182
779,0,2016-11-28 14:00:00,28.261346820000004
779,0,2016-11-28 15:00:00,28.98676932
779,0,2016-11-28 16:00:00,30.645070500000006
779,0,2016-11-28 17:00:00,30.782827500000003
779,0,2016-11-28 18:00:00,32.009744100000006
779,0,2016-11-28 19:00:00,36.511467
779,0,2016-11-28 20:00:00,31.456957500000005
779,0,2016-11-28 21:00:00,29.4841014
779,0,2016-11-28 22:00:00,32.436497700000004
779,0,2016-11-28 23:00:00,33.134955000000005
779,0,2016-11-29 00:00:00,30.8789643
779,0,2016-11-29 01:00:00,28.774271820000003
779,0,2016-11-29 02:00:00,26.322812730000003
779,0,2016-11-29 03:00:00,22.221054090000003
779,0,2016-11-29 04:00:00,20.880912960000003
779,0,2016-11-29 05:00:00,20.854065000000002
779,0,2016-11-29 06:00:00,25.849778640000004
779,0,2016-11-29 07:00:00,27.09140886
779,0,2016-11-29 08:00:00,27.35273682
779,0,2016-11-29 09:00:00,29.003886360000003
779,0,2016-11-29 10:00:00,31.068600000000004
779,0,2016-11-29 11:00:00,30.678777000000004
779,0,2016-11-29 12:00:00,35.552150700000006
779,0,2016-11-29 13:00:00,28.948519770000004
779,0,2016-11-29 14:00:00,32.3371368
779,0,2016-11-29 15:00:00,31.9373484
779,0,2016-11-29 16:00:00,35.1541209
779,0,2016-11-29 17:00:00,33.041456100000005
779,0,2016-11-29 18:00:00,32.293758000000004
779,0,2016-11-29 19:00:00,35.123052300000005
779,0,2016-11-29 20:00:00,33.7431375
779,0,2016-11-29 21:00:00,34.2317352
779,0,2016-11-29 22:00:00,38.490478200000005
779,0,2016-11-29 23:00:00,34.37242320000001
779,0,2016-11-30 00:00:00,34.91055480000001
779,0,2016-11-30 01:00:00,32.1888282
779,0,2016-11-30 02:00:00,30.857568000000004
779,0,2016-11-30 03:00:00,25.761848640000004
779,0,2016-11-30 04:00:00,22.804000680000005
779,0,2016-11-30 05:00:00,23.20783386
779,0,2016-11-30 06:00:00,26.81375523
779,0,2016-11-30 07:00:00,27.86240841
779,0,2016-11-30 08:00:00,28.369647270000005
779,0,2016-11-30 09:00:00,27.861587730000004
779,0,2016-11-30 10:00:00,29.830252500000004
779,0,2016-11-30 11:00:00,28.416045000000004
779,0,2016-11-30 12:00:00,30.6207432
779,0,2016-11-30 13:00:00,31.583869800000002
779,0,2016-11-30 14:00:00,32.8735098
779,0,2016-11-30 15:00:00,30.2282823
779,0,2016-11-30 16:00:00,33.2041266
779,0,2016-11-30 17:00:00,36.0146625
779,0,2016-11-30 18:00:00,35.7353382
779,0,2016-11-30 19:00:00,37.30606110000001
779,0,2016-11-30 20:00:00,35.3194293
779,0,2016-11-30 21:00:00,36.6764823
779,0,2016-11-30 22:00:00,34.914072000000004
779,0,2016-11-30 23:00:00,34.249614300000005
779,0,2016-12-01 00:00:00,36.1213509
779,0,2016-12-01 01:00:00,34.7209191
779,0,2016-12-01 02:00:00,31.825970400000003
779,0,2016-12-01 03:00:00,27.005090910000003
779,0,2016-12-01 04:00:00,24.42824364
779,0,2016-12-01 05:00:00,21.864439320000002
779,0,2016-12-01 06:00:00,25.44758682
779,0,2016-12-01 07:00:00,25.68939432
779,0,2016-12-01 08:00:00,29.8636659
779,0,2016-12-01 09:00:00,28.36314045
779,0,2016-12-01 10:00:00,27.039295680000002
779,0,2016-12-01 11:00:00,28.24833318
779,0,2016-12-01 12:00:00,28.549552050000003
779,0,2016-12-01 13:00:00,29.609548200000006
779,0,2016-12-01 14:00:00,29.219666580000002
779,0,2016-12-01 15:00:00,29.681357700000003
779,0,2016-12-01 16:00:00,34.1224089
779,0,2016-12-01 17:00:00,37.115253
779,0,2016-12-01 18:00:00,39.4530186
779,0,2016-12-01 19:00:00,37.934467500000004
779,0,2016-12-01 20:00:00,33.930428400000004
779,0,2016-12-01 21:00:00,32.4306357
779,0,2016-12-01 22:00:00,37.5657477
779,0,2016-12-01 23:00:00,35.5328061
779,0,2016-12-02 00:00:00,34.3284582
779,0,2016-12-02 01:00:00,32.6815293
779,0,2016-12-02 02:00:00,32.459066400000005
779,0,2016-12-02 03:00:00,26.672100000000004
779,0,2016-12-02 04:00:00,23.47731
779,0,2016-12-02 05:00:00,24.600879540000005
779,0,2016-12-02 06:00:00,26.582528640000003
779,0,2016-12-02 07:00:00,27.539177730000002
779,0,2016-12-02 08:00:00,26.55975477
779,0,2016-12-02 09:00:00,25.958079090000002
779,0,2016-12-02 10:00:00,25.629953640000004
779,0,2016-12-02 11:00:00,27.706918860000005
779,0,2016-12-02 12:00:00,30.1324386
779,0,2016-12-02 13:00:00,34.638851100000004
779,0,2016-12-02 14:00:00,31.958451600000004
779,0,2016-12-02 15:00:00,31.6817652
779,0,2016-12-02 16:00:00,33.9019977
779,0,2016-12-02 17:00:00,36.298676400000005
779,0,2016-12-02 18:00:00,34.3138032
779,0,2016-12-02 19:00:00,33.3524352
779,0,2016-12-02 20:00:00,35.8153545
779,0,2016-12-02 21:00:00,33.1244034
779,0,2016-12-02 22:00:00,34.7203329
779,0,2016-12-02 23:00:00,34.782763200000005
779,0,2016-12-03 00:00:00,35.8795434
779,0,2016-12-03 01:00:00,30.5492268
779,0,2016-12-03 02:00:00,29.589324300000005
779,0,2016-12-03 03:00:00,24.808482270000003
779,0,2016-12-03 04:00:00,20.416027050000004
779,0,2016-12-03 05:00:00,19.50419295
779,0,2016-12-03 06:00:00,24.43803318
779,0,2016-12-03 07:00:00,25.38084795
779,0,2016-12-03 08:00:00,24.916753410000002
779,0,2016-12-03 09:00:00,26.73315273
779,0,2016-12-03 10:00:00,29.5119459
779,0,2016-12-03 11:00:00,34.37242320000001
779,0,2016-12-03 12:00:00,40.2224061
779,0,2016-12-03 13:00:00,40.11307980000001
779,0,2016-12-03 14:00:00,41.1960843
779,0,2016-12-03 15:00:00,35.496754800000005
779,0,2016-12-03 16:00:00,45.152934300000005
779,0,2016-12-03 17:00:00,41.455770900000005
779,0,2016-12-03 18:00:00,36.3347277
779,0,2016-12-03 19:00:00,34.5148698
779,0,2016-12-03 20:00:00,40.3428702
779,0,2016-12-03 21:00:00,42.4033632
779,0,2016-12-03 22:00:00,37.500386400000004
779,0,2016-12-03 23:00:00,34.468560000000004
779,0,2016-12-04 00:00:00,36.9810132
779,0,2016-12-04 01:00:00,34.3170273
779,0,2016-12-04 02:00:00,30.411469800000003
779,0,2016-12-04 03:00:00,26.964379320000006
779,0,2016-12-04 04:00:00,22.039478640000002
779,0,2016-12-04 05:00:00,20.02444545
779,0,2016-12-04 06:00:00,25.67720136
779,0,2016-12-04 07:00:00,26.012625000000003
779,0,2016-12-04 08:00:00,25.34338977
779,0,2016-12-04 09:00:00,25.133325000000003
779,0,2016-12-04 10:00:00,30.655622100000002
779,0,2016-12-04 11:00:00,37.1422182
779,0,2016-12-04 12:00:00,34.1291502
779,0,2016-12-04 13:00:00,34.007806800000004
779,0,2016-12-04 14:00:00,36.0269727
779,0,2016-12-04 15:00:00,36.947013600000005
779,0,2016-12-04 16:00:00,35.1599829
779,0,2016-12-04 17:00:00,38.704734300000005
779,0,2016-12-04 18:00:00,39.132953400000005
779,0,2016-12-04 19:00:00,40.016943000000005
779,0,2016-12-04 20:00:00,40.368956100000005
779,0,2016-12-04 21:00:00,38.408410200000006
779,0,2016-12-04 22:00:00,37.4655075
779,0,2016-12-04 23:00:00,37.9116057
779,0,2016-12-05 00:00:00,34.3897161
779,0,2016-12-05 01:00:00,34.4155089
779,0,2016-12-05 02:00:00,28.269495000000003
779,0,2016-12-05 03:00:00,24.175855230000003
779,0,2016-12-05 04:00:00,24.640741140000003
779,0,2016-12-05 05:00:00,22.555686360000003
779,0,2016-12-05 06:00:00,27.235496820000005
779,0,2016-12-05 07:00:00,27.68898114
779,0,2016-12-05 08:00:00,28.048028640000002
779,0,2016-12-05 09:00:00,30.015784800000002
779,0,2016-12-05 10:00:00,30.755862300000004
779,0,2016-12-05 11:00:00,29.5427214
779,0,2016-12-05 12:00:00,29.4029127
779,0,2016-12-05 13:00:00,34.9553991
779,0,2016-12-05 14:00:00,39.379743600000005
779,0,2016-12-05 15:00:00,36.7679295
779,0,2016-12-05 16:00:00,31.7776089
779,0,2016-12-05 17:00:00,32.810200200000004
779,0,2016-12-05 18:00:00,32.4517389
779,0,2016-12-05 19:00:00,35.6793561
779,0,2016-12-05 20:00:00,35.716579800000005
779,0,2016-12-05 21:00:00,38.5019091
779,0,2016-12-05 22:00:00,37.11935640000001
779,0,2016-12-05 23:00:00,34.046202900000004
779,0,2016-12-06 00:00:00,33.458244300000004
779,0,2016-12-06 01:00:00,32.1806214
779,0,2016-12-06 02:00:00,32.6431332
779,0,2016-12-06 03:00:00,24.06515136
779,0,2016-12-06 04:00:00,20.66190864
779,0,2016-12-06 05:00:00,20.470572960000002
779,0,2016-12-06 06:00:00,25.112163180000003
779,0,2016-12-06 07:00:00,26.26744614
779,0,2016-12-06 08:00:00,25.831870230000003
779,0,2016-12-06 09:00:00,26.425427040000002
779,0,2016-12-06 10:00:00,27.949547040000002
779,0,2016-12-06 11:00:00,31.733643900000004
779,0,2016-12-06 12:00:00,27.74760114
779,0,2016-12-06 13:00:00,26.455528410000003
779,0,2016-12-06 14:00:00,28.196220000000004
779,0,2016-12-06 15:00:00,29.337551400000002
779,0,2016-12-06 16:00:00,34.711246800000005
779,0,2016-12-06 17:00:00,36.85585950000001
779,0,2016-12-06 18:00:00,41.197842900000005
779,0,2016-12-06 19:00:00,38.935110900000005
779,0,2016-12-06 20:00:00,35.1922239
779,0,2016-12-06 21:00:00,39.1956768
779,0,2016-12-06 22:00:00,38.8366293
779,0,2016-12-06 23:00:00,39.121522500000005
779,0,2016-12-07 00:00:00,36.2034189
779,0,2016-12-07 01:00:00,32.70996
779,0,2016-12-07 02:00:00,33.551743200000004
779,0,2016-12-07 03:00:00,25.088539320000002
779,0,2016-12-07 04:00:00,21.996334320000003
779,0,2016-12-07 05:00:00,20.981885910000003
779,0,2016-12-07 06:00:00,25.913293410000005
779,0,2016-12-07 07:00:00,27.866482500000004
779,0,2016-12-07 08:00:00,27.401596590000004
779,0,2016-12-07 09:00:00,27.313666590000004
779,0,2016-12-07 10:00:00,30.6485877
779,0,2016-12-07 11:00:00,31.225701600000004
779,0,2016-12-07 12:00:00,33.0112668
779,0,2016-12-07 13:00:00,28.968069540000002
779,0,2016-12-07 14:00:00,28.860560460000002
779,0,2016-12-07 15:00:00,30.638036100000004
779,0,2016-12-07 16:00:00,34.5427143
779,0,2016-12-07 17:00:00,37.270889100000005
779,0,2016-12-07 18:00:00,31.7289543
779,0,2016-12-07 19:00:00,34.4571291
779,0,2016-12-07 20:00:00,40.5040752
779,0,2016-12-07 21:00:00,37.8562098
779,0,2016-12-07 22:00:00,35.9006466
779,0,2016-12-07 23:00:00,33.4995714
779,0,2016-12-08 00:00:00,31.226580900000002
779,0,2016-12-08 01:00:00,30.155886600000002
779,0,2016-12-08 02:00:00,31.822453200000005
779,0,2016-12-08 03:00:00,23.003455230000004
779,0,2016-12-08 04:00:00,20.845916820000003
779,0,2016-12-08 05:00:00,20.46324546
779,0,2016-12-08 06:00:00,25.902712500000003
779,0,2016-12-08 07:00:00,28.172596140000003
779,0,2016-12-08 08:00:00,28.118079540000004
779,0,2016-12-08 09:00:00,27.70935159
779,0,2016-12-08 10:00:00,27.88685295
779,0,2016-12-08 11:00:00,28.498259550000004
779,0,2016-12-08 12:00:00,29.886527700000002
779,0,2016-12-08 13:00:00,32.762131800000006
779,0,2016-12-08 14:00:00,32.548755
779,0,2016-12-08 15:00:00,28.948490460000002
779,0,2016-12-08 16:00:00,34.04268570000001
779,0,2016-12-08 17:00:00,37.880830200000005
779,0,2016-12-08 18:00:00,40.60079820000001
779,0,2016-12-08 19:00:00,34.9765023
779,0,2016-12-08 20:00:00,34.646178600000006
779,0,2016-12-08 21:00:00,34.59723090000001
779,0,2016-12-08 22:00:00,35.9437323
779,0,2016-12-08 23:00:00,36.1084545
779,0,2016-12-09 00:00:00,33.206471400000005
779,0,2016-12-09 01:00:00,35.0931561
779,0,2016-12-09 02:00:00,30.2405925
779,0,2016-12-09 03:00:00,25.505386140000002
779,0,2016-12-09 04:00:00,22.708743180000003
779,0,2016-12-09 05:00:00,21.902718180000004
779,0,2016-12-09 06:00:00,27.24607773
779,0,2016-12-09 07:00:00,27.632823180000003
779,0,2016-12-09 08:00:00,26.30165091
779,0,2016-12-09 09:00:00,27.67922091
779,0,2016-12-09 10:00:00,29.476773900000005
779,0,2016-12-09 11:00:00,34.343113200000005
779,0,2016-12-09 12:00:00,32.617926600000004
779,0,2016-12-09 13:00:00,36.837687300000006
779,0,2016-12-09 14:00:00,40.670849100000005
779,0,2016-12-09 15:00:00,40.6904868
779,0,2016-12-09 16:00:00,36.93147930000001
779,0,2016-12-09 17:00:00,42.9423741
779,0,2016-12-09 18:00:00,40.14180360000001
779,0,2016-12-09 19:00:00,41.90362770000001
779,0,2016-12-09 20:00:00,40.1629068
779,0,2016-12-09 21:00:00,41.2992555
779,0,2016-12-09 22:00:00,40.8613641
779,0,2016-12-09 23:00:00,35.2191891
779,0,2016-12-10 00:00:00,34.3293375
779,0,2016-12-10 01:00:00,38.7340443
779,0,2016-12-10 02:00:00,32.05458840000001
779,0,2016-12-10 03:00:00,26.36027091
779,0,2016-12-10 04:00:00,22.06878864
779,0,2016-12-10 05:00:00,20.50152432
779,0,2016-12-10 06:00:00,25.639743180000004
779,0,2016-12-10 07:00:00,29.252171370000003
779,0,2016-12-10 08:00:00,31.034307300000002
779,0,2016-12-10 09:00:00,29.075490690000002
779,0,2016-12-10 10:00:00,30.630708600000002
779,0,2016-12-10 11:00:00,33.9922725
779,0,2016-12-10 12:00:00,35.0612082
779,0,2016-12-10 13:00:00,39.99525360000001
779,0,2016-12-10 14:00:00,39.018058200000006
779,0,2016-12-10 15:00:00,41.528166600000006
779,0,2016-12-10 16:00:00,42.39369090000001
779,0,2016-12-10 17:00:00,45.899460000000005
779,0,2016-12-10 18:00:00,38.0411559
779,0,2016-12-10 19:00:00,40.5316266
779,0,2016-12-10 20:00:00,38.1583959
779,0,2016-12-10 21:00:00,39.8267211
779,0,2016-12-10 22:00:00,34.854572700000006
779,0,2016-12-10 23:00:00,38.423651400000004
779,0,2016-12-11 00:00:00,35.5498059
779,0,2016-12-11 01:00:00,34.63152360000001
779,0,2016-12-11 02:00:00,32.3174991
779,0,2016-12-11 03:00:00,27.303877050000004
779,0,2016-12-11 04:00:00,26.02238523
779,0,2016-12-11 05:00:00,22.23652977
779,0,2016-12-11 06:00:00,26.066350230000005
779,0,2016-12-11 07:00:00,27.6173475
779,0,2016-12-11 08:00:00,27.468364770000004
779,0,2016-12-11 09:00:00,29.406136800000002
779,0,2016-12-11 10:00:00,31.640145000000004
779,0,2016-12-11 11:00:00,35.025450000000006
779,0,2016-12-11 12:00:00,39.8419623
779,0,2016-12-11 13:00:00,36.704326800000004
779,0,2016-12-11 14:00:00,41.57857980000001
779,0,2016-12-11 15:00:00,36.47131230000001
779,0,2016-12-11 16:00:00,37.6454709
779,0,2016-12-11 17:00:00,37.9473639
779,0,2016-12-11 18:00:00,44.662871100000004
779,0,2016-12-11 19:00:00,49.371815700000006
779,0,2016-12-11 20:00:00,41.5428216
779,0,2016-12-11 21:00:00,42.4646211
779,0,2016-12-11 22:00:00,39.9870468
779,0,2016-12-11 23:00:00,38.704734300000005
779,0,2016-12-12 00:00:00,38.8471809
779,0,2016-12-12 01:00:00,35.8625436
779,0,2016-12-12 02:00:00,31.0205316
779,0,2016-12-12 03:00:00,26.214541590000003
779,0,2016-12-12 04:00:00,22.302477270000004
779,0,2016-12-12 05:00:00,23.29168977
779,0,2016-12-12 06:00:00,27.990229320000005
779,0,2016-12-12 07:00:00,29.488204800000005
779,0,2016-12-12 08:00:00,28.985157270000002
779,0,2016-12-12 09:00:00,30.411469800000003
779,0,2016-12-12 10:00:00,29.986474800000003
779,0,2016-12-12 18:00:00,35.0582772
779,0,2016-12-12 19:00:00,35.243516400000004
779,0,2016-12-12 20:00:00,35.4489795
779,0,2016-12-12 21:00:00,40.6954695
779,0,2016-12-12 22:00:00,38.5965804
779,0,2016-12-12 23:00:00,40.725365700000005
779,0,2016-12-13 00:00:00,35.2361889
779,0,2016-12-13 01:00:00,34.9131927
779,0,2016-12-13 02:00:00,30.176403600000004
779,0,2016-12-13 03:00:00,26.571127050000005
779,0,2016-12-13 04:00:00,23.718296820000003
779,0,2016-12-13 05:00:00,23.419510680000002
779,0,2016-12-13 06:00:00,26.281309770000004
779,0,2016-12-13 07:00:00,28.88661705
779,0,2016-12-13 08:00:00,29.226935460000004
779,0,2016-12-13 09:00:00,31.976330700000002
779,0,2016-12-13 10:00:00,30.781068900000005
779,0,2016-12-13 11:00:00,31.820108400000002
779,0,2016-12-13 12:00:00,31.1216511
779,0,2016-12-13 13:00:00,28.00895841
779,0,2016-12-13 14:00:00,28.648912950000003
779,0,2016-12-13 15:00:00,30.584105700000002
779,0,2016-12-13 16:00:00,33.3799866
779,0,2016-12-13 17:00:00,34.6769541
779,0,2016-12-13 18:00:00,33.9239802
779,0,2016-12-13 19:00:00,35.2737057
779,0,2016-12-13 20:00:00,32.7864591
779,0,2016-12-13 21:00:00,34.3782852
779,0,2016-12-13 22:00:00,35.210103000000004
779,0,2016-12-13 23:00:00,36.563345700000006
779,0,2016-12-14 00:00:00,33.931014600000005
779,0,2016-12-14 01:00:00,30.851119800000003
779,0,2016-12-14 02:00:00,29.085280230000002
779,0,2016-12-14 03:00:00,24.940377270000003
779,0,2016-12-14 04:00:00,24.106654320000004
779,0,2016-12-14 05:00:00,23.304703410000002
779,0,2016-12-14 06:00:00,27.458575230000005
779,0,2016-12-14 07:00:00,30.0703014
779,0,2016-12-14 08:00:00,37.770038400000004
779,0,2016-12-14 09:00:00,37.5584202
779,0,2016-12-14 10:00:00,33.727603200000004
779,0,2016-12-14 11:00:00,30.173765700000004
779,0,2016-12-14 12:00:00,30.045974100000002
779,0,2016-12-14 13:00:00,32.9280264
779,0,2016-12-14 14:00:00,33.2759361
779,0,2016-12-14 15:00:00,36.534035700000004
779,0,2016-12-14 16:00:00,37.2075795
779,0,2016-12-14 17:00:00,38.813767500000004
779,0,2016-12-14 18:00:00,38.8618359
779,0,2016-12-14 19:00:00,35.046553200000005
779,0,2016-12-14 20:00:00,32.7424941
779,0,2016-12-14 21:00:00,35.5955295
779,0,2016-12-14 22:00:00,40.47711
779,0,2016-12-14 23:00:00,40.72800360000001
779,0,2016-12-15 00:00:00,44.36302980000001
779,0,2016-12-15 01:00:00,41.3320827
779,0,2016-12-15 02:00:00,30.553916400000002
779,0,2016-12-15 03:00:00,26.378179320000005
779,0,2016-12-15 04:00:00,25.050289770000003
779,0,2016-12-15 05:00:00,24.653784090000002
779,0,2016-12-15 06:00:00,27.689801820000003
779,0,2016-12-15 07:00:00,28.56502773
779,0,2016-12-15 08:00:00,29.815597500000003
779,0,2016-12-15 09:00:00,30.2781093
779,0,2016-12-15 10:00:00,28.4233725
779,0,2016-12-15 11:00:00,32.5226691
779,0,2016-12-15 12:00:00,33.6373284
779,0,2016-12-15 13:00:00,38.4831507
779,0,2016-12-15 14:00:00,39.2786241
779,0,2016-12-15 15:00:00,39.944547299999996
779,0,2016-12-15 16:00:00,42.47341410000001
779,0,2016-12-15 17:00:00,43.174509300000004
779,0,2016-12-15 18:00:00,40.5348507
779,0,2016-12-15 19:00:00,43.69564110000001
779,0,2016-12-15 20:00:00,41.076206400000004
779,0,2016-12-15 21:00:00,33.513640200000005
779,0,2016-12-15 22:00:00,35.453669100000006
779,0,2016-12-15 23:00:00,36.13014390000001
779,0,2016-12-16 00:00:00,34.194218400000004
779,0,2016-12-16 01:00:00,31.007635200000003
779,0,2016-12-16 02:00:00,33.4614684
779,0,2016-12-16 03:00:00,29.681357700000003
779,0,2016-12-16 04:00:00,23.91534795
779,0,2016-12-16 05:00:00,22.483202730000002
779,0,2016-12-16 06:00:00,27.68411568
779,0,2016-12-16 07:00:00,28.798716360000004
779,0,2016-12-16 08:00:00,32.563410000000005
779,0,2016-12-16 09:00:00,31.057169100000003
779,0,2016-12-16 10:00:00,35.65825290000001
779,0,2016-12-16 11:00:00,36.5308116
779,0,2016-12-16 12:00:00,50.00110140000001
779,0,2016-12-16 13:00:00,43.33981770000001
779,0,2016-12-16 14:00:00,38.9310075
779,0,2016-12-16 15:00:00,38.088345
779,0,2016-12-16 16:00:00,40.7074866
779,0,2016-12-16 17:00:00,39.58462050000001
779,0,2016-12-16 18:00:00,40.983586800000005
779,0,2016-12-16 19:00:00,36.8564457
779,0,2016-12-16 20:00:00,34.578472500000004
779,0,2016-12-16 21:00:00,34.25107980000001
779,0,2016-12-16 22:00:00,36.14655750000001
779,0,2016-12-16 23:00:00,32.9664225
779,0,2016-12-17 00:00:00,29.0722959
779,0,2016-12-17 01:00:00,35.0726391
779,0,2016-12-17 02:00:00,30.561243900000004
779,0,2016-12-17 03:00:00,24.91596204
779,0,2016-12-17 04:00:00,21.363736590000006
779,0,2016-12-17 05:00:00,20.914297050000005
779,0,2016-12-17 06:00:00,25.78057773
779,0,2016-12-17 07:00:00,27.548967270000002
779,0,2016-12-17 08:00:00,32.73516660000001
779,0,2016-12-17 09:00:00,28.217381820000004
779,0,2016-12-17 10:00:00,27.120718860000004
779,0,2016-12-17 11:00:00,31.483043400000003
779,0,2016-12-17 12:00:00,32.4159807
779,0,2016-12-17 13:00:00,28.056176820000005
779,0,2016-12-17 14:00:00,32.031726600000006
779,0,2016-12-17 15:00:00,35.924973900000005
779,0,2016-12-17 16:00:00,33.8254986
779,0,2016-12-17 17:00:00,27.28596864
779,0,2016-12-17 18:00:00,29.669926800000002
779,0,2016-12-17 19:00:00,29.25867819
779,0,2016-12-17 20:00:00,24.6130725
779,0,2016-12-17 21:00:00,22.552432950000004
779,0,2016-12-17 22:00:00,21.53226909
779,0,2016-12-17 23:00:00,25.18787091
779,0,2016-12-18 00:00:00,21.677998410000004
779,0,2016-12-18 01:00:00,20.482795230000004
779,0,2016-12-18 02:00:00,20.73031818
779,0,2016-12-18 03:00:00,19.658861820000002
779,0,2016-12-18 04:00:00,19.63605864
779,0,2016-12-18 05:00:00,22.584175680000005
779,0,2016-12-18 06:00:00,25.374311820000003
779,0,2016-12-18 07:00:00,25.927127730000002
779,0,2016-12-18 08:00:00,25.467957270000003
779,0,2016-12-18 09:00:00,26.924488410000002
779,0,2016-12-18 10:00:00,26.463676590000002
779,0,2016-12-18 11:00:00,26.387968860000004
779,0,2016-12-18 12:00:00,31.054824300000003
779,0,2016-12-18 13:00:00,26.75513523
779,0,2016-12-18 14:00:00,26.006909550000003
779,0,2016-12-18 15:00:00,25.726031820000003
779,0,2016-12-18 16:00:00,26.380641360000002
779,0,2016-12-18 17:00:00,29.672271600000006
779,0,2016-12-18 18:00:00,28.41847773
779,0,2016-12-18 19:00:00,25.533084090000003
779,0,2016-12-18 20:00:00,26.50517955
779,0,2016-12-18 21:00:00,21.844098180000003
779,0,2016-12-18 22:00:00,25.12274409
779,0,2016-12-18 23:00:00,25.180543410000002
779,0,2016-12-19 00:00:00,22.74945477
779,0,2016-12-19 01:00:00,24.385920000000002
779,0,2016-12-19 02:00:00,22.08833841
779,0,2016-12-19 03:00:00,19.33645182
779,0,2016-12-19 04:00:00,20.07327591
779,0,2016-12-19 05:00:00,20.90943159
779,0,2016-12-19 06:00:00,25.345001820000004
779,0,2016-12-19 07:00:00,27.745989090000002
779,0,2016-12-19 08:00:00,25.734180000000002
779,0,2016-12-19 09:00:00,25.450019550000004
779,0,2016-12-19 10:00:00,25.076346360000002
779,0,2016-12-19 11:00:00,26.216182950000004
779,0,2016-12-19 12:00:00,25.598210910000002
779,0,2016-12-19 13:00:00,25.32301932
779,0,2016-12-19 14:00:00,25.462241820000003
779,0,2016-12-19 15:00:00,25.07795841
779,0,2016-12-19 16:00:00,25.82049795
779,0,2016-12-19 17:00:00,26.52311727
779,0,2016-12-19 18:00:00,25.865254320000005
779,0,2016-12-19 19:00:00,25.086927270000004
779,0,2016-12-19 20:00:00,21.082038180000005
779,0,2016-12-19 21:00:00,23.268886590000005
779,0,2016-12-19 22:00:00,24.64156182
779,0,2016-12-19 23:00:00,21.60393204
779,0,2016-12-20 00:00:00,19.724809320000002
779,0,2016-12-20 01:00:00,19.33809318
779,0,2016-12-20 02:00:00,19.463452050000004
779,0,2016-12-20 03:00:00,19.71586977
779,0,2016-12-20 04:00:00,20.00653704
779,0,2016-12-20 05:00:00,19.50255159
779,0,2016-12-20 06:00:00,24.896412270000003
779,0,2016-12-20 07:00:00,26.113597950000003
779,0,2016-12-20 08:00:00,26.400982500000005
779,0,2016-12-20 09:00:00,24.849164550000005
779,0,2016-12-20 10:00:00,24.688780230000003
779,0,2016-12-20 11:00:00,25.97191341
779,0,2016-12-20 12:00:00,26.880523410000002
779,0,2016-12-20 13:00:00,23.923466820000005
779,0,2016-12-20 14:00:00,24.10911636
779,0,2016-12-20 15:00:00,24.197837730000003
779,0,2016-12-20 16:00:00,24.315898410000003
779,0,2016-12-20 17:00:00,25.748014320000003
779,0,2016-12-20 18:00:00,25.39550295
779,0,2016-12-20 19:00:00,23.955209550000003
779,0,2016-12-20 20:00:00,21.831084540000003
779,0,2016-12-20 21:00:00,19.237940910000003
779,0,2016-12-20 22:00:00,22.09730727
779,0,2016-12-20 23:00:00,21.542029320000005
779,0,2016-12-21 00:00:00,19.721555910000003
779,0,2016-12-21 01:00:00,22.63139409
779,0,2016-12-21 02:00:00,20.118061590000003
779,0,2016-12-21 03:00:00,18.473448180000002
779,0,2016-12-21 04:00:00,18.43434864
779,0,2016-12-21 05:00:00,18.36922182
779,0,2016-12-21 06:00:00,24.18561546
779,0,2016-12-21 07:00:00,26.557292730000004
779,0,2016-12-21 08:00:00,24.888264090000003
779,0,2016-12-21 09:00:00,24.661111590000004
779,0,2016-12-21 10:00:00,24.417662730000004
779,0,2016-12-21 11:00:00,24.898845
779,0,2016-12-21 12:00:00,25.393040910000003
779,0,2016-12-21 13:00:00,29.550342
779,0,2016-12-21 14:00:00,25.658472270000004
779,0,2016-12-21 15:00:00,25.09100136
779,0,2016-12-21 16:00:00,25.2725475
779,0,2016-12-21 17:00:00,26.00611818
779,0,2016-12-21 18:00:00,26.427859770000005
779,0,2016-12-21 19:00:00,23.69877636
779,0,2016-12-21 20:00:00,20.81496546
779,0,2016-12-21 21:00:00,20.05211409
779,0,2016-12-21 22:00:00,20.02198341
779,0,2016-12-21 23:00:00,19.75901409
779,0,2016-12-22 00:00:00,19.26643023
779,0,2016-12-22 01:00:00,18.995342040000004
779,0,2016-12-22 02:00:00,19.380416820000004
779,0,2016-12-22 03:00:00,18.97658364
779,0,2016-12-22 04:00:00,18.913098180000002
779,0,2016-12-22 05:00:00,19.9088175
779,0,2016-12-22 06:00:00,23.7044625
779,0,2016-12-22 07:00:00,25.45248159
779,0,2016-12-22 08:00:00,24.64971
779,0,2016-12-22 09:00:00,25.712197500000002
779,0,2016-12-22 10:00:00,24.734386590000003
779,0,2016-12-22 11:00:00,25.110521820000002
779,0,2016-12-22 12:00:00,24.122130000000002
779,0,2016-12-22 13:00:00,23.53918341
779,0,2016-12-22 14:00:00,23.420331360000006
779,0,2016-12-22 15:00:00,23.897410230000002
779,0,2016-12-22 16:00:00,24.151440000000004
779,0,2016-12-22 17:00:00,25.043782950000004
779,0,2016-12-22 18:00:00,26.759209320000004
779,0,2016-12-22 19:00:00,23.42437614
779,0,2016-12-22 20:00:00,20.55038409
779,0,2016-12-22 21:00:00,20.547130680000002
779,0,2016-12-22 22:00:00,20.302069770000003
779,0,2016-12-22 23:00:00,19.273757730000003
779,0,2016-12-23 00:00:00,20.02444545
779,0,2016-12-23 01:00:00,20.320798860000004
779,0,2016-12-23 02:00:00,19.25584932
779,0,2016-12-23 03:00:00,18.597195000000003
779,0,2016-12-23 04:00:00,18.44900364
779,0,2016-12-23 05:00:00,18.706286820000003
779,0,2016-12-23 06:00:00,24.151440000000004
779,0,2016-12-23 07:00:00,24.521889090000002
779,0,2016-12-23 08:00:00,24.366370230000005
779,0,2016-12-23 09:00:00,25.602285000000002
779,0,2016-12-23 10:00:00,27.811936590000006
779,0,2016-12-23 11:00:00,25.481791590000004
779,0,2016-12-23 12:00:00,24.183182730000002
779,0,2016-12-23 13:00:00,24.12620409
779,0,2016-12-23 14:00:00,23.92510818
779,0,2016-12-23 15:00:00,23.861593410000005
779,0,2016-12-23 16:00:00,24.543871590000002
779,0,2016-12-23 17:00:00,25.78629318
779,0,2016-12-23 18:00:00,25.47607614
779,0,2016-12-23 19:00:00,23.17198773
779,0,2016-12-23 20:00:00,19.69388727
779,0,2016-12-23 21:00:00,19.31121591
779,0,2016-12-23 22:00:00,19.801337730000004
779,0,2016-12-23 23:00:00,19.313648640000004
779,0,2016-12-24 00:00:00,19.20945159
779,0,2016-12-24 01:00:00,19.500910230000002
779,0,2016-12-24 02:00:00,19.154905680000002
779,0,2016-12-24 03:00:00,18.878893410000003
779,0,2016-12-24 04:00:00,18.834107730000003
779,0,2016-12-24 05:00:00,19.035203640000002
779,0,2016-12-24 06:00:00,22.84796568
779,0,2016-12-24 07:00:00,23.49603909
779,0,2016-12-24 08:00:00,23.243650680000005
779,0,2016-12-24 09:00:00,22.484023410000002
779,0,2016-12-24 10:00:00,22.875634320000003
779,0,2016-12-24 11:00:00,22.969250460000005
779,0,2016-12-24 12:00:00,23.141886360000004
779,0,2016-12-24 13:00:00,23.60105682
779,0,2016-12-24 14:00:00,23.47405659
779,0,2016-12-24 15:00:00,23.030332500000004
779,0,2016-12-24 16:00:00,23.255052270000004
779,0,2016-12-24 17:00:00,23.384485230000003
779,0,2016-12-24 18:00:00,23.44882068
779,0,2016-12-24 19:00:00,22.735620450000003
779,0,2016-12-24 20:00:00,19.869747270000005
779,0,2016-12-24 21:00:00,18.900055230000003
779,0,2016-12-24 22:00:00,18.404247270000003
779,0,2016-12-24 23:00:00,18.887041590000003
779,0,2016-12-25 00:00:00,19.00671432
779,0,2016-12-25 01:00:00,18.96600273
779,0,2016-12-25 02:00:00,18.9415875
779,0,2016-12-25 03:00:00,18.92854455
779,0,2016-12-25 04:00:00,18.626505
779,0,2016-12-25 05:00:00,18.75757932
779,0,2016-12-25 06:00:00,22.777944090000002
779,0,2016-12-25 07:00:00,23.010782730000003
779,0,2016-12-25 08:00:00,22.570312050000002
779,0,2016-12-25 09:00:00,22.649302500000005
779,0,2016-12-25 10:00:00,22.799105910000005
779,0,2016-12-25 11:00:00,22.95298341
779,0,2016-12-25 12:00:00,22.50357318
779,0,2016-12-25 13:00:00,22.027285680000002
779,0,2016-12-25 14:00:00,22.49867841
779,0,2016-12-25 15:00:00,22.810507500000003
779,0,2016-12-25 16:00:00,22.063102500000003
779,0,2016-12-25 17:00:00,23.583148410000003
779,0,2016-12-25 18:00:00,23.406467730000003
779,0,2016-12-25 19:00:00,22.51658682
779,0,2016-12-25 20:00:00,19.84287
779,0,2016-12-25 21:00:00,19.417054320000005
779,0,2016-12-25 22:00:00,20.16607137
779,0,2016-12-25 23:00:00,20.382672270000004
779,0,2016-12-26 00:00:00,21.627526590000002
779,0,2016-12-26 01:00:00,22.58499636
779,0,2016-12-26 02:00:00,18.875640000000004
779,0,2016-12-26 03:00:00,18.353746140000002
779,0,2016-12-26 04:00:00,18.196615230000003
779,0,2016-12-26 05:00:00,18.43599
779,0,2016-12-26 06:00:00,22.30165659
779,0,2016-12-26 07:00:00,23.044166820000004
779,0,2016-12-26 08:00:00,22.700595000000003
779,0,2016-12-26 09:00:00,22.61835114
779,0,2016-12-26 10:00:00,22.684298640000005
779,0,2016-12-26 11:00:00,22.870768860000005
779,0,2016-12-26 12:00:00,22.9570575
779,0,2016-12-26 13:00:00,23.186672040000005
779,0,2016-12-26 14:00:00,23.79728727
779,0,2016-12-26 15:00:00,23.469982500000004
779,0,2016-12-26 16:00:00,24.11236977
779,0,2016-12-26 17:00:00,23.986160910000002
779,0,2016-12-26 18:00:00,24.249130230000002
779,0,2016-12-26 19:00:00,24.95095818
779,0,2016-12-26 20:00:00,21.78955227
779,0,2016-12-26 21:00:00,20.13353727
779,0,2016-12-26 22:00:00,20.003254320000003
779,0,2016-12-26 23:00:00,20.152266360000002
779,0,2016-12-27 00:00:00,19.80215841
779,0,2016-12-27 01:00:00,19.21839114
779,0,2016-12-27 02:00:00,19.18911045
779,0,2016-12-27 03:00:00,19.170381360000004
779,0,2016-12-27 04:00:00,20.53980318
779,0,2016-12-27 05:00:00,19.823320230000004
779,0,2016-12-27 06:00:00,22.18359591
779,0,2016-12-27 07:00:00,23.321791140000002
779,0,2016-12-27 08:00:00,21.236736360000002
779,0,2016-12-27 09:00:00,21.994722270000004
779,0,2016-12-27 10:00:00,21.819682950000004
779,0,2016-12-27 11:00:00,21.644614320000002
779,0,2016-12-27 12:00:00,21.30919068
779,0,2016-12-27 13:00:00,19.52371341
779,0,2016-12-27 14:00:00,22.029718410000005
779,0,2016-12-27 15:00:00,23.90881182
779,0,2016-12-27 16:00:00,23.92264614
779,0,2016-12-27 17:00:00,23.969864550000004
779,0,2016-12-27 18:00:00,25.074705
779,0,2016-12-27 19:00:00,22.837384770000003
779,0,2016-12-27 20:00:00,21.25461546
779,0,2016-12-27 21:00:00,20.820680910000004
779,0,2016-12-27 22:00:00,19.285980000000002
779,0,2016-12-27 23:00:00,19.468346820000004
779,0,2016-12-28 00:00:00,18.85934364
779,0,2016-12-28 01:00:00,19.39832523
779,0,2016-12-28 02:00:00,19.183395
779,0,2016-12-28 03:00:00,18.915530910000005
779,0,2016-12-28 04:00:00,20.205991590000004
779,0,2016-12-28 05:00:00,20.508060450000002
779,0,2016-12-28 06:00:00,21.691041360000003
779,0,2016-12-28 07:00:00,22.07693682
779,0,2016-12-28 08:00:00,21.621019770000004
779,0,2016-12-28 09:00:00,21.866872050000005
779,0,2016-12-28 10:00:00,22.067997270000003
779,0,2016-12-28 11:00:00,21.905971590000004
779,0,2016-12-28 12:00:00,21.708129090000003
779,0,2016-12-28 13:00:00,21.99390159
779,0,2016-12-28 14:00:00,22.359455910000005
779,0,2016-12-28 15:00:00,21.34744023
779,0,2016-12-28 16:00:00,21.546924090000005
779,0,2016-12-28 17:00:00,22.654197270000004
779,0,2016-12-28 18:00:00,22.84307091
779,0,2016-12-28 19:00:00,22.359455910000005
779,0,2016-12-28 20:00:00,22.30816341
779,0,2016-12-28 21:00:00,21.40931364
779,0,2016-12-28 22:00:00,24.928975680000004
779,0,2016-12-28 23:00:00,21.63567477
779,0,2016-12-29 00:00:00,19.078377270000004
779,0,2016-12-29 01:00:00,19.19640864
779,0,2016-12-29 02:00:00,18.7803825
779,0,2016-12-29 03:00:00,18.51090636
779,0,2016-12-29 04:00:00,19.03441227
779,0,2016-12-29 05:00:00,19.48950864
779,0,2016-12-29 06:00:00,21.45735273
779,0,2016-12-29 07:00:00,21.967845000000004
779,0,2016-12-29 08:00:00,22.396093410000002
779,0,2016-12-29 09:00:00,21.914119770000003
779,0,2016-12-29 10:00:00,21.253824090000005
779,0,2016-12-29 11:00:00,21.98332068
779,0,2016-12-29 12:00:00,24.544692270000002
779,0,2016-12-29 13:00:00,24.04234818
779,0,2016-12-29 14:00:00,22.290255000000002
779,0,2016-12-29 15:00:00,21.694294770000003
779,0,2016-12-29 16:00:00,21.583561590000006
779,0,2016-12-29 17:00:00,22.745380680000004
779,0,2016-12-29 18:00:00,22.770616590000003
779,0,2016-12-29 19:00:00,22.839817500000002
779,0,2016-12-29 20:00:00,20.39079114
779,0,2016-12-29 21:00:00,19.916145000000004
779,0,2016-12-29 22:00:00,21.651941820000005
779,0,2016-12-29 23:00:00,20.01383523
779,0,2016-12-30 00:00:00,19.412159550000002
779,0,2016-12-30 01:00:00,19.5424425
779,0,2016-12-30 02:00:00,19.09139091
779,0,2016-12-30 03:00:00,18.67372341
779,0,2016-12-30 04:00:00,18.760832730000004
779,0,2016-12-30 05:00:00,18.84468864
779,0,2016-12-30 06:00:00,21.95887614
779,0,2016-12-30 07:00:00,21.68046045
779,0,2016-12-30 08:00:00,21.38489841
779,0,2016-12-30 09:00:00,22.15753932
779,0,2016-12-30 10:00:00,22.462040910000002
779,0,2016-12-30 11:00:00,21.30919068
779,0,2016-12-30 12:00:00,21.6087975
779,0,2016-12-30 13:00:00,21.25546545
779,0,2016-12-30 14:00:00,21.342574770000002
779,0,2016-12-30 15:00:00,21.876661590000005
779,0,2016-12-30 16:00:00,21.57216
779,0,2016-12-30 17:00:00,24.965613180000005
779,0,2016-12-30 18:00:00,27.754928640000003
779,0,2016-12-30 19:00:00,23.39181273
779,0,2016-12-30 20:00:00,20.2165725
779,0,2016-12-30 21:00:00,20.78325204
779,0,2016-12-30 22:00:00,23.165480910000003
779,0,2016-12-30 23:00:00,20.809279320000005
779,0,2016-12-31 00:00:00,19.02136932
779,0,2016-12-31 01:00:00,18.804006360000002
779,0,2016-12-31 02:00:00,18.341553180000002
779,0,2016-12-31 03:00:00,18.362715
779,0,2016-12-31 04:00:00,18.45471909
779,0,2016-12-31 05:00:00,18.510085680000003
779,0,2016-12-31 06:00:00,21.875020230000004
779,0,2016-12-31 07:00:00,21.305116590000004
779,0,2016-12-31 08:00:00,21.052728180000003
779,0,2016-12-31 09:00:00,20.892314550000002
779,0,2016-12-31 10:00:00,21.35397636
779,0,2016-12-31 11:00:00,21.742333860000002
779,0,2016-12-31 12:00:00,21.922267950000002
779,0,2016-12-31 13:00:00,27.496033410000003
779,0,2016-12-31 14:00:00,21.54041727
779,0,2016-12-31 15:00:00,21.119496360000003
779,0,2016-12-31 16:00:00,21.92552136
779,0,2016-12-31 17:00:00,23.503366590000002
779,0,2016-12-31 18:00:00,23.308777500000005
779,0,2016-12-31 19:00:00,22.698953640000003
779,0,2016-12-31 20:00:00,20.054546820000002
779,0,2016-12-31 21:00:00,19.2933075
779,0,2016-12-31 22:00:00,19.29412818
779,0,2016-12-31 23:00:00,19.61897091
