timestamp,actual,predicted,residual
2016-11-07 02:00:00,27.10034833878168,27.142464427020116,-0.042116088238437044
2016-11-07 03:00:00,27.073471056206973,23.78611839734757,3.2873526588594046
2016-11-07 04:00:00,22.88052925535301,23.469617782040842,-0.5890885266878314
2016-11-07 05:00:00,22.24221563699762,22.410231631425443,-0.16801599442782233
2016-11-07 06:00:00,26.19173840569234,26.746227885645293,-0.5544894799529523
2016-11-07 07:00:00,28.92899931108186,27.759532287834134,1.1694670232477264
2016-11-07 08:00:00,29.392947291798194,29.30960511739663,0.08334217440156522
2016-11-07 09:00:00,30.109576825176543,30.313048752413994,-0.20347192723745167
2016-11-07 10:00:00,31.27875275074884,31.176113339805607,0.10263941094323314
2016-11-07 11:00:00,29.360413207427598,32.005921202746784,-2.6455079953191856
2016-11-07 12:00:00,30.11778356666421,30.790498453515536,-0.672714886851324
2016-11-07 13:00:00,34.16578787564608,31.791260747916002,2.3745271277300795
2016-11-07 14:00:00,35.35196318501855,34.35087330989375,1.0010898751247979
2016-11-07 15:00:00,40.22709563770856,35.018967283331854,5.208128354376704
2016-11-07 16:00:00,35.081725240103616,37.985586413688594,-2.9038611735849784
2016-11-07 17:00:00,36.67912032970749,34.79652467544008,1.882595654267405
2016-11-07 18:00:00,37.20728642852341,37.19689439810403,0.010392030419382081
2016-11-07 19:00:00,37.462283242771335,37.27753187478344,0.18475136798789293
2016-11-07 20:00:00,34.03535812886906,37.31964894197063,-3.2842908131015633
2016-11-07 21:00:00,32.241000142243784,34.90841447901129,-2.667414336767507
2016-11-07 22:00:00,33.06578330600592,33.55965315917113,-0.49386985316520793
2016-11-07 23:00:00,36.500622486312785,33.56943040977765,2.931192076535133
2016-11-08 00:00:00,35.18812020436024,33.98990150040149,1.1982187039587515
2016-11-08 01:00:00,29.99292299812222,31.213531820114962,-1.220608821992741
2016-11-08 02:00:00,27.819264069293016,26.045457765547784,1.773806303745232
2016-11-08 03:00:00,23.415436517606512,24.127444785761938,-0.7120082681554258
2016-11-08 04:00:00,22.03133025327086,21.740890354915596,0.2904398983552632
2016-11-08 05:00:00,21.82372752942859,21.97352504294526,-0.14979751351666692
2016-11-08 06:00:00,25.7993069157269,26.425959663718732,-0.6266527479918338
2016-11-08 07:00:00,26.41563750576614,27.558632120138256,-1.1429946143721175
2016-11-08 08:00:00,26.446559559824554,27.79528667764288,-1.3487271178183278
2016-11-08 09:00:00,27.93975745570004,28.110116594544962,-0.1703591388449226
2016-11-08 10:00:00,27.773687060721763,29.071850259741023,-1.2981631990192604
2016-11-08 11:00:00,28.2466917991512,29.046746182211976,-0.8000543830607754
2016-11-08 12:00:00,28.61634956083866,29.59040997274688,-0.9740604119082192
2016-11-08 13:00:00,27.63039043990969,29.966467565976924,-2.3360771260672344
2016-11-08 14:00:00,29.33520660031342,29.47371392087982,-0.1385073205664007
2016-11-08 15:00:00,29.52484229540774,30.867195539121344,-1.3423532437136032
2016-11-08 16:00:00,30.047732717059716,31.134381121844424,-1.0866484047847074
2016-11-08 17:00:00,32.52501373155208,31.956597420808716,0.5684163107433626
2016-11-08 18:00:00,31.988640983024936,33.40361521450075,-1.4149742314758171
2016-11-08 19:00:00,34.79184933859498,32.88724740597869,1.9046019326162877
2016-11-08 20:00:00,32.525893317000886,34.73567958451914,-2.209786267518254
2016-11-08 21:00:00,33.62824222415193,32.54683266358458,1.0814095605673515
2016-11-08 22:00:00,33.960617594701894,33.011657474544364,0.9489601201575297
2016-11-08 23:00:00,34.409060799704896,32.07605162252909,2.3330091771758035
2016-11-09 00:00:00,32.0097440587865,31.078778423830045,0.9309656349564577
2016-11-09 01:00:00,31.137771649643927,28.17179180341086,2.9659798462330684
2016-11-09 02:00:00,29.12270909449804,26.042869119140324,3.0798399753577144
2016-11-09 03:00:00,24.791365133587558,23.837753048986254,0.9536120846013034
2016-11-09 04:00:00,21.70566704480187,21.84867628297252,-0.1430092381706487
2016-11-09 05:00:00,22.241395522685167,21.513488882148,0.7279066405371672
2016-11-09 06:00:00,26.45716983463013,25.656479027811553,0.8006908068185759
2016-11-09 07:00:00,27.85264821004124,27.802795918148608,0.04985229189263407
2016-11-09 08:00:00,28.896377276196823,28.113272128757064,0.783105147439759
2016-11-09 09:00:00,30.503503169878023,28.939831029065136,1.563672140812887
2016-11-09 10:00:00,31.137771649643927,29.93059668126733,1.2071749683765987
2016-11-09 11:00:00,32.056347036236325,30.537184085057206,1.5191629511791191
2016-11-09 12:00:00,29.91319982897997,31.43524963882847,-1.5220498098485002
2016-11-09 13:00:00,31.20283986427334,30.70443472511809,0.4984051391552491
2016-11-09 14:00:00,29.943389139901566,31.64819687216843,-1.7048077322668647
2016-11-09 15:00:00,31.16297823381399,31.174870319634625,-0.011892085820633724
2016-11-09 16:00:00,35.609305070988924,32.0911643885417,3.5181406824472248
2016-11-09 17:00:00,32.70585664666923,34.585982535617596,-1.8801258889483634
2016-11-09 18:00:00,31.594421320805264,33.174304302202934,-1.5798829813976702
2016-11-09 19:00:00,34.64354080612187,33.105532908018084,1.5380078981037855
2016-11-09 20:00:00,36.30219373591196,34.92652857951234,1.37566515639962
2016-11-09 21:00:00,35.30477393963812,35.24488430269384,0.05988963694427696
2016-11-09 22:00:00,36.71224061317636,34.46234326682127,2.249897346355091
2016-11-09 23:00:00,36.70755120394303,34.48544205197134,2.2221091519716865
2016-11-10 00:00:00,35.40735944721599,33.269434503232596,2.1379249439833927
2016-11-10 01:00:00,30.694897439323068,30.733248643642877,-0.03835120431980954
2016-11-10 02:00:00,31.243580713075715,26.857207572803656,4.38637314027206
2016-11-10 03:00:00,24.902098553951863,25.892314021662397,-0.9902154677105344
2016-11-10 04:00:00,21.653583545162878,22.684526462314818,-1.0309429171519398
2016-11-10 05:00:00,21.929595696890956,21.905392412817548,0.024203284073408327
2016-11-10 06:00:00,26.524729229082418,26.194726463188402,0.3300027658940152
2016-11-10 07:00:00,26.27641502490017,28.070478347952726,-1.794063323052555
2016-11-10 08:00:00,26.032966073619864,27.972620581570045,-1.9396545079501806
2016-11-10 09:00:00,27.582351344648625,28.272296065953494,-0.6899447213048688
2016-11-10 10:00:00,27.456142488353247,29.27248956054005,-1.816347072186801
2016-11-10 11:00:00,28.438027515224338,29.468913836901866,-1.030886321677528
2016-11-10 12:00:00,29.15204840640228,30.185215361265815,-1.0331669548635354
2016-11-10 13:00:00,32.61968517272537,30.60128405819195,2.018401114533418
2016-11-10 14:00:00,29.936940926876396,32.761785334616214,-2.8248444077398176
2016-11-10 15:00:00,30.96279086317422,31.25922315154452,-0.2964322883703012
2016-11-10 16:00:00,31.957572270207425,32.32348171362458,-0.3659094434171557
2016-11-10 17:00:00,29.681943883187355,33.0873698600797,-3.4054259768923423
2016-11-10 18:00:00,31.52290507670357,31.49964329658719,0.02326178011637836
2016-11-10 19:00:00,32.63434003546176,32.747536001398096,-0.11319596593633463
2016-11-10 20:00:00,31.615817714085022,33.12405767751832,-1.5082399634333008
2016-11-10 21:00:00,39.39029489913333,32.339331322121886,7.050963577011444
2016-11-10 22:00:00,36.179091420503134,35.94356834419668,0.23552307630645686
2016-11-10 23:00:00,39.07257512553133,33.13845140567656,5.934123719854767
2016-11-11 00:00:00,37.867640710802405,34.436582108186265,3.4310586026161403
2016-11-11 01:00:00,34.23232139299625,31.847782434066243,2.384538958930005
2016-11-11 02:00:00,27.309592576119083,28.102679918615078,-0.7930873424959941
2016-11-11 03:00:00,24.473849837905,24.09234702582496,0.3815028120800399
2016-11-11 04:00:00,21.746378341588958,22.18975842367462,-0.4433800820856604
2016-11-11 05:00:00,21.53634317484861,21.241516607159898,0.2948265676887125
2016-11-11 06:00:00,24.62529492216217,25.38598325227049,-0.7606883301083194
2016-11-11 07:00:00,25.025845140004535,27.14115220740962,-2.115307067405084
2016-11-11 08:00:00,25.34500176562934,26.994249934810977,-1.6492481691816359
2016-11-11 09:00:00,26.877270087231896,27.731574001106008,-0.8543039138741122
2016-11-11 10:00:00,26.0761397324261,28.93288857311556,-2.856748840689459
2016-11-11 11:00:00,35.16877593239051,28.658876975807477,6.509898956583033
2016-11-11 12:00:00,36.71224061317636,34.26305977179609,2.449180841380276
2016-11-11 13:00:00,31.750057468199458,35.6501301705678,-3.900072702368341
2016-11-11 14:00:00,38.599804554701294,32.686295292814954,5.91350926188634
2016-11-11 15:00:00,38.80145722806181,37.09567501350201,1.7057822145597967
2016-11-11 16:00:00,35.65649431636936,36.206196308661426,-0.5497019922920643
2016-11-11 17:00:00,34.409060799704896,34.86092445162847,-0.45186365192357414
2016-11-11 18:00:00,33.9116699126354,34.45157458587164,-0.5399046732362365
2016-11-11 19:00:00,39.74523919882427,34.425211740863254,5.320027457961018
2016-11-11 20:00:00,32.7351667392478,37.72965494812485,-4.994488208877051
2016-11-11 21:00:00,37.44264602038919,32.12932362713074,5.313322393258453
2016-11-11 22:00:00,38.253653172652186,37.0117531637778,1.2419000088743886
2016-11-11 23:00:00,35.3886010760711,35.396166391984714,-0.007565315913616644
2016-11-12 00:00:00,32.49335893435685,34.532616490751984,-2.0392575563951354
2016-11-12 01:00:00,34.640316516056394,30.761181202374257,3.879135313682138
2016-11-12 02:00:00,32.392532597676585,30.284862462404362,2.1076701352722225
2016-11-12 03:00:00,27.46754405966755,26.06377499791375,1.403769061753799
2016-11-12 04:00:00,21.8921369573144,22.89947668597459,-1.0073397286601917
2016-11-12 05:00:00,21.810714363740225,20.703059064908302,1.1076552988319222
2016-11-12 06:00:00,24.665185737531026,25.094785525216775,-0.42959978768574913
2016-11-12 07:00:00,25.660084251308042,26.59584636801699,-0.9357621167089469
2016-11-12 08:00:00,25.689394343886608,27.19704363411994,-1.5076492902333314
2016-11-12 09:00:00,28.05860951216482,28.10668854547553,-0.04807903331071017
2016-11-12 10:00:00,32.25243108202048,30.312753538182605,1.939677543837874
2016-11-12 11:00:00,38.61504605247407,33.64886708345079,4.966178969023282
2016-11-12 12:00:00,36.88839338484862,38.31671656143289,-1.4283231765842714
2016-11-12 13:00:00,38.59570104629279,37.49842113575156,1.097279910541225
2016-11-12 14:00:00,38.78445729360297,37.76445266027101,1.0200046333319577
2016-11-12 15:00:00,43.86886280143411,37.86658344615609,6.00227935527802
2016-11-12 16:00:00,45.016056616454705,40.10379484044137,4.912261776013338
2016-11-12 17:00:00,45.87337342864933,40.074230833031656,5.799142595617674
2016-11-12 18:00:00,37.02497802713262,40.3099925280951,-3.2850145009624825
2016-11-12 19:00:00,37.68621189486042,35.87740266683804,1.8088092280223833
2016-11-12 20:00:00,33.64700059529683,38.27233543053203,-4.625334835235201
2016-11-12 21:00:00,35.76787200737751,34.24200062635952,1.5258713810179927
2016-11-12 22:00:00,36.26379740817336,36.661868805420774,-0.39807139724741347
2016-11-12 23:00:00,32.00651995227392,35.52326991565802,-3.5167499633841004
2016-11-13 00:00:00,33.53884682724838,32.12980159885626,1.4090452283921167
2016-11-13 01:00:00,31.121651117081004,31.561350413063792,-0.4396992959827877
2016-11-13 02:00:00,30.305660687407812,28.356589564391697,1.9490711230161146
2016-11-13 03:00:00,32.850061670733844,26.219753226710584,6.63030844402326
2016-11-13 04:00:00,21.99879660483838,25.778730575575295,-3.7799339707369164
2016-11-13 05:00:00,20.223079515508406,20.747996238697215,-0.5249167231888094
2016-11-13 06:00:00,24.455120835222502,25.171567045151978,-0.7164462099294759
2016-11-13 07:00:00,26.253611882271567,26.750627709602522,-0.49701582733095506
2016-11-13 08:00:00,26.71199098876234,27.836079104807343,-1.1240881160450016
2016-11-13 09:00:00,26.79910023442114,29.115844812959494,-2.316744578538355
2016-11-13 10:00:00,28.898868628100534,30.157477613335004,-1.2586089852344706
2016-11-13 11:00:00,29.05432886872982,32.20419374963823,-3.14986488090841
2016-11-13 12:00:00,31.643369186424643,32.6314013536931,-0.9880321672684573
2016-11-13 13:00:00,32.61968517272537,34.153514917578725,-1.5338297448533567
2016-11-13 14:00:00,40.60578066819015,34.52596379980737,6.079816868382778
2016-11-13 15:00:00,40.369542225087116,38.8307997483176,1.5387424767695137
2016-11-13 16:00:00,37.932708741878926,38.325912316483944,-0.39320357460501754
2016-11-13 17:00:00,37.92626089595954,37.58659480461939,0.339666091340149
2016-11-13 18:00:00,38.646993800081724,37.905422258728144,0.7415715413535793
2016-11-13 19:00:00,40.212440774972166,37.79360159341217,2.4188391815599957
2016-11-13 20:00:00,35.44135858192211,38.29129668880466,-2.849938106882547
2016-11-13 21:00:00,39.21765900083318,35.05952133647652,4.1581376643566585
2016-11-13 22:00:00,36.16766048072644,37.62394218877602,-1.4562817080495805
2016-11-13 23:00:00,33.3190216835678,34.91262530467614,-1.5936036211083433
2016-11-14 00:00:00,33.68451733758663,31.54431046407494,2.140206873511687
2016-11-14 01:00:00,36.00645552220299,31.112454444265495,4.894001077937496
2016-11-14 02:00:00,30.227403004539198,30.311256511404036,-0.08385350686483761
2016-11-14 03:00:00,23.443925761661067,25.39129282553478,-1.9473670638737133
2016-11-14 04:00:00,22.444132626519718,22.19579364269732,0.2483389838223964
2016-11-14 05:00:00,22.903303029519215,21.682504383246084,1.2207986462731313
2016-11-14 06:00:00,27.298190821251893,26.419298835262666,0.8788919859892275
2016-11-14 07:00:00,26.747807664185093,28.218137194971735,-1.4703295307866426
2016-11-14 08:00:00,27.544893155730737,28.054896420753312,-0.5100032650225756
2016-11-14 09:00:00,31.86407336489536,29.385475190160538,2.478598174734824
2016-11-14 10:00:00,32.95088837451988,32.148752639351336,0.802135735168541
2016-11-14 11:00:00,29.98911271545547,33.20727015650704,-3.2181574410515736
2016-11-14 12:00:00,28.308565229842202,31.559734229867473,-3.2511690000252713
2016-11-14 13:00:00,31.443768083715486,30.763872760768695,0.6798953229467912
2016-11-14 14:00:00,33.07135230068806,32.916980037310005,0.15437226337805754
2016-11-14 15:00:00,35.03776028478866,34.02685803927105,1.010902245517613
2016-11-14 16:00:00,38.30670436312718,35.52412111159318,2.7825832515339997
2016-11-14 17:00:00,34.41228472266459,37.203640333916745,-2.7913556112521576
2016-11-14 18:00:00,33.20647145669842,35.08555378628292,-1.8790823295845058
2016-11-14 19:00:00,38.28941147825592,35.04106778549759,3.2483436927583327
2016-11-14 20:00:00,34.27980358878909,37.69797787984564,-3.4181742910565447
2016-11-14 21:00:00,35.162327719365344,34.413740786556545,0.7485869328087986
2016-11-14 22:00:00,34.640316516056394,35.480891958629876,-0.8405754425734813
2016-11-14 23:00:00,40.27926724273475,33.866811911326366,6.412455331408381
2016-11-15 00:00:00,41.71047464706364,35.07500071879472,6.635473928268922
2016-11-15 01:00:00,32.225465694058585,33.64660632368915,-1.421140629630564
2016-11-15 02:00:00,29.344878896907062,27.509380688630987,1.835498208276075
2016-11-15 03:00:00,24.473029356486766,25.215095878800337,-0.7420665223135714
2016-11-15 04:00:00,25.195198378420194,22.401338616274263,2.7938597621459316
2016-11-15 05:00:00,22.23732138273906,22.946216716248937,-0.7088953335098758
2016-11-15 06:00:00,25.529830715305405,26.424562642673063,-0.8947319273676584
2016-11-15 07:00:00,26.361091644108,27.57011876821706,-1.2090271241090598
2016-11-15 08:00:00,26.557292796635966,27.918396977602423,-1.361104180966457
2016-11-15 09:00:00,28.565848424776004,28.444435545462678,0.12141287931332556
2016-11-15 10:00:00,28.14410679634377,29.595350268188678,-1.4512434718449079
2016-11-15 11:00:00,29.3410685912962,29.50925239895369,-0.16818380765749197
2016-11-15 12:00:00,34.0069276217393,30.41726261886323,3.589665002876071
2016-11-15 13:00:00,30.4741931690759,33.108060798418954,-2.6338676293430545
2016-11-15 14:00:00,31.671799877107293,31.39513592906688,0.27666394804041516
2016-11-15 15:00:00,32.250086010298034,32.806419523768064,-0.5563335134700296
2016-11-15 16:00:00,36.92503127590117,33.33221803504037,3.5928132408607993
2016-11-15 17:00:00,37.41099122319396,36.30945606718851,1.101535156005447
2016-11-15 18:00:00,37.11525300948499,36.578304271989076,0.5369487374959121
2016-11-15 19:00:00,35.18020687216721,36.53618647059033,-1.3559795984231187
2016-11-15 20:00:00,34.26983813528604,36.03965877157813,-1.7698206362920956
2016-11-15 21:00:00,34.51076635472818,35.278491980269926,-0.7677256255417433
2016-11-15 22:00:00,37.48573175736112,35.13357183414593,2.35215992321519
2016-11-15 23:00:00,36.21162580314718,35.767453017313976,0.44417278583320297
2016-11-16 00:00:00,33.131730922531254,33.86652960698157,-0.7347986844503183
2016-11-16 01:00:00,30.870757444135798,30.990715376170588,-0.1199579320347901
2016-11-16 02:00:00,29.681943883187355,27.22758836462084,2.4543555185665156
2016-11-16 03:00:00,24.31507768938541,25.07375905219463,-0.7586813628092202
2016-11-16 04:00:00,22.733978792460174,22.258004611856933,0.4759741806032416
2016-11-16 05:00:00,22.107067846736427,21.954005049675516,0.15306279706091175
2016-11-16 06:00:00,26.336646987984263,25.68276520889621,0.6538817790880529
2016-11-16 07:00:00,25.48747772147029,28.017123423333032,-2.5296457018627407
2016-11-16 08:00:00,26.81539661065267,27.43087750377202,-0.6154808931193507
2016-11-16 09:00:00,26.910654136203675,28.46768186124807,-1.5570277250443958
2016-11-16 10:00:00,26.97742223414724,28.733251038981752,-1.7558288048345112
2016-11-16 11:00:00,28.116438217260338,28.966559144324588,-0.8501209270642498
2016-11-16 12:00:00,30.584985051035666,29.72468694220976,0.860298108825905
2016-11-16 13:00:00,34.72590172206965,31.163353844211198,3.562547877858453
2016-11-16 14:00:00,32.62789182243659,33.48588937111587,-0.857997548679279
2016-11-16 15:00:00,29.860441772470285,32.98861987369096,-3.128178101220673
2016-11-16 16:00:00,33.093334961898435,31.7936361058653,1.2996988560331353
2016-11-16 17:00:00,31.951124057182255,34.10723401426653,-2.1561099570842757
2016-11-16 18:00:00,32.53409996671211,33.570792616958535,-1.0366926502464224
2016-11-16 19:00:00,32.57630648534102,34.16130918513045,-1.5850026997894275
2016-11-16 20:00:00,34.406715727982444,33.954095593414955,0.4526201345674892
2016-11-16 21:00:00,34.06408195351702,34.59741580039756,-0.5333338468805451
2016-11-16 22:00:00,36.7922564574017,33.75302380376694,3.0392326536347554
2016-11-16 23:00:00,37.75772850606789,34.751470639644545,3.006257866423347
2016-11-17 00:00:00,36.20781524515109,33.751356654051506,2.456458591099583
2016-11-17 01:00:00,34.43280189760132,31.09678997944989,3.3360119181514314
2016-11-17 02:00:00,29.92140657046764,28.40687109471756,1.5145354757500797
2016-11-17 03:00:00,24.009784813541163,25.336544015564616,-1.326759202023453
2016-11-17 04:00:00,22.664777884512752,22.534000121456316,0.13077776305643596
2016-11-17 05:00:00,20.661117474283945,22.054707794076524,-1.3935903197925796
2016-11-17 06:00:00,25.020159038578583,25.465977681991987,-0.4458186434134035
2016-11-17 07:00:00,25.32791409288909,27.525695267190773,-2.197781174301685
2016-11-17 08:00:00,25.267652577789708,27.317968155673395,-2.050315577883687
2016-11-17 09:00:00,26.435978653481374,27.705948702201738,-1.2699700487203636
2016-11-17 10:00:00,30.167317516661313,28.43641416180174,1.7309033548595743
2016-11-17 11:00:00,30.456314108050478,30.554282526233674,-0.09796841818319635
2016-11-17 12:00:00,31.762953894249797,31.158616038199202,0.604337856050595
2016-11-17 13:00:00,33.103300048295715,32.37900328126158,0.7242967670341329
2016-11-17 14:00:00,32.92890571330951,33.60968502697447,-0.6807793136649565
2016-11-17 15:00:00,31.76969524124027,33.618005968951856,-1.8483107277115849
2016-11-17 16:00:00,33.712948211822166,32.84319850580871,0.869749706013458
2016-11-17 17:00:00,31.715764832422252,34.30968918086206,-2.5939243484398062
2016-11-17 18:00:00,33.34100434477816,32.81410476090314,0.5268995838750214
2016-11-17 19:00:00,32.27118945316538,34.188427166728225,-1.917237713562848
2016-11-17 20:00:00,33.524191964511985,33.11534845999432,0.4088435045176624
2016-11-17 21:00:00,34.177218448317,34.06096730571116,0.11625114260584013
2016-11-17 22:00:00,31.421199338127394,33.96152006307765,-2.5403207249502557
2016-11-17 23:00:00,34.17135650322244,31.89449022021624,2.2768662830062
2016-11-18 00:00:00,35.250843897925876,32.744503707655554,2.506340190270322
2016-11-18 01:00:00,30.00376766996831,31.46870600763891,-1.4649383376706027
2016-11-18 02:00:00,28.11318474228536,27.268036201826504,0.8451485404588546
2016-11-18 03:00:00,27.152461573988848,24.61867221152292,2.533789362465928
2016-11-18 04:00:00,21.996334059266342,22.948382395613567,-0.9520483363472252
2016-11-18 05:00:00,20.9208330662276,21.438125981315192,-0.5172929150875909
2016-11-18 06:00:00,25.74719368051973,25.422197870358726,0.32499581016100265
2016-11-18 07:00:00,26.214541548320945,27.874992072746952,-1.6604505244260075
2016-11-18 08:00:00,27.019745859519954,27.608114491773268,-0.5883686322533137
2016-11-18 09:00:00,26.269087409979086,28.667834395078927,-2.398746985099841
2016-11-18 10:00:00,28.661926592354025,28.813549501121404,-0.15162290876737927
2016-11-18 11:00:00,29.117872946201214,30.654773022309556,-1.536900076108342
2016-11-18 12:00:00,33.627655956221325,31.29149352394847,2.336162432272854
2016-11-18 13:00:00,36.86553150529522,34.336223709006866,2.5293077962883572
2016-11-18 14:00:00,32.72695972243079,36.25256935552439,-3.5256096330936018
2016-11-18 15:00:00,34.081961106318886,33.63434548011253,0.44761562620635686
2016-11-18 16:00:00,40.99736285893363,34.55714552002082,6.4402173389128095
2016-11-18 17:00:00,41.935282884601534,37.77704267536367,4.158240209237867
2016-11-18 18:00:00,38.8161120907982,37.779550742052415,1.036561348745785
2016-11-18 19:00:00,36.6260691392325,36.50386109350368,0.1222080457288186
2016-11-18 20:00:00,34.40994001804792,35.617511353594374,-1.2075713355464543
2016-11-18 21:00:00,33.115317256003024,34.45454263610269,-1.3392253800996627
2016-11-18 22:00:00,33.08776596721629,33.74579487911637,-0.6580289119000753
2016-11-18 23:00:00,30.538675207551147,32.67395001490894,-2.135274807357792
2016-11-19 00:00:00,31.74273003683126,31.115418639885863,0.6273113969453981
2016-11-19 01:00:00,29.797718354233982,30.234830380455993,-0.4371120262220103
2016-11-19 02:00:00,32.06836406039074,26.8875536378933,5.180810422497441
2016-11-19 03:00:00,26.84960132459557,26.42919643538073,0.42040488921484
2016-11-19 04:00:00,20.074917091135724,23.034466498381803,-2.9595494072460795
2016-11-19 05:00:00,18.77223415458581,20.468439803032126,-1.6962056484463162
2016-11-19 06:00:00,23.6580648039157,24.333135377964936,-0.6750705740492364
2016-11-19 07:00:00,24.47467068642901,26.21849717428442,-1.743826487855408
2016-11-19 08:00:00,26.846318664711085,26.20072136175961,0.6455973029514759
2016-11-19 09:00:00,29.985888608942886,28.34897084988317,1.6369177590597168
2016-11-19 10:00:00,27.18827843296449,31.00994725258735,-3.8216688196228574
2016-11-19 11:00:00,33.50455400791828,30.190479933479917,3.3140740744383628
2016-11-19 12:00:00,35.91852561157307,34.86598280217067,1.0525428094023965
2016-11-19 13:00:00,35.529289226763595,36.85694074056956,-1.327651513805968
2016-11-19 14:00:00,39.42429476805101,36.51573574179977,2.9085590262512397
2016-11-19 15:00:00,37.13078745767019,38.1534266868164,-1.0226392291462147
2016-11-19 16:00:00,37.52324849965092,36.533069987255566,0.990178512395353
2016-11-19 17:00:00,39.4732424501175,37.443203776437564,2.0300386736799396
2016-11-19 18:00:00,35.93816356816677,38.24259545708512,-2.3044318889183515
2016-11-19 19:00:00,32.21667277641674,36.20938694736373,-3.9927141709469893
2016-11-19 20:00:00,33.04878373865286,34.012002247304416,-0.9632185086515577
2016-11-19 21:00:00,34.033013424252395,34.204884763581454,-0.17187133932905851
2016-11-19 22:00:00,38.755147568130184,33.867939048439474,4.887208519690709
2016-11-19 23:00:00,39.90322023438802,35.462133098010604,4.441087136377419
2016-11-20 00:00:00,36.09116150987322,34.53369064226417,1.557470867609048
2016-11-20 01:00:00,30.497934266972326,31.774773415494593,-1.2768391485222672
2016-11-20 02:00:00,27.433339345724647,27.152139438666925,0.28119990705772224
2016-11-20 03:00:00,24.642382594902422,24.88374815969711,-0.24136556479468751
2016-11-20 04:00:00,21.491557738115418,22.373887424996877,-0.8823296868814587
2016-11-20 05:00:00,19.52860789046214,21.100190916096185,-1.5715830256340446
2016-11-20 06:00:00,23.903946381646975,25.04707058435942,-1.1431242027124462
2016-11-20 07:00:00,24.97537323473961,26.3453812298856,-1.3700079951459898
2016-11-20 08:00:00,25.14798013168314,26.74651049591157,-1.5985303642284272
2016-11-20 09:00:00,27.042549002148558,27.696870329223827,-0.6543213270752695
2016-11-20 10:00:00,28.03501498125105,29.488240013615854,-1.4532250323648057
2016-11-20 11:00:00,30.383918370276422,30.57213745005406,-0.18821907977763885
2016-11-20 12:00:00,34.23320061133927,32.84043897166068,1.3927616396785893
2016-11-20 13:00:00,34.82672805874991,35.43933117906793,-0.6126031203180204
2016-11-20 14:00:00,39.75901521032342,35.60705911782707,4.151956092496349
2016-11-20 15:00:00,36.920927767492664,38.346183408179506,-1.4252556406868422
2016-11-20 16:00:00,36.7734980862568,36.37073776925043,0.4027603170063685
2016-11-20 17:00:00,39.317019851239806,36.857352633254685,2.459667217985121
2016-11-20 18:00:00,41.03487960122342,38.216238485769225,2.8186411154541986
2016-11-20 19:00:00,38.81933674796946,38.74473914031929,0.0745976076501691
2016-11-20 20:00:00,38.09479328585118,37.23631617465467,0.8584771111965139
2016-11-20 21:00:00,37.57454051922829,36.99063626036519,0.5839042588631003
2016-11-20 22:00:00,37.88493359567366,36.543415762346676,1.3415178333269822
2016-11-20 23:00:00,38.47846141019008,36.38457618873216,2.093885221457917
2016-11-21 00:00:00,34.193339164432814,34.92292763891662,-0.7295884744838048
2016-11-21 01:00:00,33.3272287003848,31.16123717346819,2.16599152691661
2016-11-21 02:00:00,28.32160817698697,29.13306895727345,-0.811460780286481
2016-11-21 03:00:00,24.640741264960177,24.446298182012487,0.1944430829476893
2016-11-21 04:00:00,25.36455161683585,22.34702433717899,3.0175272796568606
2016-11-21 05:00:00,22.70710150988547,22.699793290386424,0.00730821949904481
2016-11-21 06:00:00,28.98187455033773,26.705911655861744,2.2759628944759847
2016-11-21 07:00:00,29.568807296610924,28.925427706444378,0.6433795901665462
2016-11-21 08:00:00,28.2572727513826,29.548725386760648,-1.2914526353780467
2016-11-21 09:00:00,29.330223896506002,29.784252776560024,-0.45402888005402176
2016-11-21 10:00:00,31.004411113872514,31.13802427960484,-0.1336131657323243
2016-11-21 11:00:00,29.306717287426533,32.45814382293887,-3.151426535512339
2016-11-21 12:00:00,28.482813181398644,31.612869671118972,-3.130056489720328
2016-11-21 13:00:00,32.77004545940273,31.05456889895838,1.7154765604443512
2016-11-21 14:00:00,34.42928465712343,33.7224835397197,0.7068011174037352
2016-11-21 15:00:00,33.63146651421741,34.849312283965055,-1.2178457697476475
2016-11-21 16:00:00,40.973621393931424,34.719385349738,6.254236044193426
2016-11-21 17:00:00,36.035179346850946,38.595888025503385,-2.560708678652439
2016-11-21 18:00:00,42.90251263574223,35.911246638167825,6.991265997574402
2016-11-21 19:00:00,51.04014058663981,39.9161947316009,11.123945855038905
2016-11-21 20:00:00,44.80443775537957,41.67438814889261,3.1300496064869563
2016-11-21 21:00:00,39.636205845327005,39.52820185643678,0.10800398889022489
2016-11-21 22:00:00,37.03963288986901,37.51490932475313,-0.4752764348841154
2016-11-21 23:00:00,32.577185703684044,35.780637009558625,-3.20345130587458
2016-11-22 00:00:00,30.200730934095493,32.32596432764592,-2.1252333935504275
2016-11-22 01:00:00,29.06165636893035,29.419197618885008,-0.3575412499546573
2016-11-22 02:00:00,30.821223677691588,26.7653744711525,4.0558492065390865
2016-11-22 03:00:00,25.96945145065128,25.765544808986046,0.20390664166523464
2016-11-22 04:00:00,21.45084570711677,22.77723731388588,-1.3263916067691106
2016-11-22 05:00:00,21.485871269583686,21.788734272270315,-0.30286300268662814
2016-11-22 06:00:00,25.58030262057033,26.160709890957737,-0.5804072703874077
2016-11-22 07:00:00,26.902505856311468,27.422691228431585,-0.5201853721201175
2016-11-22 08:00:00,26.852034134599432,27.866856213266967,-1.0148220786675353
2016-11-22 09:00:00,28.876065451055766,28.396516631456326,0.4795488195994402
2016-11-22 10:00:00,35.78340645556271,29.842161204794092,5.94124525076862
2016-11-22 11:00:00,34.554731310043145,33.51936146429055,1.035369845752598
2016-11-22 12:00:00,40.00580500775434,33.41196589204632,6.593839115708022
2016-11-22 13:00:00,37.5909545528623,36.78728755830121,0.803666994561091
2016-11-22 14:00:00,39.68808449994078,35.92943281377034,3.758651686170438
2016-11-22 15:00:00,34.6485235328734,37.71233661058619,-3.063813077712794
2016-11-22 16:00:00,34.78598739350043,34.91941737344854,-0.13342997994811157
2016-11-22 17:00:00,39.75256663019247,36.60511400710026,3.1474526230922066
2016-11-22 18:00:00,38.05024206260561,38.86491831477081,-0.8146762521651993
2016-11-22 19:00:00,37.55343781057251,38.18532132645455,-0.6318835158820377
2016-11-22 20:00:00,35.31767036568846,38.70574859069151,-3.3880782250030563
2016-11-22 21:00:00,33.898773486585064,37.27686423173827,-3.3780907451532087
2016-11-22 22:00:00,40.03745980494958,35.71952099457206,4.31793881037752
2016-11-22 23:00:00,36.305417658871654,37.530409509732195,-1.2249918508605404
2016-11-23 00:00:00,28.283329323097963,32.71284866572313,-4.4295193426251664
2016-11-23 01:00:00,30.133904099227134,26.64689823922997,3.487005859997165
2016-11-23 02:00:00,24.72052289569789,26.568082769720842,-1.8475598740229522
2016-11-23 03:00:00,20.823113912869008,23.25084978063798,-2.4277358677689733
2016-11-23 04:00:00,19.951961618038887,21.30874933865231,-1.356787720613422
2016-11-23 05:00:00,20.14247703624668,21.59570515841847,-1.4532281221717867
2016-11-23 06:00:00,25.84652516246395,26.202533028783762,-0.3560078663198105
2016-11-23 07:00:00,27.420325629377608,27.392397628876328,0.02792800050128008
2016-11-23 08:00:00,26.18605230426639,28.166652597820615,-1.9806002935542253
2016-11-23 09:00:00,27.268060247255093,28.01417947971486,-0.7461192324597654
2016-11-23 10:00:00,26.994510090440382,29.01116999166726,-2.016659901226877
2016-11-23 11:00:00,29.703926406733057,28.954334506555522,0.7495919001775349
2016-11-23 12:00:00,30.773741481898735,30.396105823289194,0.37763565860954174
2016-11-23 13:00:00,30.217730685001445,31.507513677403963,-1.2897829924025181
2016-11-23 14:00:00,30.573554111258964,31.761102335064223,-1.1875482238052584
2016-11-23 15:00:00,28.04152183942457,32.299840407316005,-4.258318567891436
2016-11-23 16:00:00,28.601665237863422,30.699956218155346,-2.0982909802919245
2016-11-23 17:00:00,29.978561085798244,31.188869531447995,-1.2103084456497513
2016-11-23 18:00:00,29.4767738775725,32.01535086536398,-2.538576987791476
2016-11-23 19:00:00,26.833304948364045,31.620142770831734,-4.786837822467689
2016-11-23 20:00:00,24.86302822000124,29.620743892753637,-4.757715672752397
2016-11-23 21:00:00,26.934248575341005,27.80478401009218,-0.8705354347511758
2016-11-23 22:00:00,31.177047012172665,28.093029671312348,3.084017340860317
2016-11-23 23:00:00,29.9067516159548,29.94763991891213,-0.040888302957331035
2016-11-24 00:00:00,26.650117512183115,28.108644943953436,-1.458527431770321
2016-11-24 01:00:00,24.627727365060252,24.419383332279626,0.20834403278062652
2016-11-24 02:00:00,22.148599992047526,22.69413888242614,-0.5455388903786158
2016-11-24 03:00:00,22.51576597736522,20.942941644720502,1.5728243326447178
2016-11-24 04:00:00,21.520867463588203,20.671090759376977,0.8497767042112265
2016-11-24 05:00:00,20.79951929017879,21.110976728648883,-0.311457438470093
2016-11-24 06:00:00,25.36698442683971,25.55590403622198,-0.1889196093822676
2016-11-24 07:00:00,25.56239409930606,27.108791221062315,-1.5463971217562538
2016-11-24 08:00:00,25.42478376347283,26.714879866513517,-1.2900961030406854
2016-11-24 09:00:00,25.75372963182631,26.820615080499238,-1.0668854486729273
2016-11-24 10:00:00,26.767357515391602,27.18261264472503,-0.4152551293334277
2016-11-24 11:00:00,29.325534303719778,27.752385105403903,1.5731491983158747
2016-11-24 12:00:00,28.08223341154099,29.321054167725137,-1.2388207561841469
2016-11-24 13:00:00,29.470325710435556,28.982736624171626,0.48758908626393094
2016-11-24 14:00:00,29.67139229941835,29.80991053373367,-0.1385182343153204
2016-11-24 15:00:00,31.447285140640485,30.075371881792524,1.371913258847961
2016-11-24 16:00:00,38.204705490585695,31.016121359963474,7.188584130622221
2016-11-24 17:00:00,35.34463575365035,34.49675759816454,0.8478781554858088
2016-11-24 18:00:00,29.901182713049103,33.14729792076228,-3.2461152077131743
2016-11-24 19:00:00,27.186637103022246,30.00670099811101,-2.820063895088765
2016-11-24 20:00:00,24.558526457112826,28.362181013710714,-3.8036545565978876
2016-11-24 21:00:00,23.667825045287756,26.067975177510977,-2.400150132223221
2016-11-24 22:00:00,24.162841492172404,24.997405822336052,-0.8345643301636478
2016-11-24 23:00:00,22.871589495399185,24.730310180529074,-1.8587206851298887
2016-11-25 00:00:00,22.0867265154683,23.236932555782143,-1.1502060403138437
2016-11-25 01:00:00,20.356615711395534,21.729608949559942,-1.3729932381644083
2016-11-25 02:00:00,20.381851296922214,20.325200511906026,0.056650785016188365
2016-11-25 03:00:00,19.537547650415963,19.805785725410214,-0.268238074994251
2016-11-25 04:00:00,19.563604084466657,19.491930351985356,0.07167373248130104
2016-11-25 05:00:00,19.263176461524353,20.164005832344415,-0.9008293708200625
2016-11-25 06:00:00,24.568286698484883,24.441781190127145,0.126505508357738
2016-11-25 07:00:00,25.36698442683971,26.47332634355949,-1.1063419167197779
2016-11-25 08:00:00,24.642382594902422,26.19075829444412,-1.5483756995416975
2016-11-25 09:00:00,24.67984060026742,26.092484505436286,-1.412643905168867
2016-11-25 10:00:00,25.797694587141272,26.37816891551782,-0.5804743283765461
2016-11-25 11:00:00,27.443920252067826,27.11704461557619,0.32687563649163565
2016-11-25 12:00:00,26.030533447168892,28.29302652934838,-2.262493082179489
2016-11-25 13:00:00,30.081146134493892,27.384958964456803,2.6961871700370885
2016-11-25 14:00:00,30.56388179172121,30.040165458544678,0.5237163331765338
2016-11-25 15:00:00,28.25730202806855,30.528640371055673,-2.2713383429871215
2016-11-25 16:00:00,29.044597949931937,28.865480108851074,0.17911784108086337
2016-11-25 17:00:00,30.742965903046528,29.65744631794308,1.085519585103448
2016-11-25 18:00:00,29.657616609136763,30.218578699353174,-0.5609620902164103
2016-11-25 19:00:00,29.104829999056445,28.737873589074912,0.3669564099815332
2016-11-25 20:00:00,24.668439028953117,27.943140977897574,-3.2747019489444575
2016-11-25 21:00:00,25.251385753573466,24.54066773986604,0.7107180137074245
2016-11-25 22:00:00,24.514561501797868,24.499450448945563,0.015111052852304852
2016-11-25 23:00:00,25.947498157903308,23.362708380217896,2.584789777685412
2016-11-26 00:00:00,24.19783768617692,23.971566776843037,0.22627090933388416
2016-11-26 01:00:00,21.280701722851056,22.26666390299486,-0.9859621801438045
2016-11-26 02:00:00,20.122135704978554,20.564818041345088,-0.4426823363665342
2016-11-26 03:00:00,19.348673929256194,19.76960524815951,-0.4209313189033175
2016-11-26 04:00:00,19.458586868202264,19.474081913700413,-0.01549504549814884
2016-11-26 05:00:00,19.298202023991266,20.379521154168156,-1.0813191301768903
2016-11-26 06:00:00,24.37615968590302,24.66060964161511,-0.2844499557120912
2016-11-26 07:00:00,24.813347794797927,25.811869030780276,-0.9985212359823485
2016-11-26 08:00:00,26.338288501479397,25.6459452945611,0.6923432069182986
2016-11-26 09:00:00,25.93609658658901,26.903081784095946,-0.9669851975069363
2016-11-26 10:00:00,28.715681134559325,27.037656155128825,1.6780249794305
2016-11-26 11:00:00,26.935069240312128,29.32999646682727,-2.3949272265151436
2016-11-26 12:00:00,29.235962948427055,28.275034384446656,0.9609285639803993
2016-11-26 13:00:00,28.87199135699788,30.047724640732554,-1.1757332837346723
2016-11-26 14:00:00,31.182615823301916,30.103955762657943,1.0786600606439727
2016-11-26 15:00:00,37.96201920156328,31.480802877300476,6.481216324262803
2016-11-26 16:00:00,34.6370925930967,35.22349231468345,-0.5863997215867442
2016-11-26 17:00:00,34.18190822465611,33.016658311847706,1.165249912808406
2016-11-26 18:00:00,32.088001833431555,33.22057945419125,-1.1325776207596974
2016-11-26 19:00:00,28.704279540300913,31.434363261922737,-2.730083721621824
2016-11-26 20:00:00,27.657238445798445,28.976166780588713,-1.318928334790268
2016-11-26 21:00:00,26.865868332364705,27.694383462893867,-0.828515130529162
2016-11-26 22:00:00,26.440873458398602,26.490716266725247,-0.04984280832664467
2016-11-26 23:00:00,29.896199986297574,25.431805395726315,4.46439459057126
2016-11-27 00:00:00,25.537978995197612,26.81074287186429,-1.2727638766666765
2016-11-27 01:00:00,23.03683922540634,23.759219210794658,-0.7223799853883186
2016-11-27 02:00:00,22.378185009994386,21.988965756787977,0.3892192532064094
2016-11-27 03:00:00,21.669058522211724,21.143248263554465,0.525810258657259
2016-11-27 04:00:00,20.10097352518642,20.54427920716734,-0.44330568198092024
2016-11-27 05:00:00,19.790756659515438,20.749983259915602,-0.9592266004001644
2016-11-27 06:00:00,25.124356140530526,25.423324150891673,-0.29896801036114695
2016-11-27 07:00:00,25.232656750890968,26.2359471192452,-1.0032903683542322
2016-11-27 08:00:00,25.389787569468314,26.214332787500734,-0.8245452180324193
2016-11-27 09:00:00,27.902299358558597,26.893753503858317,1.0085458547002801
2016-11-27 10:00:00,27.837993163751957,28.754984703048823,-0.9169915392968662
2016-11-27 11:00:00,27.107675953702767,29.1137009840368,-2.0060250303340332
2016-11-27 12:00:00,29.036449770420216,28.804025079324756,0.23242469109545993
2016-11-27 13:00:00,31.59617994104421,30.375222582705536,1.2209573583386728
2016-11-27 14:00:00,38.70326891351641,32.20063612752455,6.502632785991864
2016-11-27 15:00:00,33.61710460189343,36.37396267115887,-2.7568580692654407
2016-11-27 16:00:00,36.17410906085739,33.557046341027565,2.617062719829825
2016-11-27 17:00:00,42.52734521284431,35.5521765589844,6.97516865385991
2016-11-27 18:00:00,37.2530101876302,38.20068739545533,-0.9476772078251301
2016-11-27 19:00:00,42.11583138088315,34.91087543379161,7.204955947091541
2016-11-27 20:00:00,37.48983453155807,37.95649817536972,-0.4666636438116498
2016-11-27 21:00:00,40.10428700692371,34.329500166646724,5.774786840276988
2016-11-27 22:00:00,36.40946791851161,36.40823419835372,0.0012337201578915824
2016-11-27 23:00:00,35.618977574079565,32.91747722090468,2.701500353174886
2016-11-28 00:00:00,42.98721862341245,31.986379672604617,11.000838950807836
2016-11-28 01:00:00,31.77702267260847,34.16794021683405,-2.3909175442255766
2016-11-28 02:00:00,27.195605864332688,25.59966273927289,1.5959431250597973
2016-11-28 03:00:00,23.817628432496903,24.185069991886763,-0.3674415593898601
2016-11-28 04:00:00,21.878302943102018,22.36587007949952,-0.4875671363975016
2016-11-28 05:00:00,21.05108660223024,21.852805244048437,-0.8017186418181979
2016-11-28 06:00:00,26.491345180110635,26.172173136043074,0.3191720440675603
2016-11-28 07:00:00,25.074705083789613,27.487779358549563,-2.41307427475995
2016-11-28 08:00:00,26.61022651326137,27.080503150975186,-0.4702766377138161
2016-11-28 09:00:00,27.819264069293016,28.688843422928485,-0.8695793536354692
2016-11-28 10:00:00,28.490111381969108,29.46001597289518,-0.969904590926074
2016-11-28 11:00:00,28.950952500581334,30.16871957011539,-1.2177670695340552
2016-11-28 12:00:00,38.01917316623521,30.74011844706419,7.279054719171022
2016-11-28 13:00:00,31.28021823702248,35.826606484800806,-4.546388247778324
2016-11-28 14:00:00,28.26134679955226,31.933054009374803,-3.671707209822543
2016-11-28 15:00:00,28.98676931940478,31.085027114863802,-2.0982577954590234
2016-11-28 16:00:00,30.645070538913547,31.74718566086705,-1.1021151219535028
2016-11-28 17:00:00,30.782827533505877,32.80731930003477,-2.024491766528893
2016-11-28 18:00:00,32.0097440587865,33.05192787728971,-1.0421838185032044
2016-11-28 19:00:00,36.511466791053095,33.95676212743206,2.554704663621038
2016-11-28 20:00:00,31.456957460178238,36.18037947231646,-4.723422012138222
2016-11-28 21:00:00,29.484101400717144,32.49274158480353,-3.0086401840863886
2016-11-28 22:00:00,32.43649755299155,31.491160277407946,0.9453372755836007
2016-11-28 23:00:00,33.134954845490945,32.24773488133022,0.8872199641607281
2016-11-29 00:00:00,30.878964277399913,30.63159127125321,0.24737300614670232
2016-11-29 01:00:00,28.774271813589397,28.716939152531026,0.057332661058371315
2016-11-29 02:00:00,26.32281279021899,25.307140922855126,1.0156718673638636
2016-11-29 03:00:00,22.22105419141704,22.913915445775174,-0.6928612543581352
2016-11-29 04:00:00,20.88091324950213,21.032257991512775,-0.15134474201064663
2016-11-29 05:00:00,20.85406533538982,21.087615829971913,-0.23355049458209365
2016-11-29 06:00:00,25.849778820991823,25.631769871973347,0.21800894901847556
2016-11-29 07:00:00,27.091408945933637,27.25988893147519,-0.16847998554155197
2016-11-29 08:00:00,27.352736866462923,27.3978534020175,-0.04511653555457684
2016-11-29 09:00:00,29.00388636006968,28.073842444136073,0.9300439159336058
2016-11-29 10:00:00,31.068599926606012,28.979653386854068,2.0889465397519444
2016-11-29 11:00:00,30.678777090313034,30.364708489614316,0.3140686006987181
2016-11-29 12:00:00,35.55215037210543,30.77562381678553,4.776526555319901
2016-11-29 13:00:00,28.948519770881862,33.53398022829191,-4.585460457410047
2016-11-29 14:00:00,32.33713670258493,30.473939529574093,1.8631971730108354
2016-11-29 15:00:00,31.93734841278889,32.284527262731835,-0.3471788499429458
2016-11-29 16:00:00,35.15412106965412,32.18176915425307,2.972351915401049
2016-11-29 17:00:00,33.041455940178885,34.17520242574201,-1.1337464855631225
2016-11-29 18:00:00,32.29375801520058,33.0770331402645,-0.7832751250639163
2016-11-29 19:00:00,35.12305217328372,32.90107517939281,2.2219769938909053
2016-11-29 20:00:00,33.74313752274376,34.82688640370967,-1.0837488809659135
2016-11-29 21:00:00,34.23173512506563,33.41583273959534,0.8159023854702951
2016-11-29 22:00:00,38.49047825079161,33.19128722742731,5.299191023364301
2016-11-29 23:00:00,34.37242327575813,34.85629096484228,-0.4838676890841498
2016-11-30 00:00:00,34.91055482807711,31.096936699393286,3.8136181286838244
2016-11-30 01:00:00,32.18882817011182,29.729326776866724,2.4595013932450946
2016-11-30 02:00:00,30.857568067673043,26.749989679756936,4.1075783879161065
2016-11-30 03:00:00,25.76184854325612,24.970947040350513,0.7909015029056086
2016-11-30 04:00:00,22.80400054893161,22.849238994197282,-0.04523844526567089
2016-11-30 05:00:00,23.207833793764244,22.760590779924556,0.4472430138396888
2016-11-30 06:00:00,26.813755280710424,27.271944715881546,-0.4581894351711213
2016-11-30 07:00:00,27.862408451413298,28.217806294999317,-0.3553978435860188
2016-11-30 08:00:00,28.369647272248038,28.711329439699455,-0.3416821674514168
2016-11-30 09:00:00,27.86158769466573,29.300065651911037,-1.4384779572453077
2016-11-30 10:00:00,29.83025246154869,29.356374477893187,0.4738779836555018
2016-11-30 11:00:00,28.416044991678636,30.49462991725467,-2.0785849255760347
2016-11-30 12:00:00,30.62074317308651,30.02964712844091,0.5910960446455995
2016-11-30 13:00:00,31.58386978292448,31.47896392208001,0.10490586084447173
2016-11-30 14:00:00,32.87350981821785,32.11862904036436,0.7548807778534865
2016-11-30 15:00:00,30.22828231465867,33.228755634122734,-3.0004733194640636
2016-11-30 16:00:00,33.20412675208175,32.02193099173275,1.1821957603489963
2016-11-30 17:00:00,36.014662539019994,34.138778312622,1.875884226397993
2016-11-30 18:00:00,35.73533835894503,35.68982189223532,0.04551646670970655
2016-11-30 19:00:00,37.3060613781052,35.53153909572043,1.7745222823847655
2016-11-30 20:00:00,35.31942953658607,36.622858921555256,-1.303429384969185
2016-11-30 21:00:00,36.67648230757263,35.177104583589276,1.4993777239833506
2016-11-30 22:00:00,34.914072068555,35.9529185284125,-1.0388464598575027
2016-11-30 23:00:00,34.2496142778675,34.643002261942655,-0.3933879840751544
2016-12-01 00:00:00,36.12135082079481,32.52581077938469,3.5955400414101177
2016-12-01 01:00:00,34.72091899531812,31.635214604549873,3.0857043907682495
2016-12-01 02:00:00,31.82597035467496,28.668295411106232,3.157674943568729
2016-12-01 03:00:00,27.00509099678356,25.99964314776044,1.0054478490231205
2016-12-01 04:00:00,24.428243552647793,23.33245274551872,1.0957908071290738
2016-12-01 05:00:00,21.86443956042724,22.692149046730112,-0.8277094863028722
2016-12-01 06:00:00,25.447586906101435,25.77452488939137,-0.32693798328993395
2016-12-01 07:00:00,25.689394343886608,28.02529417315819,-2.3358998292715825
2016-12-01 08:00:00,29.863665878982868,27.85755268207734,2.0061131969055275
2016-12-01 09:00:00,28.36314045996274,30.04325240516022,-1.6801119451974813
2016-12-01 10:00:00,27.039295710726467,29.723661768727045,-2.6843660580005775
2016-12-01 11:00:00,28.248333174981667,29.634056066099784,-1.3857228911181174
2016-12-01 12:00:00,28.549552048544477,30.347214797881417,-1.79766274933694
2016-12-01 13:00:00,29.609548191301524,30.76667591932025,-1.1571277280187253
2016-12-01 14:00:00,29.21966657219553,31.477382797485678,-2.2577162252901495
2016-12-01 15:00:00,29.68135770703319,31.475200475992352,-1.7938427689591627
2016-12-01 16:00:00,34.12240882115596,31.755951106759692,2.3664577143962653
2016-12-01 17:00:00,37.11525300948499,34.44908377315454,2.666169236330447
2016-12-01 18:00:00,39.45301859269897,36.298528307067556,3.154490285631411
2016-12-01 19:00:00,37.93446717856499,37.475176976712625,0.4592902018523617
2016-12-01 20:00:00,33.9304282837803,36.829212751534065,-2.8987844677537637
2016-12-01 21:00:00,32.43063560789699,34.3228789244306,-1.8922433165336088
2016-12-01 22:00:00,37.56574760158646,33.53851055835393,4.027237043232532
2016-12-01 23:00:00,35.5328061001357,35.20365367359669,0.3291524265390109
2016-12-02 00:00:00,34.32845832044317,32.302378087204346,2.0260802332388224
2016-12-02 01:00:00,32.6815292808422,30.783429617577173,1.8980996632650253
2016-12-02 02:00:00,32.45906648213253,28.103820240944106,4.355246241188421
2016-12-02 03:00:00,26.672099989840596,26.501173030130502,0.1709269597100942
2016-12-02 04:00:00,23.477309994185738,22.769338910661236,0.7079710835245017
2016-12-02 05:00:00,24.60087945094794,21.772056656686285,2.8288227942616544
2016-12-02 06:00:00,26.582528565715542,26.13270069889479,0.44982786682075115
2016-12-02 07:00:00,27.53917768584239,28.3323952744099,-0.7932175885675115
2016-12-02 08:00:00,26.559754791549334,28.61693585936142,-2.0571810678120848
2016-12-02 09:00:00,25.958079064246487,28.81275961567552,-2.854680551429034
2016-12-02 10:00:00,25.629953677311242,28.693959588807015,-3.064005911495773
2016-12-02 11:00:00,27.706918871001754,28.92065734656254,-1.2137384755607847
2016-12-02 12:00:00,30.132438612953496,30.423049980300153,-0.2906113673466564
2016-12-02 13:00:00,34.63885102978276,32.00784642782554,2.6310046019572155
2016-12-02 14:00:00,31.958451672103344,34.888609244550516,-2.930157572447172
2016-12-02 15:00:00,31.68176514705746,33.16431743419605,-1.4825522871385886
2016-12-02 16:00:00,33.90199777665054,33.37241562847269,0.5295821481778518
2016-12-02 17:00:00,36.29867612832829,34.96790776408179,1.3307683642465022
2016-12-02 18:00:00,34.313803090601,36.37160585205146,-2.0578027614504606
2016-12-02 19:00:00,33.352435284554865,35.266648291227945,-1.91421300667308
2016-12-02 20:00:00,35.81535420317036,34.82802479873336,0.9873294044369985
2016-12-02 21:00:00,33.12440349116306,35.39959736260431,-2.275193871441253
2016-12-02 22:00:00,34.72033272738751,32.68029874226773,2.040033985119777
2016-12-02 23:00:00,34.78276310343495,33.9053634024413,0.8773997009936494
2016-12-03 00:00:00,35.87954338300963,33.1333904853939,2.7461528976157297
2016-12-03 01:00:00,30.54922674543193,31.793992626761945,-1.2447658813300144
2016-12-03 02:00:00,29.589324287994767,26.77520519683431,2.8141190911604568
2016-12-03 03:00:00,24.80848217479021,25.555403548675287,-0.7469213738850762
2016-12-03 04:00:00,20.41602737661428,21.8103408947934,-1.3943135181791178
2016-12-03 05:00:00,19.504193153459468,20.1349844072775,-0.6307912538180318
2016-12-03 06:00:00,24.43803316248225,24.062920560714144,0.37511260176810524
2016-12-03 07:00:00,25.38084780951449,26.2265230855833,-0.8456752760688104
2016-12-03 08:00:00,24.916753416688255,26.492359432196395,-1.5756060155081393
2016-12-03 09:00:00,26.7331528014487,26.88613979116604,-0.15298698971734126
2016-12-03 10:00:00,29.511945915245626,28.729536517387317,0.7824093978583093
2016-12-03 11:00:00,34.37242327575813,31.02151010570765,3.350913170050479
2016-12-03 12:00:00,40.22240622847523,34.913946518378246,5.308459710096983
2016-12-03 13:00:00,40.11307992456555,38.506696739413485,1.6063831851520618
2016-12-03 14:00:00,41.196084559746865,38.397987907425716,2.7980966523211492
2016-12-03 15:00:00,35.49675484411955,38.700828149553985,-3.2040733054344344
2016-12-03 16:00:00,45.15293420915112,35.09710868544466,10.05582552370646
2016-12-03 17:00:00,41.45577078322813,40.77089285589841,0.6848779273297225
2016-12-03 18:00:00,36.33472738434445,38.57408928428878,-2.2393618999443348
2016-12-03 19:00:00,34.51486986313668,36.36249893659916,-1.8476290734624783
2016-12-03 20:00:00,40.34287052174919,35.60744090783824,4.735429613910952
2016-12-03 21:00:00,42.40336331198668,38.834990138427365,3.5683731735593156
2016-12-03 22:00:00,37.500386620097515,38.25396031782143,-0.7535736977239154
2016-12-03 23:00:00,34.468559836099274,35.19171245678584,-0.7231526206865624
2016-12-04 00:00:00,36.98101343892344,33.541414609810666,3.439598829112775
2016-12-04 01:00:00,34.317027380666474,33.669658853510946,0.6473685271555283
2016-12-04 02:00:00,30.411469842616043,29.19614263266403,1.2153272099520116
2016-12-04 03:00:00,26.964379332890694,26.02228298950126,0.9420963433894336
2016-12-04 04:00:00,22.03947853316307,23.03167967603746,-0.9922011428743893
2016-12-04 05:00:00,20.024445185870796,21.14667507364189,-1.1222298877710948
2016-12-04 06:00:00,25.67720129251069,25.291620547058155,0.3855807454525362
2016-12-04 07:00:00,26.01262492590463,27.11734955811075,-1.1047246322061213
2016-12-04 08:00:00,25.343389804149492,27.58287171709173,-2.2394819129422388
2016-12-04 09:00:00,25.133324901840968,28.217298694778137,-3.0839737929371687
2016-12-04 10:00:00,30.65562207679433,28.88319519596145,1.7724268808328816
2016-12-04 11:00:00,37.14221839744688,33.01325193731537,4.128966460131515
2016-12-04 12:00:00,34.129150351699316,37.45557499648536,-3.3264246447860444
2016-12-04 13:00:00,34.00780684008233,35.81717235572996,-1.8093655156476274
2016-12-04 14:00:00,36.026973064245496,35.8850093433362,0.14196372090929543
2016-12-04 15:00:00,36.94701357000576,37.09384707145495,-0.14683350144919416
2016-12-04 16:00:00,35.159983014748676,37.109282890553935,-1.9492998758052593
2016-12-04 17:00:00,38.70473439979005,36.65096013480038,2.05377426498967
2016-12-04 18:00:00,39.132953747374515,38.73227222803151,0.4006815193430029
2016-12-04 19:00:00,40.01694299711862,38.16323599799438,1.8537069991242419
2016-12-04 20:00:00,40.368956324262285,38.724148421857976,1.6448079024043096
2016-12-04 21:00:00,38.408410285256245,38.854042683670606,-0.44563239841436086
2016-12-04 22:00:00,37.46550716573103,37.963051258279364,-0.4975440925483312
2016-12-04 23:00:00,37.911606033223144,36.34975277918142,1.561853254041722
2016-12-05 00:00:00,34.38971616062939,34.497576244053874,-0.10786008342448383
2016-12-05 01:00:00,34.41550901273006,32.12993571483454,2.2855732978955245
2016-12-05 02:00:00,28.269494987668025,29.912261124204516,-1.6427661365364905
2016-12-05 03:00:00,24.175855392072332,24.670535570062526,-0.4946801779901939
2016-12-05 04:00:00,24.640741264960177,22.276612959106416,2.364128305853761
2016-12-05 05:00:00,22.555686528302253,22.53612370602485,0.019562822277404024
2016-12-05 06:00:00,27.235496863254433,26.805755801027697,0.4297410622267357
2016-12-05 07:00:00,27.68898116482798,28.163373960803636,-0.47439279597565687
2016-12-05 08:00:00,28.048028605821642,28.642266391444466,-0.5942377856228234
2016-12-05 09:00:00,30.015784785899175,29.582596738063188,0.4331880478359871
2016-12-05 10:00:00,30.755862329096868,31.29106394900161,-0.5352016199047434
2016-12-05 11:00:00,29.542721402321387,32.1613957012292,-2.6186742989078162
2016-12-05 12:00:00,29.40291269941303,31.610111850131247,-2.2071991507182176
2016-12-05 13:00:00,34.955399001735096,31.707368939681455,3.2480300620536404
2016-12-05 14:00:00,39.379743544805436,35.084216052820715,4.295527491984721
2016-12-05 15:00:00,36.76792982578622,37.3339430620939,-0.5660132363076826
2016-12-05 16:00:00,31.777608940539082,36.172420619006715,-4.394811678467633
2016-12-05 17:00:00,32.81020022382738,33.63833800020688,-0.8281377763794993
2016-12-05 18:00:00,32.45173905076433,35.2652378708213,-2.813498820056971
2016-12-05 19:00:00,35.67935619592276,34.861282869238316,0.8180733266844413
2016-12-05 20:00:00,35.71657998780013,37.04072759930488,-1.324147611504749
2016-12-05 21:00:00,38.50190919056831,36.20245868234696,2.299450508221355
2016-12-05 22:00:00,37.119356517893486,37.29178806064278,-0.17243154274929395
2016-12-05 23:00:00,34.04620280071515,35.5212121653927,-1.4750093646775468
2016-12-06 00:00:00,33.45824434798665,32.40641402971888,1.0518303182677684
2016-12-06 01:00:00,32.18062152040059,30.33980938712712,1.8408121332734737
2016-12-06 02:00:00,32.64313332020938,27.82441535878185,4.818717961427531
2016-12-06 03:00:00,24.065151340170424,26.08577326111977,-2.0206219209493455
2016-12-06 04:00:00,20.66190895434556,22.024278640712016,-1.3623696863664563
2016-12-06 05:00:00,20.470572687613753,21.608424639482863,-1.1378519518691093
2016-12-06 06:00:00,25.11216308915461,26.050937308788207,-0.9387742196335971
2016-12-06 07:00:00,26.26744608003684,27.370689991079455,-1.1032439110426147
2016-12-06 08:00:00,25.83187029972756,27.657276808352453,-1.8254065086248943
2016-12-06 09:00:00,26.425427115600595,27.874697500950674,-1.4492703853500792
2016-12-06 10:00:00,27.949547065534496,28.361713733941034,-0.41216666840653815
2016-12-06 11:00:00,31.73364398522412,29.242596813728387,2.491047171495733
2016-12-06 12:00:00,27.747601166432226,31.434365036267337,-3.6867638698351115
2016-12-06 13:00:00,26.455528321134995,29.70280538040159,-3.247277059266594
2016-12-06 14:00:00,28.19622003155094,29.170151130448165,-0.973931098897225
2016-12-06 15:00:00,29.337551396706534,30.130492982911804,-0.79294158620527
2016-12-06 16:00:00,34.71124685933326,31.107116726224735,3.604130133108523
2016-12-06 17:00:00,36.85585973641614,34.30984777055901,2.546011965857133
2016-12-06 18:00:00,41.197842996432925,35.505434815549755,5.69240818088317
2016-12-06 19:00:00,38.93511089779852,37.79560892781704,1.139501969981481
2016-12-06 20:00:00,35.19222371276874,37.04408416981974,-1.8518604570510036
2016-12-06 21:00:00,39.19567670672859,35.19203832434985,4.003638382378739
2016-12-06 22:00:00,38.83662963284071,37.466905838752716,1.3697237940879958
2016-12-06 23:00:00,39.12152280759782,36.2708803470921,2.8506424605057177
2016-12-07 00:00:00,36.203418786330175,34.35066736355119,1.8527514227789865
2016-12-07 01:00:00,32.70996015507774,31.18202080601688,1.5279393490608584
2016-12-07 02:00:00,33.55174325329872,27.758444798145266,5.793298455153451
2016-12-07 03:00:00,25.08853946510777,27.034706154265283,-1.9461666891575113
2016-12-07 04:00:00,21.996334059266342,22.54691074226348,-0.5505766829971392
2016-12-07 05:00:00,20.981885694282816,21.816564316712633,-0.8346786224298164
2016-12-07 06:00:00,25.913293260407514,25.11434039353561,0.7989528668719039
2016-12-07 07:00:00,27.866482499582958,28.097766376006998,-0.23128387642404036
2016-12-07 08:00:00,27.40159662669511,28.252341526512783,-0.8507448998176734
2016-12-07 09:00:00,27.313666532512297,28.60475104109742,-1.2910845085851221
2016-12-07 10:00:00,30.648587779391438,28.978504429891174,1.6700833495002634
2016-12-07 11:00:00,31.225701560273848,30.762293655256155,0.4634079050176929
2016-12-07 12:00:00,33.01126662925729,31.49681419589385,1.5144524333634415
2016-12-07 13:00:00,28.96806953891597,32.60254035385203,-3.6344708149360585
2016-12-07 14:00:00,28.860560463109405,30.76359889985684,-1.903038436747437
2016-12-07 15:00:00,30.638036057957766,31.11716031207463,-0.479124254116865
2016-12-07 16:00:00,34.54271446944161,32.259560153898896,2.283154315542717
2016-12-07 17:00:00,37.270888973326294,34.892184732478825,2.378704240847469
2016-12-07 18:00:00,31.728954208885007,36.89091344365952,-5.161959234774514
2016-12-07 19:00:00,34.45712926342836,34.562839697773924,-0.1057104343455677
2016-12-07 20:00:00,40.50407548027264,36.382095532608325,4.121979947664315
2016-12-07 21:00:00,37.8562097710257,38.28606861302352,-0.4298588419978131
2016-12-07 22:00:00,35.900646825876976,36.96980888104438,-1.0691620551674035
2016-12-07 23:00:00,33.49957128116675,35.29321255494093,-1.7936412737741776
2016-12-08 00:00:00,31.226580962169766,32.76182571625202,-1.5352447540822531
2016-12-08 01:00:00,30.155886576884615,29.634114986577472,0.5217715903071429
2016-12-08 02:00:00,31.82245311419707,26.97065347659186,4.851799637605211
2016-12-08 03:00:00,23.00345535998745,26.222802590871904,-3.2193472308844555
2016-12-08 04:00:00,20.84591705549761,22.03222868348304,-1.1863116279854324
2016-12-08 05:00:00,20.463245256245553,21.202472704825432,-0.7392274485798787
2016-12-08 06:00:00,25.902712537617226,25.17754438383004,0.7251681537871875
2016-12-08 07:00:00,28.17259613217477,27.88492534330997,0.28767078886480135
2016-12-08 08:00:00,28.118079547202584,28.312971845256367,-0.19489229805378372
2016-12-08 09:00:00,27.70935158922917,28.904931039719088,-1.1955794504899195
2016-12-08 10:00:00,27.886852923984144,29.362285576922073,-1.4754326529379291
2016-12-08 11:00:00,28.498259570084873,29.760883113232556,-1.2626235431476829
2016-12-08 12:00:00,29.88652766675982,30.17742427529751,-0.2908966085376896
2016-12-08 13:00:00,32.76213176010392,31.18639982731325,1.5757319327906707
2016-12-08 14:00:00,32.548754829448505,32.843364315252664,-0.294609485804159
2016-12-08 15:00:00,28.948490459779745,32.99606086311376,-4.047570403334017
2016-12-08 16:00:00,34.04268556023726,31.053699776024303,2.9889857842129572
2016-12-08 17:00:00,37.88083008726516,34.57810065215305,3.302729435112113
2016-12-08 18:00:00,40.6007983085444,36.73627527332817,3.86452303521623
2016-12-08 19:00:00,34.97650244460244,37.69809706685553,-2.721594622253093
2016-12-08 20:00:00,34.64617846115095,34.96814687231314,-0.3219684111621888
2016-12-08 21:00:00,34.59723077908446,35.833740329054365,-1.2365095499699024
2016-12-08 22:00:00,35.943732562848915,35.012570954590245,0.9311616082586696
2016-12-08 23:00:00,36.10845439474447,34.81178856666545,1.2966658280790213
2016-12-09 00:00:00,33.20647145669842,33.18246212684543,0.024009329852987094
2016-12-09 01:00:00,35.09315617988032,29.798482637875733,5.294673542004585
2016-12-09 02:00:00,30.240592472778395,29.129707086668898,1.1108853861094978
2016-12-09 03:00:00,25.505386242734556,25.894934300351224,-0.38954805761666833
2016-12-09 04:00:00,22.70874320693349,22.82077801728779,-0.11203481035429874
2016-12-09 05:00:00,21.902718414316247,21.88722263460654,0.01549577970970617
2016-12-09 06:00:00,27.246077769597612,26.17323241977117,1.0728453498264408
2016-12-09 07:00:00,27.632823158137104,28.416747265035713,-0.7839241068986098
2016-12-09 08:00:00,26.301650977532635,28.50499828615059,-2.203347308617957
2016-12-09 09:00:00,27.679220923455922,28.60358198126905,-0.924361057813126
2016-12-09 10:00:00,29.4767738775725,29.89818602856721,-0.4214121509947084
2016-12-09 11:00:00,34.34311318317957,31.273416439946903,3.069696743232665
2016-12-09 12:00:00,32.61792673603931,34.43895593652814,-1.8210292004888302
2016-12-09 13:00:00,36.837687266096076,34.02202080877698,2.8156664573190966
2016-12-09 14:00:00,40.67084943347823,36.7453229623813,3.92552647109693
2016-12-09 15:00:00,40.69048665586037,38.33196344342378,2.3585232124365874
2016-12-09 16:00:00,36.93147912182056,37.84850446544133,-0.9170253436207716
2016-12-09 17:00:00,42.94237444975447,36.45086350047256,6.49151094928191
2016-12-09 18:00:00,40.1418037492135,39.85886186404553,0.2829418851679719
2016-12-09 19:00:00,41.903628087406304,38.547584981186525,3.3560431062197793
2016-12-09 20:00:00,40.16290645786928,39.21939736906993,0.9435090887993525
2016-12-09 21:00:00,41.29925523393801,38.02809432616285,3.2711609077751618
2016-12-09 22:00:00,40.861364117474466,38.14981926068523,2.7115448567892386
2016-12-09 23:00:00,35.21918910073064,37.3240424639453,-2.1048533632146587
2016-12-10 00:00:00,34.3293375387862,34.541885422221846,-0.21254788343564712
2016-12-10 01:00:00,38.73404412526284,32.426090777156666,6.3079533481061745
2016-12-10 02:00:00,32.05458841599738,32.86458364117788,-0.8099952251805007
2016-12-10 03:00:00,26.360270979136878,26.90490495376787,-0.5446339746309903
2016-12-10 04:00:00,22.068788992847416,23.220793484377328,-1.1520044915299117
2016-12-10 05:00:00,20.50152411013456,21.49821385538064,-0.9966897452460799
2016-12-10 06:00:00,25.639743287145695,25.474924111034152,0.16481917611154273
2016-12-10 07:00:00,29.25217137988017,26.87424672639666,2.377924653483511
2016-12-10 08:00:00,31.034307290828803,29.150784495618012,1.8835227952107907
2016-12-10 09:00:00,29.075490687152204,31.451676949454853,-2.3761862623026495
2016-12-10 10:00:00,30.63070862658957,31.54200314306353,-0.9112945164739585
2016-12-10 11:00:00,33.99227239189713,33.583120029049915,0.409152362847216
2016-12-10 12:00:00,35.06120806516689,36.41257069656391,-1.3513626313970235
2016-12-10 13:00:00,39.995253653426445,36.928211880378825,3.0670417730476203
2016-12-10 14:00:00,39.018058448782696,39.606181487269204,-0.5881230384865077
2016-12-10 15:00:00,41.52816697988441,39.01553300575369,2.512633974130722
2016-12-10 16:00:00,42.39369080889603,40.0867807112257,2.3069100976703325
2016-12-10 17:00:00,45.89945996537398,40.165601503768634,5.733858461605344
2016-12-10 18:00:00,38.04115619455136,41.544169365570475,-3.503013171019113
2016-12-10 19:00:00,40.53162676905937,38.19469892123528,2.336927847824093
2016-12-10 20:00:00,38.15839583065407,39.90667102871974,-1.74827519806567
2016-12-10 21:00:00,39.8267212635348,38.41957054570452,1.4071507178302838
2016-12-10 22:00:00,34.85457266505484,38.84241717783053,-3.9878445127756876
2016-12-10 23:00:00,38.42365104881747,35.416721134079594,3.0069299147378743
2016-12-11 00:00:00,35.54980603459454,35.86889731539051,-0.3190912807959734
2016-12-11 01:00:00,34.63152359841456,32.812692382599,1.8188312158155568
2016-12-11 02:00:00,32.31749911309701,31.444710750174153,0.8727883629228543
2016-12-11 03:00:00,27.303877106230736,27.527988332261057,-0.2241112260303204
2016-12-11 04:00:00,26.022385167276685,23.531835359104495,2.49054980817219
2016-12-11 05:00:00,22.236529902677447,22.958069460566822,-0.7215395578893755
2016-12-11 06:00:00,26.066350306144535,26.443761296016735,-0.37741098987219956
2016-12-11 07:00:00,27.617347538653142,27.325198487562787,0.29214905109035527
2016-12-11 08:00:00,27.468364724638672,28.6491233499875,-1.1807586253488296
2016-12-11 09:00:00,29.406136805925616,29.616578266987943,-0.2104414610623273
2016-12-11 10:00:00,31.64014507991206,31.671299879034972,-0.031154799122912635
2016-12-11 11:00:00,35.02545012666893,34.01938058400744,1.0060695426614856
2016-12-11 12:00:00,39.84196202709603,36.84861869727483,2.993343329821201
2016-12-11 13:00:00,36.704326546771775,39.35039759822903,-2.6460710514572554
2016-12-11 14:00:00,41.57857941401298,37.638560096197224,3.9400193178157537
2016-12-11 15:00:00,36.47131202662844,40.135152281954824,-3.6638402553263845
2016-12-11 16:00:00,37.64547122961093,37.35753327951476,0.28793795009617185
2016-12-11 17:00:00,37.94736360461532,38.70777060932759,-0.7604070047122704
2016-12-11 18:00:00,44.662871487661384,38.91040932881311,5.7524621588482745
2016-12-11 19:00:00,49.37181515375907,41.28398901770938,8.087826136049692
2016-12-11 20:00:00,41.5428218426208,42.27289440725979,-0.7300725646389878
2016-12-11 21:00:00,42.46462151927868,39.61571473490065,2.8489067843780305
2016-12-11 22:00:00,39.98704663660944,39.98631536189575,0.0007312747136936082
2016-12-11 23:00:00,38.70473439979005,37.63799499803326,1.0667394017567915
2016-12-12 00:00:00,38.847180987168606,35.909663678044595,2.9375173091240114
2016-12-12 01:00:00,35.862543448550795,34.383146190853864,1.479397257696931
2016-12-12 02:00:00,31.020531646435437,31.213220514413546,-0.19268886797810936
2016-12-12 03:00:00,26.214541548320945,26.71523075845487,-0.500689210133924
2016-12-12 04:00:00,22.302477519202778,23.491705435504286,-1.1892279163015083
2016-12-12 05:00:00,23.29168993155384,22.33022215036696,0.9614677811868795
2016-12-12 06:00:00,27.990229360964964,27.282450334947683,0.7077790260172812
2016-12-12 07:00:00,29.4882048173492,28.613453088586663,0.8747517287625364
2016-12-12 08:00:00,28.985157270450507,29.97221607538547,-0.9870588049349642
2016-12-12 09:00:00,30.411469842616043,30.606598465015683,-0.1951286223996398
2016-12-12 10:00:00,29.98647478509705,32.23286409921091,-2.2463893141138556
2016-12-12 11:00:00,30.620450039121206,32.33234303531008,-1.711892996188876
2016-12-12 12:00:00,31.254425384921802,32.90578294391515,-1.6513575589933467
2016-12-12 13:00:00,31.8884007307224,33.21972654509579,-1.3313258143733897
2016-12-12 14:00:00,32.522376076522995,33.805006104579256,-1.2826300280562606
2016-12-12 15:00:00,33.156351238770704,34.525604647985965,-1.3692534092152613
2016-12-12 16:00:00,33.790326768124196,34.969990232802964,-1.179663464678768
2016-12-12 17:00:00,34.4243019303719,35.45996741864597,-1.03566548827407
2016-12-12 18:00:00,35.058277092619605,36.16989835756113,-1.111621264941526
2016-12-12 19:00:00,35.24351646655768,36.8681125036656,-1.6245960371079207
2016-12-12 20:00:00,35.44897969791428,37.39788554684904,-1.948905848934757
2016-12-12 21:00:00,40.69546974971768,36.954786667790835,3.7406830819268464
2016-12-12 22:00:00,38.596580631741595,38.78421182220476,-0.1876311904631649
2016-12-12 23:00:00,40.725365376015304,36.54866219341682,4.176703182598487
2016-12-13 00:00:00,35.23618903518948,35.999213014638556,-0.7630239794490734
2016-12-13 01:00:00,34.91319285021197,31.636553316960832,3.2766395332511387
2016-12-13 02:00:00,30.176403568268455,29.92805783887735,0.24834572939110444
2016-12-13 03:00:00,26.57112699440124,25.57288157722824,0.9982454171729991
2016-12-13 04:00:00,23.71829695055268,23.235990317613556,0.48230663293912457
2016-12-13 05:00:00,23.419510657552618,22.57975569639738,0.8397549611552364
2016-12-13 06:00:00,26.2813098298174,26.903358704222637,-0.6220488744052375
2016-12-13 07:00:00,28.886617046296823,28.012269382453457,0.8743476638433663
2016-12-13 08:00:00,29.22693545019182,29.04402603545492,0.18290941473690125
2016-12-13 09:00:00,31.97633064135232,29.631494616112196,2.3448360252401237
2016-12-13 10:00:00,30.78106891326693,31.40333015836588,-0.6222612450989473
2016-12-13 11:00:00,31.820108409580403,31.19155760233753,0.628550807242874
2016-12-13 12:00:00,31.121651117081004,32.3207889927285,-1.199137875647498
2016-12-13 13:00:00,28.008958455423908,32.12068746365695,-4.111729008233041
2016-12-13 14:00:00,28.648912944839317,30.464548351879497,-1.8156354070401797
2016-12-13 15:00:00,30.584105649139747,31.181548034956577,-0.5974423858168301
2016-12-13 16:00:00,33.3799865733416,32.46768600347763,0.9123005698639659
2016-12-13 17:00:00,34.67695404000316,34.43358395528125,0.24337008472191002
2016-12-13 18:00:00,33.92398007075513,35.438250419651695,-1.5142703488965665
2016-12-13 19:00:00,35.27370577747927,35.358970744883806,-0.08526496740453382
2016-12-13 20:00:00,32.78645912593096,36.20888376770799,-3.4224246417770274
2016-12-13 21:00:00,34.37828522085269,34.52318835774221,-0.14490313688951773
2016-12-13 22:00:00,35.21010323267639,35.85103957709248,-0.6409363444160903
2016-12-13 23:00:00,36.56334544566686,35.15277391381022,1.4105715318566396
2016-12-14 00:00:00,33.93101455171091,34.49857611782991,-0.5675615661190037
2016-12-14 01:00:00,30.851119854647877,30.70974387009231,0.141375984555566
2016-12-14 02:00:00,29.085280228154325,27.514620572981386,1.570659655172939
2016-12-14 03:00:00,24.94037740784087,25.061313432042095,-0.12093602420122451
2016-12-14 04:00:00,24.10665448412491,22.776782592193086,1.3298718919318233
2016-12-14 05:00:00,23.304703464347988,22.55159917254807,0.753104291799918
2016-12-14 06:00:00,27.458575298357108,26.435204305022825,1.0233709933342823
2016-12-14 07:00:00,30.070301370871363,28.461096037091675,1.6092053337796877
2016-12-14 08:00:00,37.77003829708184,29.352217624426032,8.417820672655807
2016-12-14 09:00:00,37.55842017021826,32.705583152863156,4.852837017355107
2016-12-14 10:00:00,33.72760307455856,33.912483663781,-0.18488058922244477
2016-12-14 11:00:00,30.173765729686483,33.01020752908208,-2.8364417993955975
2016-12-14 12:00:00,30.04597409682077,31.713066176649402,-1.667092079828631
2016-12-14 13:00:00,32.92802649496648,31.70112924273931,1.2268972522271717
2016-12-14 14:00:00,33.27593594659586,33.10291801354736,0.17301793304849866
2016-12-14 15:00:00,36.534035720194076,33.58280590887086,2.9512298113232163
2016-12-14 16:00:00,37.207579378935826,35.677391690525546,1.5301876884102796
2016-12-14 17:00:00,38.813767753287316,36.6667655070512,2.147002246236113
2016-12-14 18:00:00,38.861835849905,37.95860120201457,0.9032346478904287
2016-12-14 19:00:00,35.046553202430495,38.039901182258234,-2.993347979827739
2016-12-14 20:00:00,32.742494170616,36.54937315494403,-3.80687898432803
2016-12-14 21:00:00,35.59552979370134,35.24884121352755,0.34668858017379023
2016-12-14 22:00:00,40.47711009231074,36.328266322616976,4.148843769693762
2016-12-14 23:00:00,40.728003398150165,37.518283026871046,3.2097203712791185
2016-12-15 00:00:00,44.36302976554391,36.239052275968724,8.123977489575182
2016-12-15 01:00:00,41.33208256699447,35.465404989458875,5.866677577535597
2016-12-15 02:00:00,30.55391633821815,32.180608243408216,-1.6266919051900643
2016-12-15 03:00:00,26.378179316848254,26.504062091434573,-0.12588277458631936
2016-12-15 04:00:00,25.050289612575384,24.198904250836325,0.8513853617390588
2016-12-15 05:00:00,24.653784166216724,23.84717910172994,0.806605064486785
2016-12-15 06:00:00,27.6898018297991,27.86615393990989,-0.17635211011078766
2016-12-15 07:00:00,28.56502771391666,28.984069692331218,-0.41904197841455826
2016-12-15 08:00:00,29.81559750703585,29.905567118563578,-0.08996961152772798
2016-12-15 09:00:00,30.278109306844634,31.41689973404809,-1.1387904272034568
2016-12-15 10:00:00,28.423372514823278,31.95176955151204,-3.5283970366887623
2016-12-15 11:00:00,32.52266902693541,31.102021848657426,1.420647178277985
2016-12-15 12:00:00,33.637328459311966,33.310106886807006,0.32722157250496053
2016-12-15 13:00:00,38.483150819423415,34.282405267451736,4.2007455519716785
2016-12-15 14:00:00,39.278624257712764,37.15074993577338,2.1278743219393803
2016-12-15 15:00:00,39.9445475346739,37.91101890871238,2.033528625961523
2016-12-15 16:00:00,42.473414436920514,38.551542626231786,3.921871810688728
2016-12-15 17:00:00,43.174508650237435,39.89932817890878,3.275180471328653
2016-12-15 18:00:00,40.53485069201906,40.40357317562751,0.13127751639155605
2016-12-15 19:00:00,43.69564173652069,39.62529130101414,4.070350435506555
2016-12-15 20:00:00,41.07620616729774,40.408916033149175,0.6672901341485655
2016-12-15 21:00:00,33.513640243078314,38.883233222133505,-5.3695929790551915
2016-12-15 22:00:00,35.45366910714762,35.22106207442005,0.23260703272757155
2016-12-15 23:00:00,36.130143738436644,36.62909360138507,-0.4989498629484288
2016-12-16 00:00:00,34.194218382775844,35.61484200509961,-1.4206236223237667
2016-12-16 01:00:00,31.0076352203851,33.437531872774976,-2.429896652389875
2016-12-16 02:00:00,33.46146827094635,29.960601919232417,3.500866351713931
2016-12-16 03:00:00,29.68135770703319,27.606780735290343,2.0745769717428466
2016-12-16 04:00:00,23.915347952961277,24.34143967781363,-0.4260917248523519
2016-12-16 05:00:00,22.48320296047034,22.542795241732833,-0.05959228126249272
2016-12-16 06:00:00,27.684115636596704,26.431725365914644,1.25239027068206
2016-12-16 07:00:00,28.798716354992578,28.731302250300747,0.06741410469183151
2016-12-16 08:00:00,32.56341005929068,29.640095583319333,2.923314475971349
2016-12-16 09:00:00,31.057169170382203,32.48008573540766,-1.42291656502546
2016-12-16 10:00:00,35.658252753055415,32.75801821747077,2.9002345355846444
2016-12-16 11:00:00,36.53081179723438,35.835900624200896,0.694911173033482
2016-12-16 12:00:00,50.00110200809079,37.18769521673235,12.813406791358439
2016-12-16 13:00:00,43.33981785138094,41.682305886355,1.6575119650259396
2016-12-16 14:00:00,38.931007389390025,40.268873743892236,-1.3378663545022107
2016-12-16 15:00:00,38.08834470572023,38.689609396918115,-0.6012646911978834
2016-12-16 16:00:00,40.70748659031921,38.35940092941872,2.3480856609004945
2016-12-16 17:00:00,39.584620141125654,39.56171127203242,0.02290886909323575
2016-12-16 18:00:00,40.98358684743448,39.30761460115698,1.675972246277503
2016-12-16 19:00:00,36.856445637240974,39.657116190554085,-2.800670553313111
2016-12-16 20:00:00,34.57847240793957,38.135348195576,-3.5568757876364288
2016-12-16 21:00:00,34.25107976414114,36.68620106599155,-2.4351213018504083
2016-12-16 22:00:00,36.14655777207065,35.09254690665416,1.054010865416494
2016-12-16 23:00:00,32.9664224555993,35.30524579293397,-2.3388233373346665
2016-12-17 00:00:00,29.07229589747777,33.070882772395485,-3.9985868749177165
2016-12-17 01:00:00,35.07263900494358,28.976525714441056,6.096113290502526
2016-12-17 02:00:00,30.56124395313924,30.01908336899687,0.5421605841423691
2016-12-17 03:00:00,24.91596193662664,26.470316504453816,-1.5543545678271755
2016-12-17 04:00:00,21.36373664501086,22.717393687532702,-1.3536570425218422
2016-12-17 05:00:00,20.91429711492102,21.56830340405278,-0.6540062891317611
2016-12-17 06:00:00,25.7805779130444,26.1694968125385,-0.38891889949410086
2016-12-17 07:00:00,27.548967295676842,26.732084829550473,0.8168824661263692
2016-12-17 08:00:00,32.7351667392478,28.27122110374937,4.463945635498433
2016-12-17 09:00:00,28.2173818442373,32.62252914120279,-4.405147296965492
2016-12-17 10:00:00,27.120718854959314,30.811560780535515,-3.6908419255762013
2016-12-17 11:00:00,31.48304344624422,31.13059564940997,0.35244779683425165
2016-12-17 12:00:00,32.415980745160596,34.09304904692849,-1.6770683017678962
2016-12-17 13:00:00,28.056176793937407,35.39543829885444,-7.3392615049170296
2016-12-17 14:00:00,32.03172653644398,32.10447191188131,-0.07274537543732862
2016-12-17 15:00:00,35.92497419170402,34.390893713602935,1.5340804781010817
2016-12-17 16:00:00,33.82549843869154,36.27236565707786,-2.4468672183863234
2016-12-17 17:00:00,27.28596858496647,35.14824774428038,-7.862279159313914
2016-12-17 18:00:00,29.669926813144713,30.93062383104734,-1.2606970179026256
2016-12-17 19:00:00,29.25867819216547,32.649487554154874,-3.3908093619894046
2016-12-17 20:00:00,24.613072502323856,31.46391558313179,-6.850843080807934
2016-12-17 21:00:00,22.552433236880162,27.480086442785254,-4.9276532059050915
2016-12-17 22:00:00,21.532269034902505,25.362021646168895,-3.8297526112663896
2016-12-17 23:00:00,25.187870947051998,23.68853189154414,1.499339055507857
2016-12-18 00:00:00,21.677998282165547,24.26393385817455,-2.5859355760090033
2016-12-18 01:00:00,20.482795107452063,21.751895207250346,-1.2691000997982833
2016-12-18 02:00:00,20.730318382231367,20.62234278285479,0.10797559937657653
2016-12-18 03:00:00,19.658862160676335,19.97861056081845,-0.3197484001421138
2016-12-18 04:00:00,19.63605828383617,19.36910483433463,0.2669534495015391
2016-12-18 05:00:00,22.584175405251028,19.786234895254957,2.797940509996071
2016-12-18 06:00:00,25.374311858207907,25.36526698363242,0.009044874575486972
2016-12-18 07:00:00,25.927127641725676,25.870358159173964,0.05676948255171155
2016-12-18 08:00:00,25.46795723872618,26.112401095316986,-0.6444438565908079
2016-12-18 09:00:00,26.92448833396895,26.394274274375174,0.5302140595937743
2016-12-18 10:00:00,26.463676601027203,27.528926838187548,-1.0652502371603454
2016-12-18 11:00:00,26.387968926682706,27.68893934536121,-1.300970418678503
2016-12-18 12:00:00,31.054824282212646,27.936655105937813,3.118169176274833
2016-12-18 13:00:00,26.75513527910618,31.05923046933673,-4.304095190230548
2016-12-18 14:00:00,26.00690963956917,28.187088107017377,-2.180178467448208
2016-12-18 15:00:00,25.72603186783337,27.695287919759267,-1.9692560519258961
2016-12-18 16:00:00,26.38064131176162,27.472832952639575,-1.092191640877953
2016-12-18 17:00:00,29.672271609537823,27.533722738689224,2.1385488708485987
2016-12-18 18:00:00,28.41847770990605,29.097310253971784,-0.6788325440657346
2016-12-18 19:00:00,25.533084006727496,27.99902919243232,-2.4659451857048253
2016-12-18 20:00:00,26.505179561428797,25.866304087677165,0.6388754737516322
2016-12-18 21:00:00,21.844098229159115,25.719702352343727,-3.875604123184612
2016-12-18 22:00:00,25.122744179050677,22.6062350363066,2.516509142744077
2016-12-18 23:00:00,25.180543515683798,23.396872590156406,1.7836709255273924
2016-12-19 00:00:00,22.749454503720578,22.898427008181063,-0.1489725044604846
2016-12-19 01:00:00,24.385919927275076,21.58586011561124,2.8000598116638358
2016-12-19 02:00:00,22.08833810984237,21.73371123428251,0.35462687555985895
2016-12-19 03:00:00,19.336451509417877,21.012816314142764,-1.6763648047248871
2016-12-19 04:00:00,20.07327612829926,20.256839541983172,-0.18356341368391327
2016-12-19 05:00:00,20.9094314949133,21.45212641681449,-0.542694921901191
2016-12-19 06:00:00,25.34500176562934,25.529815296862648,-0.18481353123330635
2016-12-19 07:00:00,27.74598911317593,26.219263752337287,1.5267253608386433
2016-12-19 08:00:00,25.73418014772558,27.06361451075197,-1.3294343630263903
2016-12-19 09:00:00,25.450019716105295,26.344250911189068,-0.8942311950837727
2016-12-19 10:00:00,25.07634641373186,26.389268909433877,-1.3129224957020185
2016-12-19 11:00:00,26.21618287826319,26.24385476129864,-0.027671883035448985
2016-12-19 12:00:00,25.598210774728813,26.90688102299715,-1.3086702482683386
2016-12-19 13:00:00,25.32301947152475,26.412071317850916,-1.0890518463261678
2016-12-19 14:00:00,25.462241768837828,26.358581007678783,-0.8963392388409552
2016-12-19 15:00:00,25.077958375211704,26.376236898982132,-1.2982785237704277
2016-12-19 16:00:00,25.820498096875653,26.015449070669934,-0.19495097379428117
2016-12-19 17:00:00,26.523117267602572,26.216120898570676,0.3069963690318964
2016-12-19 18:00:00,25.86525416514645,26.4082778302736,-0.5430236651271514
2016-12-19 19:00:00,25.086927136522146,25.81502571219794,-0.7280985756757943
2016-12-19 20:00:00,21.08203802475105,24.941229582724773,-3.8591915579737233
2016-12-19 21:00:00,23.26888642181946,22.197436808168465,1.0714496136509943
2016-12-19 22:00:00,24.64156174637841,22.58443629509199,2.0571254512864208
2016-12-19 23:00:00,21.603931754210407,22.848599863034355,-1.244668108823948
2016-12-20 00:00:00,19.724809042990106,21.105051641360173,-1.3802425983700672
2016-12-20 01:00:00,19.338093206465903,19.978888337525294,-0.6407951310593916
2016-12-20 02:00:00,19.463451753998424,19.470041792223256,-0.006590038224832284
2016-12-20 03:00:00,19.715870017247845,19.36887404716762,0.34699597008022565
2016-12-20 04:00:00,20.006537031712313,19.62901670550198,0.37752032621033393
2016-12-20 05:00:00,19.502551456411446,20.53183578964948,-1.029284333238035
2016-12-20 06:00:00,24.89641245252591,23.79530375106819,1.101108701457722
2016-12-20 07:00:00,26.113597921343985,26.61013351313044,-0.49653559178645423
2016-12-20 08:00:00,26.400982459476857,25.821757942728215,0.5792245167486421
2016-12-20 09:00:00,24.84916447022068,26.179178860379423,-1.3300143901587447
2016-12-20 10:00:00,24.688780360221244,25.596659140965475,-0.9078787807442303
2016-12-20 11:00:00,25.97191344556465,25.59943109552573,0.3724823500389185
2016-12-20 12:00:00,26.880523378653987,26.112582139650808,0.7679412390031786
2016-12-20 13:00:00,23.923466864391088,26.580457660826436,-2.6569907964353483
2016-12-20 14:00:00,24.109116295485386,25.08536779353743,-0.9762514980520436
2016-12-20 15:00:00,24.19783768617692,24.97098840093506,-0.7731507147581382
2016-12-20 16:00:00,24.315898537909423,24.83294071974929,-0.5170421818398658
2016-12-20 17:00:00,25.748014161937963,24.621325040257574,1.1266891216803891
2016-12-20 18:00:00,25.39550303935666,25.112632372710006,0.28287066664665517
2016-12-20 19:00:00,23.955209399867737,24.75030985868464,-0.7951004588169042
2016-12-20 20:00:00,21.831084329259184,23.650939280726487,-1.8198549514673026
2016-12-20 21:00:00,19.23794087599767,22.149389758948832,-2.911448882951163
2016-12-20 22:00:00,22.097307238258587,20.404705834360012,1.6926014038985748
2016-12-20 23:00:00,21.542029643380342,20.99209931129314,0.5499303320872038
2016-12-21 00:00:00,19.72155575156801,20.31434152293452,-0.5927857713665077
2016-12-21 01:00:00,22.63139401909386,19.381667928336753,3.2497260907571075
2016-12-21 02:00:00,20.118061565032452,20.022065850942223,0.095995714090229
2016-12-21 03:00:00,18.473448228691524,19.520230781300413,-1.0467825526088888
2016-12-21 04:00:00,18.434348526278505,19.37163076683801,-0.9372822405595045
2016-12-21 05:00:00,18.369221758277185,20.176555710538462,-1.8073339522612777
2016-12-21 06:00:00,24.185615633444385,23.447184070195487,0.7384315632488985
2016-12-21 07:00:00,26.557292796635966,26.18736727717024,0.3699255194657276
2016-12-21 08:00:00,24.8882641726337,25.999902691546882,-1.1116385189131819
2016-12-21 09:00:00,24.66111159758492,25.46688724774616,-0.805775650161241
2016-12-21 10:00:00,24.417662829857505,25.45767742030687,-1.0400145904493634
2016-12-21 11:00:00,24.89884489542399,25.392531195699217,-0.4936863002752254
2016-12-21 12:00:00,25.393040860890405,25.535697555143695,-0.14265669425329008
2016-12-21 13:00:00,29.550342013543112,25.606029026524833,3.9443129870182787
2016-12-21 14:00:00,25.658472289828193,27.483095211165743,-1.82462292133755
2016-12-21 15:00:00,25.09100127646825,25.879427568652414,-0.7884262921841625
2016-12-21 16:00:00,25.272547566259824,25.306935221249745,-0.03438765498992069
2016-12-21 17:00:00,26.006118159507555,25.107216583506702,0.8989015760008527
2016-12-21 18:00:00,26.427859742051563,25.19748899611861,1.2303707459329516
2016-12-21 19:00:00,23.698776467808568,25.186033093148875,-1.487256625340308
2016-12-21 20:00:00,20.8149656329768,23.523401593284063,-2.7084359603072627
2016-12-21 21:00:00,20.05211394850712,21.651534115961898,-1.5994201674547774
2016-12-21 22:00:00,20.02198337451032,20.69653192414044,-0.6745485496301207
2016-12-21 23:00:00,19.759013756933008,20.14691436617777,-0.3879006092447632
2016-12-22 00:00:00,19.266430487158004,19.652286072471146,-0.38585558531314135
2016-12-22 01:00:00,18.99534195815088,19.243496899608918,-0.2481549414580364
2016-12-22 02:00:00,19.38041683183862,19.10447565389467,0.2759411779439489
2016-12-22 03:00:00,18.976583587005983,19.16451164367655,-0.1879280566705681
2016-12-22 04:00:00,18.913098516052692,19.22496907089384,-0.3118705548411498
2016-12-22 05:00:00,19.90881714414216,19.857886846126643,0.05093029801551552
2016-12-22 06:00:00,23.70446256923452,23.4292338212409,0.2752287479936193
2016-12-22 07:00:00,25.45248152746577,26.30967872436042,-0.8571971968946492
2016-12-22 08:00:00,24.64971002627062,25.831350845048902,-1.181640818778284
2016-12-22 09:00:00,25.712197486515212,25.422518108967452,0.28967937754775974
2016-12-22 10:00:00,24.73438664547845,26.083187062084182,-1.3488004166057337
2016-12-22 11:00:00,25.110521759212364,25.627122863457597,-0.5166011042452325
2016-12-22 12:00:00,24.122129828279533,25.723522516274386,-1.6013926879948528
2016-12-22 13:00:00,23.539183470764964,25.175302101725986,-1.6361186309610218
2016-12-22 14:00:00,23.42033150607663,24.658882776026132,-1.2385512699495038
2016-12-22 15:00:00,23.897410063234613,24.29057594831289,-0.3931658850782753
2016-12-22 16:00:00,24.151439920858103,24.24662836933818,-0.09518844848007646
2016-12-22 17:00:00,25.0437830297312,24.092957767474235,0.9508252622569628
2016-12-22 18:00:00,26.759209235499394,24.245690658807543,2.513518576691851
2016-12-22 19:00:00,23.424376277560338,24.91234227363614,-1.4879659960758005
2016-12-22 20:00:00,20.55038442102542,23.001274996391615,-2.450890575366195
2016-12-22 21:00:00,20.54713039539177,21.164988267844276,-0.6178578724525075
2016-12-22 22:00:00,20.3020696661845,20.60019749378389,-0.2981278275993908
2016-12-22 23:00:00,19.2737579185262,20.03080101060801,-0.7570430920818083
2016-12-23 00:00:00,20.024445185870796,19.417536855148857,0.6069083307219394
2016-12-23 01:00:00,20.320798668867,19.344405712721077,0.9763929561459221
2016-12-23 02:00:00,19.255849030156156,19.35839684820729,-0.10254781805113211
2016-12-23 03:00:00,18.597195181849976,19.10865968083758,-0.5114644989876034
2016-12-23 04:00:00,18.449003389014898,19.228690299816805,-0.7796869108019067
2016-12-23 05:00:00,18.706286538060475,20.257847369717783,-1.5515608316573086
2016-12-23 06:00:00,24.151439920858103,23.7229957821677,0.4284441386904021
2016-12-23 07:00:00,24.521888933166064,25.90097710622672,-1.379088173060655
2016-12-23 08:00:00,24.366370076068566,25.32187275543672,-0.955502679368152
2016-12-23 09:00:00,25.602284914674918,25.200866491662925,0.40141842301199304
2016-12-23 10:00:00,27.811936546148374,26.06258373965775,1.7493528064906236
2016-12-23 11:00:00,25.48179162004434,27.235767970872942,-1.7539763508286015
2016-12-23 12:00:00,24.18318282344053,26.282013571597602,-2.0988307481570736
2016-12-23 13:00:00,24.12620396822564,25.428747649316353,-1.3025436810907145
2016-12-23 14:00:00,23.925108194333333,25.397972682307113,-1.47286448797378
2016-12-23 15:00:00,23.861593387811862,25.19211615829157,-1.330522770479707
2016-12-23 16:00:00,24.543871594376434,24.82769208604447,-0.2838204916680347
2016-12-23 17:00:00,25.78629301582697,24.719174393799467,1.067118622027504
2016-12-23 18:00:00,25.47607615015599,25.092313679631644,0.38376247052434564
2016-12-23 19:00:00,23.171987749879094,24.682152632469666,-1.5101648825905727
2016-12-23 20:00:00,19.693886988931695,23.000179185638405,-3.3062921967067105
2016-12-23 21:00:00,19.311215923891197,20.797294384414986,-1.486078460523789
2016-12-23 22:00:00,19.801337382305725,19.984075786933456,-0.18273840462773094
2016-12-23 23:00:00,19.313648366789273,19.635480214601316,-0.3218318478120423
2016-12-24 00:00:00,19.209451264837334,19.38016964728011,-0.17071838244277515
2016-12-24 01:00:00,19.500910493574978,19.071276565051694,0.42963392852328397
2016-12-24 02:00:00,19.154905953837865,18.836196952527438,0.31870900131042745
2016-12-24 03:00:00,18.878893067898225,18.755241806979758,0.1236512609184679
2016-12-24 04:00:00,18.834107631165033,18.931921987289233,-0.09781435612419997
2016-12-24 05:00:00,19.03520377216312,20.057305558447453,-1.0221017862843347
2016-12-24 06:00:00,22.84796550424657,23.731261291172313,-0.8832957869257427
2016-12-24 07:00:00,23.496038996868236,24.701898762899873,-1.2058597660316366
2016-12-24 08:00:00,23.243650836292776,24.291397408679867,-1.0477465723870907
2016-12-24 09:00:00,22.48402307478279,24.28030726543557,-1.7962841906527807
2016-12-24 10:00:00,22.87563426688289,24.175508966584633,-1.2998746997017427
2016-12-24 11:00:00,22.969250278938766,24.306098893850315,-1.336848614911549
2016-12-24 12:00:00,23.141886177238913,24.228620607144723,-1.0867344299058104
2016-12-24 13:00:00,23.60105694734419,24.38078007924972,-0.7797231319055307
2016-12-24 14:00:00,23.474056702763647,24.70082620217939,-1.2267694994157416
2016-12-24 15:00:00,23.030332642562158,24.3295401886931,-1.299207546130944
2016-12-24 16:00:00,23.255052407607078,23.77330285693742,-0.5182504493303419
2016-12-24 17:00:00,23.3844850950857,23.664224227060625,-0.2797391319749245
2016-12-24 18:00:00,23.448820750131183,23.53808301000521,-0.08926225987402603
2016-12-24 19:00:00,22.7356204895082,22.988469123100334,-0.2528486335921336
2016-12-24 20:00:00,19.869747544403094,22.035333664170025,-2.1655861197669317
2016-12-24 21:00:00,18.900055247690364,20.138106519567547,-1.2380512718771826
2016-12-24 22:00:00,18.404247320744105,19.33676599670272,-0.9325186759586153
2016-12-24 23:00:00,18.887041347790436,18.68506660029229,0.20197474749814504
2016-12-25 00:00:00,19.006714161002783,18.57221265457429,0.43450150642849295
2016-12-25 01:00:00,18.966002864215696,18.468628619274895,0.49737424494080074
2016-12-25 02:00:00,18.941587393001466,18.353380654397117,0.5882067386043488
2016-12-25 03:00:00,18.9285448588507,18.325239548990567,0.6033053098601329
2016-12-25 04:00:00,18.626504907322765,18.623535021562812,0.0029698857599527173
2016-12-25 05:00:00,18.757579291849414,19.84561694727412,-1.0880376554247064
2016-12-25 06:00:00,22.777944114880917,23.260284032077426,-0.4823399171965086
2016-12-25 07:00:00,23.010782791355645,24.309146606035625,-1.2983638146799805
2016-12-25 08:00:00,22.57031202257625,23.755143724794028,-1.1848317022177781
2016-12-25 09:00:00,22.649302173252345,23.716565067851377,-1.0672628945990326
2016-12-25 10:00:00,22.79910556046149,23.9334094349672,-1.134303874505708
2016-12-25 11:00:00,22.952983454722524,24.109451340693905,-1.1564678859713808
2016-12-25 12:00:00,22.503572925989303,24.170608471527817,-1.6670355455385142
2016-12-25 13:00:00,22.027285481787153,23.76367538548912,-1.7363899037019657
2016-12-25 14:00:00,22.498678671730744,23.45504123520418,-0.9563625634734372
2016-12-25 15:00:00,22.810507865987354,23.511046158784808,-0.7005382927974537
2016-12-25 16:00:00,22.063102524315685,23.475013625163438,-1.4119111008477532
2016-12-25 17:00:00,23.583148426079926,22.694252440480742,0.8888959855991843
2016-12-25 18:00:00,23.40646775629607,23.170217443439487,0.23625031285658338
2016-12-25 19:00:00,22.51658682588923,22.684827856160172,-0.1682410302709414
2016-12-25 20:00:00,19.842870261828388,21.849824100377898,-2.00695383854951
2016-12-25 21:00:00,19.417053988679605,19.992003558620496,-0.5749495699408911
2016-12-25 22:00:00,20.1660716589369,19.519042092784872,0.6470295661520282
2016-12-25 23:00:00,20.38267214544623,19.417634750023513,0.9650373954227156
2016-12-26 00:00:00,21.627526376900626,19.02887095272145,2.5986554241791744
2016-12-26 01:00:00,22.58499625377504,19.52714313840006,3.0578531153749786
2016-12-26 02:00:00,18.875639776476135,19.851349915871314,-0.9757101393951793
2016-12-26 03:00:00,18.35374604701678,18.687099387364576,-0.33335334034779507
2016-12-26 04:00:00,18.196615228439434,18.87952546878852,-0.6829102403490843
2016-12-26 05:00:00,18.435990223326527,20.055108063248557,-1.6191178399220298
2016-12-26 06:00:00,22.301656670678767,23.788204292389356,-1.4865476217105886
2016-12-26 07:00:00,23.04416665677454,24.675869494676892,-1.6317028379023526
2016-12-26 08:00:00,22.700594927041283,24.113963070729728,-1.4133681436884444
2016-12-26 09:00:00,22.618351484943094,24.022956079452104,-1.40460459450901
2016-12-26 10:00:00,22.684298367256865,24.00314986604258,-1.3188514987857154
2016-12-26 11:00:00,22.870769013980954,24.04116954325093,-1.1704005292699762
2016-12-26 12:00:00,22.95705759466863,24.041365088263063,-1.0843074935944337
2016-12-26 13:00:00,23.186671981077886,24.019112726673004,-0.8324407455951182
2016-12-26 14:00:00,23.797287101228775,24.02642706460172,-0.22913996337294407
2016-12-26 15:00:00,23.469982562817542,24.16531798776408,-0.6953354249465384
2016-12-26 16:00:00,24.112369586907477,23.797889644182302,0.31447994272517477
2016-12-26 17:00:00,23.98616082238855,23.996834545309763,-0.010673722921215045
2016-12-26 18:00:00,24.24913007286008,23.571139661805557,0.6779904110545232
2016-12-26 19:00:00,24.95095813063116,23.464314939049185,1.486643191581976
2016-12-26 20:00:00,21.789552183948086,23.576756869713467,-1.7872046857653814
2016-12-26 21:00:00,20.133537276292856,21.475006651656887,-1.3414693753640314
2016-12-26 22:00:00,20.003254371827822,20.393217136607266,-0.3899627647794439
2016-12-26 23:00:00,20.152266278975354,19.8306894473118,0.32157683166355255
2016-12-27 00:00:00,19.80215823082974,19.349160711520433,0.45299751930930654
2016-12-27 01:00:00,19.21839102479116,19.01429269272448,0.20409833206667827
2016-12-27 02:00:00,19.189110667780767,18.588601480278072,0.6005091875026949
2016-12-27 03:00:00,19.17038166509827,18.571080255611673,0.5993014094865963
2016-12-27 04:00:00,20.539802964023572,18.91169005354354,1.6281129104800307
2016-12-27 05:00:00,19.823320410621875,20.43126422438052,-0.607943813758645
2016-12-27 06:00:00,22.183596186052046,23.65729645151822,-1.4737002654661744
2016-12-27 07:00:00,23.32179113708824,25.377846536210345,-2.056055399122105
2016-12-27 08:00:00,21.236736400430317,24.6690845232829,-3.4323481228525843
2016-12-27 09:00:00,21.994722464892273,23.596751286019522,-1.6020288211272486
2016-12-27 10:00:00,21.819682757944886,24.035468512856596,-2.2157857549117104
2016-12-27 11:00:00,21.644614416746656,23.81187086781245,-2.167256451065793
2016-12-27 12:00:00,21.30919059979983,23.57200040249099,-2.2628098026911587
2016-12-27 13:00:00,19.52371363620358,23.229824164195993,-3.7061105279924114
2016-12-27 14:00:00,22.029718658896794,22.15155445936472,-0.12183580046792741
2016-12-27 15:00:00,23.908812001654695,23.026073603671538,0.8827383979831573
2016-12-27 16:00:00,23.922646015867077,23.780740542408196,0.1419054734588805
2016-12-27 17:00:00,23.96986462970991,23.59918862366133,0.37067600604857986
2016-12-27 18:00:00,25.074705083789613,23.454293440730382,1.6204116430592315
2016-12-27 19:00:00,22.837384414350502,23.81535347797843,-0.9779690636279277
2016-12-27 20:00:00,21.254615186126404,22.31726405054559,-1.0626488644191845
2016-12-27 21:00:00,20.820680735759368,21.30655086450466,-0.4858701287452938
2016-12-27 22:00:00,19.285980338364514,20.728360484738193,-1.4423801463736794
2016-12-27 23:00:00,19.46834674246854,19.52351246223616,-0.055165719767618526
2016-12-28 00:00:00,18.859343950903277,18.923855449617367,-0.06451149871409001
2016-12-28 01:00:00,19.398324985997107,18.42738085857468,0.9709441274224275
2016-12-28 02:00:00,19.18339483078664,18.438541119022947,0.7448537117636924
2016-12-28 03:00:00,18.91553095895077,18.42021421953811,0.49531673941266163
2016-12-28 04:00:00,20.205991475662373,18.734484177757142,1.4715072979052302
2016-12-28 05:00:00,20.508060795652703,20.06519270376151,0.44286809189119225
2016-12-28 06:00:00,21.691041550527874,23.095874362463434,-1.4048328119355595
2016-12-28 07:00:00,22.076936538528066,25.01060976066142,-2.933673222133354
2016-12-28 08:00:00,21.62101979405644,24.144362610894657,-2.523342816838216
2016-12-28 09:00:00,21.86687200332532,23.78855634683235,-1.9216843435070317
2016-12-28 10:00:00,22.0679975127858,23.911205898445882,-1.8432083856600805
2016-12-28 11:00:00,21.90597170573834,23.87500388432275,-1.9690321785844098
2016-12-28 12:00:00,21.708128856162347,23.65415953262838,-1.9460306764660338
2016-12-28 13:00:00,21.993901616368262,23.39669992807123,-1.4027983117029663
2016-12-28 14:00:00,22.359456007311888,23.364974157091865,-1.0055181497799772
2016-12-28 15:00:00,21.34744008522644,23.25619802237777,-1.9087579371513286
2016-12-28 16:00:00,21.546923897638898,22.427029902442484,-0.8801060048035865
2016-12-28 17:00:00,22.654197161722465,22.22157034214368,0.4326268195787861
2016-12-28 18:00:00,22.843070882882234,22.43952789635296,0.4035429865292741
2016-12-28 19:00:00,22.359456007311888,22.21600550799371,0.14345049931817755
2016-12-28 20:00:00,22.30816325352295,21.724499571314322,0.583663682208627
2016-12-28 21:00:00,21.409313561805668,21.42788813532339,-0.018574573517721404
2016-12-28 22:00:00,24.92897583652657,20.650566609430424,4.2784092270961445
2016-12-28 23:00:00,21.635674656792833,22.002864626354818,-0.36718996956198424
2016-12-29 00:00:00,19.078377614522246,19.75147267000087,-0.6730950554786226
2016-12-29 01:00:00,19.196408730686567,18.61722887847449,0.5791798522120786
2016-12-29 02:00:00,18.780382434478017,18.53051898272,0.24986345175801716
2016-12-29 03:00:00,18.51090623405652,18.395474716288756,0.11543151776776384
2016-12-29 04:00:00,19.034412292101504,18.633083932374195,0.40132835972730874
2016-12-29 05:00:00,19.489508922260676,19.716657092040098,-0.2271481697794222
2016-12-29 06:00:00,21.457353024172512,22.807938859739124,-1.350585835566612
2016-12-29 07:00:00,21.967845182317568,24.816795162809033,-2.848949980491465
2016-12-29 08:00:00,22.396093164152873,24.071749944196792,-1.6756567800439193
2016-12-29 09:00:00,21.91411998563055,24.149501357602674,-2.2353813719721245
2016-12-29 10:00:00,21.25382444027635,23.879750317320575,-2.6259258770442244
2016-12-29 11:00:00,21.98332089357797,23.499930685241697,-1.5166097916637256
2016-12-29 12:00:00,24.54469244290045,23.68182523604987,0.8628672068505772
2016-12-29 13:00:00,24.04234819754182,24.782992307326598,-0.7406441097847782
2016-12-29 14:00:00,22.290255099364465,24.36637240107184,-2.0761173017073737
2016-12-29 15:00:00,21.69429484194997,23.27649468910933,-1.5821998471593623
2016-12-29 16:00:00,21.583561788691444,22.739660610985357,-1.156098822293913
2016-12-29 17:00:00,22.745380363774476,22.343665564029454,0.40171479974502233
2016-12-29 18:00:00,22.770616683512717,22.540937197011814,0.22967948650090264
2016-12-29 19:00:00,22.83981759146014,22.141410592452598,0.6984069990075419
2016-12-29 20:00:00,20.39079105687604,21.872768945837567,-1.4819778889615272
2016-12-29 21:00:00,19.916145309721912,20.359666605164268,-0.4435212954423555
2016-12-29 22:00:00,21.651941848114852,19.826131217210513,1.8258106309043391
2016-12-29 23:00:00,20.013835094618113,20.22430907513412,-0.21047398051600652
2016-12-30 00:00:00,19.412159734421046,19.069875444658148,0.3422842897628975
2016-12-30 01:00:00,19.54244263888608,18.47712491544652,1.0653177234395592
2016-12-30 02:00:00,19.091390780210613,18.349683899192822,0.7417068810177909
2016-12-30 03:00:00,18.6737235211656,18.236502005644713,0.4372215155208856
2016-12-30 04:00:00,18.760832583271508,18.430407523361936,0.3304250599095724
2016-12-30 05:00:00,18.844688353955323,19.39259275161147,-0.5479043976561471
2016-12-30 06:00:00,21.958876053901346,22.978998895294456,-1.0201228413931105
2016-12-30 07:00:00,21.680460093526026,24.85674385852253,-3.176283764996505
2016-12-30 08:00:00,21.384898090591438,23.722065903227037,-2.337167812635599
2016-12-30 09:00:00,22.15753901778979,23.4538898691096,-1.2963508513198079
2016-12-30 10:00:00,22.4620407806782,23.887804373395927,-1.4257635927177255
2016-12-30 11:00:00,21.30919059979983,24.02471586219269,-2.715525262392859
2016-12-30 12:00:00,21.608797374218128,23.36552138944121,-1.7567240152230816
2016-12-30 13:00:00,21.255465403112815,23.239825961171267,-1.9843605580584516
2016-12-30 14:00:00,21.342574465218725,22.736997870394646,-1.394423405175921
2016-12-30 15:00:00,21.87666124605399,22.555137093318233,-0.6784758472642416
2016-12-30 16:00:00,21.572160217377142,22.588765940660952,-1.01660572328381
2016-12-30 17:00:00,24.965613360473334,22.08829258872565,2.8773207717476836
2016-12-30 18:00:00,27.754928597800422,23.58356533587738,4.171363261923041
2016-12-30 19:00:00,23.391812893559678,24.855395723729885,-1.463582830170207
2016-12-30 20:00:00,20.21657219845266,21.958937727672378,-1.7423655292197182
2016-12-30 21:00:00,20.78325209885677,20.376826842480366,0.40642525637640503
2016-12-30 22:00:00,23.16548079992913,20.315629085273468,2.8498517146556637
2016-12-30 23:00:00,20.809279164445066,20.932331308730628,-0.12305214428556255
2016-12-31 00:00:00,19.021369023739176,19.667108335443203,-0.6457393117040269
2016-12-31 01:00:00,18.804006425630632,18.556012276504223,0.24799414912640927
2016-12-31 02:00:00,18.341552995640864,18.248505630438164,0.0930473652027004
2016-12-31 03:00:00,18.362715175433003,17.96098128618742,0.40173388924558395
2016-12-31 04:00:00,18.454719226009026,18.104943530962874,0.34977569504615147
2016-12-31 05:00:00,18.51008538553251,18.98821129548075,-0.4781259099482398
2016-12-31 06:00:00,21.87502028321753,22.573526400785664,-0.6985061175681331
2016-12-31 07:00:00,21.30511645985373,24.291974376597384,-2.9868579167436557
2016-12-31 08:00:00,21.052728299278265,23.04223470142315,-1.9895064021448867
2016-12-31 09:00:00,20.89231482081643,23.086733673279372,-2.1944188524629418
2016-12-31 10:00:00,21.353976036533023,23.100768371984802,-1.7467923354517794
2016-12-31 11:00:00,21.742333570105252,23.27484907626632,-1.5325155061610687
2016-12-31 12:00:00,21.92226826552276,23.455739592766275,-1.5334713272435145
2016-12-31 13:00:00,27.49603339549855,23.455063506288166,4.040969889210384
2016-12-31 14:00:00,21.540417314794716,26.832619623057138,-5.292202308262421
2016-12-31 15:00:00,21.119496030116046,22.75406975758636,-1.6345737274703147
2016-12-31 16:00:00,21.92552155694485,22.63969183340711,-0.7141702764622586
2016-12-31 17:00:00,23.503366428236433,22.652075779788607,0.8512906484478258
2016-12-31 18:00:00,23.308777604294093,23.171270058079255,0.13750754621483807
2016-12-31 19:00:00,22.69895396420482,22.595559600225076,0.10339436397974211
2016-12-31 20:00:00,20.05454712561676,21.744686473417673,-1.690139347800912
2016-12-31 21:00:00,19.29330776973271,19.882939368237714,-0.5896315985050045
2016-12-31 22:00:00,19.29412788404516,19.277401321023806,0.016726563021354224
2016-12-31 23:00:00,19.618970978201702,18.833157316669286,0.7858136615324156
