timestamp,actual,predicted,residual
2016-11-07 02:00:00,27.10034833878168,27.19041416261591,-0.09006582383423023
2016-11-07 03:00:00,27.073471056206973,23.39115063473261,3.682320421474362
2016-11-07 04:00:00,22.88052925535301,23.0744537402022,-0.19392448484918745
2016-11-07 05:00:00,22.24221563699762,23.339123302277955,-1.0969076652803338
2016-11-07 06:00:00,26.19173840569234,25.526823507124487,0.6649148985678544
2016-11-07 07:00:00,28.92899931108186,27.833062000066437,1.0959373110154225
2016-11-07 08:00:00,29.392947291798194,28.904518368846187,0.4884289229520071
2016-11-07 09:00:00,30.109576825176543,29.94202751397151,0.16754931120503258
2016-11-07 10:00:00,31.27875275074884,31.158589759543787,0.1201629912050528
2016-11-07 11:00:00,29.360413207427598,32.275101638278215,-2.9146884308506174
2016-11-07 12:00:00,30.11778356666421,31.531873226171047,-1.4140896595068355
2016-11-07 13:00:00,34.16578787564608,31.519970494282788,2.645817381363294
2016-11-07 14:00:00,35.35196318501855,33.65605207777636,1.695911107242189
2016-11-07 15:00:00,40.22709563770856,34.66922413833152,5.557871499377036
2016-11-07 16:00:00,35.081725240103616,36.98028387737005,-1.898558637266433
2016-11-07 17:00:00,36.67912032970749,35.350567204105914,1.328553125601573
2016-11-07 18:00:00,37.20728642852341,36.218945647662586,0.988340780860824
2016-11-07 19:00:00,37.462283242771335,37.06525834173402,0.39702490103731236
2016-11-07 20:00:00,34.03535812886906,36.9016206955753,-2.86626256670624
2016-11-07 21:00:00,32.241000142243784,35.36330075755854,-3.1223006153147566
2016-11-07 22:00:00,33.06578330600592,33.4599589767163,-0.39417567071038206
2016-11-07 23:00:00,36.500622486312785,32.776009398719815,3.724613087592971
2016-11-08 00:00:00,35.18812020436024,33.18702109115828,2.0010991132019598
2016-11-08 01:00:00,29.99292299812222,31.322227619847542,-1.3293046217253206
2016-11-08 02:00:00,27.819264069293016,26.94823108384138,0.8710329854516345
2016-11-08 03:00:00,23.415436517606512,23.897894887601364,-0.4824583699948519
2016-11-08 04:00:00,22.03133025327086,22.11861430246522,-0.08728404919436272
2016-11-08 05:00:00,21.82372752942859,22.485014749863087,-0.6612872204344953
2016-11-08 06:00:00,25.7993069157269,25.27874168090096,0.5205652348259378
2016-11-08 07:00:00,26.41563750576614,27.61476033007666,-1.1991228243105212
2016-11-08 08:00:00,26.446559559824554,28.124651734908866,-1.6780921750843127
2016-11-08 09:00:00,27.93975745570004,28.515009191938034,-0.5752517362379947
2016-11-08 10:00:00,27.773687060721763,29.384437363000472,-1.61075030227871
2016-11-08 11:00:00,28.2466917991512,29.610516979630845,-1.363825180479644
2016-11-08 12:00:00,28.61634956083866,29.73717573170761,-1.1208261708689484
2016-11-08 13:00:00,27.63039043990969,29.935172563038208,-2.3047821231285184
2016-11-08 14:00:00,29.33520660031342,29.934568230444004,-0.5993616301305842
2016-11-08 15:00:00,29.52484229540774,30.77840923189105,-1.2535669364833097
2016-11-08 16:00:00,30.047732717059716,31.154385878296612,-1.1066531612368955
2016-11-08 17:00:00,32.52501373155208,31.82225769155353,0.7027560399985475
2016-11-08 18:00:00,31.988640983024936,33.56994025852174,-1.5812992754968036
2016-11-08 19:00:00,34.79184933859498,33.239352754304534,1.552496584290445
2016-11-08 20:00:00,32.525893317000886,34.686779014361086,-2.1608856973602
2016-11-08 21:00:00,33.62824222415193,33.51632305211833,0.11191917203360191
2016-11-08 22:00:00,33.960617594701894,32.589423664333715,1.3711939303681788
2016-11-08 23:00:00,34.409060799704896,31.35874283638528,3.0503179633196176
2016-11-09 00:00:00,32.0097440587865,30.558093879625616,1.451650179160886
2016-11-09 01:00:00,31.137771649643927,27.961617304730936,3.176154344912991
2016-11-09 02:00:00,29.12270909449804,25.849092516736167,3.273616577761871
2016-11-09 03:00:00,24.791365133587558,23.75441208297455,1.0369530506130076
2016-11-09 04:00:00,21.70566704480187,22.03472231067778,-0.3290552658759083
2016-11-09 05:00:00,22.241395522685167,21.823059396909045,0.418336125776122
2016-11-09 06:00:00,26.45716983463013,25.092549239173792,1.364620595456337
2016-11-09 07:00:00,27.85264821004124,27.57301783315363,0.27963037688761005
2016-11-09 08:00:00,28.896377276196823,28.152341330798198,0.7440359453986254
2016-11-09 09:00:00,30.503503169878023,28.581948965369993,1.9215542045080305
2016-11-09 10:00:00,31.137771649643927,29.694292526229685,1.4434791234142423
2016-11-09 11:00:00,32.056347036236325,30.37488652795612,1.6814605082802032
2016-11-09 12:00:00,29.91319982897997,31.143118851250666,-1.2299190222706962
2016-11-09 13:00:00,31.20283986427334,30.833652594531134,0.3691872697422056
2016-11-09 14:00:00,29.943389139901566,31.40172902650654,-1.4583398866049748
2016-11-09 15:00:00,31.16297823381399,31.4291442414175,-0.26616600760350906
2016-11-09 16:00:00,35.609305070988924,32.19903811606434,3.4102669549245874
2016-11-09 17:00:00,32.70585664666923,34.002942566129136,-1.297085919459903
2016-11-09 18:00:00,31.594421320805264,33.52517605273949,-1.9307547319342255
2016-11-09 19:00:00,34.64354080612187,33.43636129481125,1.2071795113106205
2016-11-09 20:00:00,36.30219373591196,34.81321452788344,1.4889792080285247
2016-11-09 21:00:00,35.30477393963812,35.21669694195902,0.08807699767909583
2016-11-09 22:00:00,36.71224061317636,34.447615594771854,2.2646250184045087
2016-11-09 23:00:00,36.70755120394303,34.086938693589495,2.6206125103535314
2016-11-10 00:00:00,35.40735944721599,33.15942819704982,2.247931250166168
2016-11-10 01:00:00,30.694897439323068,30.896518235665024,-0.20162079634195607
2016-11-10 02:00:00,31.243580713075715,27.218387653641756,4.02519305943396
2016-11-10 03:00:00,24.902098553951863,25.634278489320774,-0.7321799353689116
2016-11-10 04:00:00,21.653583545162878,22.95035632339247,-1.2967727782295917
2016-11-10 05:00:00,21.929595696890956,22.21164649396235,-0.2820507970713919
2016-11-10 06:00:00,26.524729229082418,25.530251602082142,0.9944776270002755
2016-11-10 07:00:00,26.27641502490017,28.223133290492086,-1.9467182655919153
2016-11-10 08:00:00,26.032966073619864,28.486145270546796,-2.453179196926932
2016-11-10 09:00:00,27.582351344648625,28.4097191701909,-0.8273678255422752
2016-11-10 10:00:00,27.456142488353247,29.447637158346563,-1.9914946699933154
2016-11-10 11:00:00,28.438027515224338,30.270123838365837,-1.8320963231414993
2016-11-10 12:00:00,29.15204840640228,30.78875118296362,-1.6367027765613393
2016-11-10 13:00:00,32.61968517272537,31.015650424432067,1.6040347482933015
2016-11-10 14:00:00,29.936940926876396,32.677472945526425,-2.740532018650029
2016-11-10 15:00:00,30.96279086317422,32.066114497355386,-1.1033236341811659
2016-11-10 16:00:00,31.957572270207425,32.70950347548745,-0.7519312052800267
2016-11-10 17:00:00,29.681943883187355,33.558790827693976,-3.876846944506621
2016-11-10 18:00:00,31.52290507670357,32.64521321919009,-1.1223081424865207
2016-11-10 19:00:00,32.63434003546176,33.331117451912014,-0.6967774164502529
2016-11-10 20:00:00,31.615817714085022,33.85417661985418,-2.2383589057691573
2016-11-10 21:00:00,39.39029489913333,33.364247402499764,6.026047496633566
2016-11-10 22:00:00,36.179091420503134,35.34222325683299,0.8368681636701467
2016-11-10 23:00:00,39.07257512553133,33.3107081448903,5.761866980641031
2016-11-11 00:00:00,37.867640710802405,34.18884126204804,3.6787994487543685
2016-11-11 01:00:00,34.23232139299625,32.69601784466026,1.5363035483359866
2016-11-11 02:00:00,27.309592576119083,28.900110221912595,-1.5905176457935113
2016-11-11 03:00:00,24.473849837905,24.6904379651864,-0.2165881272814012
2016-11-11 04:00:00,21.746378341588958,22.077392973381162,-0.33101463179220403
2016-11-11 05:00:00,21.53634317484861,22.213031461701586,-0.6766882868529756
2016-11-11 06:00:00,24.62529492216217,25.095648835642667,-0.4703539134804977
2016-11-11 07:00:00,25.025845140004535,27.478215335216902,-2.4523701952123673
2016-11-11 08:00:00,25.34500176562934,27.785210144049234,-2.440208378419893
2016-11-11 09:00:00,26.877270087231896,27.945725953247234,-1.0684558660153378
2016-11-11 10:00:00,26.0761397324261,29.141908678990223,-3.0657689465641234
2016-11-11 11:00:00,35.16877593239051,29.783100538589213,5.3856753938012965
2016-11-11 12:00:00,36.71224061317636,33.674422418111824,3.0378181950645384
2016-11-11 13:00:00,31.750057468199458,35.455177667166105,-3.7051201989666467
2016-11-11 14:00:00,38.599804554701294,34.17082419984148,4.42898035485981
2016-11-11 15:00:00,38.80145722806181,36.44985151220578,2.3516057158560244
2016-11-11 16:00:00,35.65649431636936,36.685397593807785,-1.028903277438424
2016-11-11 17:00:00,34.409060799704896,35.4360163362434,-1.0269555365385017
2016-11-11 18:00:00,33.9116699126354,34.82626293572668,-0.9145930230912782
2016-11-11 19:00:00,39.74523919882427,35.0843280200836,4.660911178740669
2016-11-11 20:00:00,32.7351667392478,37.25718075402785,-4.522014014780048
2016-11-11 21:00:00,37.44264602038919,34.3243688844229,3.118277135966288
2016-11-11 22:00:00,38.253653172652186,36.17327218204765,2.0803809906045387
2016-11-11 23:00:00,35.3886010760711,35.463313465461795,-0.07471238939069735
2016-11-12 00:00:00,32.49335893435685,34.04873583059694,-1.555376896240091
2016-11-12 01:00:00,34.640316516056394,31.037608367186593,3.6027081488698016
2016-11-12 02:00:00,32.392532597676585,30.02325422601992,2.369278371656666
2016-11-12 03:00:00,27.46754405966755,26.553262648199166,0.9142814114683837
2016-11-12 04:00:00,21.8921369573144,23.17671411442761,-1.2845771571132119
2016-11-12 05:00:00,21.810714363740225,21.738740093993716,0.07197426974650867
2016-11-12 06:00:00,24.665185737531026,24.273868841897865,0.3913168956331603
2016-11-12 07:00:00,25.660084251308042,26.718683633052677,-1.058599381744635
2016-11-12 08:00:00,25.689394343886608,27.24542474959934,-1.5560304057127325
2016-11-12 09:00:00,28.05860951216482,27.641749641098553,0.41685987106626854
2016-11-12 10:00:00,32.25243108202048,29.670232336930095,2.582198745090384
2016-11-12 11:00:00,38.61504605247407,32.992780956522616,5.622265095951455
2016-11-12 12:00:00,36.88839338484862,37.94607457385325,-1.057681189004633
2016-11-12 13:00:00,38.59570104629279,37.86694418876921,0.7287568575235781
2016-11-12 14:00:00,38.78445729360297,37.946814903842856,0.8376423897601128
2016-11-12 15:00:00,43.86886280143411,38.0517195410014,5.817143260432715
2016-11-12 16:00:00,45.016056616454705,39.516302000210466,5.499754616244239
2016-11-12 17:00:00,45.87337342864933,39.904051117136696,5.969322311512634
2016-11-12 18:00:00,37.02497802713262,40.617113957829375,-3.592135930696756
2016-11-12 19:00:00,37.68621189486042,37.307247863986056,0.37896403087436425
2016-11-12 20:00:00,33.64700059529683,37.4017587575649,-3.754758162268068
2016-11-12 21:00:00,35.76787200737751,35.00690174003018,0.7609702673473322
2016-11-12 22:00:00,36.26379740817336,36.07154313225445,0.19225427591891275
2016-11-12 23:00:00,32.00651995227392,35.40971651106059,-3.403196558786668
2016-11-13 00:00:00,33.53884682724838,32.218966392145695,1.3198804351026823
2016-11-13 01:00:00,31.121651117081004,31.0253012070974,0.09634990998360493
2016-11-13 02:00:00,30.305660687407812,28.63012785910089,1.6755328283069204
2016-11-13 03:00:00,32.850061670733844,26.359802429793046,6.490259240940798
2016-11-13 04:00:00,21.99879660483838,25.86433572766926,-3.8655391228308815
2016-11-13 05:00:00,20.223079515508406,22.084799454860644,-1.8617199393522377
2016-11-13 06:00:00,24.455120835222502,23.365758662143662,1.0893621730788396
2016-11-13 07:00:00,26.253611882271567,27.038215807890392,-0.7846039256188249
2016-11-13 08:00:00,26.71199098876234,28.331725505210425,-1.6197345164480836
2016-11-13 09:00:00,26.79910023442114,28.69592662379249,-1.896826389371352
2016-11-13 10:00:00,28.898868628100534,29.978803895679548,-1.079935267579014
2016-11-13 11:00:00,29.05432886872982,32.37345765898076,-3.319128790250943
2016-11-13 12:00:00,31.643369186424643,33.454744116743235,-1.8113749303185926
2016-11-13 13:00:00,32.61968517272537,34.438060810267984,-1.8183756375426157
2016-11-13 14:00:00,40.60578066819015,34.581605411034424,6.024175257155726
2016-11-13 15:00:00,40.369542225087116,38.14788143164136,2.221660793445757
2016-11-13 16:00:00,37.932708741878926,37.97218093429003,-0.03947219241110389
2016-11-13 17:00:00,37.92626089595954,37.11208415239229,0.8141767435672449
2016-11-13 18:00:00,38.646993800081724,37.723296676015785,0.9236971240659386
2016-11-13 19:00:00,40.212440774972166,37.65540927254909,2.5570315024230723
2016-11-13 20:00:00,35.44135858192211,38.51280489011781,-3.0714463081957035
2016-11-13 21:00:00,39.21765900083318,36.03812377994348,3.179535220889697
2016-11-13 22:00:00,36.16766048072644,37.13019396999257,-0.9625334892661286
2016-11-13 23:00:00,33.3190216835678,34.93399073870179,-1.6149690551339901
2016-11-14 00:00:00,33.68451733758663,31.37965312042806,2.304864217158567
2016-11-14 01:00:00,36.00645552220299,30.57151685773302,5.434938664469971
2016-11-14 02:00:00,30.227403004539198,30.170605071289533,0.05679793324966553
2016-11-14 03:00:00,23.443925761661067,26.046030144643055,-2.602104382981988
2016-11-14 04:00:00,22.444132626519718,22.565032307248725,-0.12089968072900703
2016-11-14 05:00:00,22.903303029519215,21.98302843263993,0.9202745968792847
2016-11-14 06:00:00,27.298190821251893,24.67307581969132,2.625115001560573
2016-11-14 07:00:00,26.747807664185093,27.913586408165624,-1.1657787439805318
2016-11-14 08:00:00,27.544893155730737,28.23827941724245,-0.6933862615117121
2016-11-14 09:00:00,31.86407336489536,28.90057048078423,2.963502884111133
2016-11-14 10:00:00,32.95088837451988,31.23257454527859,1.7183138292412856
2016-11-14 11:00:00,29.98911271545547,33.06104721315423,-3.071934497698763
2016-11-14 12:00:00,28.308565229842202,32.36316358462034,-4.054598354778136
2016-11-14 13:00:00,31.443768083715486,30.93230719460139,0.5114608891140975
2016-11-14 14:00:00,33.07135230068806,32.62971058683916,0.4416417138489024
2016-11-14 15:00:00,35.03776028478866,34.11486026973962,0.9229000150490378
2016-11-14 16:00:00,38.30670436312718,34.91604269238188,3.3906616707453026
2016-11-14 17:00:00,34.41228472266459,36.616584349564015,-2.2042996268994273
2016-11-14 18:00:00,33.20647145669842,35.78279228759282,-2.576320830894403
2016-11-14 19:00:00,38.28941147825592,35.131660803824005,3.1577506744319166
2016-11-14 20:00:00,34.27980358878909,37.13150674026175,-2.8517031514726554
2016-11-14 21:00:00,35.162327719365344,35.37070748377521,-0.2083797644098695
2016-11-14 22:00:00,34.640316516056394,35.29642534235864,-0.6561088263022441
2016-11-14 23:00:00,40.27926724273475,33.83124437835963,6.448022864375119
2016-11-15 00:00:00,41.71047464706364,34.442085268565194,7.268389378498448
2016-11-15 01:00:00,32.225465694058585,33.48844540629321,-1.2629797122346247
2016-11-15 02:00:00,29.344878896907062,28.95871436148793,0.3861645354191303
2016-11-15 03:00:00,24.473029356486766,25.219507939616904,-0.7464785831301377
2016-11-15 04:00:00,25.195198378420194,22.191585876247306,3.0036125021728886
2016-11-15 05:00:00,22.23732138273906,23.053865591481337,-0.8165442087422754
2016-11-15 06:00:00,25.529830715305405,25.79185589207945,-0.2620251767740456
2016-11-15 07:00:00,26.361091644108,27.51162292484682,-1.150531280738818
2016-11-15 08:00:00,26.557292796635966,28.184181072826167,-1.6268882761902006
2016-11-15 09:00:00,28.565848424776004,28.67099662132348,-0.10514819654747498
2016-11-15 10:00:00,28.14410679634377,29.809091444258186,-1.664984647914416
2016-11-15 11:00:00,29.3410685912962,30.026838371526214,-0.6857697802300144
2016-11-15 12:00:00,34.0069276217393,30.39612555522487,3.610802066514431
2016-11-15 13:00:00,30.4741931690759,32.469748587302384,-1.995555418226484
2016-11-15 14:00:00,31.671799877107293,31.739850397908885,-0.06805052080159157
2016-11-15 15:00:00,32.250086010298034,32.297856200575275,-0.04777019027724094
2016-11-15 16:00:00,36.92503127590117,33.2292694598461,3.695761816055068
2016-11-15 17:00:00,37.41099122319396,35.68513860143165,1.7258526217623071
2016-11-15 18:00:00,37.11525300948499,36.408743374070546,0.7065096354144416
2016-11-15 19:00:00,35.18020687216721,36.62448348700022,-1.444276614833008
2016-11-15 20:00:00,34.26983813528604,36.306062296621285,-2.036224161335248
2016-11-15 21:00:00,34.51076635472818,35.41083765211261,-0.9000712973844287
2016-11-15 22:00:00,37.48573175736112,35.15770402206662,2.328027735294505
2016-11-15 23:00:00,36.21162580314718,35.28596576447574,0.9256600386714382
2016-11-16 00:00:00,33.131730922531254,33.911061618358,-0.7793306958267436
2016-11-16 01:00:00,30.870757444135798,31.639580410038167,-0.7688229659023698
2016-11-16 02:00:00,29.681943883187355,27.763935614592352,1.9180082685950026
2016-11-16 03:00:00,24.31507768938541,25.154932625681393,-0.839854936295982
2016-11-16 04:00:00,22.733978792460174,22.364799354307944,0.36917943815223
2016-11-16 05:00:00,22.107067846736427,22.233655953894658,-0.12658810715823066
2016-11-16 06:00:00,26.336646987984263,25.18513050240452,1.1515164855797444
2016-11-16 07:00:00,25.48747772147029,27.612864687605338,-2.1253869661350464
2016-11-16 08:00:00,26.81539661065267,28.0381653912783,-1.222768780625632
2016-11-16 09:00:00,26.910654136203675,28.37840929182006,-1.4677551556163841
2016-11-16 10:00:00,26.97742223414724,29.127560601965328,-2.150138367818087
2016-11-16 11:00:00,28.116438217260338,29.423807137678978,-1.3073689204186394
2016-11-16 12:00:00,30.584985051035666,29.96768308380655,0.6173019672291176
2016-11-16 13:00:00,34.72590172206965,31.51534912198734,3.210552600082309
2016-11-16 14:00:00,32.62789182243659,33.29864156145558,-0.6707497390189943
2016-11-16 15:00:00,29.860441772470285,33.197636199523295,-3.33719442705301
2016-11-16 16:00:00,33.093334961898435,32.29587125962298,0.7974637022754578
2016-11-16 17:00:00,31.951124057182255,34.375525809073245,-2.42440175189099
2016-11-16 18:00:00,32.53409996671211,34.084642079830004,-1.550542113117892
2016-11-16 19:00:00,32.57630648534102,34.76674945983829,-2.190442974497266
2016-11-16 20:00:00,34.406715727982444,34.60327713364916,-0.19656140566671354
2016-11-16 21:00:00,34.06408195351702,34.95701022900338,-0.8929282754863621
2016-11-16 22:00:00,36.7922564574017,34.253247156666085,2.5390093007356143
2016-11-16 23:00:00,37.75772850606789,35.036976758685604,2.7207517473822875
2016-11-17 00:00:00,36.20781524515109,34.238127293275056,1.9696879518760326
2016-11-17 01:00:00,34.43280189760132,31.66946783764003,2.7633340599612914
2016-11-17 02:00:00,29.92140657046764,28.77731071906,1.1440958514076378
2016-11-17 03:00:00,24.009784813541163,25.39860924372958,-1.3888244301884178
2016-11-17 04:00:00,22.664777884512752,22.257845043211244,0.40693284130150786
2016-11-17 05:00:00,20.661117474283945,22.026740452072488,-1.3656229777885436
2016-11-17 06:00:00,25.020159038578583,24.87807380565611,0.14208523292247222
2016-11-17 07:00:00,25.32791409288909,27.367503757646503,-2.0395896647574148
2016-11-17 08:00:00,25.267652577789708,27.967619713674555,-2.6999671358848474
2016-11-17 09:00:00,26.435978653481374,28.002745159505775,-1.5667665060244005
2016-11-17 10:00:00,30.167317516661313,28.809128941423626,1.358188575237687
2016-11-17 11:00:00,30.456314108050478,30.43904251531446,0.017271592736019414
2016-11-17 12:00:00,31.762953894249797,31.505782222992735,0.257171671257062
2016-11-17 13:00:00,33.103300048295715,32.493500086529245,0.6097999617664698
2016-11-17 14:00:00,32.92890571330951,33.71619134665101,-0.7872856333414973
2016-11-17 15:00:00,31.76969524124027,34.2157449762389,-2.446049734998631
2016-11-17 16:00:00,33.712948211822166,33.74617764807628,-0.03322943625411057
2016-11-17 17:00:00,31.715764832422252,34.435621147622896,-2.7198563152006443
2016-11-17 18:00:00,33.34100434477816,33.63150065505494,-0.29049631027677947
2016-11-17 19:00:00,32.27118945316538,34.57292531723564,-2.3017358640702597
2016-11-17 20:00:00,33.524191964511985,33.92487837859871,-0.4006864140867279
2016-11-17 21:00:00,34.177218448317,34.64624307176823,-0.46902462345123297
2016-11-17 22:00:00,31.421199338127394,34.457641375991415,-3.0364420378640204
2016-11-17 23:00:00,34.17135650322244,32.90323682059387,1.2681196826285728
2016-11-18 00:00:00,35.250843897925876,32.828556002300246,2.4222878956256295
2016-11-18 01:00:00,30.00376766996831,32.05660878265744,-2.0528411126891335
2016-11-18 02:00:00,28.11318474228536,28.17649867311285,-0.0633139308274906
2016-11-18 03:00:00,27.152461573988848,24.845173051443663,2.3072885225451856
2016-11-18 04:00:00,21.996334059266342,22.876311699415528,-0.8799776401491854
2016-11-18 05:00:00,20.9208330662276,22.373342395282208,-1.4525093290546067
2016-11-18 06:00:00,25.74719368051973,24.380258054830605,1.3669356256891234
2016-11-18 07:00:00,26.214541548320945,27.504166822902743,-1.2896252745817982
2016-11-18 08:00:00,27.019745859519954,28.24004004126711,-1.2202941817471569
2016-11-18 09:00:00,26.269087409979086,28.52615637902291,-2.257068969043825
2016-11-18 10:00:00,28.661926592354025,29.331122567631354,-0.6691959752773293
2016-11-18 11:00:00,29.117872946201214,31.011109509486733,-1.8932365632855195
2016-11-18 12:00:00,33.627655956221325,31.83530591584389,1.7923500403774355
2016-11-18 13:00:00,36.86553150529522,34.61006173793738,2.2554697673578445
2016-11-18 14:00:00,32.72695972243079,36.444901702605854,-3.7179419801750626
2016-11-18 15:00:00,34.081961106318886,34.5511215589087,-0.4691604525898114
2016-11-18 16:00:00,40.99736285893363,34.56326015626059,6.434102702673037
2016-11-18 17:00:00,41.935282884601534,37.43728578652726,4.497997098074272
2016-11-18 18:00:00,38.8161120907982,37.73468723415668,1.0814248566415188
2016-11-18 19:00:00,36.6260691392325,36.668799517809425,-0.04273037857692685
2016-11-18 20:00:00,34.40994001804792,35.54477423803709,-1.1348342199891732
2016-11-18 21:00:00,33.115317256003024,34.894023932436475,-1.7787066764334512
2016-11-18 22:00:00,33.08776596721629,33.78521665566701,-0.697450688450715
2016-11-18 23:00:00,30.538675207551147,32.56198165070082,-2.023306443149675
2016-11-19 00:00:00,31.74273003683126,30.67719972855295,1.065530308278312
2016-11-19 01:00:00,29.797718354233982,29.704774038682938,0.0929443155510441
2016-11-19 02:00:00,32.06836406039074,26.723930859518674,5.344433200872068
2016-11-19 03:00:00,26.84960132459557,26.308359223818613,0.5412421007769588
2016-11-19 04:00:00,20.074917091135724,23.47369131014398,-3.3987742190082564
2016-11-19 05:00:00,18.77223415458581,20.48938122988191,-1.7171470752961007
2016-11-19 06:00:00,23.6580648039157,22.85109275601754,0.8069720478981601
2016-11-19 07:00:00,24.47467068642901,26.133824042581494,-1.6591533561524834
2016-11-19 08:00:00,26.846318664711085,26.502533830072554,0.34378483463853016
2016-11-19 09:00:00,29.985888608942886,27.482708067528616,2.5031805414142703
2016-11-19 10:00:00,27.18827843296449,30.258740010497572,-3.070461577533081
2016-11-19 11:00:00,33.50455400791828,30.593004660351994,2.911549347566286
2016-11-19 12:00:00,35.91852561157307,34.44420799655358,1.474317615019487
2016-11-19 13:00:00,35.529289226763595,36.718767509207034,-1.1894782824434387
2016-11-19 14:00:00,39.42429476805101,36.58261335963436,2.8416814084166546
2016-11-19 15:00:00,37.13078745767019,37.766873600521315,-0.6360861428511271
2016-11-19 16:00:00,37.52324849965092,36.51815129783197,1.0050972018189483
2016-11-19 17:00:00,39.4732424501175,36.82867849025562,2.644563959861884
2016-11-19 18:00:00,35.93816356816677,37.7499776793668,-1.8118141112000288
2016-11-19 19:00:00,32.21667277641674,36.49758750046118,-4.280914724044436
2016-11-19 20:00:00,33.04878373865286,34.63533391167346,-1.5865501730206049
2016-11-19 21:00:00,34.033013424252395,34.0779104611427,-0.044897036890304776
2016-11-19 22:00:00,38.755147568130184,33.56764480726388,5.187502760866302
2016-11-19 23:00:00,39.90322023438802,34.89991071835548,5.0033095160325445
2016-11-20 00:00:00,36.09116150987322,34.365631206985725,1.725530302887492
2016-11-20 01:00:00,30.497934266972326,31.888075169079865,-1.3901409021075395
2016-11-20 02:00:00,27.433339345724647,27.569621554030245,-0.13628220830559812
2016-11-20 03:00:00,24.642382594902422,24.594539044653487,0.04784355024893472
2016-11-20 04:00:00,21.491557738115418,22.273837027566874,-0.7822792894514556
2016-11-20 05:00:00,19.52860789046214,21.02900274219319,-1.5003948517310484
2016-11-20 06:00:00,23.903946381646975,23.370966791844094,0.5329795898028813
2016-11-20 07:00:00,24.97537323473961,26.21545356144698,-1.2400803267073712
2016-11-20 08:00:00,25.14798013168314,27.154489160395922,-2.006509028712781
2016-11-20 09:00:00,27.042549002148558,27.65664713016336,-0.6140981280148026
2016-11-20 10:00:00,28.03501498125105,29.330818894670944,-1.2958039134198955
2016-11-20 11:00:00,30.383918370276422,30.616202808799844,-0.23228443852342195
2016-11-20 12:00:00,34.23320061133927,32.967654646149775,1.2655459651894958
2016-11-20 13:00:00,34.82672805874991,35.51598629224623,-0.6892582334963251
2016-11-20 14:00:00,39.75901521032342,35.51308481052994,4.24593039979348
2016-11-20 15:00:00,36.920927767492664,37.9045801180689,-0.9836523505762358
2016-11-20 16:00:00,36.7734980862568,36.00280649075009,0.7706915955067117
2016-11-20 17:00:00,39.317019851239806,36.68664893504312,2.6303709161966893
2016-11-20 18:00:00,41.03487960122342,37.950917433302614,3.0839621679208093
2016-11-20 19:00:00,38.81933674796946,38.43124989372566,0.3880868542437952
2016-11-20 20:00:00,38.09479328585118,37.3676127805468,0.727180505304382
2016-11-20 21:00:00,37.57454051922829,36.81531118985817,0.7592293293701218
2016-11-20 22:00:00,37.88493359567366,36.3024604994454,1.5824730962282558
2016-11-20 23:00:00,38.47846141019008,36.10411985443178,2.374341555758299
2016-11-21 00:00:00,34.193339164432814,34.44123541868456,-0.24789625425174933
2016-11-21 01:00:00,33.3272287003848,31.45278628193763,1.8744424184471704
2016-11-21 02:00:00,28.32160817698697,28.88959404090725,-0.5679858639202813
2016-11-21 03:00:00,24.640741264960177,24.84408091174825,-0.20333964678807348
2016-11-21 04:00:00,25.36455161683585,22.343885338023068,3.020666278812783
2016-11-21 05:00:00,22.70710150988547,23.33165918519102,-0.6245576753055495
2016-11-21 06:00:00,28.98187455033773,25.321118536611767,3.660756013725962
2016-11-21 07:00:00,29.568807296610924,28.125678040301068,1.443129256309856
2016-11-21 08:00:00,28.2572727513826,29.2293353889323,-0.9720626375496977
2016-11-21 09:00:00,29.330223896506002,29.531015274698394,-0.2007913781923918
2016-11-21 10:00:00,31.004411113872514,30.718752278826987,0.2856588350455276
2016-11-21 11:00:00,29.306717287426533,32.49604266116132,-3.1893253737347855
2016-11-21 12:00:00,28.482813181398644,32.29659867972598,-3.813785498327338
2016-11-21 13:00:00,32.77004545940273,31.27749314963347,1.492552309769259
2016-11-21 14:00:00,34.42928465712343,33.146681060683335,1.2826035964400972
2016-11-21 15:00:00,33.63146651421741,34.59914756073028,-0.9676810465128725
2016-11-21 16:00:00,40.973621393931424,34.26588330471842,6.707738089213002
2016-11-21 17:00:00,36.035179346850946,37.82422237599382,-1.7890430291428743
2016-11-21 18:00:00,42.90251263574223,36.257790578664306,6.644722057077921
2016-11-21 19:00:00,51.04014058663981,38.74852962986607,12.291610956773738
2016-11-21 20:00:00,44.80443775537957,41.11928138057065,3.685156374808919
2016-11-21 21:00:00,39.636205845327005,39.406582648379036,0.22962319694796918
2016-11-21 22:00:00,37.03963288986901,37.45453217133306,-0.4148992814640451
2016-11-21 23:00:00,32.577185703684044,35.66848105429693,-3.0912953506128886
2016-11-22 00:00:00,30.200730934095493,32.61383497501577,-2.4131040409202775
2016-11-22 01:00:00,29.06165636893035,29.45907515343747,-0.39741878450712065
2016-11-22 02:00:00,30.821223677691588,27.106091387491748,3.71513229019984
2016-11-22 03:00:00,25.96945145065128,26.006020876475862,-0.036569425824581
2016-11-22 04:00:00,21.45084570711677,23.091095134682604,-1.6402494275658341
2016-11-22 05:00:00,21.485871269583686,22.271765694387692,-0.7858944248040061
2016-11-22 06:00:00,25.58030262057033,25.232830942583565,0.34747167798676415
2016-11-22 07:00:00,26.902505856311468,27.397067397950433,-0.4945615416389657
2016-11-22 08:00:00,26.852034134599432,28.092318266198987,-1.2402841315995552
2016-11-22 09:00:00,28.876065451055766,28.650547483324633,0.22551796773113253
2016-11-22 10:00:00,35.78340645556271,29.768455958638683,6.01495049692403
2016-11-22 11:00:00,34.554731310043145,32.919153364711725,1.6355779453314199
2016-11-22 12:00:00,40.00580500775434,33.2302426572688,6.7755623504855365
2016-11-22 13:00:00,37.5909545528623,36.03015268977441,1.5608018630878888
2016-11-22 14:00:00,39.68808449994078,35.82471234134476,3.8633721585960217
2016-11-22 15:00:00,34.6485235328734,37.08377735991038,-2.4352538270369806
2016-11-22 16:00:00,34.78598739350043,35.67559507483838,-0.8896076813379494
2016-11-22 17:00:00,39.75256663019247,36.51041931589425,3.2421473142982222
2016-11-22 18:00:00,38.05024206260561,38.13899967440077,-0.08875761179515962
2016-11-22 19:00:00,37.55343781057251,38.415749953483775,-0.8623121429112643
2016-11-22 20:00:00,35.31767036568846,38.23185883670694,-2.914188471018484
2016-11-22 21:00:00,33.898773486585064,36.99806525766584,-3.099291771080779
2016-11-22 22:00:00,40.03745980494958,35.675666048622496,4.361793756327081
2016-11-22 23:00:00,36.305417658871654,36.943758810160546,-0.6383411512888912
2016-11-23 00:00:00,28.283329323097963,33.200390961296186,-4.9170616381982235
2016-11-23 01:00:00,30.133904099227134,27.59573449177891,2.538169607448225
2016-11-23 02:00:00,24.72052289569789,26.20473027924547,-1.4842073835475809
2016-11-23 03:00:00,20.823113912869008,23.474592310096625,-2.651478397227617
2016-11-23 04:00:00,19.951961618038887,21.318740489559968,-1.3667788715210811
2016-11-23 05:00:00,20.14247703624668,21.95862715618253,-1.8161501199358483
2016-11-23 06:00:00,25.84652516246395,25.06092050648893,0.7856046559750212
2016-11-23 07:00:00,27.420325629377608,27.5460402083324,-0.125714578954792
2016-11-23 08:00:00,26.18605230426639,28.457555699541796,-2.2715033952754062
2016-11-23 09:00:00,27.268060247255093,28.682431117437417,-1.4143708701823243
2016-11-23 10:00:00,26.994510090440382,29.431396899587128,-2.4368868091467455
2016-11-23 11:00:00,29.703926406733057,29.970535526309064,-0.26660911957600675
2016-11-23 12:00:00,30.773741481898735,30.88364885307381,-0.10990737117507621
2016-11-23 13:00:00,30.217730685001445,32.01722316602612,-1.799492481024675
2016-11-23 14:00:00,30.573554111258964,32.06497806022919,-1.4914239489702226
2016-11-23 15:00:00,28.04152183942457,32.91450972133229,-4.872987881907719
2016-11-23 16:00:00,28.601665237863422,31.560520937553957,-2.9588556996905346
2016-11-23 17:00:00,29.978561085798244,31.701104279546268,-1.7225431937480238
2016-11-23 18:00:00,29.4767738775725,32.313129697735214,-2.836355820162712
2016-11-23 19:00:00,26.833304948364045,32.35839653251454,-5.525091584150495
2016-11-23 20:00:00,24.86302822000124,30.44913394728435,-5.586105727283108
2016-11-23 21:00:00,26.934248575341005,27.986565767649463,-1.0523171923084575
2016-11-23 22:00:00,31.177047012172665,27.85892980293053,3.3181172092421356
2016-11-23 23:00:00,29.9067516159548,30.32547466739899,-0.4187230514441893
2016-11-24 00:00:00,26.650117512183115,28.608761537902947,-1.9586440257198312
2016-11-24 01:00:00,24.627727365060252,24.89460054076457,-0.266873175704319
2016-11-24 02:00:00,22.148599992047526,22.4722694490255,-0.32366945697797433
2016-11-24 03:00:00,22.51576597736522,20.642702224674725,1.873063752690495
2016-11-24 04:00:00,21.520867463588203,20.242796032739026,1.2780714308491774
2016-11-24 05:00:00,20.79951929017879,21.87165563637551,-1.0721363461967215
2016-11-24 06:00:00,25.36698442683971,24.050730935658837,1.3162534911808734
2016-11-24 07:00:00,25.56239409930606,26.630335956045148,-1.0679418567390861
2016-11-24 08:00:00,25.42478376347283,27.241966123677656,-1.817182360204825
2016-11-24 09:00:00,25.75372963182631,27.13994595900093,-1.386216327174619
2016-11-24 10:00:00,26.767357515391602,27.65185514545667,-0.8844976300650664
2016-11-24 11:00:00,29.325534303719778,28.332829116961452,0.9927051867583252
2016-11-24 12:00:00,28.08223341154099,29.508677170964607,-1.4264437594236163
2016-11-24 13:00:00,29.470325710435556,29.446783721536537,0.023541988899019373
2016-11-24 14:00:00,29.67139229941835,29.992106432498975,-0.32071413308062446
2016-11-24 15:00:00,31.447285140640485,30.417059609366902,1.030225531273583
2016-11-24 16:00:00,38.204705490585695,31.240088558159457,6.964616932426239
2016-11-24 17:00:00,35.34463575365035,33.9429826896123,1.401653064038051
2016-11-24 18:00:00,29.901182713049103,32.99155384426877,-3.090371131219669
2016-11-24 19:00:00,27.186637103022246,31.135529719349574,-3.9488926163273277
2016-11-24 20:00:00,24.558526457112826,28.629794794733982,-4.071268337621156
2016-11-24 21:00:00,23.667825045287756,26.115651143971352,-2.4478260986835956
2016-11-24 22:00:00,24.162841492172404,24.773238184384212,-0.6103966922118076
2016-11-24 23:00:00,22.871589495399185,24.148666314321833,-1.277076818922648
2016-11-25 00:00:00,22.0867265154683,22.417006935700567,-0.3302804202322669
2016-11-25 01:00:00,20.356615711395534,21.05671115225375,-0.7000954408582167
2016-11-25 02:00:00,20.381851296922214,19.851741740107137,0.5301095568150771
2016-11-25 03:00:00,19.537547650415963,19.70422615611876,-0.16667850570279796
2016-11-25 04:00:00,19.563604084466657,20.085464774405814,-0.5218606899391567
2016-11-25 05:00:00,19.263176461524353,20.87444631408218,-1.6112698525578288
2016-11-25 06:00:00,24.568286698484883,22.663544531460648,1.904742167024235
2016-11-25 07:00:00,25.36698442683971,25.7070366522761,-0.3400522254363878
2016-11-25 08:00:00,24.642382594902422,26.494069839209573,-1.8516872443071506
2016-11-25 09:00:00,24.67984060026742,26.322962202271437,-1.643121602004019
2016-11-25 10:00:00,25.797694587141272,26.595112340009937,-0.7974177528686646
2016-11-25 11:00:00,27.443920252067826,27.59343607308266,-0.14951582101483396
2016-11-25 12:00:00,26.030533447168892,28.893129309720553,-2.862595862551661
2016-11-25 13:00:00,30.081146134493892,28.590136043754324,1.491010090739568
2016-11-25 14:00:00,30.56388179172121,30.229831340441365,0.3340504512798468
2016-11-25 15:00:00,28.25730202806855,30.856853863378117,-2.5995518353095655
2016-11-25 16:00:00,29.044597949931937,30.036679009064084,-0.992081059132147
2016-11-25 17:00:00,30.742965903046528,30.113236762730324,0.6297291403162042
2016-11-25 18:00:00,29.657616609136763,30.429488388541785,-0.7718717794050214
2016-11-25 19:00:00,29.104829999056445,29.47015301393421,-0.3653230148777631
2016-11-25 20:00:00,24.668439028953117,28.155136076508963,-3.4866970475558468
2016-11-25 21:00:00,25.251385753573466,25.145165348115224,0.10622040545824163
2016-11-25 22:00:00,24.514561501797868,23.87769501442712,0.6368664873707495
2016-11-25 23:00:00,25.947498157903308,23.111900610025202,2.8355975478781055
2016-11-26 00:00:00,24.19783768617692,23.26154039042508,0.9362972957518423
2016-11-26 01:00:00,21.280701722851056,21.77051774925665,-0.4898160264055953
2016-11-26 02:00:00,20.122135704978554,19.983752244372706,0.13838346060584783
2016-11-26 03:00:00,19.348673929256194,19.459454461528924,-0.11078053227273088
2016-11-26 04:00:00,19.458586868202264,19.57175432225636,-0.11316745405409634
2016-11-26 05:00:00,19.298202023991266,20.276027916365006,-0.9778258923737404
2016-11-26 06:00:00,24.37615968590302,22.414446495253866,1.961713190649153
2016-11-26 07:00:00,24.813347794797927,25.08031849827113,-0.26697070347320206
2016-11-26 08:00:00,26.338288501479397,25.512090328488366,0.826198172991031
2016-11-26 09:00:00,25.93609658658901,26.25399685386616,-0.3179002672771496
2016-11-26 10:00:00,28.715681134559325,26.89868673251385,1.8169944020454771
2016-11-26 11:00:00,26.935069240312128,28.617729878571343,-1.6826606382592146
2016-11-26 12:00:00,29.235962948427055,28.675675101511825,0.5602878469152301
2016-11-26 13:00:00,28.87199135699788,29.699909363207794,-0.827918006209913
2016-11-26 14:00:00,31.182615823301916,29.93456877345464,1.2480470498472762
2016-11-26 15:00:00,37.96201920156328,30.780178651158355,7.1818405504049245
2016-11-26 16:00:00,34.6370925930967,33.66687092984925,0.9702216632474503
2016-11-26 17:00:00,34.18190822465611,32.64958703982125,1.5323211848348635
2016-11-26 18:00:00,32.088001833431555,32.67325098431957,-0.5852491508880178
2016-11-26 19:00:00,28.704279540300913,31.281446282336855,-2.577166742035942
2016-11-26 20:00:00,27.657238445798445,29.443276025808927,-1.7860375800104826
2016-11-26 21:00:00,26.865868332364705,27.626283413404128,-0.7604150810394223
2016-11-26 22:00:00,26.440873458398602,26.007210788677337,0.4336626697212651
2016-11-26 23:00:00,29.896199986297574,24.788146105371595,5.108053880925979
2016-11-27 00:00:00,25.537978995197612,25.9075350226958,-0.36955602749818794
2016-11-27 01:00:00,23.03683922540634,23.255864935066743,-0.21902570966040358
2016-11-27 02:00:00,22.378185009994386,21.17329954270279,1.2048854672915965
2016-11-27 03:00:00,21.669058522211724,20.474341640288106,1.1947168819236182
2016-11-27 04:00:00,20.10097352518642,20.454824828601794,-0.3538513034153752
2016-11-27 05:00:00,19.790756659515438,20.89795307612239,-1.1071964166069534
2016-11-27 06:00:00,25.124356140530526,23.137521167146478,1.986834973384049
2016-11-27 07:00:00,25.232656750890968,25.67225295133389,-0.4395962004429208
2016-11-27 08:00:00,25.389787569468314,26.28753533200272,-0.8977477625344044
2016-11-27 09:00:00,27.902299358558597,26.735336224259367,1.1669631342992304
2016-11-27 10:00:00,27.837993163751957,28.296642796610417,-0.45864963285846017
2016-11-27 11:00:00,27.107675953702767,29.083515367117126,-1.9758394134143593
2016-11-27 12:00:00,29.036449770420216,29.294758084344465,-0.2583083139242497
2016-11-27 13:00:00,31.59617994104421,30.133469032989648,1.4627109080545608
2016-11-27 14:00:00,38.70326891351641,31.45179479041023,7.251474123106181
2016-11-27 15:00:00,33.61710460189343,35.12566400853961,-1.508559406646178
2016-11-27 16:00:00,36.17410906085739,33.03156182756573,3.1425472332916584
2016-11-27 17:00:00,42.52734521284431,34.497947387997414,8.029397824846896
2016-11-27 18:00:00,37.2530101876302,37.58899322904852,-0.3359830414183165
2016-11-27 19:00:00,42.11583138088315,34.82229085118741,7.29354052969574
2016-11-27 20:00:00,37.48983453155807,36.804968351613304,0.6848661799447626
2016-11-27 21:00:00,40.10428700692371,34.49164418175533,5.612642825168379
2016-11-27 22:00:00,36.40946791851161,35.12967647471468,1.279791443796931
2016-11-27 23:00:00,35.618977574079565,32.60617488462662,3.012802689452947
2016-11-28 00:00:00,42.98721862341245,30.940699737501944,12.046518885910508
2016-11-28 01:00:00,31.77702267260847,32.931044838689395,-1.1540221660809244
2016-11-28 02:00:00,27.195605864332688,26.807610786533882,0.3879950777988057
2016-11-28 03:00:00,23.817628432496903,23.251426503818312,0.5662019286785913
2016-11-28 04:00:00,21.878302943102018,22.25046646177103,-0.3721635186690122
2016-11-28 05:00:00,21.05108660223024,22.93909988122985,-1.8880132789996118
2016-11-28 06:00:00,26.491345180110635,25.12993645430755,1.3614087258030843
2016-11-28 07:00:00,25.074705083789613,27.084882875890965,-2.010177792101352
2016-11-28 08:00:00,26.61022651326137,27.33236084369859,-0.7221343304372212
2016-11-28 09:00:00,27.819264069293016,28.325965110752247,-0.5067010414592303
2016-11-28 10:00:00,28.490111381969108,29.502441867819766,-1.0123304858506579
2016-11-28 11:00:00,28.950952500581334,30.209514444651717,-1.258561944070383
2016-11-28 12:00:00,38.01917316623521,30.8511354719396,7.168037694295613
2016-11-28 13:00:00,31.28021823702248,34.823102522066925,-3.542884285044444
2016-11-28 14:00:00,28.26134679955226,33.09261965628616,-4.8312728567339
2016-11-28 15:00:00,28.98676931940478,31.374606027796442,-2.3878367083916636
2016-11-28 16:00:00,30.645070538913547,31.733343631511804,-1.088273092598257
2016-11-28 17:00:00,30.782827533505877,33.2055554054088,-2.422727871902925
2016-11-28 18:00:00,32.0097440587865,33.114305145367645,-1.1045610865811426
2016-11-28 19:00:00,36.511466791053095,33.896768599552054,2.6146981915010414
2016-11-28 20:00:00,31.456957460178238,36.61336605555961,-5.156408595381372
2016-11-28 21:00:00,29.484101400717144,32.961947558510055,-3.4778461577929107
2016-11-28 22:00:00,32.43649755299155,32.0710636033359,0.365433949655646
2016-11-28 23:00:00,33.134954845490945,32.13188951297983,1.0030653325111132
2016-11-29 00:00:00,30.878964277399913,30.61313004164505,0.26583423575486265
2016-11-29 01:00:00,28.774271813589397,28.75174638074731,0.02252543284208741
2016-11-29 02:00:00,26.32281279021899,25.719034770482853,0.6037780197361364
2016-11-29 03:00:00,22.22105419141704,22.74684376978203,-0.5257895783649893
2016-11-29 04:00:00,20.88091324950213,20.999402268942667,-0.11848901944053836
2016-11-29 05:00:00,20.85406533538982,21.348526473597968,-0.4944611382081483
2016-11-29 06:00:00,25.849778820991823,24.356595762308277,1.4931830586835453
2016-11-29 07:00:00,27.091408945933637,27.024651922347772,0.06675702358586477
2016-11-29 08:00:00,27.352736866462923,27.675766488658557,-0.3230296221956337
2016-11-29 09:00:00,29.00388636006968,28.10579939998037,0.8980869600893087
2016-11-29 10:00:00,31.068599926606012,28.924332811543607,2.144267115062405
2016-11-29 11:00:00,30.678777090313034,30.14314028562623,0.5356368046868027
2016-11-29 12:00:00,35.55215037210543,30.843561513744078,4.708588858361352
2016-11-29 13:00:00,28.948519770881862,33.47367625129065,-4.525156480408786
2016-11-29 14:00:00,32.33713670258493,31.104702179733433,1.232434522851495
2016-11-29 15:00:00,31.93734841278889,31.971112538611532,-0.033764125822642654
2016-11-29 16:00:00,35.15412106965412,31.941606044440686,3.212515025213431
2016-11-29 17:00:00,33.041455940178885,33.54418503476351,-0.5027290945846232
2016-11-29 18:00:00,32.29375801520058,33.37480187722679,-1.0810438620262062
2016-11-29 19:00:00,35.12305217328372,33.013061715337045,2.1099904579466724
2016-11-29 20:00:00,33.74313752274376,34.791068626969576,-1.0479311042258175
2016-11-29 21:00:00,34.23173512506563,34.03330564045325,0.19842948461238308
2016-11-29 22:00:00,38.49047825079161,33.22435012002591,5.266128130765701
2016-11-29 23:00:00,34.37242327575813,34.47297048967702,-0.10054721391888677
2016-11-30 00:00:00,34.91055482807711,31.62055007469461,3.290004753382501
2016-11-30 01:00:00,32.18882817011182,29.718958225921185,2.469869944190634
2016-11-30 02:00:00,30.857568067673043,26.799596806172847,4.057971261500196
2016-11-30 03:00:00,25.76184854325612,24.56200405016648,1.1998444930896426
2016-11-30 04:00:00,22.80400054893161,22.913645378289704,-0.10964482935809272
2016-11-30 05:00:00,23.207833793764244,23.14963932894328,0.05819446482096424
2016-11-30 06:00:00,26.813755280710424,26.4346037199668,0.379151560743626
2016-11-30 07:00:00,27.862408451413298,28.226742215638524,-0.36433376422522556
2016-11-30 08:00:00,28.369647272248038,28.78313421747215,-0.4134869452241112
2016-11-30 09:00:00,27.86158769466573,29.275237711540885,-1.413650016875156
2016-11-30 10:00:00,29.83025246154869,29.784146407660273,0.04610605388841549
2016-11-30 11:00:00,28.416044991678636,30.548029888812778,-2.131984897134142
2016-11-30 12:00:00,30.62074317308651,30.42727763164658,0.1934655414399309
2016-11-30 13:00:00,31.58386978292448,31.666249666004223,-0.0823798830797422
2016-11-30 14:00:00,32.87350981821785,32.2931948749341,0.5803149432837458
2016-11-30 15:00:00,30.22828231465867,33.322900767976144,-3.094618453317473
2016-11-30 16:00:00,33.20412675208175,32.29362530646112,0.910501445620632
2016-11-30 17:00:00,36.014662539019994,34.00231689551148,2.0123456435085174
2016-11-30 18:00:00,35.73533835894503,35.311739894181635,0.42359846476339413
2016-11-30 19:00:00,37.3060613781052,35.70985693491436,1.5962044431908353
2016-11-30 20:00:00,35.31942953658607,36.35944461650981,-1.0400150799237409
2016-11-30 21:00:00,36.67648230757263,35.5012441807028,1.1752381268698286
2016-11-30 22:00:00,34.914072068555,35.346293848089886,-0.43222177953488483
2016-11-30 23:00:00,34.2496142778675,34.47362650770582,-0.2240122298383227
2016-12-01 00:00:00,36.12135082079481,32.58301534346996,3.53833547732485
2016-12-01 01:00:00,34.72091899531812,31.46233574340769,3.2585832519104336
2016-12-01 02:00:00,31.82597035467496,28.696922839894807,3.1290475147801544
2016-12-01 03:00:00,27.00509099678356,26.125408937971542,0.8796820588120191
2016-12-01 04:00:00,24.428243552647793,23.69857737410723,0.7296661785405618
2016-12-01 05:00:00,21.86443956042724,23.262542222098613,-1.3981026616713734
2016-12-01 06:00:00,25.447586906101435,25.356194576123432,0.09139232997800306
2016-12-01 07:00:00,25.689394343886608,27.864533489108876,-2.1751391452222677
2016-12-01 08:00:00,29.863665878982868,28.545930817706374,1.317735061276494
2016-12-01 09:00:00,28.36314045996274,29.45431850648612,-1.0911780465233818
2016-12-01 10:00:00,27.039295710726467,30.075108774020805,-3.035813063294338
2016-12-01 11:00:00,28.248333174981667,30.21313601965149,-1.9648028446698227
2016-12-01 12:00:00,28.549552048544477,30.650978494599197,-2.1014264460547203
2016-12-01 13:00:00,29.609548191301524,31.383046523889504,-1.7734983325879803
2016-12-01 14:00:00,29.21966657219553,31.93888884982594,-2.7192222776304114
2016-12-01 15:00:00,29.68135770703319,32.17352218409035,-2.4921644770571625
2016-12-01 16:00:00,34.12240882115596,32.48784017198226,1.6345686491736942
2016-12-01 17:00:00,37.11525300948499,34.59911390936711,2.5161391001178757
2016-12-01 18:00:00,39.45301859269897,36.261665747277675,3.1913528454212923
2016-12-01 19:00:00,37.93446717856499,37.49362306320736,0.4408441153576277
2016-12-01 20:00:00,33.9304282837803,37.19825880791958,-3.2678305241392778
2016-12-01 21:00:00,32.43063560789699,35.128465392746556,-2.697829784849567
2016-12-01 22:00:00,37.56574760158646,33.45175697701162,4.113990624574839
2016-12-01 23:00:00,35.5328061001357,34.10203175825858,1.4307743418771182
2016-12-02 00:00:00,34.32845832044317,32.393238236169985,1.9352200842731833
2016-12-02 01:00:00,32.6815292808422,30.71191322051474,1.969616060327457
2016-12-02 02:00:00,32.45906648213253,28.260139327457647,4.19892715467488
2016-12-02 03:00:00,26.672099989840596,26.514441456704546,0.1576585331360505
2016-12-02 04:00:00,23.477309994185738,23.799794800811753,-0.3224848066260151
2016-12-02 05:00:00,24.60087945094794,22.878790275273293,1.7220891756746468
2016-12-02 06:00:00,26.582528565715542,25.985948511375863,0.5965800543396789
2016-12-02 07:00:00,27.53917768584239,28.45939296454606,-0.9202152787036688
2016-12-02 08:00:00,26.559754791549334,28.95556067523279,-2.3958058836834546
2016-12-02 09:00:00,25.958079064246487,29.025449419911297,-3.06737035566481
2016-12-02 10:00:00,25.629953677311242,29.32409882834365,-3.6941451510324086
2016-12-02 11:00:00,27.706918871001754,29.6881482920864,-1.9812294210846453
2016-12-02 12:00:00,30.132438612953496,30.908621162571958,-0.7761825496184613
2016-12-02 13:00:00,34.63885102978276,32.57820332090612,2.060647708876637
2016-12-02 14:00:00,31.958451672103344,34.86730181323811,-2.9088501411347636
2016-12-02 15:00:00,31.68176514705746,34.27965919384897,-2.5978940467915095
2016-12-02 16:00:00,33.90199777665054,34.15294382335369,-0.2509460467031488
2016-12-02 17:00:00,36.29867612832829,35.067238267077265,1.231437861251024
2016-12-02 18:00:00,34.313803090601,36.20001718417297,-1.8862140935719722
2016-12-02 19:00:00,33.352435284554865,36.009440581668514,-2.657005297113649
2016-12-02 20:00:00,35.81535420317036,35.66117907559615,0.15417512757420582
2016-12-02 21:00:00,33.12440349116306,35.416020818620005,-2.2916173274569474
2016-12-02 22:00:00,34.72033272738751,33.16630445541443,1.554028271973074
2016-12-02 23:00:00,34.78276310343495,33.378818198012546,1.4039449054224065
2016-12-03 00:00:00,35.87954338300963,32.76327835382336,3.1162650291862732
2016-12-03 01:00:00,30.54922674543193,31.726587233184357,-1.177360487752427
2016-12-03 02:00:00,29.589324287994767,27.566456735101127,2.02286755289364
2016-12-03 03:00:00,24.80848217479021,24.98502860622719,-0.17654643143697868
2016-12-03 04:00:00,20.41602737661428,21.970036314349613,-1.5540089377353326
2016-12-03 05:00:00,19.504193153459468,20.859899135707913,-1.3557059822484447
2016-12-03 06:00:00,24.43803316248225,23.70551714177178,0.7325160207104702
2016-12-03 07:00:00,25.38084780951449,26.258084393173238,-0.8772365836587497
2016-12-03 08:00:00,24.916753416688255,26.625267448909696,-1.7085140322214407
2016-12-03 09:00:00,26.7331528014487,26.498880638087485,0.23427216336121504
2016-12-03 10:00:00,29.511945915245626,28.083409954973646,1.4285359602719794
2016-12-03 11:00:00,34.37242327575813,30.616141624503182,3.756281651254948
2016-12-03 12:00:00,40.22240622847523,34.171629874659935,6.050776353815294
2016-12-03 13:00:00,40.11307992456555,37.71978176054116,2.3932981640243867
2016-12-03 14:00:00,41.196084559746865,38.383376607908545,2.81270795183832
2016-12-03 15:00:00,35.49675484411955,38.853977094104586,-3.3572222499850355
2016-12-03 16:00:00,45.15293420915112,35.927858664185834,9.225075544965286
2016-12-03 17:00:00,41.45577078322813,40.00693251197322,1.448838271254914
2016-12-03 18:00:00,36.33472738434445,38.85769783355318,-2.522970449208735
2016-12-03 19:00:00,34.51486986313668,37.01343034771789,-2.498560484581212
2016-12-03 20:00:00,40.34287052174919,36.18549888478673,4.157371636962459
2016-12-03 21:00:00,42.40336331198668,38.425809875540885,3.9775534364457954
2016-12-03 22:00:00,37.500386620097515,38.074040551372306,-0.5736539312747908
2016-12-03 23:00:00,34.468559836099274,35.31881010676667,-0.8502502706673951
2016-12-04 00:00:00,36.98101343892344,32.77317852368188,4.207834915241563
2016-12-04 01:00:00,34.317027380666474,32.93459891211387,1.3824284685526038
2016-12-04 02:00:00,30.411469842616043,29.80480698329231,0.606662859323734
2016-12-04 03:00:00,26.964379332890694,26.2688012510236,0.6955780818670938
2016-12-04 04:00:00,22.03947853316307,23.294108302063687,-1.2546297689006174
2016-12-04 05:00:00,20.024445185870796,21.755343064735825,-1.7308978788650293
2016-12-04 06:00:00,25.67720129251069,24.232239168817888,1.4449621236928039
2016-12-04 07:00:00,26.01262492590463,27.197759582167325,-1.1851346562626972
2016-12-04 08:00:00,25.343389804149492,27.895774145096084,-2.552384340946592
2016-12-04 09:00:00,25.133324901840968,28.119945652954687,-2.986620751113719
2016-12-04 10:00:00,30.65562207679433,28.97751082176951,1.6781112550248203
2016-12-04 11:00:00,37.14221839744688,32.68482778745952,4.457390609987364
2016-12-04 12:00:00,34.129150351699316,37.37508020158575,-3.245929849886437
2016-12-04 13:00:00,34.00780684008233,36.22479266378876,-2.2169858237064304
2016-12-04 14:00:00,36.026973064245496,35.532484760209634,0.49448830403586186
2016-12-04 15:00:00,36.94701357000576,36.696762209806906,0.2502513601988525
2016-12-04 16:00:00,35.159983014748676,37.03178710513949,-1.8718040903908175
2016-12-04 17:00:00,38.70473439979005,37.00800476902712,1.6967296307629312
2016-12-04 18:00:00,39.132953747374515,37.782261940606084,1.350691806768431
2016-12-04 19:00:00,40.01694299711862,38.14944579173841,1.8674972053802108
2016-12-04 20:00:00,40.368956324262285,38.77174539939136,1.5972109248709287
2016-12-04 21:00:00,38.408410285256245,38.74854113251384,-0.3401308472575977
2016-12-04 22:00:00,37.46550716573103,37.762118846459146,-0.2966116807281125
2016-12-04 23:00:00,37.911606033223144,36.271697279821126,1.6399087534020182
2016-12-05 00:00:00,34.38971616062939,34.217190761169014,0.17252539946037615
2016-12-05 01:00:00,34.41550901273006,32.164253313804785,2.251255698925277
2016-12-05 02:00:00,28.269494987668025,29.711164899078017,-1.441669911409992
2016-12-05 03:00:00,24.175855392072332,25.497295231344022,-1.3214398392716902
2016-12-05 04:00:00,24.640741264960177,22.223195886537383,2.417545378422794
2016-12-05 05:00:00,22.555686528302253,22.99070834598956,-0.4350218176873071
2016-12-05 06:00:00,27.235496863254433,25.494789612027137,1.7407072512272954
2016-12-05 07:00:00,27.68898116482798,27.911062479447963,-0.22208131461998448
2016-12-05 08:00:00,28.048028605821642,28.679204020542333,-0.6311754147206905
2016-12-05 09:00:00,30.015784785899175,29.339958929947837,0.6758258559513379
2016-12-05 10:00:00,30.755862329096868,30.82084167353538,-0.0649793444385125
2016-12-05 11:00:00,29.542721402321387,32.288431738623295,-2.745710336301908
2016-12-05 12:00:00,29.40291269941303,32.37550653752307,-2.9725938381100434
2016-12-05 13:00:00,34.955399001735096,31.986516419507655,2.9688825822274403
2016-12-05 14:00:00,39.379743544805436,34.57947521856185,4.800268326243582
2016-12-05 15:00:00,36.76792982578622,36.59338815901366,0.1745416667725621
2016-12-05 16:00:00,31.777608940539082,35.65770968123825,-3.88010074069917
2016-12-05 17:00:00,32.81020022382738,34.10514860869912,-1.2949483848717378
2016-12-05 18:00:00,32.45173905076433,34.80187450797158,-2.3501354572072515
2016-12-05 19:00:00,35.67935619592276,34.88160645706041,0.7977497388623505
2016-12-05 20:00:00,35.71657998780013,36.76655893043522,-1.0499789426350858
2016-12-05 21:00:00,38.50190919056831,36.29918126588152,2.2027279246867906
2016-12-05 22:00:00,37.119356517893486,36.632588693147575,0.48676782474591107
2016-12-05 23:00:00,34.04620280071515,35.34445146654881,-1.2982486658336612
2016-12-06 00:00:00,33.45824434798665,32.639641777136084,0.8186025708505653
2016-12-06 01:00:00,32.18062152040059,30.16461782075542,2.0160036996451716
2016-12-06 02:00:00,32.64313332020938,28.070140297065635,4.572993023143745
2016-12-06 03:00:00,24.065151340170424,26.04311428461705,-1.9779629444466273
2016-12-06 04:00:00,20.66190895434556,22.349603377651874,-1.687694423306315
2016-12-06 05:00:00,20.470572687613753,21.730522553477687,-1.259949865863934
2016-12-06 06:00:00,25.11216308915461,25.22883781064624,-0.1166747214916306
2016-12-06 07:00:00,26.26744608003684,27.3515253715008,-1.0840792914639579
2016-12-06 08:00:00,25.83187029972756,27.86167289379883,-2.0298025940712705
2016-12-06 09:00:00,26.425427115600595,28.115523710874214,-1.6900965952736193
2016-12-06 10:00:00,27.949547065534496,28.720756142526294,-0.7712090769917985
2016-12-06 11:00:00,31.73364398522412,29.33456393575736,2.399080049466761
2016-12-06 12:00:00,27.747601166432226,31.002521681607305,-3.2549205151750797
2016-12-06 13:00:00,26.455528321134995,30.164731527946742,-3.709203206811747
2016-12-06 14:00:00,28.19622003155094,29.558003082881005,-1.3617830513300646
2016-12-06 15:00:00,29.337551396706534,30.481520294522614,-1.1439688978160802
2016-12-06 16:00:00,34.71124685933326,31.057342597271088,3.65390426206217
2016-12-06 17:00:00,36.85585973641614,34.01504206671546,2.8408176697006837
2016-12-06 18:00:00,41.197842996432925,35.01530332291056,6.182539673522363
2016-12-06 19:00:00,38.93511089779852,37.108621365938426,1.8264895318600978
2016-12-06 20:00:00,35.19222371276874,37.283188240641216,-2.0909645278724796
2016-12-06 21:00:00,39.19567670672859,36.047146872909366,3.148529833819225
2016-12-06 22:00:00,38.83662963284071,37.2308228037632,1.6058068290775083
2016-12-06 23:00:00,39.12152280759782,36.33080326829375,2.790719539304071
2016-12-07 00:00:00,36.203418786330175,34.27590908593799,1.9275097003921857
2016-12-07 01:00:00,32.70996015507774,31.20733287191439,1.5026272831633491
2016-12-07 02:00:00,33.55174325329872,27.969620531951836,5.582122721346881
2016-12-07 03:00:00,25.08853946510777,26.91776626003192,-1.8292267949241499
2016-12-07 04:00:00,21.996334059266342,22.49007885172917,-0.4937447924628273
2016-12-07 05:00:00,20.981885694282816,21.307255707602206,-0.32537001331938953
2016-12-07 06:00:00,25.913293260407514,24.910519348701403,1.002773911706111
2016-12-07 07:00:00,27.866482499582958,27.64454790490637,0.22193459467658627
2016-12-07 08:00:00,27.40159662669511,28.396351579168044,-0.9947549524729347
2016-12-07 09:00:00,27.313666532512297,28.68284925856884,-1.3691827260565432
2016-12-07 10:00:00,30.648587779391438,29.290305607475933,1.358282171915505
2016-12-07 11:00:00,31.225701560273848,30.519882083725747,0.7058194765481005
2016-12-07 12:00:00,33.01126662925729,31.700764523146905,1.3105021061103876
2016-12-07 13:00:00,28.96806953891597,32.23902896775823,-3.2709594288422608
2016-12-07 14:00:00,28.860560463109405,31.497000379708595,-2.6364399165991905
2016-12-07 15:00:00,30.638036057957766,31.53656753014811,-0.8985314721903421
2016-12-07 16:00:00,34.54271446944161,32.48101218802771,2.0617022814139006
2016-12-07 17:00:00,37.270888973326294,34.923960429844264,2.3469285434820293
2016-12-07 18:00:00,31.728954208885007,36.840376683040134,-5.111422474155127
2016-12-07 19:00:00,34.45712926342836,35.625108240605066,-1.167978977176709
2016-12-07 20:00:00,40.50407548027264,36.787654908818375,3.7164205714542646
2016-12-07 21:00:00,37.8562097710257,38.23629616663803,-0.3800863956123237
2016-12-07 22:00:00,35.900646825876976,36.83035347156103,-0.9297066456840568
2016-12-07 23:00:00,33.49957128116675,35.5669980877449,-2.0674268065781476
2016-12-08 00:00:00,31.226580962169766,33.150363131656434,-1.9237821694866675
2016-12-08 01:00:00,30.155886576884615,30.119726626965445,0.036159949919170487
2016-12-08 02:00:00,31.82245311419707,26.986007186364727,4.836445927832344
2016-12-08 03:00:00,23.00345535998745,26.572138248456465,-3.5686828884690165
2016-12-08 04:00:00,20.84591705549761,22.334904462221886,-1.4889874067242772
2016-12-08 05:00:00,20.463245256245553,20.892428378871035,-0.4291831226254814
2016-12-08 06:00:00,25.902712537617226,24.633564469330363,1.2691480682868637
2016-12-08 07:00:00,28.17259613217477,27.771362363370102,0.4012337688046692
2016-12-08 08:00:00,28.118079547202584,28.70407299549945,-0.5859934482968647
2016-12-08 09:00:00,27.70935158922917,28.96404528807176,-1.2546936988425905
2016-12-08 10:00:00,27.886852923984144,29.612647435960696,-1.7257945119765523
2016-12-08 11:00:00,28.498259570084873,30.30622755991638,-1.807967989831507
2016-12-08 12:00:00,29.88652766675982,30.64375262916346,-0.7572249624036367
2016-12-08 13:00:00,32.76213176010392,31.571248441471933,1.190883318631986
2016-12-08 14:00:00,32.548754829448505,32.784810759794595,-0.2360559303460903
2016-12-08 15:00:00,28.948490459779745,33.33917713694266,-4.390686677162915
2016-12-08 16:00:00,34.04268556023726,32.282097144837024,1.7605884154002354
2016-12-08 17:00:00,37.88083008726516,34.61093202337309,3.2698980638920716
2016-12-08 18:00:00,40.6007983085444,36.727968893213394,3.8728294153310046
2016-12-08 19:00:00,34.97650244460244,37.760369220311816,-2.7838667757093774
2016-12-08 20:00:00,34.64617846115095,35.600832024850035,-0.9546535636990825
2016-12-08 21:00:00,34.59723077908446,36.0351947652937,-1.4379639862092404
2016-12-08 22:00:00,35.943732562848915,35.481556542460204,0.46217602038871064
2016-12-08 23:00:00,36.10845439474447,34.639839768016806,1.468614626727664
2016-12-09 00:00:00,33.20647145669842,33.14313310568853,0.0633383510098895
2016-12-09 01:00:00,35.09315617988032,30.023947474693244,5.069208705187073
2016-12-09 02:00:00,30.240592472778395,29.06838047246522,1.172212000313177
2016-12-09 03:00:00,25.505386242734556,26.40583443538642,-0.900448192651865
2016-12-09 04:00:00,22.70874320693349,23.045692715501872,-0.3369495085683809
2016-12-09 05:00:00,21.902718414316247,22.25293316787524,-0.3502147535589941
2016-12-09 06:00:00,27.246077769597612,25.410283268716913,1.8357945008806986
2016-12-09 07:00:00,27.632823158137104,28.211373270975795,-0.5785501128386912
2016-12-09 08:00:00,26.301650977532635,28.740373764901406,-2.4387227873687713
2016-12-09 09:00:00,27.679220923455922,28.709590014121577,-1.0303690906656549
2016-12-09 10:00:00,29.4767738775725,29.66050307010822,-0.1837291925357185
2016-12-09 11:00:00,34.34311318317957,31.35110055062646,2.9920126325531093
2016-12-09 12:00:00,32.61792673603931,33.963737259620075,-1.3458105235807665
2016-12-09 13:00:00,36.837687266096076,34.35441906225389,2.4832682038421865
2016-12-09 14:00:00,40.67084943347823,36.529519829626075,4.1413296038521565
2016-12-09 15:00:00,40.69048665586037,38.14529529379007,2.545191362070298
2016-12-09 16:00:00,36.93147912182056,38.10181626415919,-1.1703371423386315
2016-12-09 17:00:00,42.94237444975447,36.588293220262045,6.354081229492422
2016-12-09 18:00:00,40.1418037492135,38.83550531020526,1.3062984390082448
2016-12-09 19:00:00,41.903628087406304,38.37082207970795,3.5328060076983547
2016-12-09 20:00:00,40.16290645786928,38.945180854080284,1.217725603788999
2016-12-09 21:00:00,41.29925523393801,37.82028112834006,3.478974105597949
2016-12-09 22:00:00,40.861364117474466,37.56706746923405,3.294296648240419
2016-12-09 23:00:00,35.21918910073064,36.905462335194095,-1.6862732344634566
2016-12-10 00:00:00,34.3293375387862,34.56152129854946,-0.23218375976325945
2016-12-10 01:00:00,38.73404412526284,32.1904671138665,6.543577011396344
2016-12-10 02:00:00,32.05458841599738,33.15927523630816,-1.104686820310782
2016-12-10 03:00:00,26.360270979136878,27.74846778081014,-1.3881968016732635
2016-12-10 04:00:00,22.068788992847416,23.133656277494953,-1.064867284647537
2016-12-10 05:00:00,20.50152411013456,21.957352320177282,-1.4558282100427213
2016-12-10 06:00:00,25.639743287145695,24.567504396067772,1.072238891077923
2016-12-10 07:00:00,29.25217137988017,27.0188094032674,2.2333619766127697
2016-12-10 08:00:00,31.034307290828803,28.862864866394663,2.17144242443414
2016-12-10 09:00:00,29.075490687152204,30.379144067831472,-1.3036533806792683
2016-12-10 10:00:00,30.63070862658957,31.00116614351477,-0.37045751692519957
2016-12-10 11:00:00,33.99227239189713,33.10165957493362,0.890612816963511
2016-12-10 12:00:00,35.06120806516689,36.35618312639196,-1.2949750612250739
2016-12-10 13:00:00,39.995253653426445,37.40519755977448,2.5900560936519668
2016-12-10 14:00:00,39.018058448782696,39.594112762384114,-0.5760543136014178
2016-12-10 15:00:00,41.52816697988441,38.86850567245268,2.6596613074317332
2016-12-10 16:00:00,42.39369080889603,39.54373801778229,2.8499527911137434
2016-12-10 17:00:00,45.89945996537398,39.63558005234075,6.263879913033229
2016-12-10 18:00:00,38.04115619455136,41.038490208938015,-2.9973340143866523
2016-12-10 19:00:00,40.53162676905937,38.21763495615623,2.31399181290314
2016-12-10 20:00:00,38.15839583065407,39.43199419994291,-1.273598369288841
2016-12-10 21:00:00,39.8267212635348,37.782687049099295,2.0440342144355057
2016-12-10 22:00:00,34.85457266505484,38.61210529043933,-3.757532625384492
2016-12-10 23:00:00,38.42365104881747,35.778725367393726,2.644925681423743
2016-12-11 00:00:00,35.54980603459454,35.338885163975725,0.21092087061881415
2016-12-11 01:00:00,34.63152359841456,32.90109647152806,1.7304271268865037
2016-12-11 02:00:00,32.31749911309701,31.431880892638578,0.8856182204584293
2016-12-11 03:00:00,27.303877106230736,27.945326695119366,-0.64144958888863
2016-12-11 04:00:00,26.022385167276685,23.813226956563657,2.209158210713028
2016-12-11 05:00:00,22.236529902677447,22.85670812839655,-0.6201782257191049
2016-12-11 06:00:00,26.066350306144535,24.830274124547884,1.2360761815966512
2016-12-11 07:00:00,27.617347538653142,27.37589934446582,0.24144819418732055
2016-12-11 08:00:00,27.468364724638672,28.760829445795974,-1.2924647211573017
2016-12-11 09:00:00,29.406136805925616,29.403316963181165,0.0028198427444507956
2016-12-11 10:00:00,31.64014507991206,31.229745964651773,0.4103991152602866
2016-12-11 11:00:00,35.02545012666893,33.84836178666805,1.1770883400008785
2016-12-11 12:00:00,39.84196202709603,36.818257336111024,3.0237046909850065
2016-12-11 13:00:00,36.704326546771775,39.31070881340775,-2.6063822666359755
2016-12-11 14:00:00,41.57857941401298,37.83532659162635,3.74325282238663
2016-12-11 15:00:00,36.47131202662844,39.345536628227855,-2.8742246015994155
2016-12-11 16:00:00,37.64547122961093,37.15763194546188,0.48783928414905375
2016-12-11 17:00:00,37.94736360461532,37.7356253117931,0.21173829282221845
2016-12-11 18:00:00,44.662871487661384,38.496049937582804,6.166821550078581
2016-12-11 19:00:00,49.37181515375907,40.52792144805354,8.843893705705533
2016-12-11 20:00:00,41.5428218426208,42.14639024495658,-0.6035684023357746
2016-12-11 21:00:00,42.46462151927868,39.28908530401878,3.1755362152598963
2016-12-11 22:00:00,39.98704663660944,39.362493244204664,0.6245533924047777
2016-12-11 23:00:00,38.70473439979005,37.470867644330156,1.2338667554598928
2016-12-12 00:00:00,38.847180987168606,35.310721542748006,3.5364594444206006
2016-12-12 01:00:00,35.862543448550795,33.8821442065954,1.9803992419553964
2016-12-12 02:00:00,31.020531646435437,31.390868018453247,-0.37033637201781033
2016-12-12 03:00:00,26.214541548320945,27.39364223983902,-1.1791006915180766
2016-12-12 04:00:00,22.302477519202778,23.580378245864278,-1.2779007266614997
2016-12-12 05:00:00,23.29168993155384,22.75223386158073,0.5394560699731095
2016-12-12 06:00:00,27.990229360964964,25.649492209422863,2.3407371515421005
2016-12-12 07:00:00,29.4882048173492,28.455531042332925,1.0326737750162742
2016-12-12 08:00:00,28.985157270450507,29.611127416314645,-0.6259701458641374
2016-12-12 09:00:00,30.411469842616043,30.113441500683024,0.2980283419330192
2016-12-12 10:00:00,29.98647478509705,31.68697495932605,-1.7005001742289991
2016-12-12 11:00:00,30.620450039121206,32.45559610882588,-1.835146069704674
2016-12-12 12:00:00,31.254425384921802,32.91497637396293,-1.660550989041127
2016-12-12 13:00:00,31.8884007307224,33.21780229896578,-1.3294015682433802
2016-12-12 14:00:00,32.522376076522995,33.508246602590404,-0.9858705260674085
2016-12-12 15:00:00,33.156351238770704,34.55071859913088,-1.394367360360178
2016-12-12 16:00:00,33.790326768124196,34.39734743321481,-0.6070206650906158
2016-12-12 17:00:00,34.4243019303719,35.2789671375178,-0.8546652071459064
2016-12-12 18:00:00,35.058277092619605,35.62349138438148,-0.5652142917618761
2016-12-12 19:00:00,35.24351646655768,36.46310452033706,-1.2195880537793826
2016-12-12 20:00:00,35.44897969791428,37.00284056965169,-1.553860871737406
2016-12-12 21:00:00,40.69546974971768,36.673166852905126,4.022302896812555
2016-12-12 22:00:00,38.596580631741595,38.3949715216003,0.20160911014129823
2016-12-12 23:00:00,40.725365376015304,36.38637329389371,4.338992082121592
2016-12-13 00:00:00,35.23618903518948,35.570796653618835,-0.33460761842935227
2016-12-13 01:00:00,34.91319285021197,31.927737155179205,2.9854556950327655
2016-12-13 02:00:00,30.176403568268455,30.043947305809553,0.13245626245890207
2016-12-13 03:00:00,26.57112699440124,26.011641327151494,0.5594856672497457
2016-12-13 04:00:00,23.71829695055268,22.89217225990194,0.8261246906507402
2016-12-13 05:00:00,23.419510657552618,22.70150143358062,0.7180092239719968
2016-12-13 06:00:00,26.2813098298174,25.8462255429632,0.43508428685419887
2016-12-13 07:00:00,28.886617046296823,28.15199569305832,0.7346213532385022
2016-12-13 08:00:00,29.22693545019182,29.104779816461132,0.1221556337306886
2016-12-13 09:00:00,31.97633064135232,29.655810659020332,2.3205199823319873
2016-12-13 10:00:00,30.78106891326693,30.96770047469124,-0.18663156142430992
2016-12-13 11:00:00,31.820108409580403,31.29624038523637,0.5238680243440328
2016-12-13 12:00:00,31.121651117081004,32.02765845374324,-0.9060073366622383
2016-12-13 13:00:00,28.008958455423908,32.098343692727674,-4.089385237303766
2016-12-13 14:00:00,28.648912944839317,30.83531613437307,-2.1864031895337526
2016-12-13 15:00:00,30.584105649139747,31.09993870690899,-0.5158330577692425
2016-12-13 16:00:00,33.3799865733416,32.23013491247402,1.1498516608675757
2016-12-13 17:00:00,34.67695404000316,34.322425181686555,0.3545288583166055
2016-12-13 18:00:00,33.92398007075513,35.52624102510391,-1.602260954348779
2016-12-13 19:00:00,35.27370577747927,35.7152721122747,-0.44156633479542506
2016-12-13 20:00:00,32.78645912593096,36.1701574118732,-3.3836982859422378
2016-12-13 21:00:00,34.37828522085269,35.10108431867314,-0.7227990978204488
2016-12-13 22:00:00,35.21010323267639,36.09888945364736,-0.8887862209709709
2016-12-13 23:00:00,36.56334544566686,35.262767983133664,1.300577462533198
2016-12-14 00:00:00,33.93101455171091,34.6415755665131,-0.7105610148021881
2016-12-14 01:00:00,30.851119854647877,31.129182230972788,-0.27806237632491104
2016-12-14 02:00:00,29.085280228154325,27.806994323401238,1.278285904753087
2016-12-14 03:00:00,24.94037740784087,25.10505347388253,-0.16467606604166107
2016-12-14 04:00:00,24.10665448412491,22.44495200662061,1.6617024775042992
2016-12-14 05:00:00,23.304703464347988,22.687147230478022,0.6175562338699656
2016-12-14 06:00:00,27.458575298357108,25.765054722769786,1.6935205755873213
2016-12-14 07:00:00,30.070301370871363,28.077416020055114,1.9928853508162483
2016-12-14 08:00:00,37.77003829708184,29.291654269027134,8.478384028054705
2016-12-14 09:00:00,37.55842017021826,31.685464716739403,5.872955453478859
2016-12-14 10:00:00,33.72760307455856,33.05017825114237,0.6774248234161888
2016-12-14 11:00:00,30.173765729686483,32.53752084192276,-2.36375511223628
2016-12-14 12:00:00,30.04597409682077,31.758754020574056,-1.7127799237532848
2016-12-14 13:00:00,32.92802649496648,31.67602355147444,1.252002943492041
2016-12-14 14:00:00,33.27593594659586,32.7838650341211,0.49207091247475887
2016-12-14 15:00:00,36.534035720194076,33.53072865003013,3.003307070163949
2016-12-14 16:00:00,37.207579378935826,35.07474484606609,2.1328345328697367
2016-12-14 17:00:00,38.813767753287316,36.39945302809685,2.414314725190465
2016-12-14 18:00:00,38.861835849905,37.78587621937848,1.075959630526519
2016-12-14 19:00:00,35.046553202430495,37.81981759610856,-2.773264393678062
2016-12-14 20:00:00,32.742494170616,36.862680806545164,-4.120186635929166
2016-12-14 21:00:00,35.59552979370134,35.520042199271934,0.07548759442940423
2016-12-14 22:00:00,40.47711009231074,35.935895221552336,4.541214870758402
2016-12-14 23:00:00,40.728003398150165,37.083638104451175,3.644365293698989
2016-12-15 00:00:00,44.36302976554391,35.94892221489175,8.414107550652155
2016-12-15 01:00:00,41.33208256699447,35.54240824128518,5.789674325709292
2016-12-15 02:00:00,30.55391633821815,32.31867152658963,-1.7647551883714812
2016-12-15 03:00:00,26.378179316848254,26.85190338375747,-0.47372406690921665
2016-12-15 04:00:00,25.050289612575384,23.515150401404867,1.5351392111705167
2016-12-15 05:00:00,24.653784166216724,24.099506078008744,0.5542780882079796
2016-12-15 06:00:00,27.6898018297991,27.110173068402418,0.579628761396684
2016-12-15 07:00:00,28.56502771391666,29.038422001290883,-0.47339428737422296
2016-12-15 08:00:00,29.81559750703585,29.933273769575607,-0.1176762625397565
2016-12-15 09:00:00,30.278109306844634,31.49476923314653,-1.2166599263018973
2016-12-15 10:00:00,28.423372514823278,31.997104545597846,-3.5737320307745684
2016-12-15 11:00:00,32.52266902693541,31.378924660192002,1.1437443667434088
2016-12-15 12:00:00,33.637328459311966,32.71979100312814,0.9175374561838296
2016-12-15 13:00:00,38.483150819423415,34.12813922001269,4.355011599410723
2016-12-15 14:00:00,39.278624257712764,36.75186307422006,2.5267611834927024
2016-12-15 15:00:00,39.9445475346739,37.467403634190354,2.477143900483547
2016-12-15 16:00:00,42.473414436920514,37.93106924746559,4.542345189454927
2016-12-15 17:00:00,43.174508650237435,39.18422055902167,3.990288091215767
2016-12-15 18:00:00,40.53485069201906,39.87390022995339,0.6609504620656708
2016-12-15 19:00:00,43.69564173652069,39.22187998309128,4.4737617534294145
2016-12-15 20:00:00,41.07620616729774,39.86083175366085,1.2153744136368942
2016-12-15 21:00:00,33.513640243078314,38.44851659171794,-4.9348763486396265
2016-12-15 22:00:00,35.45366910714762,35.22886038013535,0.22480872701226673
2016-12-15 23:00:00,36.130143738436644,35.717048659512564,0.41309507892407993
2016-12-16 00:00:00,34.194218382775844,35.29854268612891,-1.1043243033530672
2016-12-16 01:00:00,31.0076352203851,33.40022168867072,-2.392586468285618
2016-12-16 02:00:00,33.46146827094635,29.8584038918053,3.603064379141049
2016-12-16 03:00:00,29.68135770703319,27.754645039177543,1.9267126678556465
2016-12-16 04:00:00,23.915347952961277,25.331487622919905,-1.4161396699586284
2016-12-16 05:00:00,22.48320296047034,23.48482379292157,-1.0016208324512306
2016-12-16 06:00:00,27.684115636596704,25.633732786578843,2.0503828500178614
2016-12-16 07:00:00,28.798716354992578,28.778010122491168,0.020706232501410682
2016-12-16 08:00:00,32.56341005929068,30.008448283958998,2.554961775331684
2016-12-16 09:00:00,31.057169170382203,31.682836912382083,-0.6256677419998802
2016-12-16 10:00:00,35.658252753055415,32.535309335519926,3.122943417535488
2016-12-16 11:00:00,36.53081179723438,34.91799055565039,1.6128212415839869
2016-12-16 12:00:00,50.00110200809079,36.89125167045146,13.10985033763933
2016-12-16 13:00:00,43.33981785138094,41.303042052426996,2.036775798953947
2016-12-16 14:00:00,38.931007389390025,39.88431355250802,-0.9533061631179933
2016-12-16 15:00:00,38.08834470572023,38.16377148295876,-0.0754267772385262
2016-12-16 16:00:00,40.70748659031921,37.92716275249233,2.7803238378268844
2016-12-16 17:00:00,39.584620141125654,39.05045406544191,0.5341660756837427
2016-12-16 18:00:00,40.98358684743448,38.761947590861155,2.221639256573326
2016-12-16 19:00:00,36.856445637240974,39.2575707412315,-2.4011251039905233
2016-12-16 20:00:00,34.57847240793957,37.90268120223771,-3.324208794298137
2016-12-16 21:00:00,34.25107976414114,36.571613891517714,-2.3205341273765754
2016-12-16 22:00:00,36.14655777207065,34.72911047132377,1.417447300746879
2016-12-16 23:00:00,32.9664224555993,35.12088832944798,-2.154465873848679
2016-12-17 00:00:00,29.07229589747777,33.07489499383337,-4.002599096355599
2016-12-17 01:00:00,35.07263900494358,28.56883231409186,6.503806690851722
2016-12-17 02:00:00,30.56124395313924,30.258836406356963,0.3024075467822769
2016-12-17 03:00:00,24.91596193662664,27.263187040394588,-2.347225103767947
2016-12-17 04:00:00,21.36373664501086,22.885148425013778,-1.5214117800029179
2016-12-17 05:00:00,20.91429711492102,21.77464352874914,-0.8603464138281218
2016-12-17 06:00:00,25.7805779130444,24.479761464648444,1.3008164483959561
2016-12-17 07:00:00,27.548967295676842,26.999633663442825,0.549333632234017
2016-12-17 08:00:00,32.7351667392478,28.28014149122526,4.45502524802254
2016-12-17 09:00:00,28.2173818442373,32.12180664681148,-3.90442480257418
2016-12-17 10:00:00,27.120718854959314,31.304989617290392,-4.184270762331078
2016-12-17 11:00:00,31.48304344624422,31.08939787628012,0.39364556996410016
2016-12-17 12:00:00,32.415980745160596,34.2239080627309,-1.8079273175703037
2016-12-17 13:00:00,28.056176793937407,35.74860140130097,-7.692424607363559
2016-12-17 14:00:00,32.03172653644398,32.39686456824882,-0.3651380318048396
2016-12-17 15:00:00,35.92497419170402,33.830668144653664,2.0943060470503525
2016-12-17 16:00:00,33.82549843869154,35.90487404893333,-2.07937561024179
2016-12-17 17:00:00,27.28596858496647,34.952122215543085,-7.666153630576616
2016-12-17 18:00:00,29.669926813144713,31.01996844498467,-1.3500416318399573
2016-12-17 19:00:00,29.25867819216547,32.476374234787876,-3.217696042622407
2016-12-17 20:00:00,24.613072502323856,31.401811288793407,-6.788738786469551
2016-12-17 21:00:00,22.552433236880162,27.53067747387578,-4.978244236995618
2016-12-17 22:00:00,21.532269034902505,25.092604305040783,-3.560335270138278
2016-12-17 23:00:00,25.187870947051998,23.349340835083265,1.8385301119687334
2016-12-18 00:00:00,21.677998282165547,23.846125752878617,-2.1681274707130704
2016-12-18 01:00:00,20.482795107452063,20.988417485057226,-0.5056223776051638
2016-12-18 02:00:00,20.730318382231367,20.32742541766983,0.4028929645615378
2016-12-18 03:00:00,19.658862160676335,19.69732309903221,-0.038460938355875385
2016-12-18 04:00:00,19.63605828383617,18.989077175647104,0.6469811081890668
2016-12-18 05:00:00,22.584175405251028,19.65314387631034,2.931031528940686
2016-12-18 06:00:00,25.374311858207907,22.860157087199365,2.514154771008542
2016-12-18 07:00:00,25.927127641725676,25.34212102538962,0.5850066163360559
2016-12-18 08:00:00,25.46795723872618,25.899738307772207,-0.4317810690460284
2016-12-18 09:00:00,26.92448833396895,25.847862467636087,1.0766258663328614
2016-12-18 10:00:00,26.463676601027203,27.00226091714148,-0.538584316114278
2016-12-18 11:00:00,26.387968926682706,27.540732256451964,-1.1527633297692574
2016-12-18 12:00:00,31.054824282212646,27.66713411861116,3.387690163601487
2016-12-18 13:00:00,26.75513527910618,30.207154952555353,-3.452019673449172
2016-12-18 14:00:00,26.00690963956917,28.397864253830488,-2.390954614261318
2016-12-18 15:00:00,25.72603186783337,28.100259834944925,-2.3742279671115547
2016-12-18 16:00:00,26.38064131176162,27.307148814126123,-0.9265075023645011
2016-12-18 17:00:00,29.672271609537823,27.70593574642692,1.9663358631109027
2016-12-18 18:00:00,28.41847770990605,28.407611371170912,0.01086633873513776
2016-12-18 19:00:00,25.533084006727496,28.02480311564122,-2.491719108913724
2016-12-18 20:00:00,26.505179561428797,26.031794822628868,0.47338473879992904
2016-12-18 21:00:00,21.844098229159115,25.47135639351151,-3.6272581643523942
2016-12-18 22:00:00,25.122744179050677,23.41056685943521,1.712177319615467
2016-12-18 23:00:00,25.180543515683798,22.693266271987152,2.4872772436966457
2016-12-19 00:00:00,22.749454503720578,22.458868252527704,0.29058625119287385
2016-12-19 01:00:00,24.385919927275076,21.008957787658094,3.3769621396169818
2016-12-19 02:00:00,22.08833810984237,20.973857825086437,1.1144802847559312
2016-12-19 03:00:00,19.336451509417877,20.587513499611564,-1.251061990193687
2016-12-19 04:00:00,20.07327612829926,19.703033307071045,0.3702428212282136
2016-12-19 05:00:00,20.9094314949133,20.79476037558445,0.11467111932885032
2016-12-19 06:00:00,25.34500176562934,23.25944238089255,2.08555938473679
2016-12-19 07:00:00,27.74598911317593,25.57557974352672,2.17040936964921
2016-12-19 08:00:00,25.73418014772558,26.345594518343763,-0.6114143706181814
2016-12-19 09:00:00,25.450019716105295,26.14529664886422,-0.6952769327589259
2016-12-19 10:00:00,25.07634641373186,26.224274623865284,-1.1479282101334256
2016-12-19 11:00:00,26.21618287826319,26.565056043749284,-0.3488731654860935
2016-12-19 12:00:00,25.598210774728813,27.08852225552107,-1.4903114807922577
2016-12-19 13:00:00,25.32301947152475,26.65482136091046,-1.3318018893857122
2016-12-19 14:00:00,25.462241768837828,26.452197815130518,-0.98995604629269
2016-12-19 15:00:00,25.077958375211704,26.378615438514856,-1.3006570633031522
2016-12-19 16:00:00,25.820498096875653,26.23395367367567,-0.4134555768000183
2016-12-19 17:00:00,26.523117267602572,26.317330860791003,0.20578640681156912
2016-12-19 18:00:00,25.86525416514645,26.37977225001184,-0.5145180848653901
2016-12-19 19:00:00,25.086927136522146,25.741937643515012,-0.6550105069928662
2016-12-19 20:00:00,21.08203802475105,24.70967369621385,-3.6276356714628015
2016-12-19 21:00:00,23.26888642181946,22.41106716418065,0.8578192576388091
2016-12-19 22:00:00,24.64156174637841,22.45837571893958,2.1831860274388326
2016-12-19 23:00:00,21.603931754210407,22.515030175013568,-0.9110984208031603
2016-12-20 00:00:00,19.724809042990106,21.204085522885432,-1.4792764798953257
2016-12-20 01:00:00,19.338093206465903,19.50726778673531,-0.1691745802694058
2016-12-20 02:00:00,19.463451753998424,19.173855709462718,0.2895960445357062
2016-12-20 03:00:00,19.715870017247845,18.967863601045767,0.7480064162020774
2016-12-20 04:00:00,20.006537031712313,19.07429711140929,0.9322399203030223
2016-12-20 05:00:00,19.502551456411446,20.363465660512578,-0.8609142041011317
2016-12-20 06:00:00,24.89641245252591,22.241410206916367,2.655002245609545
2016-12-20 07:00:00,26.113597921343985,25.047584960741457,1.066012960602528
2016-12-20 08:00:00,26.400982459476857,25.70551873106022,0.6954637284166374
2016-12-20 09:00:00,24.84916447022068,25.778849334295117,-0.9296848640744386
2016-12-20 10:00:00,24.688780360221244,25.64826118137404,-0.9594808211527948
2016-12-20 11:00:00,25.97191344556465,25.72497735648041,0.24693608908424025
2016-12-20 12:00:00,26.880523378653987,26.1971623324071,0.6833610462468869
2016-12-20 13:00:00,23.923466864391088,26.52927773088054,-2.6058108664894526
2016-12-20 14:00:00,24.109116295485386,25.55969801327367,-1.4505817177882854
2016-12-20 15:00:00,24.19783768617692,25.363407592856873,-1.165569906679952
2016-12-20 16:00:00,24.315898537909423,25.048015269899878,-0.7321167319904553
2016-12-20 17:00:00,25.748014161937963,24.944538429488233,0.8034757324497299
2016-12-20 18:00:00,25.39550303935666,25.1658795364872,0.22962350286946176
2016-12-20 19:00:00,23.955209399867737,24.667469624956812,-0.712260225089075
2016-12-20 20:00:00,21.831084329259184,23.742312521203928,-1.911228191944744
2016-12-20 21:00:00,19.23794087599767,21.937557609415535,-2.699616733417866
2016-12-20 22:00:00,22.097307238258587,20.519877441235558,1.5774297970230293
2016-12-20 23:00:00,21.542029643380342,20.762088205904327,0.7799414374760154
2016-12-21 00:00:00,19.72155575156801,20.102906704223738,-0.38135095265572616
2016-12-21 01:00:00,22.63139401909386,19.078416772472107,3.5529772466217544
2016-12-21 02:00:00,20.118061565032452,19.660981095238323,0.4570804697941284
2016-12-21 03:00:00,18.473448228691524,19.378807929573604,-0.9053597008820802
2016-12-21 04:00:00,18.434348526278505,19.019151704828158,-0.5848031785496524
2016-12-21 05:00:00,18.369221758277185,20.179364803966788,-1.8101430456896033
2016-12-21 06:00:00,24.185615633444385,21.804068035962462,2.381547597481923
2016-12-21 07:00:00,26.557292796635966,24.64580365366596,1.9114891429700052
2016-12-21 08:00:00,24.8882641726337,26.00282913645621,-1.1145649638225095
2016-12-21 09:00:00,24.66111159758492,25.54683664582532,-0.8857250482403991
2016-12-21 10:00:00,24.417662829857505,25.460347441828887,-1.0426846119713815
2016-12-21 11:00:00,24.89884489542399,25.543313776392136,-0.6444688809681445
2016-12-21 12:00:00,25.393040860890405,25.69949128244319,-0.30645042155278546
2016-12-21 13:00:00,29.550342013543112,25.841937196794486,3.708404816748626
2016-12-21 14:00:00,25.658472289828193,27.14353016569152,-1.4850578758633262
2016-12-21 15:00:00,25.09100127646825,26.40947061813702,-1.31846934166877
2016-12-21 16:00:00,25.272547566259824,25.99292627448864,-0.7203787082288144
2016-12-21 17:00:00,26.006118159507555,25.690249945091125,0.31586821441642954
2016-12-21 18:00:00,26.427859742051563,25.738356159525626,0.689503582525937
2016-12-21 19:00:00,23.698776467808568,25.527116518721197,-1.8283400509126295
2016-12-21 20:00:00,20.8149656329768,23.76622640355413,-2.9512607705773277
2016-12-21 21:00:00,20.05211394850712,21.802382775695218,-1.7502688271880977
2016-12-21 22:00:00,20.02198337451032,20.82722378444436,-0.80524040993404
2016-12-21 23:00:00,19.759013756933008,20.775237934942844,-1.0162241780098356
2016-12-22 00:00:00,19.266430487158004,20.027847522239558,-0.7614170350815535
2016-12-22 01:00:00,18.99534195815088,19.73578036633028,-0.7404384081794007
2016-12-22 02:00:00,19.38041683183862,19.511233263370542,-0.13081643153192246
2016-12-22 03:00:00,18.976583587005983,18.906019982403315,0.0705636046026683
2016-12-22 04:00:00,18.913098516052692,18.779103437940602,0.13399507811208977
2016-12-22 05:00:00,19.90881714414216,20.073782000064057,-0.16496485592189813
2016-12-22 06:00:00,23.70446256923452,22.18338497785997,1.5210775913745493
2016-12-22 07:00:00,25.45248152746577,24.740677370124008,0.7118041573417635
2016-12-22 08:00:00,24.64971002627062,25.6745949638415,-1.0248849375708815
2016-12-22 09:00:00,25.712197486515212,25.54191963100841,0.17027785550680363
2016-12-22 10:00:00,24.73438664547845,26.021549450968582,-1.2871628054901336
2016-12-22 11:00:00,25.110521759212364,26.132845766862175,-1.0223240076498108
2016-12-22 12:00:00,24.122129828279533,26.31842630443843,-2.1962964761588957
2016-12-22 13:00:00,23.539183470764964,25.76708426707435,-2.2279007963093846
2016-12-22 14:00:00,23.42033150607663,25.53325165170035,-2.112920145623722
2016-12-22 15:00:00,23.897410063234613,25.22465512975786,-1.327245066523247
2016-12-22 16:00:00,24.151439920858103,25.101855064774544,-0.950415143916441
2016-12-22 17:00:00,25.0437830297312,25.05987774252093,-0.01609471278973018
2016-12-22 18:00:00,26.759209235499394,25.045889237959482,1.7133199975399123
2016-12-22 19:00:00,23.424376277560338,25.298177423394197,-1.873801145833859
2016-12-22 20:00:00,20.55038442102542,23.995553223769075,-3.4451688027436553
2016-12-22 21:00:00,20.54713039539177,21.763811827973942,-1.216681432582174
2016-12-22 22:00:00,20.3020696661845,20.720964771694923,-0.41889510551042264
2016-12-22 23:00:00,19.2737579185262,20.231952462210277,-0.9581945436840762
2016-12-23 00:00:00,20.024445185870796,19.419843258395815,0.604601927474981
2016-12-23 01:00:00,20.320798668867,19.16555618198916,1.1552424868778388
2016-12-23 02:00:00,19.255849030156156,19.07194029230188,0.18390873785427786
2016-12-23 03:00:00,18.597195181849976,19.17111661086977,-0.5739214290197943
2016-12-23 04:00:00,18.449003389014898,19.194489501668887,-0.7454861126539889
2016-12-23 05:00:00,18.706286538060475,19.66992844204493,-0.9636419039844561
2016-12-23 06:00:00,24.151439920858103,21.31889345030162,2.8325464705564833
2016-12-23 07:00:00,24.521888933166064,24.592385846885374,-0.07049691371931033
2016-12-23 08:00:00,24.366370076068566,25.3760274658863,-1.0096573898177326
2016-12-23 09:00:00,25.602284914674918,25.076265283354484,0.526019631320434
2016-12-23 10:00:00,27.811936546148374,25.855632995680708,1.9563035504676662
2016-12-23 11:00:00,25.48179162004434,27.483809981415416,-2.002018361371075
2016-12-23 12:00:00,24.18318282344053,26.817852425952072,-2.6346696025115435
2016-12-23 13:00:00,24.12620396822564,26.477772422845003,-2.3515684546193647
2016-12-23 14:00:00,23.925108194333333,26.018099819138502,-2.092991624805169
2016-12-23 15:00:00,23.861593387811862,25.827621295061594,-1.9660279072497318
2016-12-23 16:00:00,24.543871594376434,25.088998469701327,-0.5451268753248932
2016-12-23 17:00:00,25.78629301582697,24.970226534073024,0.8160664817539462
2016-12-23 18:00:00,25.47607615015599,25.244583038733442,0.23149311142254803
2016-12-23 19:00:00,23.171987749879094,24.98399795674992,-1.812010206870827
2016-12-23 20:00:00,19.693886988931695,23.157607971740493,-3.4637209828087983
2016-12-23 21:00:00,19.311215923891197,21.008143057563746,-1.696927133672549
2016-12-23 22:00:00,19.801337382305725,20.038903769383502,-0.2375663870777771
2016-12-23 23:00:00,19.313648366789273,19.808984440439684,-0.4953360736504102
2016-12-24 00:00:00,19.209451264837334,19.54718637977485,-0.33773511493751585
2016-12-24 01:00:00,19.500910493574978,18.833811988643564,0.6670985049314133
2016-12-24 02:00:00,19.154905953837865,18.573275058701523,0.5816308951363425
2016-12-24 03:00:00,18.878893067898225,18.49276998484008,0.3861230830581448
2016-12-24 04:00:00,18.834107631165033,18.500834809351645,0.333272821813388
2016-12-24 05:00:00,19.03520377216312,19.303487368274087,-0.26828359611096886
2016-12-24 06:00:00,22.84796550424657,21.0916334356279,1.7563320686186685
2016-12-24 07:00:00,23.496038996868236,23.64923162700666,-0.15319263013842388
2016-12-24 08:00:00,23.243650836292776,24.09699323894485,-0.8533424026520748
2016-12-24 09:00:00,22.48402307478279,24.10047364647615,-1.6164505716933597
2016-12-24 10:00:00,22.87563426688289,23.721784577830988,-0.8461503109480972
2016-12-24 11:00:00,22.969250278938766,24.08979050117325,-1.1205402222344851
2016-12-24 12:00:00,23.141886177238913,24.654449973732998,-1.512563796494085
2016-12-24 13:00:00,23.60105694734419,24.52214101246831,-0.9210840651241199
2016-12-24 14:00:00,23.474056702763647,24.618715040530585,-1.1446583377669377
2016-12-24 15:00:00,23.030332642562158,24.600469271423123,-1.5701366288609648
2016-12-24 16:00:00,23.255052407607078,24.004950886999115,-0.7498984793920371
2016-12-24 17:00:00,23.3844850950857,23.870086869505837,-0.48560177442013597
2016-12-24 18:00:00,23.448820750131183,23.779557849953733,-0.3307370998225494
2016-12-24 19:00:00,22.7356204895082,23.11789948557569,-0.38227899606749105
2016-12-24 20:00:00,19.869747544403094,21.691260100835553,-1.8215125564324595
2016-12-24 21:00:00,18.900055247690364,20.070401690042097,-1.1703464423517325
2016-12-24 22:00:00,18.404247320744105,19.24540756282507,-0.8411602420809636
2016-12-24 23:00:00,18.887041347790436,18.473617342087497,0.41342400570293947
2016-12-25 00:00:00,19.006714161002783,18.40112692161436,0.6055872393884236
2016-12-25 01:00:00,18.966002864215696,17.66638893198633,1.2996139322293665
2016-12-25 02:00:00,18.941587393001466,17.817236612770895,1.1243507802305714
2016-12-25 03:00:00,18.9285448588507,17.945031518996483,0.9835133398542162
2016-12-25 04:00:00,18.626504907322765,18.24066278255489,0.38584212476787627
2016-12-25 05:00:00,18.757579291849414,19.174766376534226,-0.41718708468481225
2016-12-25 06:00:00,22.777944114880917,20.749399072251077,2.0285450426298404
2016-12-25 07:00:00,23.010782791355645,23.16964830711194,-0.15886551575629682
2016-12-25 08:00:00,22.57031202257625,23.502544356026487,-0.9322323334502371
2016-12-25 09:00:00,22.649302173252345,23.304573876007662,-0.6552717027553179
2016-12-25 10:00:00,22.79910556046149,23.716504984872056,-0.917399424410565
2016-12-25 11:00:00,22.952983454722524,24.126467305438467,-1.173483850715943
2016-12-25 12:00:00,22.503572925989303,24.425331669601075,-1.9217587436117718
2016-12-25 13:00:00,22.027285481787153,24.283770174258027,-2.256484692470874
2016-12-25 14:00:00,22.498678671730744,23.501040323645952,-1.0023616519152085
2016-12-25 15:00:00,22.810507865987354,23.84053448711249,-1.0300266211251348
2016-12-25 16:00:00,22.063102524315685,23.587240676577846,-1.5241381522621609
2016-12-25 17:00:00,23.583148426079926,22.88843120726686,0.6947172188130679
2016-12-25 18:00:00,23.40646775629607,23.152956252033903,0.2535115042621676
2016-12-25 19:00:00,22.51658682588923,22.57564741561374,-0.05906058972450978
2016-12-25 20:00:00,19.842870261828388,21.710175593254274,-1.8673053314258858
2016-12-25 21:00:00,19.417053988679605,20.017900913499872,-0.6008469248202672
2016-12-25 22:00:00,20.1660716589369,18.99677416016714,1.1692974987697617
2016-12-25 23:00:00,20.38267214544623,19.009288061994745,1.3733840834514837
2016-12-26 00:00:00,21.627526376900626,18.518682023950657,3.108844352949969
2016-12-26 01:00:00,22.58499625377504,18.41240661380971,4.172589639965327
2016-12-26 02:00:00,18.875639776476135,19.41165068107282,-0.5360109045966865
2016-12-26 03:00:00,18.35374604701678,18.271528547060374,0.08221749995640693
2016-12-26 04:00:00,18.196615228439434,18.445740063368152,-0.2491248349287183
2016-12-26 05:00:00,18.435990223326527,19.765304236841384,-1.329314013514857
2016-12-26 06:00:00,22.301656670678767,21.297302735695663,1.0043539349831043
2016-12-26 07:00:00,23.04416665677454,23.628674682277097,-0.5845080255025579
2016-12-26 08:00:00,22.700594927041283,24.03343645999587,-1.3328415329545855
2016-12-26 09:00:00,22.618351484943094,23.731686766771293,-1.1133352818281992
2016-12-26 10:00:00,22.684298367256865,24.002034231577255,-1.3177358643203902
2016-12-26 11:00:00,22.870769013980954,24.292054283288824,-1.4212852693078695
2016-12-26 12:00:00,22.95705759466863,24.418356537413057,-1.4612989427444276
2016-12-26 13:00:00,23.186671981077886,24.262749697296954,-1.0760777162190678
2016-12-26 14:00:00,23.797287101228775,24.33129862537915,-0.534011524150376
2016-12-26 15:00:00,23.469982562817542,24.3627882249734,-0.8928056621558582
2016-12-26 16:00:00,24.112369586907477,24.072601507237724,0.039768079669752154
2016-12-26 17:00:00,23.98616082238855,24.022374583896635,-0.03621376150808686
2016-12-26 18:00:00,24.24913007286008,23.540353192148544,0.708776880711536
2016-12-26 19:00:00,24.95095813063116,23.166513101382407,1.7844450292487544
2016-12-26 20:00:00,21.789552183948086,22.983337963245106,-1.19378577929702
2016-12-26 21:00:00,20.133537276292856,21.159598910257134,-1.0260616339642787
2016-12-26 22:00:00,20.003254371827822,19.883725219344033,0.11952915248378915
2016-12-26 23:00:00,20.152266278975354,19.156132576617335,0.9961337023580192
2016-12-27 00:00:00,19.80215823082974,18.541769306452956,1.2603889243767838
2016-12-27 01:00:00,19.21839102479116,18.35770736311984,0.8606836616713203
2016-12-27 02:00:00,19.189110667780767,18.321563596447138,0.8675470713336288
2016-12-27 03:00:00,19.17038166509827,18.27927668165242,0.8911049834458495
2016-12-27 04:00:00,20.539802964023572,18.869391880838236,1.6704110831853356
2016-12-27 05:00:00,19.823320410621875,20.876501372238454,-1.0531809616165795
2016-12-27 06:00:00,22.183596186052046,22.1407050151435,0.04289117090854688
2016-12-27 07:00:00,23.32179113708824,23.83407905434031,-0.5122879172520705
2016-12-27 08:00:00,21.236736400430317,24.56585401084962,-3.3291176104193028
2016-12-27 09:00:00,21.994722464892273,23.858965889376023,-1.8642434244837496
2016-12-27 10:00:00,21.819682757944886,23.95988901961361,-2.140206261668723
2016-12-27 11:00:00,21.644614416746656,24.185813136354014,-2.541198719607358
2016-12-27 12:00:00,21.30919059979983,24.22133441399248,-2.9121438141926497
2016-12-27 13:00:00,19.52371363620358,23.82749452270218,-4.3037808864986005
2016-12-27 14:00:00,22.029718658896794,22.741220198707264,-0.7115015398104703
2016-12-27 15:00:00,23.908812001654695,23.30548001544122,0.6033319862134761
2016-12-27 16:00:00,23.922646015867077,23.842972191860085,0.07967382400699208
2016-12-27 17:00:00,23.96986462970991,23.783471075199614,0.18639355451029616
2016-12-27 18:00:00,25.074705083789613,23.52800730239957,1.5466977813900442
2016-12-27 19:00:00,22.837384414350502,23.51098595343689,-0.6736015390863876
2016-12-27 20:00:00,21.254615186126404,22.292422002415034,-1.0378068162886294
2016-12-27 21:00:00,20.820680735759368,20.822256353767,-0.0015756180076316184
2016-12-27 22:00:00,19.285980338364514,19.975442437937314,-0.6894620995728005
2016-12-27 23:00:00,19.46834674246854,18.982281802922675,0.4860649395458658
2016-12-28 00:00:00,18.859343950903277,18.09503265385244,0.7643112970508383
2016-12-28 01:00:00,19.398324985997107,17.874686709438674,1.523638276558433
2016-12-28 02:00:00,19.18339483078664,18.107372547540344,1.0760222832462958
2016-12-28 03:00:00,18.91553095895077,18.220848370449616,0.6946825885011556
2016-12-28 04:00:00,20.205991475662373,18.871278315072907,1.334713160589466
2016-12-28 05:00:00,20.508060795652703,20.63340074315904,-0.1253399475063368
2016-12-28 06:00:00,21.691041550527874,22.137702089863343,-0.44666053933546834
2016-12-28 07:00:00,22.076936538528066,23.474902025006326,-1.3979654864782596
2016-12-28 08:00:00,21.62101979405644,24.08125137599397,-2.460231581937528
2016-12-28 09:00:00,21.86687200332532,23.840534609481082,-1.973662606155763
2016-12-28 10:00:00,22.0679975127858,23.9149699563765,-1.8469724435906976
2016-12-28 11:00:00,21.90597170573834,24.234748948666947,-2.3287772429286058
2016-12-28 12:00:00,21.708128856162347,24.270496975308845,-2.562368119146498
2016-12-28 13:00:00,21.993901616368262,24.08579467712687,-2.0918930607586077
2016-12-28 14:00:00,22.359456007311888,24.058750239053683,-1.6992942317417956
2016-12-28 15:00:00,21.34744008522644,23.71434713709739,-2.3669070518709496
2016-12-28 16:00:00,21.546923897638898,23.368495680470527,-1.8215717828316293
2016-12-28 17:00:00,22.654197161722465,22.75146134865108,-0.09726418692861571
2016-12-28 18:00:00,22.843070882882234,22.682631951752985,0.16043893112924934
2016-12-28 19:00:00,22.359456007311888,22.416193306923557,-0.056737299611668846
2016-12-28 20:00:00,22.30816325352295,21.563764018714863,0.7443992348080855
2016-12-28 21:00:00,21.409313561805668,21.116291196656913,0.29302236514875446
2016-12-28 22:00:00,24.92897583652657,20.314784252505163,4.614191584021405
2016-12-28 23:00:00,21.635674656792833,20.845271683536424,0.7904029732564091
2016-12-29 00:00:00,19.078377614522246,19.21255159551777,-0.13417398099552358
2016-12-29 01:00:00,19.196408730686567,18.160339548423128,1.0360691822634394
2016-12-29 02:00:00,18.780382434478017,17.913229390014887,0.8671530444631301
2016-12-29 03:00:00,18.51090623405652,18.3827124062167,0.12819382783981936
2016-12-29 04:00:00,19.034412292101504,18.95159029129408,0.08282200080742186
2016-12-29 05:00:00,19.489508922260676,20.263645683143814,-0.7741367608831382
2016-12-29 06:00:00,21.457353024172512,21.770238014652318,-0.3128849904798052
2016-12-29 07:00:00,21.967845182317568,23.34116930515832,-1.373324122840753
2016-12-29 08:00:00,22.396093164152873,24.154239714273334,-1.7581465501204612
2016-12-29 09:00:00,21.91411998563055,24.227003139078178,-2.312883153447629
2016-12-29 10:00:00,21.25382444027635,24.24069422677356,-2.986869786497209
2016-12-29 11:00:00,21.98332089357797,24.103325324174957,-2.1200044305969854
2016-12-29 12:00:00,24.54469244290045,24.38390072311665,0.16079171978379847
2016-12-29 13:00:00,24.04234819754182,25.2675207868147,-1.22517258927288
2016-12-29 14:00:00,22.290255099364465,25.072062166911014,-2.7818070675465485
2016-12-29 15:00:00,21.69429484194997,24.19032082822626,-2.4960259862762904
2016-12-29 16:00:00,21.583561788691444,23.48800415266204,-1.9044423639705954
2016-12-29 17:00:00,22.745380363774476,22.894125996862936,-0.14874563308845978
2016-12-29 18:00:00,22.770616683512717,22.946079663424413,-0.17546297991169624
2016-12-29 19:00:00,22.83981759146014,22.530925243443292,0.3088923480168475
2016-12-29 20:00:00,20.39079105687604,21.886553033663873,-1.4957619767878327
2016-12-29 21:00:00,19.916145309721912,20.531168636078682,-0.6150233263567699
2016-12-29 22:00:00,21.651941848114852,19.603550577545477,2.0483912705693754
2016-12-29 23:00:00,20.013835094618113,19.843867076389596,0.16996801822851637
2016-12-30 00:00:00,19.412159734421046,18.533790139956718,0.8783695944643277
2016-12-30 01:00:00,19.54244263888608,17.740134854226962,1.8023077846591171
2016-12-30 02:00:00,19.091390780210613,17.971196861095233,1.1201939191153798
2016-12-30 03:00:00,18.6737235211656,18.292269289417106,0.38145423174849213
2016-12-30 04:00:00,18.760832583271508,18.807702201886183,-0.04686961861467509
2016-12-30 05:00:00,18.844688353955323,19.999196629273225,-1.1545082753179017
2016-12-30 06:00:00,21.958876053901346,21.4713957992051,0.48748025469624423
2016-12-30 07:00:00,21.680460093526026,23.595417835458075,-1.9149577419320494
2016-12-30 08:00:00,21.384898090591438,23.902218414740656,-2.5173203241492175
2016-12-30 09:00:00,22.15753901778979,23.52794966679211,-1.37041064900232
2016-12-30 10:00:00,22.4620407806782,24.07300495648991,-1.6109641758117093
2016-12-30 11:00:00,21.30919059979983,24.736914902985102,-3.427724303185272
2016-12-30 12:00:00,21.608797374218128,24.258986740683678,-2.6501893664655505
2016-12-30 13:00:00,21.255465403112815,23.86394359901523,-2.608478195902414
2016-12-30 14:00:00,21.342574465218725,23.38297237453504,-2.040397909316315
2016-12-30 15:00:00,21.87666124605399,23.057958820928004,-1.1812975748740122
2016-12-30 16:00:00,21.572160217377142,23.015749487821452,-1.4435892704443098
2016-12-30 17:00:00,24.965613360473334,22.45405843259854,2.511554927874794
2016-12-30 18:00:00,27.754928597800422,23.30135203331405,4.453576564486372
2016-12-30 19:00:00,23.391812893559678,24.32697668903157,-0.9351637954718939
2016-12-30 20:00:00,20.21657219845266,22.624686507019437,-2.408114308566777
2016-12-30 21:00:00,20.78325209885677,20.42160811868138,0.36164398017539057
2016-12-30 22:00:00,23.16548079992913,19.842404771699385,3.323076028229746
2016-12-30 23:00:00,20.809279164445066,20.397344873997245,0.4119342904478209
2016-12-31 00:00:00,19.021369023739176,19.47806599036183,-0.4566969666226548
2016-12-31 01:00:00,18.804006425630632,18.2130740489786,0.5909323766520309
2016-12-31 02:00:00,18.341552995640864,17.666702929796795,0.674850065844069
2016-12-31 03:00:00,18.362715175433003,17.65643228902199,0.7062828864110138
2016-12-31 04:00:00,18.454719226009026,18.183412391431418,0.27130683457760796
2016-12-31 05:00:00,18.51008538553251,19.248586209405232,-0.7385008238727231
2016-12-31 06:00:00,21.87502028321753,20.69780553645975,1.1772147467577803
2016-12-31 07:00:00,21.30511645985373,22.883890965348787,-1.5787745054950584
2016-12-31 08:00:00,21.052728299278265,22.85050000255148,-1.7977717032732166
2016-12-31 09:00:00,20.89231482081643,22.65102561252071,-1.758710791704278
2016-12-31 10:00:00,21.353976036533023,22.961929577843204,-1.6079535413101809
2016-12-31 11:00:00,21.742333570105252,23.46729510377098,-1.7249615336657271
2016-12-31 12:00:00,21.92226826552276,23.80644222990685,-1.8841739643840896
2016-12-31 13:00:00,27.49603339549855,23.8023066609269,3.6937267345716513
2016-12-31 14:00:00,21.540417314794716,26.077156982542395,-4.536739667747678
2016-12-31 15:00:00,21.119496030116046,24.02208873086263,-2.9025927007465846
2016-12-31 16:00:00,21.92552155694485,23.011333939499973,-1.0858123825551225
2016-12-31 17:00:00,23.503366428236433,22.973767515561292,0.5295989126751408
2016-12-31 18:00:00,23.308777604294093,23.32127033635506,-0.01249273206096646
2016-12-31 19:00:00,22.69895396420482,22.818163734660033,-0.11920977045521397
2016-12-31 20:00:00,20.05454712561676,21.542985342094198,-1.4884382164774372
2016-12-31 21:00:00,19.29330776973271,19.85291501017992,-0.5596072404472103
2016-12-31 22:00:00,19.29412788404516,19.21572706051451,0.07840082353065014
2016-12-31 23:00:00,19.618970978201702,18.70081127772082,0.9181597004808815
