timestamp,actual,predicted,residual
2016-11-07 02:00:00,27.10034833878168,26.044304931030084,1.056043407751595
2016-11-07 03:00:00,27.073471056206973,23.583637655716032,3.489833400490941
2016-11-07 04:00:00,22.88052925535301,23.01967776440431,-0.13914850905129938
2016-11-07 05:00:00,22.24221563699762,22.56588717424168,-0.32367153724405995
2016-11-07 06:00:00,26.19173840569234,26.155901294714507,0.03583711097783393
2016-11-07 07:00:00,28.92899931108186,27.63718575144982,1.2918135596320397
2016-11-07 08:00:00,29.392947291798194,29.28753658402589,0.10541070777230388
2016-11-07 09:00:00,30.109576825176543,30.602943315133114,-0.4933664899565713
2016-11-07 10:00:00,31.27875275074884,31.87431512668215,-0.5955623759333086
2016-11-07 11:00:00,29.360413207427598,32.84974553147299,-3.4893323240453924
2016-11-07 12:00:00,30.11778356666421,31.87518272000881,-1.757399153344597
2016-11-07 13:00:00,34.16578787564608,32.04611292248662,2.1196749531594605
2016-11-07 14:00:00,35.35196318501855,34.05145008836544,1.3005130966531055
2016-11-07 15:00:00,40.22709563770856,34.76328569443569,5.463809943272871
2016-11-07 16:00:00,35.081725240103616,36.91929145466275,-1.837566214559132
2016-11-07 17:00:00,36.67912032970749,35.222325530146115,1.4567947995613721
2016-11-07 18:00:00,37.20728642852341,36.31562687061261,0.8916595579107991
2016-11-07 19:00:00,37.462283242771335,36.633046841160976,0.829236401610359
2016-11-07 20:00:00,34.03535812886906,36.75177472409568,-2.716416595226619
2016-11-07 21:00:00,32.241000142243784,35.428121114602185,-3.1871209723584
2016-11-07 22:00:00,33.06578330600592,34.37337518104559,-1.3075918750396696
2016-11-07 23:00:00,36.500622486312785,33.793795550639125,2.7068269356736607
2016-11-08 00:00:00,35.18812020436024,33.06435330662435,2.123766897735891
2016-11-08 01:00:00,29.99292299812222,30.393689502453284,-0.4007665043310631
2016-11-08 02:00:00,27.819264069293016,25.961731460835704,1.857532608457312
2016-11-08 03:00:00,23.415436517606512,24.12318501265976,-0.7077484950532487
2016-11-08 04:00:00,22.03133025327086,21.476733272508678,0.5545969807621809
2016-11-08 05:00:00,21.82372752942859,21.836428165729615,-0.012700636301023138
2016-11-08 06:00:00,25.7993069157269,25.7438768797977,0.055430035929198596
2016-11-08 07:00:00,26.41563750576614,27.508998378553297,-1.0933608727871587
2016-11-08 08:00:00,26.446559559824554,28.226013984843586,-1.7794544250190327
2016-11-08 09:00:00,27.93975745570004,28.563632757840995,-0.6238753021409558
2016-11-08 10:00:00,27.773687060721763,29.41059402075312,-1.6369069600313573
2016-11-08 11:00:00,28.2466917991512,29.765156622209332,-1.5184648230581317
2016-11-08 12:00:00,28.61634956083866,30.370035729844272,-1.7536861690056114
2016-11-08 13:00:00,27.63039043990969,30.84737889378924,-3.2169884538795515
2016-11-08 14:00:00,29.33520660031342,30.644486840723392,-1.3092802404099722
2016-11-08 15:00:00,29.52484229540774,31.64840899812496,-2.12356670271722
2016-11-08 16:00:00,30.047732717059716,32.03678488698618,-1.9890521699264667
2016-11-08 17:00:00,32.52501373155208,32.59865227535207,-0.07363854379999424
2016-11-08 18:00:00,31.988640983024936,33.91338074793865,-1.924739764913717
2016-11-08 19:00:00,34.79184933859498,33.702198253267305,1.0896510853276737
2016-11-08 20:00:00,32.525893317000886,34.91916052177116,-2.393267204770275
2016-11-08 21:00:00,33.62824222415193,33.76239405643207,-0.13415183228013916
2016-11-08 22:00:00,33.960617594701894,34.17091450786336,-0.21029691316146426
2016-11-08 23:00:00,34.409060799704896,33.54481816986537,0.8642426298395236
2016-11-09 00:00:00,32.0097440587865,32.27996462736118,-0.270220568574679
2016-11-09 01:00:00,31.137771649643927,29.27168785505285,1.866083794591077
2016-11-09 02:00:00,29.12270909449804,26.83403426518025,2.288674829317788
2016-11-09 03:00:00,24.791365133587558,24.304506388976804,0.4868587446107533
2016-11-09 04:00:00,21.70566704480187,21.966816307184903,-0.26114926238303227
2016-11-09 05:00:00,22.241395522685167,21.795175999760033,0.44621952292513356
2016-11-09 06:00:00,26.45716983463013,25.23776649624237,1.2194033383877603
2016-11-09 07:00:00,27.85264821004124,26.977853277517223,0.8747949325240185
2016-11-09 08:00:00,28.896377276196823,27.946124568939982,0.9502527072568405
2016-11-09 09:00:00,30.503503169878023,28.94571036962004,1.5577928002579817
2016-11-09 10:00:00,31.137771649643927,30.098007073526798,1.039764576117129
2016-11-09 11:00:00,32.056347036236325,30.98653079856901,1.0698162376673146
2016-11-09 12:00:00,29.91319982897997,31.89689176504451,-1.9836919360645417
2016-11-09 13:00:00,31.20283986427334,31.347769188041827,-0.144929323768487
2016-11-09 14:00:00,29.943389139901566,32.120829594778094,-2.1774404548765283
2016-11-09 15:00:00,31.16297823381399,31.7171018928572,-0.5541236590432099
2016-11-09 16:00:00,35.609305070988924,32.47081613091054,3.138488940078382
2016-11-09 17:00:00,32.70585664666923,34.45073366889832,-1.7448770222290904
2016-11-09 18:00:00,31.594421320805264,33.60570107268164,-2.0112797518763763
2016-11-09 19:00:00,34.64354080612187,33.37705241921089,1.2664883869109786
2016-11-09 20:00:00,36.30219373591196,34.363246977313416,1.9389467585985471
2016-11-09 21:00:00,35.30477393963812,34.89873243117037,0.40604150846774445
2016-11-09 22:00:00,36.71224061317636,34.56971106139481,2.14252955178155
2016-11-09 23:00:00,36.70755120394303,34.54921236411567,2.1583388398273584
2016-11-10 00:00:00,35.40735944721599,33.36785348257641,2.039505964639581
2016-11-10 01:00:00,30.694897439323068,31.22797070228414,-0.5330732629610715
2016-11-10 02:00:00,31.243580713075715,27.683986813060084,3.5595939000156314
2016-11-10 03:00:00,24.902098553951863,25.338503626218095,-0.4364050722662327
2016-11-10 04:00:00,21.653583545162878,22.19215954021281,-0.538575995049932
2016-11-10 05:00:00,21.929595696890956,22.03813345758526,-0.1085377606943041
2016-11-10 06:00:00,26.524729229082418,25.62776939792042,0.8969598311619968
2016-11-10 07:00:00,26.27641502490017,27.19915256504942,-0.9227375401492495
2016-11-10 08:00:00,26.032966073619864,27.85298481544932,-1.8200187418294576
2016-11-10 09:00:00,27.582351344648625,28.23431527136567,-0.6519639267170447
2016-11-10 10:00:00,27.456142488353247,28.95675829187562,-1.500615803522372
2016-11-10 11:00:00,28.438027515224338,29.510379428038267,-1.0723519128139287
2016-11-10 12:00:00,29.15204840640228,30.40270392254511,-1.2506555161428317
2016-11-10 13:00:00,32.61968517272537,31.22745332787157,1.3922318448538
2016-11-10 14:00:00,29.936940926876396,33.01506966158488,-3.0781287347084856
2016-11-10 15:00:00,30.96279086317422,32.02073129004381,-1.0579404268695924
2016-11-10 16:00:00,31.957572270207425,32.58232873329283,-0.6247564630854079
2016-11-10 17:00:00,29.681943883187355,33.01011746579739,-3.328173582610038
2016-11-10 18:00:00,31.52290507670357,32.15043233184759,-0.6275272551440203
2016-11-10 19:00:00,32.63434003546176,33.10858306757526,-0.47424303211349894
2016-11-10 20:00:00,31.615817714085022,33.616074380706245,-2.0002566666212225
2016-11-10 21:00:00,39.39029489913333,33.32370595332021,6.066588945813123
2016-11-10 22:00:00,36.179091420503134,35.786199641073914,0.3928917794292204
2016-11-10 23:00:00,39.07257512553133,34.310033281346485,4.762541844184845
2016-11-11 00:00:00,37.867640710802405,34.58545414803163,3.282186562770775
2016-11-11 01:00:00,34.23232139299625,32.70293142544584,1.529389967550408
2016-11-11 02:00:00,27.309592576119083,30.028945099821016,-2.7193525237019323
2016-11-11 03:00:00,24.473849837905,25.067009078218323,-0.593159240313323
2016-11-11 04:00:00,21.746378341588958,22.313515900532096,-0.5671375589431378
2016-11-11 05:00:00,21.53634317484861,22.281757824244096,-0.7454146493954852
2016-11-11 06:00:00,24.62529492216217,25.489816430025883,-0.8645215078637136
2016-11-11 07:00:00,25.025845140004535,26.438679450704612,-1.4128343107000774
2016-11-11 08:00:00,25.34500176562934,27.088733295456326,-1.7437315298269844
2016-11-11 09:00:00,26.877270087231896,27.81812441999125,-0.9408543327593542
2016-11-11 10:00:00,26.0761397324261,28.641525816717675,-2.5653860842915748
2016-11-11 11:00:00,35.16877593239051,28.97994269966885,6.1888332327216595
2016-11-11 12:00:00,36.71224061317636,33.77169235636433,2.940548256812029
2016-11-11 13:00:00,31.750057468199458,35.85251595417092,-4.102458485971461
2016-11-11 14:00:00,38.599804554701294,33.81456994435902,4.785234610342272
2016-11-11 15:00:00,38.80145722806181,36.364071373023364,2.4373858550384426
2016-11-11 16:00:00,35.65649431636936,36.23648571709236,-0.5799914007229958
2016-11-11 17:00:00,34.409060799704896,34.99661090843747,-0.5875501087325716
2016-11-11 18:00:00,33.9116699126354,34.50437357467579,-0.5927036620403854
2016-11-11 19:00:00,39.74523919882427,34.45795084616393,5.28728835266034
2016-11-11 20:00:00,32.7351667392478,36.71584534719848,-3.9806786079506793
2016-11-11 21:00:00,37.44264602038919,34.375880555625294,3.066765464763897
2016-11-11 22:00:00,38.253653172652186,36.16544242760386,2.088210745048329
2016-11-11 23:00:00,35.3886010760711,35.94662046165134,-0.5580193855802449
2016-11-12 00:00:00,32.49335893435685,34.55172495844238,-2.0583660240855295
2016-11-12 01:00:00,34.640316516056394,31.71040080513393,2.929915710922465
2016-11-12 02:00:00,32.392532597676585,30.45247017402056,1.9400624236560233
2016-11-12 03:00:00,27.46754405966755,27.17410261267881,0.29344144698874075
2016-11-12 04:00:00,21.8921369573144,23.534098321500824,-1.6419613641864252
2016-11-12 05:00:00,21.810714363740225,21.523452133016377,0.28726223072384727
2016-11-12 06:00:00,24.665185737531026,23.74205591426373,0.9231298232672955
2016-11-12 07:00:00,25.660084251308042,25.032960751337686,0.6271234999703559
2016-11-12 08:00:00,25.689394343886608,26.16128936743142,-0.4718950235448105
2016-11-12 09:00:00,28.05860951216482,27.491729172004852,0.5668803401599689
2016-11-12 10:00:00,32.25243108202048,29.45463865331841,2.7977924287020706
2016-11-12 11:00:00,38.61504605247407,33.629567843123404,4.985478209350667
2016-11-12 12:00:00,36.88839338484862,38.029820702277455,-1.1414273174288354
2016-11-12 13:00:00,38.59570104629279,37.57295437752164,1.0227466687711484
2016-11-12 14:00:00,38.78445729360297,37.90844623140635,0.8760110621966177
2016-11-12 15:00:00,43.86886280143411,37.70784910953184,6.161013691902269
2016-11-12 16:00:00,45.016056616454705,39.01910886078778,5.996947755666923
2016-11-12 17:00:00,45.87337342864933,39.08889983009221,6.7844735985571205
2016-11-12 18:00:00,37.02497802713262,39.1634438402985,-2.1384658131658796
2016-11-12 19:00:00,37.68621189486042,36.524731546569335,1.1614803482910858
2016-11-12 20:00:00,33.64700059529683,36.8295712915125,-3.18257069621567
2016-11-12 21:00:00,35.76787200737751,35.0141223436164,0.7537496637611127
2016-11-12 22:00:00,36.26379740817336,35.695504444972066,0.5682929632012943
2016-11-12 23:00:00,32.00651995227392,35.25504322094295,-3.2485232686690324
2016-11-13 00:00:00,33.53884682724838,32.56744498010263,0.9714018471457493
2016-11-13 01:00:00,31.121651117081004,31.867529543445187,-0.7458784263641824
2016-11-13 02:00:00,30.305660687407812,29.059736774718896,1.245923912688916
2016-11-13 03:00:00,32.850061670733844,26.62976798221924,6.220293688514605
2016-11-13 04:00:00,21.99879660483838,25.734887193457805,-3.736090588619426
2016-11-13 05:00:00,20.223079515508406,22.041960780078636,-1.81888126457023
2016-11-13 06:00:00,24.455120835222502,23.37332471226884,1.0817961229536621
2016-11-13 07:00:00,26.253611882271567,25.40836887325867,0.8452430090128971
2016-11-13 08:00:00,26.71199098876234,27.196262953086688,-0.48427196432434627
2016-11-13 09:00:00,26.79910023442114,29.04339180668377,-2.244291572262629
2016-11-13 10:00:00,28.898868628100534,30.289071452540313,-1.390202824439779
2016-11-13 11:00:00,29.05432886872982,32.30974859231739,-3.255419723587572
2016-11-13 12:00:00,31.643369186424643,33.177377222318476,-1.5340080358938337
2016-11-13 13:00:00,32.61968517272537,34.83280794230918,-2.213122769583812
2016-11-13 14:00:00,40.60578066819015,35.46134736927287,5.144433298917278
2016-11-13 15:00:00,40.369542225087116,38.73604215965462,1.633500065432493
2016-11-13 16:00:00,37.932708741878926,38.426600376653745,-0.493891634774819
2016-11-13 17:00:00,37.92626089595954,37.451368208984086,0.4748926869754513
2016-11-13 18:00:00,38.646993800081724,37.29806067473654,1.3489331253451837
2016-11-13 19:00:00,40.212440774972166,37.27387207489433,2.9385687000778375
2016-11-13 20:00:00,35.44135858192211,37.4997600928997,-2.058401510977589
2016-11-13 21:00:00,39.21765900083318,35.527928365637244,3.689730635195936
2016-11-13 22:00:00,36.16766048072644,36.63600865059377,-0.4683481698673333
2016-11-13 23:00:00,33.3190216835678,34.63843436472249,-1.3194126811546951
2016-11-14 00:00:00,33.68451733758663,32.16939426314748,1.5151230744391455
2016-11-14 01:00:00,36.00645552220299,31.161068977836663,4.8453865443663275
2016-11-14 02:00:00,30.227403004539198,30.58216766713514,-0.3547646625959402
2016-11-14 03:00:00,23.443925761661067,27.190423554405445,-3.7464977927443783
2016-11-14 04:00:00,22.444132626519718,21.789715178914392,0.6544174476053257
2016-11-14 05:00:00,22.903303029519215,21.607729830609973,1.295573198909242
2016-11-14 06:00:00,27.298190821251893,24.95009139388465,2.3480994273672415
2016-11-14 07:00:00,26.747807664185093,27.28493481509007,-0.5371271509049791
2016-11-14 08:00:00,27.544893155730737,28.145707255175846,-0.6008140994451097
2016-11-14 09:00:00,31.86407336489536,29.223522532763756,2.6405508321316056
2016-11-14 10:00:00,32.95088837451988,31.996775741187587,0.95411263333229
2016-11-14 11:00:00,29.98911271545547,33.899108470609285,-3.9099957551538154
2016-11-14 12:00:00,28.308565229842202,32.992813567752734,-4.684248337910532
2016-11-14 13:00:00,31.443768083715486,32.088097953961615,-0.6443298702461284
2016-11-14 14:00:00,33.07135230068806,33.45011111943142,-0.37875881874335704
2016-11-14 15:00:00,35.03776028478866,34.286954564645725,0.7508057201429352
2016-11-14 16:00:00,38.30670436312718,35.38310146438136,2.92360289874582
2016-11-14 17:00:00,34.41228472266459,36.81534153726931,-2.4030568146047244
2016-11-14 18:00:00,33.20647145669842,35.557470469068754,-2.3509990123703375
2016-11-14 19:00:00,38.28941147825592,35.199524712520784,3.0898867657351374
2016-11-14 20:00:00,34.27980358878909,37.14081947968801,-2.861015890898919
2016-11-14 21:00:00,35.162327719365344,35.38055264895103,-0.21822492958568773
2016-11-14 22:00:00,34.640316516056394,35.532784930369054,-0.8924684143126598
2016-11-14 23:00:00,40.27926724273475,34.33174979086638,5.9475174518683644
2016-11-15 00:00:00,41.71047464706364,35.106889362371795,6.603585284691846
2016-11-15 01:00:00,32.225465694058585,33.992260399774985,-1.7667947057164
2016-11-15 02:00:00,29.344878896907062,28.78283222325588,0.5620466736511815
2016-11-15 03:00:00,24.473029356486766,25.533611170627534,-1.0605818141407681
2016-11-15 04:00:00,25.195198378420194,22.02826345158499,3.1669349268352036
2016-11-15 05:00:00,22.23732138273906,22.811320882921393,-0.5739995001823317
2016-11-15 06:00:00,25.529830715305405,25.964041718693352,-0.43421100338794716
2016-11-15 07:00:00,26.361091644108,27.087401619239486,-0.7263099751314854
2016-11-15 08:00:00,26.557292796635966,27.931374228108652,-1.3740814314726855
2016-11-15 09:00:00,28.565848424776004,28.595219965508516,-0.029371540732512358
2016-11-15 10:00:00,28.14410679634377,29.621783559266618,-1.4776767629228473
2016-11-15 11:00:00,29.3410685912962,30.10624196743896,-0.7651733761427622
2016-11-15 12:00:00,34.0069276217393,31.24471058818609,2.7622170335532097
2016-11-15 13:00:00,30.4741931690759,33.81775220081269,-3.343559031736792
2016-11-15 14:00:00,31.671799877107293,32.63082077590208,-0.9590208987947868
2016-11-15 15:00:00,32.250086010298034,33.440938124938725,-1.1908521146406912
2016-11-15 16:00:00,36.92503127590117,33.71357694165466,3.211454334246511
2016-11-15 17:00:00,37.41099122319396,36.008456003966636,1.4025352192273246
2016-11-15 18:00:00,37.11525300948499,36.52175358448222,0.5934994250027685
2016-11-15 19:00:00,35.18020687216721,36.61518836865138,-1.4349814964841698
2016-11-15 20:00:00,34.26983813528604,36.103155345179196,-1.8333172098931598
2016-11-15 21:00:00,34.51076635472818,35.631856379052465,-1.1210900243242818
2016-11-15 22:00:00,37.48573175736112,35.44834974439585,2.037382012965274
2016-11-15 23:00:00,36.21162580314718,35.95282357038408,0.2588022327630952
2016-11-16 00:00:00,33.131730922531254,34.448837322807584,-1.3171064002763302
2016-11-16 01:00:00,30.870757444135798,31.460521567827374,-0.5897641236915767
2016-11-16 02:00:00,29.681943883187355,27.86549418963898,1.8164496935483747
2016-11-16 03:00:00,24.31507768938541,24.514908172022754,-0.19983048263734204
2016-11-16 04:00:00,22.733978792460174,22.49212338618642,0.24185540627375346
2016-11-16 05:00:00,22.107067846736427,21.99378242935836,0.11328541737806574
2016-11-16 06:00:00,26.336646987984263,24.977928413336794,1.3587185746474688
2016-11-16 07:00:00,25.48747772147029,26.667064461041047,-1.1795867395707553
2016-11-16 08:00:00,26.81539661065267,27.403321320241556,-0.5879247095888864
2016-11-16 09:00:00,26.910654136203675,28.373596535044655,-1.4629423988409798
2016-11-16 10:00:00,26.97742223414724,28.682283166160058,-1.7048609320128172
2016-11-16 11:00:00,28.116438217260338,29.08151711475628,-0.9650788974959426
2016-11-16 12:00:00,30.584985051035666,30.06307788779917,0.5219071632364951
2016-11-16 13:00:00,34.72590172206965,31.616853013568832,3.1090487085008185
2016-11-16 14:00:00,32.62789182243659,33.90097367389301,-1.2730818514564248
2016-11-16 15:00:00,29.860441772470285,33.481575266358256,-3.621133493887971
2016-11-16 16:00:00,33.093334961898435,32.65191424572907,0.4414207161693682
2016-11-16 17:00:00,31.951124057182255,34.31480235253407,-2.363678295351818
2016-11-16 18:00:00,32.53409996671211,33.999633719365676,-1.4655337526535632
2016-11-16 19:00:00,32.57630648534102,34.46368124502066,-1.8873747596796377
2016-11-16 20:00:00,34.406715727982444,34.33370793309674,0.07300779488570441
2016-11-16 21:00:00,34.06408195351702,35.0373250197022,-0.9732430661851836
2016-11-16 22:00:00,36.7922564574017,34.67619131656098,2.1160651408407176
2016-11-16 23:00:00,37.75772850606789,35.25483103380213,2.502897472265765
2016-11-17 00:00:00,36.20781524515109,34.35399052744007,1.8538247177110208
2016-11-17 01:00:00,34.43280189760132,31.91455040964121,2.5182514879601143
2016-11-17 02:00:00,29.92140657046764,29.401169359952178,0.5202372105154609
2016-11-17 03:00:00,24.009784813541163,25.368273335233187,-1.3584885216920242
2016-11-17 04:00:00,22.664777884512752,22.622973101975727,0.041804782537024465
2016-11-17 05:00:00,20.661117474283945,22.083028291840886,-1.4219108175569417
2016-11-17 06:00:00,25.020159038578583,24.529169374994424,0.4909896635841591
2016-11-17 07:00:00,25.32791409288909,25.962687404286743,-0.6347733113976552
2016-11-17 08:00:00,25.267652577789708,26.956091338657057,-1.6884387608673492
2016-11-17 09:00:00,26.435978653481374,27.417900039120752,-0.981921385639378
2016-11-17 10:00:00,30.167317516661313,28.040346397309253,2.12697111935206
2016-11-17 11:00:00,30.456314108050478,30.242514699826614,0.21379940822386345
2016-11-17 12:00:00,31.762953894249797,31.899496258184797,-0.13654236393499986
2016-11-17 13:00:00,33.103300048295715,33.22663015284101,-0.12333010454529614
2016-11-17 14:00:00,32.92890571330951,34.09053388286133,-1.1616281695518182
2016-11-17 15:00:00,31.76969524124027,33.98718956763626,-2.217494326395986
2016-11-17 16:00:00,33.712948211822166,33.53351608421743,0.17943212760473415
2016-11-17 17:00:00,31.715764832422252,34.30327449683147,-2.587509664409218
2016-11-17 18:00:00,33.34100434477816,33.484357805801835,-0.14335346102367197
2016-11-17 19:00:00,32.27118945316538,34.283946010410276,-2.0127565572448987
2016-11-17 20:00:00,33.524191964511985,33.90805612333738,-0.3838641588253964
2016-11-17 21:00:00,34.177218448317,34.50022478988776,-0.32300634157076047
2016-11-17 22:00:00,31.421199338127394,34.692225028606934,-3.27102569047954
2016-11-17 23:00:00,34.17135650322244,33.1005804063091,1.0707760969133417
2016-11-18 00:00:00,35.250843897925876,33.24799748357986,2.002846414346017
2016-11-18 01:00:00,30.00376766996831,32.39142663033013,-2.387658960361822
2016-11-18 02:00:00,28.11318474228536,28.597945790933107,-0.4847610486477478
2016-11-18 03:00:00,27.152461573988848,24.79855318712796,2.353908386860887
2016-11-18 04:00:00,21.996334059266342,23.161737789396557,-1.1654037301302154
2016-11-18 05:00:00,20.9208330662276,21.809568993706716,-0.8887359274791145
2016-11-18 06:00:00,25.74719368051973,24.242782691555806,1.5044109889639223
2016-11-18 07:00:00,26.214541548320945,25.83220540612037,0.3823361422005753
2016-11-18 08:00:00,27.019745859519954,27.135191021385875,-0.11544516186592091
2016-11-18 09:00:00,26.269087409979086,28.3521784662718,-2.0830910562927123
2016-11-18 10:00:00,28.661926592354025,28.986499045422317,-0.3245724530682921
2016-11-18 11:00:00,29.117872946201214,30.436697107078384,-1.3188241608771705
2016-11-18 12:00:00,33.627655956221325,31.972224991493437,1.6554309647278878
2016-11-18 13:00:00,36.86553150529522,34.76333525371598,2.102196251579244
2016-11-18 14:00:00,32.72695972243079,36.152451288262284,-3.425491565831493
2016-11-18 15:00:00,34.081961106318886,34.41664801959672,-0.3346869132778352
2016-11-18 16:00:00,40.99736285893363,34.71945656825932,6.277906290674309
2016-11-18 17:00:00,41.935282884601534,36.87948984599843,5.055793038603106
2016-11-18 18:00:00,38.8161120907982,37.189608082583185,1.626504008215015
2016-11-18 19:00:00,36.6260691392325,36.27426114658844,0.35180799264406204
2016-11-18 20:00:00,34.40994001804792,35.642662015317285,-1.2327219972693655
2016-11-18 21:00:00,33.115317256003024,34.664488473769914,-1.5491712177668902
2016-11-18 22:00:00,33.08776596721629,34.03262869739498,-0.9448627301786914
2016-11-18 23:00:00,30.538675207551147,33.50505094677577,-2.9663757392246204
2016-11-19 00:00:00,31.74273003683126,31.664438243717267,0.07829179311399415
2016-11-19 01:00:00,29.797718354233982,30.65392617045946,-0.8562078162254778
2016-11-19 02:00:00,32.06836406039074,28.135301060591786,3.933062999798956
2016-11-19 03:00:00,26.84960132459557,27.13011835371825,-0.2805170291226773
2016-11-19 04:00:00,20.074917091135724,23.27105528276752,-3.196138191631796
2016-11-19 05:00:00,18.77223415458581,20.705719113389964,-1.9334849588041543
2016-11-19 06:00:00,23.6580648039157,22.647936295013675,1.0101285089020244
2016-11-19 07:00:00,24.47467068642901,24.344242530443704,0.13042815598530666
2016-11-19 08:00:00,26.846318664711085,25.569286632693586,1.2770320320174982
2016-11-19 09:00:00,29.985888608942886,27.285527660332576,2.70036094861031
2016-11-19 10:00:00,27.18827843296449,30.311180489915433,-3.1229020569509416
2016-11-19 11:00:00,33.50455400791828,30.689060120907914,2.8154938870103656
2016-11-19 12:00:00,35.91852561157307,34.81998395846609,1.0985416531069774
2016-11-19 13:00:00,35.529289226763595,36.71814661096452,-1.1888573842009222
2016-11-19 14:00:00,39.42429476805101,36.54191650234128,2.8823782657097325
2016-11-19 15:00:00,37.13078745767019,37.9585236203264,-0.8277361626562154
2016-11-19 16:00:00,37.52324849965092,37.00114111462762,0.5221073850232969
2016-11-19 17:00:00,39.4732424501175,37.03772418455035,2.435518265567154
2016-11-19 18:00:00,35.93816356816677,37.530115090896665,-1.591951522729893
2016-11-19 19:00:00,32.21667277641674,35.79892156951016,-3.58224879309342
2016-11-19 20:00:00,33.04878373865286,33.750347357893766,-0.7015636192409076
2016-11-19 21:00:00,34.033013424252395,33.49102040860251,0.5419930156498864
2016-11-19 22:00:00,38.755147568130184,33.3938935192356,5.361254048894587
2016-11-19 23:00:00,39.90322023438802,34.92649419393762,4.9767260404504015
2016-11-20 00:00:00,36.09116150987322,34.871479109908385,1.2196823999648316
2016-11-20 01:00:00,30.497934266972326,32.5507398927694,-2.052805625797074
2016-11-20 02:00:00,27.433339345724647,29.08936451322162,-1.6560251674969741
2016-11-20 03:00:00,24.642382594902422,25.639512989453063,-0.9971303945506413
2016-11-20 04:00:00,21.491557738115418,21.45811562524611,0.033442112869309426
2016-11-20 05:00:00,19.52860789046214,20.59226923262248,-1.0636613421603407
2016-11-20 06:00:00,23.903946381646975,23.397062506213246,0.5068838754337293
2016-11-20 07:00:00,24.97537323473961,25.53098049060827,-0.555607255868658
2016-11-20 08:00:00,25.14798013168314,27.0260515743182,-1.8780714426350578
2016-11-20 09:00:00,27.042549002148558,27.836623186165408,-0.7940741840168499
2016-11-20 10:00:00,28.03501498125105,29.20539144214833,-1.1703764608972804
2016-11-20 11:00:00,30.383918370276422,31.09270696778077,-0.7087885975043484
2016-11-20 12:00:00,34.23320061133927,33.49180063075354,0.741399980585733
2016-11-20 13:00:00,34.82672805874991,36.213963899859806,-1.3872358411098986
2016-11-20 14:00:00,39.75901521032342,36.66311867823298,3.0958965320904355
2016-11-20 15:00:00,36.920927767492664,38.63196155260352,-1.7110337851108568
2016-11-20 16:00:00,36.7734980862568,37.39972768365292,-0.6262295973961187
2016-11-20 17:00:00,39.317019851239806,37.13466776576447,2.182352085475337
2016-11-20 18:00:00,41.03487960122342,37.8902661742335,3.1446134269899204
2016-11-20 19:00:00,38.81933674796946,38.309826475417225,0.5095102725522338
2016-11-20 20:00:00,38.09479328585118,37.32159337891853,0.7731999069326534
2016-11-20 21:00:00,37.57454051922829,36.88295777193321,0.6915827472950866
2016-11-20 22:00:00,37.88493359567366,36.3840130484657,1.5009205472079614
2016-11-20 23:00:00,38.47846141019008,35.84366540092163,2.634796009268449
2016-11-21 00:00:00,34.193339164432814,34.465441027761244,-0.2721018633284302
2016-11-21 01:00:00,33.3272287003848,31.210502218481462,2.1167264819033385
2016-11-21 02:00:00,28.32160817698697,29.195162391399176,-0.8735542144122057
2016-11-21 03:00:00,24.640741264960177,25.345951957756498,-0.7052106927963209
2016-11-21 04:00:00,25.36455161683585,22.017875336960596,3.346676279875254
2016-11-21 05:00:00,22.70710150988547,21.784594053283815,0.9225074566016538
2016-11-21 06:00:00,28.98187455033773,24.586321381768865,4.395553168568863
2016-11-21 07:00:00,29.568807296610924,27.4567234638422,2.1120838327687252
2016-11-21 08:00:00,28.2572727513826,29.244092352963747,-0.9868196015811463
2016-11-21 09:00:00,29.330223896506002,30.1009865805174,-0.7707626840113981
2016-11-21 10:00:00,31.004411113872514,31.21816965098621,-0.2137585371136943
2016-11-21 11:00:00,29.306717287426533,32.950463877869645,-3.6437465904431114
2016-11-21 12:00:00,28.482813181398644,32.68717977300749,-4.204366591608849
2016-11-21 13:00:00,32.77004545940273,32.230725891595476,0.5393195678072544
2016-11-21 14:00:00,34.42928465712343,34.24147028087606,0.18781437624737407
2016-11-21 15:00:00,33.63146651421741,35.04937759193299,-1.41791107771558
2016-11-21 16:00:00,40.973621393931424,34.8610520820713,6.1125693118601205
2016-11-21 17:00:00,36.035179346850946,37.76519347973498,-1.7300141328840368
2016-11-21 18:00:00,42.90251263574223,36.23870058863151,6.663812047110717
2016-11-21 19:00:00,51.04014058663981,38.85356495668228,12.186575629957531
2016-11-21 20:00:00,44.80443775537957,40.71872027192347,4.085717483456094
2016-11-21 21:00:00,39.636205845327005,39.507557540531586,0.12864830479541922
2016-11-21 22:00:00,37.03963288986901,37.882526115968616,-0.8428932260996049
2016-11-21 23:00:00,32.577185703684044,36.10338466392309,-3.526198960239043
2016-11-22 00:00:00,30.200730934095493,32.668268563489534,-2.467537629394041
2016-11-22 01:00:00,29.06165636893035,29.47792213474001,-0.41626576580965846
2016-11-22 02:00:00,30.821223677691588,26.340181421249515,4.481042256442073
2016-11-22 03:00:00,25.96945145065128,24.70859709732979,1.2608543533214913
2016-11-22 04:00:00,21.45084570711677,22.935210640228252,-1.4843649331114825
2016-11-22 05:00:00,21.485871269583686,21.83788655462484,-0.35201528504115487
2016-11-22 06:00:00,25.58030262057033,25.67347994121914,-0.09317732064880957
2016-11-22 07:00:00,26.902505856311468,26.686362722419688,0.21614313389178008
2016-11-22 08:00:00,26.852034134599432,27.483773959160757,-0.6317398245613255
2016-11-22 09:00:00,28.876065451055766,28.36012378351191,0.5159416675438564
2016-11-22 10:00:00,35.78340645556271,29.72156729258765,6.061839162975062
2016-11-22 11:00:00,34.554731310043145,33.465271425642534,1.0894598844006111
2016-11-22 12:00:00,40.00580500775434,33.86401554423174,6.141789463522599
2016-11-22 13:00:00,37.5909545528623,36.31893118973812,1.2720233631241769
2016-11-22 14:00:00,39.68808449994078,35.68309149723395,4.004993002706826
2016-11-22 15:00:00,34.6485235328734,36.91010377593884,-2.2615802430654455
2016-11-22 16:00:00,34.78598739350043,35.36520052996989,-0.5792131364694626
2016-11-22 17:00:00,39.75256663019247,36.12438311453736,3.6281835156551097
2016-11-22 18:00:00,38.05024206260561,37.950736572521684,0.09950549008392784
2016-11-22 19:00:00,37.55343781057251,37.689663423403694,-0.13622561283118273
2016-11-22 20:00:00,35.31767036568846,37.814060153792695,-2.4963897881042385
2016-11-22 21:00:00,33.898773486585064,36.60310251216321,-2.704329025578147
2016-11-22 22:00:00,40.03745980494958,35.14681750016162,4.89064230478796
2016-11-22 23:00:00,36.305417658871654,36.023532915981406,0.2818847428902487
2016-11-23 00:00:00,28.283329323097963,32.98311487778312,-4.69978555468516
2016-11-23 01:00:00,30.133904099227134,28.43426936157834,1.6996347376487932
2016-11-23 02:00:00,24.72052289569789,27.19456092832215,-2.474038032624261
2016-11-23 03:00:00,20.823113912869008,23.231262851747697,-2.408148938878689
2016-11-23 04:00:00,19.951961618038887,21.271036317138826,-1.3190746990999394
2016-11-23 05:00:00,20.14247703624668,21.43113432936707,-1.2886572931203872
2016-11-23 06:00:00,25.84652516246395,25.28433729075215,0.562187871711803
2016-11-23 07:00:00,27.420325629377608,26.91299474147247,0.5073308879051375
2016-11-23 08:00:00,26.18605230426639,27.959189160029695,-1.7731368557633047
2016-11-23 09:00:00,27.268060247255093,28.571499762049395,-1.3034395147943023
2016-11-23 10:00:00,26.994510090440382,29.349969812791162,-2.35545972235078
2016-11-23 11:00:00,29.703926406733057,29.571855038432375,0.13207136830068222
2016-11-23 12:00:00,30.773741481898735,31.056309928712036,-0.2825684468133005
2016-11-23 13:00:00,30.217730685001445,32.0797719948719,-1.8620413098704525
2016-11-23 14:00:00,30.573554111258964,32.292794668449645,-1.7192405571906804
2016-11-23 15:00:00,28.04152183942457,32.862686683244185,-4.821164843819616
2016-11-23 16:00:00,28.601665237863422,31.939532386258225,-3.3378671483948033
2016-11-23 17:00:00,29.978561085798244,32.38190176494734,-2.4033406791490926
2016-11-23 18:00:00,29.4767738775725,33.21537034554208,-3.7385964679695753
2016-11-23 19:00:00,26.833304948364045,32.96467319655775,-6.131368248193702
2016-11-23 20:00:00,24.86302822000124,31.32461429689172,-6.46158607689048
2016-11-23 21:00:00,26.934248575341005,29.44527819778877,-2.511029622447765
2016-11-23 22:00:00,31.177047012172665,29.210166387028394,1.9668806251442703
2016-11-23 23:00:00,29.9067516159548,30.02948435526768,-0.12273273931288031
2016-11-24 00:00:00,26.650117512183115,28.17137760101853,-1.5212600888354153
2016-11-24 01:00:00,24.627727365060252,25.72590784726404,-1.0981804822037873
2016-11-24 02:00:00,22.148599992047526,23.179878566250952,-1.0312785742034265
2016-11-24 03:00:00,22.51576597736522,20.56795630628945,1.9478096710757704
2016-11-24 04:00:00,21.520867463588203,20.170382704479678,1.3504847591085252
2016-11-24 05:00:00,20.79951929017879,21.00989806792919,-0.2103787777503996
2016-11-24 06:00:00,25.36698442683971,24.755737150535712,0.6112472763039989
2016-11-24 07:00:00,25.56239409930606,26.362076038256987,-0.7996819389509255
2016-11-24 08:00:00,25.42478376347283,26.892014462594304,-1.4672306991214725
2016-11-24 09:00:00,25.75372963182631,27.566495893050988,-1.8127662612246773
2016-11-24 10:00:00,26.767357515391602,28.002753067576112,-1.2353955521845101
2016-11-24 11:00:00,29.325534303719778,28.511262655660364,0.8142716480594139
2016-11-24 12:00:00,28.08223341154099,29.836081321234825,-1.7538479096938353
2016-11-24 13:00:00,29.470325710435556,29.75411495987211,-0.2837892494365519
2016-11-24 14:00:00,29.67139229941835,30.45674819533922,-0.7853558959208691
2016-11-24 15:00:00,31.447285140640485,30.609506218122377,0.8377789225181083
2016-11-24 16:00:00,38.204705490585695,31.565354925280293,6.639350565305403
2016-11-24 17:00:00,35.34463575365035,34.368844973352175,0.9757907802981762
2016-11-24 18:00:00,29.901182713049103,33.248067845521014,-3.346885132471911
2016-11-24 19:00:00,27.186637103022246,30.640521027574533,-3.4538839245522865
2016-11-24 20:00:00,24.558526457112826,28.797564755632866,-4.23903829852004
2016-11-24 21:00:00,23.667825045287756,27.424907017735183,-3.757081972447427
2016-11-24 22:00:00,24.162841492172404,26.699422388173517,-2.5365808960011123
2016-11-24 23:00:00,22.871589495399185,25.40204645514744,-2.5304569597482534
2016-11-25 00:00:00,22.0867265154683,23.33834687355332,-1.2516203580850203
2016-11-25 01:00:00,20.356615711395534,22.15747122558909,-1.8008555141935574
2016-11-25 02:00:00,20.381851296922214,20.421658289804643,-0.03980699288242917
2016-11-25 03:00:00,19.537547650415963,19.74110315540266,-0.20355550498669572
2016-11-25 04:00:00,19.563604084466657,19.255071744851364,0.3085323396152937
2016-11-25 05:00:00,19.263176461524353,19.536365080330086,-0.2731886188057331
2016-11-25 06:00:00,24.568286698484883,23.525409906637687,1.0428767918471955
2016-11-25 07:00:00,25.36698442683971,24.976628247032732,0.3903561798069788
2016-11-25 08:00:00,24.642382594902422,25.66426173153121,-1.0218791366287867
2016-11-25 09:00:00,24.67984060026742,26.099062979829046,-1.419222379561628
2016-11-25 10:00:00,25.797694587141272,26.442607298997398,-0.6449127118561258
2016-11-25 11:00:00,27.443920252067826,27.036134562855143,0.4077856892126839
2016-11-25 12:00:00,26.030533447168892,27.818310297884505,-1.7877768507156127
2016-11-25 13:00:00,30.081146134493892,27.60504518153124,2.4761009529626534
2016-11-25 14:00:00,30.56388179172121,29.73386667462313,0.8300151170980818
2016-11-25 15:00:00,28.25730202806855,30.6136120821263,-2.3563100540577473
2016-11-25 16:00:00,29.044597949931937,29.809340418457378,-0.7647424685254407
2016-11-25 17:00:00,30.742965903046528,29.867180358519374,0.8757855445271545
2016-11-25 18:00:00,29.657616609136763,29.863658682179974,-0.20604207304321065
2016-11-25 19:00:00,29.104829999056445,28.468690977676932,0.6361390213795133
2016-11-25 20:00:00,24.668439028953117,27.32864643682471,-2.6602074078715923
2016-11-25 21:00:00,25.251385753573466,25.017896198550847,0.2334895550226186
2016-11-25 22:00:00,24.514561501797868,24.703973032925294,-0.18941153112742626
2016-11-25 23:00:00,25.947498157903308,23.719830718501395,2.2276674394019125
2016-11-26 00:00:00,24.19783768617692,23.365708613388993,0.8321290727879287
2016-11-26 01:00:00,21.280701722851056,22.02037948785436,-0.7396777650033037
2016-11-26 02:00:00,20.122135704978554,20.751679778093436,-0.6295440731148823
2016-11-26 03:00:00,19.348673929256194,19.98818884009224,-0.639514910836045
2016-11-26 04:00:00,19.458586868202264,19.363774213672283,0.09481265452998144
2016-11-26 05:00:00,19.298202023991266,19.712219762109008,-0.41401773811774234
2016-11-26 06:00:00,24.37615968590302,23.51890638300834,0.85725330289468
2016-11-26 07:00:00,24.813347794797927,24.70668398674178,0.1066638080561475
2016-11-26 08:00:00,26.338288501479397,25.160591561279627,1.1776969401997697
2016-11-26 09:00:00,25.93609658658901,26.103043446616965,-0.16694686002795578
2016-11-26 10:00:00,28.715681134559325,26.671263906426717,2.044417228132609
2016-11-26 11:00:00,26.935069240312128,28.33955781314259,-1.4044885728304628
2016-11-26 12:00:00,29.235962948427055,28.221450745278002,1.014512203149053
2016-11-26 13:00:00,28.87199135699788,29.83936528128562,-0.9673739242877382
2016-11-26 14:00:00,31.182615823301916,30.05418570246002,1.1284301208418945
2016-11-26 15:00:00,37.96201920156328,31.327453431809705,6.634565769753575
2016-11-26 16:00:00,34.6370925930967,34.65736087031461,-0.020268277217908803
2016-11-26 17:00:00,34.18190822465611,33.22795595536537,0.9539522692907454
2016-11-26 18:00:00,32.088001833431555,32.478128327388866,-0.390126493957311
2016-11-26 19:00:00,28.704279540300913,30.791428026534714,-2.087148486233801
2016-11-26 20:00:00,27.657238445798445,28.09060123598569,-0.4333627901872461
2016-11-26 21:00:00,26.865868332364705,26.919353686608805,-0.05348535424409917
2016-11-26 22:00:00,26.440873458398602,25.873052470861754,0.5678209875368481
2016-11-26 23:00:00,29.896199986297574,25.086775277097832,4.809424709199742
2016-11-27 00:00:00,25.537978995197612,25.76587226734178,-0.22789327214416844
2016-11-27 01:00:00,23.03683922540634,23.138477722440484,-0.10163849703414485
2016-11-27 02:00:00,22.378185009994386,21.6790053756886,0.6991796343057857
2016-11-27 03:00:00,21.669058522211724,20.610180568364388,1.058877953847336
2016-11-27 04:00:00,20.10097352518642,19.949062216588686,0.1519113085977324
2016-11-27 05:00:00,19.790756659515438,19.924169263123307,-0.13341260360786933
2016-11-27 06:00:00,25.124356140530526,24.000725009997286,1.1236311305332407
2016-11-27 07:00:00,25.232656750890968,25.503276363448474,-0.2706196125575069
2016-11-27 08:00:00,25.389787569468314,26.14651678610825,-0.7567292166399362
2016-11-27 09:00:00,27.902299358558597,26.430592477477656,1.4717068810809408
2016-11-27 10:00:00,27.837993163751957,27.823901441282036,0.014091722469920853
2016-11-27 11:00:00,27.107675953702767,28.486371835041336,-1.3786958813385688
2016-11-27 12:00:00,29.036449770420216,28.691877957545902,0.3445718128743138
2016-11-27 13:00:00,31.59617994104421,29.951519232761587,1.644660708282622
2016-11-27 14:00:00,38.70326891351641,31.78168381469675,6.921585098819662
2016-11-27 15:00:00,33.61710460189343,35.45368146637554,-1.8365768644821117
2016-11-27 16:00:00,36.17410906085739,33.429772725009535,2.744336335847855
2016-11-27 17:00:00,42.52734521284431,34.45984768172903,8.06749753111528
2016-11-27 18:00:00,37.2530101876302,36.3795282395204,0.8734819481098057
2016-11-27 19:00:00,42.11583138088315,33.87141566254438,8.244415718338772
2016-11-27 20:00:00,37.48983453155807,35.13955504651648,2.3502794850415896
2016-11-27 21:00:00,40.10428700692371,33.18678394082442,6.917503066099293
2016-11-27 22:00:00,36.40946791851161,34.0381596354446,2.371308283067009
2016-11-27 23:00:00,35.618977574079565,32.16685505365172,3.4521225204278423
2016-11-28 00:00:00,42.98721862341245,30.025951887547958,12.961266735864495
2016-11-28 01:00:00,31.77702267260847,30.928930096755,0.848092575853471
2016-11-28 02:00:00,27.195605864332688,26.278240397206773,0.917365467125915
2016-11-28 03:00:00,23.817628432496903,23.75028153110692,0.0673469013899819
2016-11-28 04:00:00,21.878302943102018,21.959877273731916,-0.08157433062989838
2016-11-28 05:00:00,21.05108660223024,21.484429033342778,-0.4333424311125391
2016-11-28 06:00:00,26.491345180110635,24.90621307553376,1.585132104576875
2016-11-28 07:00:00,25.074705083789613,26.496560590742373,-1.4218555069527596
2016-11-28 08:00:00,26.61022651326137,27.11113607863972,-0.5009095653783504
2016-11-28 09:00:00,27.819264069293016,28.109850641703446,-0.2905865724104295
2016-11-28 10:00:00,28.490111381969108,29.040664879941833,-0.5505534979727251
2016-11-28 11:00:00,28.950952500581334,29.97684677063812,-1.025894270056785
2016-11-28 12:00:00,38.01917316623521,30.87981558040759,7.1393575858276215
2016-11-28 13:00:00,31.28021823702248,35.33412661648716,-4.05390837946468
2016-11-28 14:00:00,28.26134679955226,33.337259988191065,-5.075913188638804
2016-11-28 15:00:00,28.98676931940478,31.901579644670424,-2.9148103252656448
2016-11-28 16:00:00,30.645070538913547,31.977761191392563,-1.332690652479016
2016-11-28 17:00:00,30.782827533505877,32.84098400137535,-2.0581564678694697
2016-11-28 18:00:00,32.0097440587865,33.384565116629375,-1.3748210578428726
2016-11-28 19:00:00,36.511466791053095,34.02556448087103,2.4859023101820625
2016-11-28 20:00:00,31.456957460178238,36.037367664405345,-4.580410204227107
2016-11-28 21:00:00,29.484101400717144,33.66685269692885,-4.1827512962117055
2016-11-28 22:00:00,32.43649755299155,32.24616244490601,0.19033510808553444
2016-11-28 23:00:00,33.134954845490945,32.42308785187652,0.7118669936144286
2016-11-29 00:00:00,30.878964277399913,31.177416259403017,-0.29845198200310463
2016-11-29 01:00:00,28.774271813589397,28.163736309504532,0.610535504084865
2016-11-29 02:00:00,26.32281279021899,24.895914045245306,1.426898744973684
2016-11-29 03:00:00,22.22105419141704,22.32953272571218,-0.10847853429514132
2016-11-29 04:00:00,20.88091324950213,20.81504150150466,0.06587174799746975
2016-11-29 05:00:00,20.85406533538982,21.10022199771889,-0.24615666232907074
2016-11-29 06:00:00,25.849778820991823,25.090175166094724,0.7596036548970986
2016-11-29 07:00:00,27.091408945933637,26.050319775682,1.041089170251638
2016-11-29 08:00:00,27.352736866462923,27.063037634610897,0.2896992318520262
2016-11-29 09:00:00,29.00388636006968,27.76120661140835,1.2426797486613275
2016-11-29 10:00:00,31.068599926606012,28.725995740075305,2.342604186530707
2016-11-29 11:00:00,30.678777090313034,30.308937274750857,0.3698398155621767
2016-11-29 12:00:00,35.55215037210543,30.905095478661128,4.647054893444302
2016-11-29 13:00:00,28.948519770881862,33.07995579174743,-4.131436020865568
2016-11-29 14:00:00,32.33713670258493,30.7559176702932,1.5812190322917274
2016-11-29 15:00:00,31.93734841278889,32.202144381621544,-0.26479596883265444
2016-11-29 16:00:00,35.15412106965412,32.61308962791384,2.54103144174028
2016-11-29 17:00:00,33.041455940178885,34.43809323794521,-1.3966372977663255
2016-11-29 18:00:00,32.29375801520058,33.96366750952188,-1.6699094943213026
2016-11-29 19:00:00,35.12305217328372,33.776842850457314,1.3462093228264038
2016-11-29 20:00:00,33.74313752274376,34.73068768012312,-0.9875501573793599
2016-11-29 21:00:00,34.23173512506563,33.93593058757909,0.29580453748654634
2016-11-29 22:00:00,38.49047825079161,33.77654390398382,4.71393434680779
2016-11-29 23:00:00,34.37242327575813,34.69175464373421,-0.3193313679760763
2016-11-30 00:00:00,34.91055482807711,31.97001458640794,2.9405402416691686
2016-11-30 01:00:00,32.18882817011182,29.730063344022085,2.458764826089734
2016-11-30 02:00:00,30.857568067673043,26.975836643099253,3.8817314245737897
2016-11-30 03:00:00,25.76184854325612,24.40818109940385,1.3536674438522702
2016-11-30 04:00:00,22.80400054893161,22.21794872125568,0.5860518276759308
2016-11-30 05:00:00,23.207833793764244,22.06858365834782,1.1392501354164253
2016-11-30 06:00:00,26.813755280710424,26.124891747111864,0.6888635335985605
2016-11-30 07:00:00,27.862408451413298,27.412180500476676,0.4502279509366218
2016-11-30 08:00:00,28.369647272248038,28.46563495589933,-0.09598768365129118
2016-11-30 09:00:00,27.86158769466573,29.414908798537994,-1.553321103872264
2016-11-30 10:00:00,29.83025246154869,29.82474420757706,0.005508253971630239
2016-11-30 11:00:00,28.416044991678636,30.88222919383837,-2.4661842021597344
2016-11-30 12:00:00,30.62074317308651,30.872347256900255,-0.25160408381374566
2016-11-30 13:00:00,31.58386978292448,31.608147650655514,-0.024277867731033353
2016-11-30 14:00:00,32.87350981821785,32.35326261936596,0.5202471988518909
2016-11-30 15:00:00,30.22828231465867,33.36479940722425,-3.136517092565576
2016-11-30 16:00:00,33.20412675208175,32.695941119552245,0.5081856325295036
2016-11-30 17:00:00,36.014662539019994,34.30845900939338,1.7062035296266131
2016-11-30 18:00:00,35.73533835894503,35.65185752563115,0.08348083331387812
2016-11-30 19:00:00,37.3060613781052,35.794613950288,1.5114474278171954
2016-11-30 20:00:00,35.31942953658607,36.340086883994815,-1.0206573474087435
2016-11-30 21:00:00,36.67648230757263,35.62334246180341,1.0531398457692163
2016-11-30 22:00:00,34.914072068555,36.011095739261805,-1.097023670706804
2016-11-30 23:00:00,34.2496142778675,34.57439667720175,-0.32478239933424646
2016-12-01 00:00:00,36.12135082079481,32.91986891506118,3.2014819057336297
2016-12-01 01:00:00,34.72091899531812,31.81074549903087,2.9101734962872534
2016-12-01 02:00:00,31.82597035467496,29.367945457052887,2.4580248976220744
2016-12-01 03:00:00,27.00509099678356,25.859899682608404,1.1451913141751575
2016-12-01 04:00:00,24.428243552647793,22.93681207800908,1.4914314746387127
2016-12-01 05:00:00,21.86443956042724,22.65769359953949,-0.7932540391122487
2016-12-01 06:00:00,25.447586906101435,25.677437892185882,-0.22985098608444687
2016-12-01 07:00:00,25.689394343886608,27.001337278999074,-1.3119429351124658
2016-12-01 08:00:00,29.863665878982868,27.567472149688516,2.2961937292943517
2016-12-01 09:00:00,28.36314045996274,29.348127087088425,-0.9849866271256857
2016-12-01 10:00:00,27.039295710726467,30.126193440016795,-3.086897729290328
2016-12-01 11:00:00,28.248333174981667,30.083794435590594,-1.835461260608927
2016-12-01 12:00:00,28.549552048544477,30.982087350208257,-2.43253530166378
2016-12-01 13:00:00,29.609548191301524,31.445309652662022,-1.835761461360498
2016-12-01 14:00:00,29.21966657219553,32.28736603054404,-3.067699458348514
2016-12-01 15:00:00,29.68135770703319,32.16330972958167,-2.48195202254848
2016-12-01 16:00:00,34.12240882115596,32.427728313672525,1.694680507483433
2016-12-01 17:00:00,37.11525300948499,34.43083029482569,2.6844227146592985
2016-12-01 18:00:00,39.45301859269897,35.7951034246613,3.6579151680376683
2016-12-01 19:00:00,37.93446717856499,36.70190903284208,1.232558145722905
2016-12-01 20:00:00,33.9304282837803,36.25805220271683,-2.3276239189365313
2016-12-01 21:00:00,32.43063560789699,34.91597795939601,-2.485342351499021
2016-12-01 22:00:00,37.56574760158646,34.138754083640514,3.426993517945945
2016-12-01 23:00:00,35.5328061001357,35.15757186398583,0.37523423614987195
2016-12-02 00:00:00,34.32845832044317,33.863517993531296,0.46494032691187215
2016-12-02 01:00:00,32.6815292808422,32.32636043478251,0.3551688460596907
2016-12-02 02:00:00,32.45906648213253,29.976374267259114,2.4826922148734134
2016-12-02 03:00:00,26.672099989840596,27.571025703046484,-0.8989257132058874
2016-12-02 04:00:00,23.477309994185738,24.087457788678723,-0.6101477944929847
2016-12-02 05:00:00,24.60087945094794,22.61230072510904,1.9885787258388987
2016-12-02 06:00:00,26.582528565715542,25.756729742628817,0.8257988230867248
2016-12-02 07:00:00,27.53917768584239,27.173596710321863,0.36558097552052615
2016-12-02 08:00:00,26.559754791549334,28.541173861009526,-1.9814190694601912
2016-12-02 09:00:00,25.958079064246487,28.483345437935373,-2.5252663736888863
2016-12-02 10:00:00,25.629953677311242,28.607304070596186,-2.9773503932849437
2016-12-02 11:00:00,27.706918871001754,28.832248871484225,-1.125330000482471
2016-12-02 12:00:00,30.132438612953496,30.21779740647695,-0.08535879352345432
2016-12-02 13:00:00,34.63885102978276,32.404749082638126,2.23410194714463
2016-12-02 14:00:00,31.958451672103344,35.23277874486215,-3.2743270727588083
2016-12-02 15:00:00,31.68176514705746,34.42049235132456,-2.7387272042671
2016-12-02 16:00:00,33.90199777665054,34.41499384095217,-0.5129960643016318
2016-12-02 17:00:00,36.29867612832829,35.269537413716314,1.0291387146119746
2016-12-02 18:00:00,34.313803090601,36.10066000482416,-1.7868569142231578
2016-12-02 19:00:00,33.352435284554865,35.24491367115625,-1.8924783866013826
2016-12-02 20:00:00,35.81535420317036,34.610388339712955,1.204965863457403
2016-12-02 21:00:00,33.12440349116306,35.17585764762332,-2.0514541564602595
2016-12-02 22:00:00,34.72033272738751,33.995394626555765,0.7249381008317428
2016-12-02 23:00:00,34.78276310343495,34.14857404088611,0.6341890625488418
2016-12-03 00:00:00,35.87954338300963,33.6824265478011,2.197116835208533
2016-12-03 01:00:00,30.54922674543193,33.0087481612381,-2.4595214158061722
2016-12-03 02:00:00,29.589324287994767,29.459816389719467,0.12950789827529974
2016-12-03 03:00:00,24.80848217479021,26.47397936355776,-1.6654971887675494
2016-12-03 04:00:00,20.41602737661428,23.006276078432148,-2.590248701817867
2016-12-03 05:00:00,19.504193153459468,21.53143276793573,-2.0272396144762617
2016-12-03 06:00:00,24.43803316248225,23.00733909440234,1.4306940680799087
2016-12-03 07:00:00,25.38084780951449,24.797565060736876,0.5832827487776129
2016-12-03 08:00:00,24.916753416688255,25.841176002959717,-0.9244225862714615
2016-12-03 09:00:00,26.7331528014487,26.111991650003727,0.6211611514449729
2016-12-03 10:00:00,29.511945915245626,27.481680171344696,2.03026574390093
2016-12-03 11:00:00,34.37242327575813,30.25801932066719,4.114403955090939
2016-12-03 12:00:00,40.22240622847523,34.51114447368155,5.711261754793682
2016-12-03 13:00:00,40.11307992456555,37.93104159216349,2.1820383324020582
2016-12-03 14:00:00,41.196084559746865,37.98343101328579,3.212653546461077
2016-12-03 15:00:00,35.49675484411955,38.494966241320334,-2.998211397200784
2016-12-03 16:00:00,45.15293420915112,36.50150133755003,8.651432871601088
2016-12-03 17:00:00,41.45577078322813,39.60584154731696,1.8499292359111692
2016-12-03 18:00:00,36.33472738434445,38.52678427821906,-2.1920568938746143
2016-12-03 19:00:00,34.51486986313668,36.57306518303452,-2.058195319897841
2016-12-03 20:00:00,40.34287052174919,35.538018757474084,4.8048517642751065
2016-12-03 21:00:00,42.40336331198668,37.51423262643204,4.88913068555464
2016-12-03 22:00:00,37.500386620097515,38.04266524404422,-0.5422786239467072
2016-12-03 23:00:00,34.468559836099274,35.91749367722557,-1.4489338411262978
2016-12-04 00:00:00,36.98101343892344,34.05796119884758,2.9230522400758616
2016-12-04 01:00:00,34.317027380666474,33.494173480146664,0.8228539005198101
2016-12-04 02:00:00,30.411469842616043,30.853557467619023,-0.44208762500297993
2016-12-04 03:00:00,26.964379332890694,26.891792669518907,0.0725866633717871
2016-12-04 04:00:00,22.03947853316307,23.3198033816583,-1.2803248484952299
2016-12-04 05:00:00,20.024445185870796,21.71514277919445,-1.6906975933236552
2016-12-04 06:00:00,25.67720129251069,23.788072011939974,1.8891292805707174
2016-12-04 07:00:00,26.01262492590463,25.8543281793701,0.1582967465345284
2016-12-04 08:00:00,25.343389804149492,27.082846876643107,-1.7394570724936145
2016-12-04 09:00:00,25.133324901840968,28.29174886356942,-3.1584239617284524
2016-12-04 10:00:00,30.65562207679433,29.185049847022924,1.4705722297714061
2016-12-04 11:00:00,37.14221839744688,32.985859911252845,4.156358486194037
2016-12-04 12:00:00,34.129150351699316,38.03859110409812,-3.909440752398801
2016-12-04 13:00:00,34.00780684008233,37.277588653810746,-3.2697818137284145
2016-12-04 14:00:00,36.026973064245496,36.98483084956075,-0.9578577853152552
2016-12-04 15:00:00,36.94701357000576,37.55553520826207,-0.6085216382563132
2016-12-04 16:00:00,35.159983014748676,37.65903554344363,-2.4990525286949534
2016-12-04 17:00:00,38.70473439979005,36.611634539964086,2.093099859825962
2016-12-04 18:00:00,39.132953747374515,37.967162843015025,1.1657909043594898
2016-12-04 19:00:00,40.01694299711862,37.931608403487765,2.0853345936308543
2016-12-04 20:00:00,40.368956324262285,38.29274284084056,2.076213483421725
2016-12-04 21:00:00,38.408410285256245,38.29832749870264,0.1100827865536047
2016-12-04 22:00:00,37.46550716573103,37.41782183807326,0.047685327657774224
2016-12-04 23:00:00,37.911606033223144,36.16948817803631,1.7421178551868337
2016-12-05 00:00:00,34.38971616062939,34.66201907555666,-0.2723029149272662
2016-12-05 01:00:00,34.41550901273006,31.8016984218207,2.613810590909363
2016-12-05 02:00:00,28.269494987668025,29.69865583845788,-1.4291608507898559
2016-12-05 03:00:00,24.175855392072332,25.15893285499713,-0.9830774629247969
2016-12-05 04:00:00,24.640741264960177,21.807871251842954,2.8328700131172226
2016-12-05 05:00:00,22.555686528302253,21.790381843010817,0.7653046852914365
2016-12-05 06:00:00,27.235496863254433,25.125029045425208,2.1104678178292247
2016-12-05 07:00:00,27.68898116482798,26.955192633115544,0.7337885317124346
2016-12-05 08:00:00,28.048028605821642,28.112764039061513,-0.0647354332398713
2016-12-05 09:00:00,30.015784785899175,29.567470282064203,0.44831450383497184
2016-12-05 10:00:00,30.755862329096868,31.60063593218578,-0.8447736030889139
2016-12-05 11:00:00,29.542721402321387,33.014567950352266,-3.4718465480308787
2016-12-05 12:00:00,29.40291269941303,32.90578263799366,-3.5028699385806306
2016-12-05 13:00:00,34.955399001735096,32.637932349071654,2.317466652663441
2016-12-05 14:00:00,39.379743544805436,35.130264455805595,4.249479088999841
2016-12-05 15:00:00,36.76792982578622,36.96662852130391,-0.1986986955176917
2016-12-05 16:00:00,31.777608940539082,36.33074208399709,-4.553133143458005
2016-12-05 17:00:00,32.81020022382738,34.55810305426357,-1.747902830436189
2016-12-05 18:00:00,32.45173905076433,35.244274295256126,-2.792535244491795
2016-12-05 19:00:00,35.67935619592276,35.315679795780866,0.36367640014189107
2016-12-05 20:00:00,35.71657998780013,36.90676237912957,-1.1901823913294365
2016-12-05 21:00:00,38.50190919056831,36.802942417182244,1.6989667733860685
2016-12-05 22:00:00,37.119356517893486,37.52621569330182,-0.4068591754083357
2016-12-05 23:00:00,34.04620280071515,36.249500595941036,-2.203297795225886
2016-12-06 00:00:00,33.45824434798665,33.63612692209413,-0.17788257410747832
2016-12-06 01:00:00,32.18062152040059,31.28876843655946,0.8918530838411307
2016-12-06 02:00:00,32.64313332020938,28.131511519401602,4.511621800807777
2016-12-06 03:00:00,24.065151340170424,25.898574276528223,-1.833422936357799
2016-12-06 04:00:00,20.66190895434556,22.499424141201274,-1.8375151868557147
2016-12-06 05:00:00,20.470572687613753,21.569062334068573,-1.0984896464548193
2016-12-06 06:00:00,25.11216308915461,25.303009636775936,-0.19084654762132658
2016-12-06 07:00:00,26.26744608003684,26.466352129135924,-0.19890604909908305
2016-12-06 08:00:00,25.83187029972756,27.41602978813255,-1.5841594884049925
2016-12-06 09:00:00,26.425427115600595,28.065000166062905,-1.6395730504623103
2016-12-06 10:00:00,27.949547065534496,28.74677474938558,-0.7972276838510837
2016-12-06 11:00:00,31.73364398522412,29.801198517028098,1.932445468196022
2016-12-06 12:00:00,27.747601166432226,31.9791754664099,-4.231574299977673
2016-12-06 13:00:00,26.455528321134995,30.555506196870834,-4.0999778757358385
2016-12-06 14:00:00,28.19622003155094,29.87142423900049,-1.67520420744955
2016-12-06 15:00:00,29.337551396706534,30.644629017732765,-1.307077621026231
2016-12-06 16:00:00,34.71124685933326,31.427991957558465,3.283254901774793
2016-12-06 17:00:00,36.85585973641614,34.435034390217915,2.420825346198228
2016-12-06 18:00:00,41.197842996432925,35.91582114329203,5.282021853140897
2016-12-06 19:00:00,38.93511089779852,37.958246088356745,0.9768648094417784
2016-12-06 20:00:00,35.19222371276874,37.545822813010005,-2.3535991002412686
2016-12-06 21:00:00,39.19567670672859,36.16478310562304,3.0308936011055536
2016-12-06 22:00:00,38.83662963284071,37.287461351920065,1.5491682809206466
2016-12-06 23:00:00,39.12152280759782,36.249247048215665,2.8722757593821555
2016-12-07 00:00:00,36.203418786330175,34.70065977337612,1.5027590129540584
2016-12-07 01:00:00,32.70996015507774,32.037688334310694,0.672271820767044
2016-12-07 02:00:00,33.55174325329872,28.56784289518251,4.983900358116209
2016-12-07 03:00:00,25.08853946510777,25.821691557766332,-0.7331520926585604
2016-12-07 04:00:00,21.996334059266342,22.05530103701695,-0.05896697775060744
2016-12-07 05:00:00,20.981885694282816,21.5209702532066,-0.5390845589237827
2016-12-07 06:00:00,25.913293260407514,24.975396484772343,0.9378967756351706
2016-12-07 07:00:00,27.866482499582958,26.581460838554495,1.2850216610284626
2016-12-07 08:00:00,27.40159662669511,27.605833464713356,-0.20423683801824666
2016-12-07 09:00:00,27.313666532512297,28.33973327154133,-1.0260667390290337
2016-12-07 10:00:00,30.648587779391438,28.824249192952536,1.824338586438902
2016-12-07 11:00:00,31.225701560273848,30.5955915018227,0.6301100584511481
2016-12-07 12:00:00,33.01126662925729,31.738405897849002,1.27286073140829
2016-12-07 13:00:00,28.96806953891597,33.10074101508784,-4.132671476171872
2016-12-07 14:00:00,28.860560463109405,31.689494130964647,-2.8289336678552424
2016-12-07 15:00:00,30.638036057957766,31.682037600730496,-1.0440015427727296
2016-12-07 16:00:00,34.54271446944161,32.70931337587772,1.833401093563893
2016-12-07 17:00:00,37.270888973326294,35.00820141685987,2.2626875564664246
2016-12-07 18:00:00,31.728954208885007,36.74137437261195,-5.012420163726944
2016-12-07 19:00:00,34.45712926342836,35.19301764020222,-0.7358883767738646
2016-12-07 20:00:00,40.50407548027264,36.354574346495546,4.149501133777093
2016-12-07 21:00:00,37.8562097710257,38.19088909745075,-0.3346793264250465
2016-12-07 22:00:00,35.900646825876976,37.29109594387895,-1.3904491180019747
2016-12-07 23:00:00,33.49957128116675,35.9389254350288,-2.4393541538620482
2016-12-08 00:00:00,31.226580962169766,33.81191858404748,-2.5853376218777164
2016-12-08 01:00:00,30.155886576884615,31.09041041520558,-0.9345238383209633
2016-12-08 02:00:00,31.82245311419707,28.459339390046296,3.363113724150775
2016-12-08 03:00:00,23.00345535998745,25.66175029970614,-2.65829493971869
2016-12-08 04:00:00,20.84591705549761,21.386460003316614,-0.5405429478190058
2016-12-08 05:00:00,20.463245256245553,21.025460171416483,-0.5622149151709301
2016-12-08 06:00:00,25.902712537617226,24.520246991380848,1.3824655462363786
2016-12-08 07:00:00,28.17259613217477,26.547796565504004,1.6247995666707666
2016-12-08 08:00:00,28.118079547202584,27.56257101219659,0.5555085350059947
2016-12-08 09:00:00,27.70935158922917,28.4344159094409,-0.7250643202117324
2016-12-08 10:00:00,27.886852923984144,29.185127944953592,-1.2982750209694487
2016-12-08 11:00:00,28.498259570084873,29.663386533049145,-1.1651269629642726
2016-12-08 12:00:00,29.88652766675982,30.28276810863356,-0.39624044187373997
2016-12-08 13:00:00,32.76213176010392,31.267213270029867,1.4949184900740526
2016-12-08 14:00:00,32.548754829448505,33.125665906756076,-0.576911077307571
2016-12-08 15:00:00,28.948490459779745,33.588423728621734,-4.63993326884199
2016-12-08 16:00:00,34.04268556023726,32.4460416914278,1.5966438688094584
2016-12-08 17:00:00,37.88083008726516,34.899509961212345,2.9813201260528146
2016-12-08 18:00:00,40.6007983085444,36.63786571636604,3.9629325921783547
2016-12-08 19:00:00,34.97650244460244,37.696193256280615,-2.719690811678177
2016-12-08 20:00:00,34.64617846115095,35.880406326329755,-1.2342278651788021
2016-12-08 21:00:00,34.59723077908446,35.755606758531535,-1.1583759794470723
2016-12-08 22:00:00,35.943732562848915,35.074605468238296,0.8691270946106187
2016-12-08 23:00:00,36.10845439474447,34.74332101369781,1.365133381046661
2016-12-09 00:00:00,33.20647145669842,33.71559626818168,-0.5091248114832609
2016-12-09 01:00:00,35.09315617988032,31.37868873354408,3.7144674463362364
2016-12-09 02:00:00,30.240592472778395,30.596782148235736,-0.35618967545734037
2016-12-09 03:00:00,25.505386242734556,26.06982018997681,-0.5644339472422537
2016-12-09 04:00:00,22.70874320693349,22.754558864853873,-0.045815657920382336
2016-12-09 05:00:00,21.902718414316247,21.895878254686664,0.006840159629582843
2016-12-09 06:00:00,27.246077769597612,25.510697651527753,1.735380118069859
2016-12-09 07:00:00,27.632823158137104,27.500848477277227,0.13197468085987651
2016-12-09 08:00:00,26.301650977532635,28.293281683161535,-1.9916307056289
2016-12-09 09:00:00,27.679220923455922,28.420699824136317,-0.741478900680395
2016-12-09 10:00:00,29.4767738775725,29.412024754346252,0.0647491232262496
2016-12-09 11:00:00,34.34311318317957,31.03173547010293,3.311377713076638
2016-12-09 12:00:00,32.61792673603931,34.60262906957892,-1.9847023335396088
2016-12-09 13:00:00,36.837687266096076,34.90535709970712,1.932330166388958
2016-12-09 14:00:00,40.67084943347823,36.59074328423757,4.080106149240663
2016-12-09 15:00:00,40.69048665586037,37.9562399776378,2.7342466782225685
2016-12-09 16:00:00,36.93147912182056,38.19440278923944,-1.2629236674188817
2016-12-09 17:00:00,42.94237444975447,36.88431263699848,6.058061812755987
2016-12-09 18:00:00,40.1418037492135,38.605152062229514,1.536651686983987
2016-12-09 19:00:00,41.903628087406304,37.73814683902712,4.165481248379187
2016-12-09 20:00:00,40.16290645786928,38.14578892869553,2.0171175291737526
2016-12-09 21:00:00,41.29925523393801,37.42106264789883,3.8781925860391837
2016-12-09 22:00:00,40.861364117474466,37.32110977823772,3.5402543392367463
2016-12-09 23:00:00,35.21918910073064,36.64375727466018,-1.4245681739295435
2016-12-10 00:00:00,34.3293375387862,34.240110276329865,0.08922726245633328
2016-12-10 01:00:00,38.73404412526284,32.75579802289781,5.978246102365034
2016-12-10 02:00:00,32.05458841599738,32.768798278699585,-0.7142098627022051
2016-12-10 03:00:00,26.360270979136878,27.77655599239223,-1.4162850132553508
2016-12-10 04:00:00,22.068788992847416,23.479946670266074,-1.4111576774186574
2016-12-10 05:00:00,20.50152411013456,21.843569352098772,-1.342045241964211
2016-12-10 06:00:00,25.639743287145695,24.38081727930209,1.2589260078436055
2016-12-10 07:00:00,29.25217137988017,25.77875107231468,3.4734203075654904
2016-12-10 08:00:00,31.034307290828803,27.5486536955643,3.485653595264502
2016-12-10 09:00:00,29.075490687152204,30.322980248632415,-1.2474895614802115
2016-12-10 10:00:00,30.63070862658957,31.63662049731857,-1.0059118707290011
2016-12-10 11:00:00,33.99227239189713,33.75650066260903,0.23577172928810342
2016-12-10 12:00:00,35.06120806516689,36.37101848280351,-1.3098104176366192
2016-12-10 13:00:00,39.995253653426445,37.16793464680814,2.8273190066183034
2016-12-10 14:00:00,39.018058448782696,38.973990826217936,0.04406762256476071
2016-12-10 15:00:00,41.52816697988441,38.60176930483569,2.926397675048719
2016-12-10 16:00:00,42.39369080889603,39.3520202057765,3.0416706031195346
2016-12-10 17:00:00,45.89945996537398,39.547581860035756,6.351878105338223
2016-12-10 18:00:00,38.04115619455136,40.268513001279125,-2.2273568067277623
2016-12-10 19:00:00,40.53162676905937,37.66847089620041,2.863155872858961
2016-12-10 20:00:00,38.15839583065407,38.37872806978538,-0.2203322391313094
2016-12-10 21:00:00,39.8267212635348,37.355658592665044,2.471062670869756
2016-12-10 22:00:00,34.85457266505484,37.562218001880645,-2.7076453368258058
2016-12-10 23:00:00,38.42365104881747,34.911319387048195,3.5123316617692737
2016-12-11 00:00:00,35.54980603459454,35.26010671096608,0.2896993236284615
2016-12-11 01:00:00,34.63152359841456,33.14387857515905,1.48764502325551
2016-12-11 02:00:00,32.31749911309701,31.06933869639605,1.2481604167009586
2016-12-11 03:00:00,27.303877106230736,27.511111622975694,-0.20723451674495763
2016-12-11 04:00:00,26.022385167276685,23.17160852960839,2.8507766376682966
2016-12-11 05:00:00,22.236529902677447,22.43828206170434,-0.20175215902689203
2016-12-11 06:00:00,26.066350306144535,25.492662478769393,0.5736878273751422
2016-12-11 07:00:00,27.617347538653142,27.26716918975066,0.3501783489024817
2016-12-11 08:00:00,27.468364724638672,28.40184574163135,-0.9334810169926797
2016-12-11 09:00:00,29.406136805925616,29.375657343773174,0.030479462152442238
2016-12-11 10:00:00,31.64014507991206,31.715147972343313,-0.0750028924312538
2016-12-11 11:00:00,35.02545012666893,34.68819934662378,0.33725078004514586
2016-12-11 12:00:00,39.84196202709603,37.37872360408337,2.463238423012662
2016-12-11 13:00:00,36.704326546771775,39.49478421728613,-2.790457670514357
2016-12-11 14:00:00,41.57857941401298,38.23197680003091,3.3466026139820713
2016-12-11 15:00:00,36.47131202662844,39.84287024679568,-3.3715582201672376
2016-12-11 16:00:00,37.64547122961093,37.731342655763974,-0.08587142615304089
2016-12-11 17:00:00,37.94736360461532,38.050233252066896,-0.1028696474515769
2016-12-11 18:00:00,44.662871487661384,38.01181710061618,6.651054387045207
2016-12-11 19:00:00,49.37181515375907,40.099661474096095,9.272153679662978
2016-12-11 20:00:00,41.5428218426208,41.082360328593154,0.46046151402764934
2016-12-11 21:00:00,42.46462151927868,39.053099429692374,3.411522089586306
2016-12-11 22:00:00,39.98704663660944,38.95362281859647,1.0334238180129702
2016-12-11 23:00:00,38.70473439979005,37.29333553387395,1.411398865916098
2016-12-12 00:00:00,38.847180987168606,35.44933615762664,3.3978448295419668
2016-12-12 01:00:00,35.862543448550795,34.18525561752647,1.6772878310243229
2016-12-12 02:00:00,31.020531646435437,31.262034998266202,-0.2415033518307652
2016-12-12 03:00:00,26.214541548320945,27.105151673175396,-0.8906101248544509
2016-12-12 04:00:00,22.302477519202778,23.76898777323106,-1.4665102540282824
2016-12-12 05:00:00,23.29168993155384,22.179334822158154,1.1123551093956863
2016-12-12 06:00:00,27.990229360964964,26.006028830434428,1.9842005305305364
2016-12-12 07:00:00,29.4882048173492,28.21327217151091,1.274932645838291
2016-12-12 08:00:00,28.985157270450507,29.64149303265508,-0.6563357622045736
2016-12-12 09:00:00,30.411469842616043,30.63608048546787,-0.2246106428518253
2016-12-12 10:00:00,29.98647478509705,32.26043380447093,-2.2739590193738763
2016-12-12 11:00:00,30.620450039121206,33.00163995320485,-2.381189914083645
2016-12-12 12:00:00,31.254425384921802,33.53099137539999,-2.27656599047819
2016-12-12 13:00:00,31.8884007307224,33.86492682314622,-1.9765260924238213
2016-12-12 14:00:00,32.522376076522995,34.065480993644485,-1.5431049171214894
2016-12-12 15:00:00,33.156351238770704,34.27541997867048,-1.1190687398997738
2016-12-12 16:00:00,33.790326768124196,34.52960622335623,-0.7392794552320368
2016-12-12 17:00:00,34.4243019303719,34.977486165724166,-0.5531842353522691
2016-12-12 18:00:00,35.058277092619605,35.623035316634166,-0.564758224014561
2016-12-12 19:00:00,35.24351646655768,36.32562144784089,-1.0821049812832086
2016-12-12 20:00:00,35.44897969791428,36.92397180862017,-1.474992110705891
2016-12-12 21:00:00,40.69546974971768,36.81372749552338,3.8817422541943003
2016-12-12 22:00:00,38.596580631741595,38.3272620420683,0.269318589673297
2016-12-12 23:00:00,40.725365376015304,36.99684475331604,3.728520622699264
2016-12-13 00:00:00,35.23618903518948,36.18724018986972,-0.9510511546802363
2016-12-13 01:00:00,34.91319285021197,32.52578257342393,2.3874102767880387
2016-12-13 02:00:00,30.176403568268455,30.052909566288477,0.12349400197997795
2016-12-13 03:00:00,26.57112699440124,25.5110267006752,1.060100293726041
2016-12-13 04:00:00,23.71829695055268,23.11131201709132,0.6069849334613622
2016-12-13 05:00:00,23.419510657552618,23.33266615634547,0.08684450120714615
2016-12-13 06:00:00,26.2813098298174,26.844878814657747,-0.563568984840348
2016-12-13 07:00:00,28.886617046296823,27.884871898826834,1.0017451474699897
2016-12-13 08:00:00,29.22693545019182,28.9619858399422,0.2649496102496194
2016-12-13 09:00:00,31.97633064135232,30.02153866422975,1.954791977122568
2016-12-13 10:00:00,30.78106891326693,31.83402863246678,-1.0529597191998477
2016-12-13 11:00:00,31.820108409580403,32.29064508055503,-0.4705366709746279
2016-12-13 12:00:00,31.121651117081004,33.099438952070585,-1.9777878349895808
2016-12-13 13:00:00,28.008958455423908,32.90198872212627,-4.893030266702361
2016-12-13 14:00:00,28.648912944839317,31.64878534273372,-2.9998723978944035
2016-12-13 15:00:00,30.584105649139747,31.851468726755808,-1.2673630776160607
2016-12-13 16:00:00,33.3799865733416,32.81570228288898,0.5642842904526191
2016-12-13 17:00:00,34.67695404000316,34.502872356772905,0.17408168323025563
2016-12-13 18:00:00,33.92398007075513,35.50894410206907,-1.5849640313139446
2016-12-13 19:00:00,35.27370577747927,35.671601453426675,-0.39789567594740305
2016-12-13 20:00:00,32.78645912593096,36.475212892646404,-3.6887537667154433
2016-12-13 21:00:00,34.37828522085269,35.520780204258266,-1.1424949834055766
2016-12-13 22:00:00,35.21010323267639,36.2594988442271,-1.0493956115507146
2016-12-13 23:00:00,36.56334544566686,35.85202293110842,0.7113225145584394
2016-12-14 00:00:00,33.93101455171091,35.141628582330334,-1.2106140306194249
2016-12-14 01:00:00,30.851119854647877,32.093822540310164,-1.2427026856622874
2016-12-14 02:00:00,29.085280228154325,28.351181775035187,0.7340984531191381
2016-12-14 03:00:00,24.94037740784087,24.91030349050278,0.03007391733808973
2016-12-14 04:00:00,24.10665448412491,22.06001443049458,2.0466400536303304
2016-12-14 05:00:00,23.304703464347988,22.775579097077753,0.529124367270235
2016-12-14 06:00:00,27.458575298357108,26.41559412609981,1.0429811722572992
2016-12-14 07:00:00,30.070301370871363,28.08161884587317,1.9886825249981932
2016-12-14 08:00:00,37.77003829708184,29.154332588277487,8.615705708804352
2016-12-14 09:00:00,37.55842017021826,32.5269434230845,5.031476747133766
2016-12-14 10:00:00,33.72760307455856,34.281085889278536,-0.5534828147199775
2016-12-14 11:00:00,30.173765729686483,33.5901434968323,-3.416377767145814
2016-12-14 12:00:00,30.04597409682077,31.909356535881898,-1.8633824390611267
2016-12-14 13:00:00,32.92802649496648,31.660704777934967,1.267321717031514
2016-12-14 14:00:00,33.27593594659586,32.985613705643075,0.2903222409527828
2016-12-14 15:00:00,36.534035720194076,33.69954285479219,2.8344928654018844
2016-12-14 16:00:00,37.207579378935826,35.584730031129,1.6228493478068273
2016-12-14 17:00:00,38.813767753287316,36.37285988539583,2.4409078678914824
2016-12-14 18:00:00,38.861835849905,37.28420071838237,1.5776351315226265
2016-12-14 19:00:00,35.046553202430495,37.323307518173806,-2.276754315743311
2016-12-14 20:00:00,32.742494170616,36.30006745923438,-3.5575732886183786
2016-12-14 21:00:00,35.59552979370134,35.409964796936436,0.1855649967649029
2016-12-14 22:00:00,40.47711009231074,36.01635930193501,4.460750790375727
2016-12-14 23:00:00,40.728003398150165,36.90077659701856,3.8272268011316015
2016-12-15 00:00:00,44.36302976554391,35.78837510992601,8.574654655617898
2016-12-15 01:00:00,41.33208256699447,35.11184223118656,6.220240335807915
2016-12-15 02:00:00,30.55391633821815,32.46645356818997,-1.912537229971818
2016-12-15 03:00:00,26.378179316848254,26.853709788932104,-0.47553047208385024
2016-12-15 04:00:00,25.050289612575384,23.872634216513045,1.1776553960623382
2016-12-15 05:00:00,24.653784166216724,24.18200930863056,0.47177485758616555
2016-12-15 06:00:00,27.6898018297991,27.595913272293753,0.0938885575053483
2016-12-15 07:00:00,28.56502771391666,29.430259602056765,-0.8652318881401051
2016-12-15 08:00:00,29.81559750703585,30.31869217779303,-0.5030946707571786
2016-12-15 09:00:00,30.278109306844634,31.048530559536548,-0.7704212526919143
2016-12-15 10:00:00,28.423372514823278,31.77867672888442,-3.3553042140611424
2016-12-15 11:00:00,32.52266902693541,31.459164500127418,1.0635045268079928
2016-12-15 12:00:00,33.637328459311966,33.440390403115,0.19693805619696292
2016-12-15 13:00:00,38.483150819423415,34.44846519991529,4.034685619508124
2016-12-15 14:00:00,39.278624257712764,36.58001131386593,2.6986129438468325
2016-12-15 15:00:00,39.9445475346739,37.07374240104631,2.8708051336275915
2016-12-15 16:00:00,42.473414436920514,37.23252935616569,5.240885080754822
2016-12-15 17:00:00,43.174508650237435,38.016788202351336,5.157720447886099
2016-12-15 18:00:00,40.53485069201906,38.16798292046657,2.366867771552492
2016-12-15 19:00:00,43.69564173652069,37.52498417577862,6.170657560742072
2016-12-15 20:00:00,41.07620616729774,38.15649397797663,2.9197121893211104
2016-12-15 21:00:00,33.513640243078314,37.53210382527535,-4.018463582197036
2016-12-15 22:00:00,35.45366910714762,35.13644223423952,0.31722687290810114
2016-12-15 23:00:00,36.130143738436644,35.56888085092177,0.5612628875148715
2016-12-16 00:00:00,34.194218382775844,35.19435525129584,-1.000136868519995
2016-12-16 01:00:00,31.0076352203851,33.368215938349834,-2.3605807179647336
2016-12-16 02:00:00,33.46146827094635,29.978285794703453,3.483182476242895
2016-12-16 03:00:00,29.68135770703319,27.78467028440764,1.8966874226255506
2016-12-16 04:00:00,23.915347952961277,25.281042761114104,-1.3656948081528277
2016-12-16 05:00:00,22.48320296047034,23.922421347129738,-1.4392183866593982
2016-12-16 06:00:00,27.684115636596704,26.46878249176791,1.2153331448287936
2016-12-16 07:00:00,28.798716354992578,28.434705727982134,0.36401062701044395
2016-12-16 08:00:00,32.56341005929068,29.84571403923657,2.717696020054113
2016-12-16 09:00:00,31.057169170382203,31.878846863982982,-0.8216776936007797
2016-12-16 10:00:00,35.658252753055415,32.76786472870111,2.8903880243543014
2016-12-16 11:00:00,36.53081179723438,35.70205459103547,0.8287572061989081
2016-12-16 12:00:00,50.00110200809079,37.083980247038106,12.917121761052684
2016-12-16 13:00:00,43.33981785138094,40.5622681095647,2.7775497418162445
2016-12-16 14:00:00,38.931007389390025,39.38772760604541,-0.4567202166553841
2016-12-16 15:00:00,38.08834470572023,37.973418080768525,0.11492662495170691
2016-12-16 16:00:00,40.70748659031921,37.41067844906942,3.296808141249791
2016-12-16 17:00:00,39.584620141125654,37.95337899992591,1.6312411411997445
2016-12-16 18:00:00,40.98358684743448,37.626246878862666,3.3573399685718144
2016-12-16 19:00:00,36.856445637240974,37.7778302396303,-0.921384602389324
2016-12-16 20:00:00,34.57847240793957,36.499747550870524,-1.921275142930952
2016-12-16 21:00:00,34.25107976414114,35.43798683770168,-1.1869070735605405
2016-12-16 22:00:00,36.14655777207065,34.81545020208346,1.3311075699871893
2016-12-16 23:00:00,32.9664224555993,35.00519445341613,-2.0387719978168306
2016-12-17 00:00:00,29.07229589747777,33.254146383025756,-4.1818504855479866
2016-12-17 01:00:00,35.07263900494358,30.081861302441496,4.990777702502086
2016-12-17 02:00:00,30.56124395313924,30.70580439678315,-0.14456044364391119
2016-12-17 03:00:00,24.91596193662664,27.361118166748966,-2.4451562301223255
2016-12-17 04:00:00,21.36373664501086,22.74919740730601,-1.3854607622951498
2016-12-17 05:00:00,20.91429711492102,21.877157328331325,-0.9628602134103055
2016-12-17 06:00:00,25.7805779130444,24.99377477906637,0.7868031339780295
2016-12-17 07:00:00,27.548967295676842,26.520735546486424,1.028231749190418
2016-12-17 08:00:00,32.7351667392478,27.999184065183247,4.735982674064555
2016-12-17 09:00:00,28.2173818442373,31.44204354312978,-3.2246616988924828
2016-12-17 10:00:00,27.120718854959314,31.646027827667478,-4.525308972708164
2016-12-17 11:00:00,31.48304344624422,31.549494609531077,-0.06645116328685674
2016-12-17 12:00:00,32.415980745160596,34.35773965640231,-1.9417589112417133
2016-12-17 13:00:00,28.056176793937407,35.44328441884383,-7.387107624906424
2016-12-17 14:00:00,32.03172653644398,33.140815811636756,-1.1090892751927726
2016-12-17 15:00:00,35.92497419170402,34.63652859625007,1.2884455954539433
2016-12-17 16:00:00,33.82549843869154,36.374701532725354,-2.549203094033814
2016-12-17 17:00:00,27.28596858496647,35.50117149375836,-8.215202908791895
2016-12-17 18:00:00,29.669926813144713,32.06034194251825,-2.3904151293735367
2016-12-17 19:00:00,29.25867819216547,32.48998137762823,-3.231303185462764
2016-12-17 20:00:00,24.613072502323856,31.62414997515729,-7.011077472833435
2016-12-17 21:00:00,22.552433236880162,28.322967256120677,-5.770534019240515
2016-12-17 22:00:00,21.532269034902505,25.817815960862898,-4.285546925960393
2016-12-17 23:00:00,25.187870947051998,24.022924630723622,1.1649463163283755
2016-12-18 00:00:00,21.677998282165547,24.12821436184534,-2.4502160796797945
2016-12-18 01:00:00,20.482795107452063,23.16128894139625,-2.678493833944188
2016-12-18 02:00:00,20.730318382231367,21.44518958599618,-0.7148712037648117
2016-12-18 03:00:00,19.658862160676335,19.770592517970446,-0.1117303572941104
2016-12-18 04:00:00,19.63605828383617,18.566386441108982,1.069671842727189
2016-12-18 05:00:00,22.584175405251028,19.88253530714256,2.7016400981084665
2016-12-18 06:00:00,25.374311858207907,24.265677243523623,1.1086346146842843
2016-12-18 07:00:00,25.927127641725676,25.933084850770133,-0.005957209044456846
2016-12-18 08:00:00,25.46795723872618,26.727848673586806,-1.2598914348606272
2016-12-18 09:00:00,26.92448833396895,26.411913523549828,0.512574810419121
2016-12-18 10:00:00,26.463676601027203,27.412687657111704,-0.9490110560845011
2016-12-18 11:00:00,26.387968926682706,27.889377388064407,-1.5014084613817005
2016-12-18 12:00:00,31.054824282212646,28.06099872835731,2.9938255538553378
2016-12-18 13:00:00,26.75513527910618,30.803101149053674,-4.047965869947493
2016-12-18 14:00:00,26.00690963956917,29.093353037216602,-3.0864433976474324
2016-12-18 15:00:00,25.72603186783337,28.29013855406558,-2.5641066862322113
2016-12-18 16:00:00,26.38064131176162,27.576602559910743,-1.1959612481491213
2016-12-18 17:00:00,29.672271609537823,27.256097248834624,2.4161743607031987
2016-12-18 18:00:00,28.41847770990605,28.88677884434533,-0.46830113443927956
2016-12-18 19:00:00,25.533084006727496,27.87363656524656,-2.3405525585190645
2016-12-18 20:00:00,26.505179561428797,25.508028303033,0.997151258395796
2016-12-18 21:00:00,21.844098229159115,25.071401865981443,-3.2273036368223273
2016-12-18 22:00:00,25.122744179050677,22.770005574757665,2.3527386042930125
2016-12-18 23:00:00,25.180543515683798,23.369145580069667,1.8113979356141314
2016-12-19 00:00:00,22.749454503720578,22.663213157309926,0.0862413464106524
2016-12-19 01:00:00,24.385919927275076,22.235441801145615,2.1504781261294603
2016-12-19 02:00:00,22.08833810984237,22.14284866816133,-0.05451055831896312
2016-12-19 03:00:00,19.336451509417877,20.9109197417453,-1.5744682323274226
2016-12-19 04:00:00,20.07327612829926,20.448460193325865,-0.3751840650266054
2016-12-19 05:00:00,20.9094314949133,22.41301869850697,-1.5035872035936713
2016-12-19 06:00:00,25.34500176562934,24.893069220187726,0.45193254544161476
2016-12-19 07:00:00,27.74598911317593,25.87670137994606,1.8692877332298714
2016-12-19 08:00:00,25.73418014772558,26.756537990291445,-1.0223578425658637
2016-12-19 09:00:00,25.450019716105295,26.504668427814483,-1.0546487117091878
2016-12-19 10:00:00,25.07634641373186,26.33194393465277,-1.2555975209209116
2016-12-19 11:00:00,26.21618287826319,26.29948230013746,-0.08329942187426909
2016-12-19 12:00:00,25.598210774728813,26.6872916835959,-1.0890809088670892
2016-12-19 13:00:00,25.32301947152475,26.141279532682606,-0.8182600611578579
2016-12-19 14:00:00,25.462241768837828,25.9956356986977,-0.5333939298598729
2016-12-19 15:00:00,25.077958375211704,25.92255105633539,-0.8445926811236859
2016-12-19 16:00:00,25.820498096875653,25.54708713433585,0.2734109625398027
2016-12-19 17:00:00,26.523117267602572,25.56027235026643,0.9628449173361417
2016-12-19 18:00:00,25.86525416514645,25.518308855663864,0.3469453094825852
2016-12-19 19:00:00,25.086927136522146,24.81870337865331,0.2682237578688351
2016-12-19 20:00:00,21.08203802475105,23.991548466815384,-2.9095104420643345
2016-12-19 21:00:00,23.26888642181946,21.682431206827278,1.5864552149921813
2016-12-19 22:00:00,24.64156174637841,22.22337087362584,2.4181908727525716
2016-12-19 23:00:00,21.603931754210407,22.456485980752888,-0.8525542265424804
2016-12-20 00:00:00,19.724809042990106,20.977019584800725,-1.2522105418106193
2016-12-20 01:00:00,19.338093206465903,20.255294760861062,-0.9172015543951595
2016-12-20 02:00:00,19.463451753998424,19.12607346587904,0.3373782881193854
2016-12-20 03:00:00,19.715870017247845,18.327730484076255,1.3881395331715893
2016-12-20 04:00:00,20.006537031712313,18.854745094429003,1.1517919372833099
2016-12-20 05:00:00,19.502551456411446,21.357447633525606,-1.8548961771141599
2016-12-20 06:00:00,24.89641245252591,24.39513440472091,0.5012780478050018
2016-12-20 07:00:00,26.113597921343985,25.47308595120954,0.6405119701344439
2016-12-20 08:00:00,26.400982459476857,25.49856902721622,0.9024134322606372
2016-12-20 09:00:00,24.84916447022068,25.808123266954354,-0.9589587967336755
2016-12-20 10:00:00,24.688780360221244,25.3947747014892,-0.7059943412679566
2016-12-20 11:00:00,25.97191344556465,25.313665616251125,0.6582478293135239
2016-12-20 12:00:00,26.880523378653987,25.585697729481357,1.2948256491726298
2016-12-20 13:00:00,23.923466864391088,25.774557500621487,-1.8510906362303992
2016-12-20 14:00:00,24.109116295485386,24.830725481104356,-0.7216091856189699
2016-12-20 15:00:00,24.19783768617692,24.569637403017982,-0.3717997168410605
2016-12-20 16:00:00,24.315898537909423,24.46279297891809,-0.14689444100866567
2016-12-20 17:00:00,25.748014161937963,24.287321066099082,1.4606930958388809
2016-12-20 18:00:00,25.39550303935666,24.337165465217442,1.0583375741392196
2016-12-20 19:00:00,23.955209399867737,23.778782155440656,0.17642724442708158
2016-12-20 20:00:00,21.831084329259184,22.700623683660712,-0.8695393544015282
2016-12-20 21:00:00,19.23794087599767,22.044358347927613,-2.8064174719299437
2016-12-20 22:00:00,22.097307238258587,20.938206714370452,1.1591005238881351
2016-12-20 23:00:00,21.542029643380342,20.65840847836495,0.8836211650153913
2016-12-21 00:00:00,19.72155575156801,19.920411078885166,-0.19885532731715472
2016-12-21 01:00:00,22.63139401909386,19.759100883371456,2.872293135722405
2016-12-21 02:00:00,20.118061565032452,19.998038532906012,0.12002303212643994
2016-12-21 03:00:00,18.473448228691524,19.326149052808805,-0.8527008241172815
2016-12-21 04:00:00,18.434348526278505,19.232958516351918,-0.7986099900734125
2016-12-21 05:00:00,18.369221758277185,20.244359903361694,-1.8751381450845095
2016-12-21 06:00:00,24.185615633444385,24.101312238446194,0.08430339499819084
2016-12-21 07:00:00,26.557292796635966,25.389061495419828,1.1682313012161387
2016-12-21 08:00:00,24.8882641726337,25.7528116226392,-0.8645474500054995
2016-12-21 09:00:00,24.66111159758492,25.264884844945925,-0.6037732473610049
2016-12-21 10:00:00,24.417662829857505,25.06284585393628,-0.6451830240787757
2016-12-21 11:00:00,24.89884489542399,24.958147163120305,-0.05930226769631375
2016-12-21 12:00:00,25.393040860890405,24.79972523351481,0.5933156273755955
2016-12-21 13:00:00,29.550342013543112,24.538327562887332,5.01201445065578
2016-12-21 14:00:00,25.658472289828193,26.221389784277687,-0.5629174944494935
2016-12-21 15:00:00,25.09100127646825,25.235938309458117,-0.1449370329898656
2016-12-21 16:00:00,25.272547566259824,24.84234609220071,0.430201474059114
2016-12-21 17:00:00,26.006118159507555,24.67084650865816,1.3352716508493963
2016-12-21 18:00:00,26.427859742051563,24.44748111920414,1.9803786228474216
2016-12-21 19:00:00,23.698776467808568,24.047376690147257,-0.34860022233868904
2016-12-21 20:00:00,20.8149656329768,22.17079569697887,-1.3558300640020704
2016-12-21 21:00:00,20.05211394850712,20.899971668437853,-0.8478577199307331
2016-12-21 22:00:00,20.02198337451032,20.925613028219995,-0.9036296537096753
2016-12-21 23:00:00,19.759013756933008,20.15992435028271,-0.40091059334970325
2016-12-22 00:00:00,19.266430487158004,19.322738395375698,-0.05630790821769338
2016-12-22 01:00:00,18.99534195815088,19.48770985920164,-0.4923679010507591
2016-12-22 02:00:00,19.38041683183862,18.66576638101616,0.7146504508224609
2016-12-22 03:00:00,18.976583587005983,18.355045601477872,0.6215379855281107
2016-12-22 04:00:00,18.913098516052692,18.730788156764408,0.18231035928828376
2016-12-22 05:00:00,19.90881714414216,19.629380874435707,0.2794362697064514
2016-12-22 06:00:00,23.70446256923452,24.361450613879786,-0.6569880446452672
2016-12-22 07:00:00,25.45248152746577,25.594205100010672,-0.1417235725449011
2016-12-22 08:00:00,24.64971002627062,25.825792190512896,-1.1760821642422776
2016-12-22 09:00:00,25.712197486515212,25.47017688264047,0.24202060387474233
2016-12-22 10:00:00,24.73438664547845,25.576632908825157,-0.8422462633467092
2016-12-22 11:00:00,25.110521759212364,25.35625184462511,-0.24573008541274532
2016-12-22 12:00:00,24.122129828279533,25.390828069617342,-1.268698241337809
2016-12-22 13:00:00,23.539183470764964,24.926050003460215,-1.386866532695251
2016-12-22 14:00:00,23.42033150607663,23.996291962966968,-0.5759604568903391
2016-12-22 15:00:00,23.897410063234613,23.663067109642157,0.23434295359245638
2016-12-22 16:00:00,24.151439920858103,23.654171647119117,0.4972682737389853
2016-12-22 17:00:00,25.0437830297312,23.657546083448597,1.386236946282601
2016-12-22 18:00:00,26.759209235499394,23.632797157817567,3.1264120776818274
2016-12-22 19:00:00,23.424376277560338,23.547604265514508,-0.12322798795417
2016-12-22 20:00:00,20.55038442102542,21.64776712118504,-1.0973827001596206
2016-12-22 21:00:00,20.54713039539177,20.285820585414296,0.26130980997747244
2016-12-22 22:00:00,20.3020696661845,20.47327067035934,-0.17120100417483997
2016-12-22 23:00:00,19.2737579185262,20.287099092477334,-1.013341173951133
2016-12-23 00:00:00,20.024445185870796,19.975927507041245,0.04851767882955116
2016-12-23 01:00:00,20.320798668867,20.11026741984932,0.21053124901768072
2016-12-23 02:00:00,19.255849030156156,19.495437435870002,-0.239588405713846
2016-12-23 03:00:00,18.597195181849976,18.806482921222308,-0.20928773937233203
2016-12-23 04:00:00,18.449003389014898,18.788138155922844,-0.3391347669079465
2016-12-23 05:00:00,18.706286538060475,19.627339032087516,-0.921052494027041
2016-12-23 06:00:00,24.151439920858103,23.261972596296697,0.8894673245614051
2016-12-23 07:00:00,24.521888933166064,24.820642553751707,-0.2987536205856429
2016-12-23 08:00:00,24.366370076068566,24.856695522928167,-0.49032544685960033
2016-12-23 09:00:00,25.602284914674918,24.927122931286473,0.6751619833884455
2016-12-23 10:00:00,27.811936546148374,25.115129548593952,2.6968069975544218
2016-12-23 11:00:00,25.48179162004434,26.297799731979268,-0.8160081119349272
2016-12-23 12:00:00,24.18318282344053,25.764178441273,-1.5809956178324711
2016-12-23 13:00:00,24.12620396822564,25.390548212644415,-1.2643442444187762
2016-12-23 14:00:00,23.925108194333333,24.841504808121613,-0.9163966137882795
2016-12-23 15:00:00,23.861593387811862,24.44961400378577,-0.5880206159739068
2016-12-23 16:00:00,24.543871594376434,24.133122321386356,0.4107492729900777
2016-12-23 17:00:00,25.78629301582697,24.179662401379208,1.606630614447763
2016-12-23 18:00:00,25.47607615015599,24.413879437689136,1.0621967124668537
2016-12-23 19:00:00,23.171987749879094,23.587067280281104,-0.41507953040201073
2016-12-23 20:00:00,19.693886988931695,21.77004883280704,-2.0761618438753437
2016-12-23 21:00:00,19.311215923891197,19.878627588483376,-0.5674116645921785
2016-12-23 22:00:00,19.801337382305725,19.36913958701513,0.43219779529059466
2016-12-23 23:00:00,19.313648366789273,19.251994908940844,0.06165345784842913
2016-12-24 00:00:00,19.209451264837334,19.016534240616977,0.19291702422035684
2016-12-24 01:00:00,19.500910493574978,18.8256446192508,0.6752658743241788
2016-12-24 02:00:00,19.154905953837865,18.76930587414758,0.38560007969028476
2016-12-24 03:00:00,18.878893067898225,18.43275137139845,0.446141696499776
2016-12-24 04:00:00,18.834107631165033,18.20163283024006,0.632474800924971
2016-12-24 05:00:00,19.03520377216312,19.124740871897746,-0.08953709973462765
2016-12-24 06:00:00,22.84796550424657,23.026279917119883,-0.17831441287331273
2016-12-24 07:00:00,23.496038996868236,23.955116644473993,-0.4590776476057563
2016-12-24 08:00:00,23.243650836292776,24.25020593753258,-1.0065551012398046
2016-12-24 09:00:00,22.48402307478279,24.216662013993616,-1.7326389392108261
2016-12-24 10:00:00,22.87563426688289,23.778720726406807,-0.9030864595239159
2016-12-24 11:00:00,22.969250278938766,23.243610577025574,-0.2743602980868083
2016-12-24 12:00:00,23.141886177238913,22.986595782305148,0.15529039493376473
2016-12-24 13:00:00,23.60105694734419,22.892504490632813,0.7085524567113772
2016-12-24 14:00:00,23.474056702763647,23.049795489698813,0.42426121306483466
2016-12-24 15:00:00,23.030332642562158,23.041250857932834,-0.010918215370676165
2016-12-24 16:00:00,23.255052407607078,22.838977531066977,0.416074876540101
2016-12-24 17:00:00,23.3844850950857,22.72783711276128,0.6566479823244222
2016-12-24 18:00:00,23.448820750131183,22.374943465957255,1.0738772841739284
2016-12-24 19:00:00,22.7356204895082,21.477684565953172,1.2579359235550278
2016-12-24 20:00:00,19.869747544403094,20.322143254970438,-0.4523957105673446
2016-12-24 21:00:00,18.900055247690364,19.38699805952473,-0.48694281183436416
2016-12-24 22:00:00,18.404247320744105,19.096766187778115,-0.6925188670340106
2016-12-24 23:00:00,18.887041347790436,18.673322152179498,0.21371919561093833
2016-12-25 00:00:00,19.006714161002783,18.596529007227925,0.410185153774858
2016-12-25 01:00:00,18.966002864215696,19.18002431025214,-0.21402144603644402
2016-12-25 02:00:00,18.941587393001466,18.933563929074445,0.008023463927020913
2016-12-25 03:00:00,18.9285448588507,18.630774592281,0.2977702665696995
2016-12-25 04:00:00,18.626504907322765,18.64126182546599,-0.014756918143223885
2016-12-25 05:00:00,18.757579291849414,19.170835897316685,-0.4132566054672715
2016-12-25 06:00:00,22.777944114880917,22.003726101251814,0.7742180136291026
2016-12-25 07:00:00,23.010782791355645,23.2001754777197,-0.18939268636405515
2016-12-25 08:00:00,22.57031202257625,23.539090348265447,-0.9687783256891969
2016-12-25 09:00:00,22.649302173252345,23.416503204634513,-0.767201031382168
2016-12-25 10:00:00,22.79910556046149,23.485867597022615,-0.6867620365611238
2016-12-25 11:00:00,22.952983454722524,23.31944655484017,-0.36646310011764527
2016-12-25 12:00:00,22.503572925989303,23.210206153683004,-0.7066332276937004
2016-12-25 13:00:00,22.027285481787153,22.789568274666475,-0.7622827928793221
2016-12-25 14:00:00,22.498678671730744,22.41415354484145,0.08452512688929303
2016-12-25 15:00:00,22.810507865987354,22.389462499555055,0.42104536643229906
2016-12-25 16:00:00,22.063102524315685,22.469584804456584,-0.4064822801408994
2016-12-25 17:00:00,23.583148426079926,21.97099372622377,1.6121546998561556
2016-12-25 18:00:00,23.40646775629607,22.145021200167193,1.2614465561288775
2016-12-25 19:00:00,22.51658682588923,21.516167041181472,1.0004197847077592
2016-12-25 20:00:00,19.842870261828388,20.078032840258924,-0.23516257843053623
2016-12-25 21:00:00,19.417053988679605,18.579663922958925,0.8373900657206796
2016-12-25 22:00:00,20.1660716589369,18.173809148964594,1.9922625099723064
2016-12-25 23:00:00,20.38267214544623,18.369447161226088,2.013224984220141
2016-12-26 00:00:00,21.627526376900626,18.372506620796354,3.2550197561042715
2016-12-26 01:00:00,22.58499625377504,18.856300888724515,3.7286953650505232
2016-12-26 02:00:00,18.875639776476135,19.311311126656804,-0.4356713501806695
2016-12-26 03:00:00,18.35374604701678,18.748148589099177,-0.3944025420823962
2016-12-26 04:00:00,18.196615228439434,18.84520303625884,-0.648587807819407
2016-12-26 05:00:00,18.435990223326527,19.710851925972843,-1.2748617026463158
2016-12-26 06:00:00,22.301656670678767,22.062203359891942,0.23945331078682486
2016-12-26 07:00:00,23.04416665677454,23.093928457092403,-0.0497618003178637
2016-12-26 08:00:00,22.700594927041283,23.360750972199096,-0.6601560451578123
2016-12-26 09:00:00,22.618351484943094,23.494266732531134,-0.8759152475880398
2016-12-26 10:00:00,22.684298367256865,23.498025161506465,-0.8137267942496003
2016-12-26 11:00:00,22.870769013980954,23.440877804738573,-0.5701087907576188
2016-12-26 12:00:00,22.95705759466863,23.350725680453902,-0.3936680857852721
2016-12-26 13:00:00,23.186671981077886,23.16651395796256,0.020158023115325108
2016-12-26 14:00:00,23.797287101228775,23.187289820105576,0.6099972811231993
2016-12-26 15:00:00,23.469982562817542,23.260646610219442,0.20933595259809934
2016-12-26 16:00:00,24.112369586907477,23.019966921390335,1.0924026655171417
2016-12-26 17:00:00,23.98616082238855,23.327446401628677,0.6587144207598712
2016-12-26 18:00:00,24.24913007286008,22.885522750540748,1.3636073223193321
2016-12-26 19:00:00,24.95095813063116,22.344736778695406,2.606221351935755
2016-12-26 20:00:00,21.789552183948086,21.78780329201231,0.001748891935775987
2016-12-26 21:00:00,20.133537276292856,20.44638286408561,-0.3128455877927543
2016-12-26 22:00:00,20.003254371827822,19.858059630580417,0.14519474124740483
2016-12-26 23:00:00,20.152266278975354,19.36612662751033,0.7861396514650245
2016-12-27 00:00:00,19.80215823082974,19.44454996686215,0.35760826396758816
2016-12-27 01:00:00,19.21839102479116,19.513740840584923,-0.29534981579376307
2016-12-27 02:00:00,19.189110667780767,18.41369246298835,0.7754182047924161
2016-12-27 03:00:00,19.17038166509827,18.38948575259433,0.7808959125039401
2016-12-27 04:00:00,20.539802964023572,18.792110729936493,1.7476922340870793
2016-12-27 05:00:00,19.823320410621875,19.904669827777244,-0.08134941715536925
2016-12-27 06:00:00,22.183596186052046,22.612995411613337,-0.4293992255612906
2016-12-27 07:00:00,23.32179113708824,23.718322036114312,-0.39653089902607164
2016-12-27 08:00:00,21.236736400430317,23.871104241990725,-2.634367841560408
2016-12-27 09:00:00,21.994722464892273,23.508477030167985,-1.5137545652757112
2016-12-27 10:00:00,21.819682757944886,23.586583312494508,-1.766900554549622
2016-12-27 11:00:00,21.644614416746656,23.46578323980047,-1.8211688230538137
2016-12-27 12:00:00,21.30919059979983,23.111021758787956,-1.8018311589881257
2016-12-27 13:00:00,19.52371363620358,22.716259085935405,-3.192545449731824
2016-12-27 14:00:00,22.029718658896794,22.020641846118448,0.009076812778346266
2016-12-27 15:00:00,23.908812001654695,22.28211171421599,1.6267002874387053
2016-12-27 16:00:00,23.922646015867077,22.895271122159254,1.0273748937078224
2016-12-27 17:00:00,23.96986462970991,23.025470693612235,0.9443939360976756
2016-12-27 18:00:00,25.074705083789613,22.858228680537184,2.216476403252429
2016-12-27 19:00:00,22.837384414350502,22.837951348043372,-0.0005669336928697533
2016-12-27 20:00:00,21.254615186126404,20.92973611560343,0.32487907052297516
2016-12-27 21:00:00,20.820680735759368,20.044962727913312,0.7757180078460557
2016-12-27 22:00:00,19.285980338364514,19.966292204002972,-0.6803118656384584
2016-12-27 23:00:00,19.46834674246854,19.070122139742285,0.3982246027262555
2016-12-28 00:00:00,18.859343950903277,18.826518575744313,0.03282537515896422
2016-12-28 01:00:00,19.398324985997107,18.669525054728677,0.7287999312684299
2016-12-28 02:00:00,19.18339483078664,18.334929183684277,0.8484656471023619
2016-12-28 03:00:00,18.91553095895077,18.510870257690083,0.4046607012606884
2016-12-28 04:00:00,20.205991475662373,19.104567185602477,1.1014242900598958
2016-12-28 05:00:00,20.508060795652703,19.601979854281577,0.9060809413711262
2016-12-28 06:00:00,21.691041550527874,21.93713898645778,-0.2460974359299044
2016-12-28 07:00:00,22.076936538528066,22.652355759130135,-0.5754192206020683
2016-12-28 08:00:00,21.62101979405644,22.427073710398897,-0.8060539163424565
2016-12-28 09:00:00,21.86687200332532,22.72391005986435,-0.8570380565390323
2016-12-28 10:00:00,22.0679975127858,22.78187606252158,-0.713878549735778
2016-12-28 11:00:00,21.90597170573834,22.821529482819386,-0.9155577770810446
2016-12-28 12:00:00,21.708128856162347,22.62286566235079,-0.9147368061884436
2016-12-28 13:00:00,21.993901616368262,22.20809658107004,-0.2141949647017789
2016-12-28 14:00:00,22.359456007311888,22.614275631836687,-0.25481962452479934
2016-12-28 15:00:00,21.34744008522644,22.65791790117105,-1.3104778159446084
2016-12-28 16:00:00,21.546923897638898,22.0445492429332,-0.4976253452943027
2016-12-28 17:00:00,22.654197161722465,21.74964484881913,0.9045523129033342
2016-12-28 18:00:00,22.843070882882234,21.806316191759,1.0367546911232353
2016-12-28 19:00:00,22.359456007311888,21.143345913691938,1.2161100936199496
2016-12-28 20:00:00,22.30816325352295,20.20386446477323,2.1042987887497198
2016-12-28 21:00:00,21.409313561805668,19.766312309313182,1.6430012524924855
2016-12-28 22:00:00,24.92897583652657,19.381830923303063,5.547144913223505
2016-12-28 23:00:00,21.635674656792833,20.40757415418751,1.2281005026053222
2016-12-29 00:00:00,19.078377614522246,19.415056199025006,-0.33667858450276
2016-12-29 01:00:00,19.196408730686567,19.05895649507591,0.137452235610656
2016-12-29 02:00:00,18.780382434478017,18.771391279714997,0.008991154763020148
2016-12-29 03:00:00,18.51090623405652,18.587993308369256,-0.07708707431273609
2016-12-29 04:00:00,19.034412292101504,19.212111313318996,-0.17769902121749226
2016-12-29 05:00:00,19.489508922260676,19.529565302336298,-0.0400563800756224
2016-12-29 06:00:00,21.457353024172512,21.125989886626527,0.3313631375459849
2016-12-29 07:00:00,21.967845182317568,21.979041908606646,-0.01119672628907864
2016-12-29 08:00:00,22.396093164152873,21.861894293686117,0.5341988704667564
2016-12-29 09:00:00,21.91411998563055,22.43716397986714,-0.5230439942365912
2016-12-29 10:00:00,21.25382444027635,22.38864997209539,-1.1348255318190397
2016-12-29 11:00:00,21.98332089357797,22.090158220299458,-0.10683732672148594
2016-12-29 12:00:00,24.54469244290045,22.057234705528646,2.487457737371802
2016-12-29 13:00:00,24.04234819754182,22.814575275660825,1.2277729218809945
2016-12-29 14:00:00,22.290255099364465,22.908367376122488,-0.6181122767580227
2016-12-29 15:00:00,21.69429484194997,22.251336012995186,-0.557041171045217
2016-12-29 16:00:00,21.583561788691444,21.85852670999786,-0.2749649213064167
2016-12-29 17:00:00,22.745380363774476,21.68129195522344,1.0640884085510365
2016-12-29 18:00:00,22.770616683512717,21.730384766441613,1.0402319170711039
2016-12-29 19:00:00,22.83981759146014,21.054965686638585,1.7848519048215543
2016-12-29 20:00:00,20.39079105687604,20.624914970686444,-0.23412391381040365
2016-12-29 21:00:00,19.916145309721912,19.597999693415147,0.3181456163067651
2016-12-29 22:00:00,21.651941848114852,19.61515258861564,2.036789259499212
2016-12-29 23:00:00,20.013835094618113,19.077847513775968,0.935987580842145
2016-12-30 00:00:00,19.412159734421046,18.121546501704973,1.2906132327160726
2016-12-30 01:00:00,19.54244263888608,18.14144926393463,1.400993374951451
2016-12-30 02:00:00,19.091390780210613,18.180373489784827,0.9110172904257858
2016-12-30 03:00:00,18.6737235211656,18.225524808612057,0.44819871255354116
2016-12-30 04:00:00,18.760832583271508,18.756737640664536,0.004094942606972296
2016-12-30 05:00:00,18.844688353955323,19.349918662587474,-0.5052303086321501
2016-12-30 06:00:00,21.958876053901346,20.706039963841658,1.252836090059688
2016-12-30 07:00:00,21.680460093526026,21.684186461929908,-0.0037263684038819633
2016-12-30 08:00:00,21.384898090591438,21.921520593417554,-0.5366225028261162
2016-12-30 09:00:00,22.15753901778979,22.038987835103843,0.11855118268594822
2016-12-30 10:00:00,22.4620407806782,22.19053962477439,0.27150115590380963
2016-12-30 11:00:00,21.30919059979983,22.469708641473023,-1.1605180416731926
2016-12-30 12:00:00,21.608797374218128,22.281631050381417,-0.6728336761632896
2016-12-30 13:00:00,21.255465403112815,21.778061283560657,-0.5225958804478417
2016-12-30 14:00:00,21.342574465218725,21.123812459876934,0.2187620053417909
2016-12-30 15:00:00,21.87666124605399,20.85641407817007,1.0202471678839231
2016-12-30 16:00:00,21.572160217377142,21.003712090799514,0.5684481265776284
2016-12-30 17:00:00,24.965613360473334,21.10608149544158,3.859531865031755
2016-12-30 18:00:00,27.754928597800422,22.118218072960044,5.636710524840378
2016-12-30 19:00:00,23.391812893559678,23.255082999755405,0.13672989380427225
2016-12-30 20:00:00,20.21657219845266,21.381085819435043,-1.1645136209823832
2016-12-30 21:00:00,20.78325209885677,20.04570868685821,0.737543411998562
2016-12-30 22:00:00,23.16548079992913,20.516665265660823,2.6488155342683086
2016-12-30 23:00:00,20.809279164445066,20.174958800395597,0.6343203640494686
2016-12-31 00:00:00,19.021369023739176,19.139753785138204,-0.1183847613990281
2016-12-31 01:00:00,18.804006425630632,18.610865956358865,0.19314046927176776
2016-12-31 02:00:00,18.341552995640864,18.16883951565255,0.17271347998831388
2016-12-31 03:00:00,18.362715175433003,17.914434475921933,0.44828069951106997
2016-12-31 04:00:00,18.454719226009026,18.152720145591264,0.3019990804177617
2016-12-31 05:00:00,18.51008538553251,18.568264799016493,-0.05817941348398392
2016-12-31 06:00:00,21.87502028321753,20.359368515270933,1.515651767946597
2016-12-31 07:00:00,21.30511645985373,21.114724389188,0.19039207066572672
2016-12-31 08:00:00,21.052728299278265,21.444464674449335,-0.39173637517107096
2016-12-31 09:00:00,20.89231482081643,21.887263750453894,-0.994948929637463
2016-12-31 10:00:00,21.353976036533023,21.95167906745363,-0.5977030309206057
2016-12-31 11:00:00,21.742333570105252,21.87939985517257,-0.13706628506731633
2016-12-31 12:00:00,21.92226826552276,22.240908740420924,-0.3186404748981637
2016-12-31 13:00:00,27.49603339549855,22.111869100864055,5.384164294634495
2016-12-31 14:00:00,21.540417314794716,24.115611620418985,-2.5751943056242688
2016-12-31 15:00:00,21.119496030116046,22.495988398206535,-1.3764923680904886
2016-12-31 16:00:00,21.92552155694485,22.094926434906892,-0.16940487796204096
2016-12-31 17:00:00,23.503366428236433,22.753053241681627,0.7503131865548056
2016-12-31 18:00:00,23.308777604294093,23.05587463904652,0.2529029652475714
2016-12-31 19:00:00,22.69895396420482,21.843002296037312,0.8559516681675063
2016-12-31 20:00:00,20.05454712561676,20.572727702480318,-0.518180576863557
2016-12-31 21:00:00,19.29330776973271,19.796625212514034,-0.5033174427813236
2016-12-31 22:00:00,19.29412788404516,19.82210798259923,-0.527980098554071
2016-12-31 23:00:00,19.618970978201702,18.875395039289486,0.7435759389122154
