timestamp,actual,predicted,residual
2016-11-07 02:00:00,27.10034833878168,26.35234406402999,0.7480042747516897
2016-11-07 03:00:00,27.073471056206973,23.720538131339396,3.352932924867577
2016-11-07 04:00:00,22.88052925535301,23.888053638220526,-1.0075243828675156
2016-11-07 05:00:00,22.24221563699762,21.954381210731395,0.287834426266226
2016-11-07 06:00:00,26.19173840569234,26.229748905256194,-0.03801049956385327
2016-11-07 07:00:00,28.92899931108186,27.464203213516935,1.4647960975649248
2016-11-07 08:00:00,29.392947291798194,29.129541024839718,0.26340626695847646
2016-11-07 09:00:00,30.109576825176543,29.675334464836556,0.43424236033998653
2016-11-07 10:00:00,31.27875275074884,29.999929946144505,1.278822804604335
2016-11-07 11:00:00,29.360413207427598,31.759234378487143,-2.398821171059545
2016-11-07 12:00:00,30.11778356666421,30.14323032979082,-0.02544676312660954
2016-11-07 13:00:00,34.16578787564608,31.417428978214215,2.748358897431867
2016-11-07 14:00:00,35.35196318501855,34.21376382871299,1.138199356305556
2016-11-07 15:00:00,40.22709563770856,34.91298139728271,5.314114240425852
2016-11-07 16:00:00,35.081725240103616,37.83993670601121,-2.7582114659075927
2016-11-07 17:00:00,36.67912032970749,36.01600981723248,0.6631105124750079
2016-11-07 18:00:00,37.20728642852341,37.42711964853115,-0.21983322000774308
2016-11-07 19:00:00,37.462283242771335,37.80782449501413,-0.3455412522427963
2016-11-07 20:00:00,34.03535812886906,37.719278580885415,-3.683920452016352
2016-11-07 21:00:00,32.241000142243784,35.907970586187375,-3.6669704439435904
2016-11-07 22:00:00,33.06578330600592,33.65250240962124,-0.586719103615323
2016-11-07 23:00:00,36.500622486312785,34.71724243093173,1.783380055381059
2016-11-08 00:00:00,35.18812020436024,34.33157027613998,0.8565499282202609
2016-11-08 01:00:00,29.99292299812222,31.062854354043704,-1.069931355921483
2016-11-08 02:00:00,27.819264069293016,26.649377426930698,1.169886642362318
2016-11-08 03:00:00,23.415436517606512,24.63564363409952,-1.2202071164930075
2016-11-08 04:00:00,22.03133025327086,21.888529041708857,0.1428012115620021
2016-11-08 05:00:00,21.82372752942859,21.377660967245113,0.4460665621834785
2016-11-08 06:00:00,25.7993069157269,26.503531256476734,-0.7042243407498354
2016-11-08 07:00:00,26.41563750576614,27.316392843587245,-0.9007553378211064
2016-11-08 08:00:00,26.446559559824554,27.765729216952913,-1.3191696571283593
2016-11-08 09:00:00,27.93975745570004,27.604104656522956,0.33565279917708324
2016-11-08 10:00:00,27.773687060721763,29.134536680597936,-1.3608496198761735
2016-11-08 11:00:00,28.2466917991512,29.20255478519435,-0.9558629860431509
2016-11-08 12:00:00,28.61634956083866,30.413186612796075,-1.7968370519574144
2016-11-08 13:00:00,27.63039043990969,30.594805681308525,-2.964415241398836
2016-11-08 14:00:00,29.33520660031342,29.706898128021916,-0.3716915277084958
2016-11-08 15:00:00,29.52484229540774,30.989341605157644,-1.464499309749904
2016-11-08 16:00:00,30.047732717059716,31.808662418466724,-1.760929701407008
2016-11-08 17:00:00,32.52501373155208,31.916773785797595,0.6082399457544838
2016-11-08 18:00:00,31.988640983024936,33.43857041502651,-1.449929432001575
2016-11-08 19:00:00,34.79184933859498,33.50536457748045,1.2864847611145294
2016-11-08 20:00:00,32.525893317000886,33.65977440801666,-1.1338810910157733
2016-11-08 21:00:00,33.62824222415193,33.010323534508544,0.617918689643389
2016-11-08 22:00:00,33.960617594701894,34.64144389790668,-0.680826303204789
2016-11-08 23:00:00,34.409060799704896,35.253724209875514,-0.8446634101706181
2016-11-09 00:00:00,32.0097440587865,32.499690407743984,-0.48994634895748135
2016-11-09 01:00:00,31.137771649643927,28.84869162349748,2.289080026146447
2016-11-09 02:00:00,29.12270909449804,27.343850887505862,1.778858206992176
2016-11-09 03:00:00,24.791365133587558,24.558310231808427,0.23305490177913057
2016-11-09 04:00:00,21.70566704480187,22.781368477596473,-1.0757014327946024
2016-11-09 05:00:00,22.241395522685167,21.57934741433739,0.6620481083477756
2016-11-09 06:00:00,26.45716983463013,26.471485675178723,-0.014315840548594139
2016-11-09 07:00:00,27.85264821004124,27.38787145934649,0.4647767506947531
2016-11-09 08:00:00,28.896377276196823,27.933433049099165,0.9629442270976583
2016-11-09 09:00:00,30.503503169878023,28.954793820894576,1.5487093489834471
2016-11-09 10:00:00,31.137771649643927,29.3810300745277,1.7567415751162265
2016-11-09 11:00:00,32.056347036236325,29.74999932932483,2.3063477069114953
2016-11-09 12:00:00,29.91319982897997,30.872641614551494,-0.9594417855715243
2016-11-09 13:00:00,31.20283986427334,29.42706440512435,1.7757754591489885
2016-11-09 14:00:00,29.943389139901566,31.600095674846255,-1.6567065349446892
2016-11-09 15:00:00,31.16297823381399,29.83886164274765,1.3241165910663426
2016-11-09 16:00:00,35.609305070988924,31.706997428632125,3.9023076423567993
2016-11-09 17:00:00,32.70585664666923,33.58354819675796,-0.877691550088727
2016-11-09 18:00:00,31.594421320805264,32.46948090600449,-0.875059585199228
2016-11-09 19:00:00,34.64354080612187,32.140438121725104,2.503102684396765
2016-11-09 20:00:00,36.30219373591196,33.02314139992197,3.279052335989995
2016-11-09 21:00:00,35.30477393963812,35.353347173809034,-0.048573234170916635
2016-11-09 22:00:00,36.71224061317636,34.254371968775914,2.457868644400449
2016-11-09 23:00:00,36.70755120394303,35.32451542006177,1.3830357838812546
2016-11-10 00:00:00,35.40735944721599,32.94886048219133,2.45849896502466
2016-11-10 01:00:00,30.694897439323068,31.224019481590027,-0.5291220422669589
2016-11-10 02:00:00,31.243580713075715,28.24644955522464,2.9971311578510758
2016-11-10 03:00:00,24.902098553951863,25.285292377623037,-0.38319382367117427
2016-11-10 04:00:00,21.653583545162878,22.76698527313726,-1.1134017279743809
2016-11-10 05:00:00,21.929595696890956,21.722537758026164,0.20705793886479285
2016-11-10 06:00:00,26.524729229082418,26.565183918929307,-0.04045468984688938
2016-11-10 07:00:00,26.27641502490017,27.47619123631474,-1.1997762114145694
2016-11-10 08:00:00,26.032966073619864,27.397035153826096,-1.3640690802062316
2016-11-10 09:00:00,27.582351344648625,27.445880596932863,0.1364707477157623
2016-11-10 10:00:00,27.456142488353247,28.066107555944257,-0.6099650675910091
2016-11-10 11:00:00,28.438027515224338,28.390277102770995,0.047750412453343216
2016-11-10 12:00:00,29.15204840640228,29.69250413983041,-0.5404557334281321
2016-11-10 13:00:00,32.61968517272537,29.590910781511127,3.0287743912142417
2016-11-10 14:00:00,29.936940926876396,32.58009281435562,-2.6431518874792275
2016-11-10 15:00:00,30.96279086317422,30.301320854653454,0.6614700085207659
2016-11-10 16:00:00,31.957572270207425,31.979532354412328,-0.021960084204902586
2016-11-10 17:00:00,29.681943883187355,31.711116722589164,-2.0291728394018094
2016-11-10 18:00:00,31.52290507670357,30.878489793179302,0.6444152835242676
2016-11-10 19:00:00,32.63434003546176,32.954341738592056,-0.32000170313029486
2016-11-10 20:00:00,31.615817714085022,33.76633163302803,-2.150513918943009
2016-11-10 21:00:00,39.39029489913333,33.4078535730991,5.982441326034227
2016-11-10 22:00:00,36.179091420503134,37.12659804650917,-0.9475066260060387
2016-11-10 23:00:00,39.07257512553133,37.02821222905415,2.044362896477182
2016-11-11 00:00:00,37.867640710802405,36.04650749700925,1.8211332137931535
2016-11-11 01:00:00,34.23232139299625,33.89859030080086,0.33373109219538577
2016-11-11 02:00:00,27.309592576119083,31.06202910025033,-3.752436524131248
2016-11-11 03:00:00,24.473849837905,24.63972291352654,-0.16587307562154052
2016-11-11 04:00:00,21.746378341588958,22.41578398397889,-0.6694056423899326
2016-11-11 05:00:00,21.53634317484861,21.795289313077454,-0.2589461382288434
2016-11-11 06:00:00,24.62529492216217,26.435460667225836,-1.8101657450636672
2016-11-11 07:00:00,25.025845140004535,26.3928863086054,-1.367041168600867
2016-11-11 08:00:00,25.34500176562934,26.36678380277932,-1.021782037149979
2016-11-11 09:00:00,26.877270087231896,26.68138225948713,0.19588782774476599
2016-11-11 10:00:00,26.0761397324261,27.902268521673083,-1.826128789246983
2016-11-11 11:00:00,35.16877593239051,27.73071090482515,7.4380650275653615
2016-11-11 12:00:00,36.71224061317636,33.01735911678167,3.694881496394693
2016-11-11 13:00:00,31.750057468199458,35.735267140423716,-3.985209672224258
2016-11-11 14:00:00,38.599804554701294,32.09575143644672,6.504053118254575
2016-11-11 15:00:00,38.80145722806181,36.06782092438274,2.73363630367907
2016-11-11 16:00:00,35.65649431636936,36.3271679421233,-0.6706736257539418
2016-11-11 17:00:00,34.409060799704896,34.616090471424634,-0.20702967171973796
2016-11-11 18:00:00,33.9116699126354,34.45197876933538,-0.5403088566999799
2016-11-11 19:00:00,39.74523919882427,34.54094869063996,5.2042905081843145
2016-11-11 20:00:00,32.7351667392478,36.86535676294396,-4.130190023696159
2016-11-11 21:00:00,37.44264602038919,35.49892443927917,1.9437215811100188
2016-11-11 22:00:00,38.253653172652186,37.403664526037325,0.849988646614861
2016-11-11 23:00:00,35.3886010760711,38.352185832419195,-2.963584756348098
2016-11-12 00:00:00,32.49335893435685,34.769984885445766,-2.276625951088917
2016-11-12 01:00:00,34.640316516056394,30.986071977528344,3.654244538528051
2016-11-12 02:00:00,32.392532597676585,29.866319870219158,2.526212727457427
2016-11-12 03:00:00,27.46754405966755,26.555039684911403,0.9125043747561463
2016-11-12 04:00:00,21.8921369573144,23.17619037684819,-1.284053419533791
2016-11-12 05:00:00,21.810714363740225,21.169326968689145,0.6413873950510798
2016-11-12 06:00:00,24.665185737531026,25.422183920339087,-0.7569981828080614
2016-11-12 07:00:00,25.660084251308042,25.257615538659554,0.4024687126484885
2016-11-12 08:00:00,25.689394343886608,26.491028551375415,-0.8016342074888065
2016-11-12 09:00:00,28.05860951216482,26.772159626099388,1.2864498860654336
2016-11-12 10:00:00,32.25243108202048,29.15720898443215,3.09522209758833
2016-11-12 11:00:00,38.61504605247407,33.05693789223755,5.558108160236522
2016-11-12 12:00:00,36.88839338484862,36.9112537959789,-0.022860411130281477
2016-11-12 13:00:00,38.59570104629279,37.44295952872529,1.1527415175674989
2016-11-12 14:00:00,38.78445729360297,38.00776058174751,0.7766967118554575
2016-11-12 15:00:00,43.86886280143411,37.700873365500854,6.167989435933258
2016-11-12 16:00:00,45.016056616454705,39.4936006682515,5.522455948203202
2016-11-12 17:00:00,45.87337342864933,40.018241083156596,5.855132345492734
2016-11-12 18:00:00,37.02497802713262,42.094731609073605,-5.0697535819409865
2016-11-12 19:00:00,37.68621189486042,38.612211995852704,-0.9260001009922831
2016-11-12 20:00:00,33.64700059529683,37.88498866154066,-4.23798806624383
2016-11-12 21:00:00,35.76787200737751,36.18477274955395,-0.4169007421764377
2016-11-12 22:00:00,36.26379740817336,36.797166130103015,-0.533368721929655
2016-11-12 23:00:00,32.00651995227392,37.17791356085647,-5.171393608582548
2016-11-13 00:00:00,33.53884682724838,32.48219855153999,1.0566482757083904
2016-11-13 01:00:00,31.121651117081004,32.43830885290992,-1.3166577358289153
2016-11-13 02:00:00,30.305660687407812,29.32648235439655,0.9791783330112622
2016-11-13 03:00:00,32.850061670733844,26.336145154383043,6.5139165163508
2016-11-13 04:00:00,21.99879660483838,25.74633722273506,-3.747540617896682
2016-11-13 05:00:00,20.223079515508406,21.413099890820277,-1.190020375311871
2016-11-13 06:00:00,24.455120835222502,24.981253168017385,-0.5261323327948837
2016-11-13 07:00:00,26.253611882271567,25.98150463472503,0.27210724754653626
2016-11-13 08:00:00,26.71199098876234,27.782272930703694,-1.070281941941353
2016-11-13 09:00:00,26.79910023442114,28.54381400165066,-1.7447137672295199
2016-11-13 10:00:00,28.898868628100534,29.33809826959813,-0.43922964149759736
2016-11-13 11:00:00,29.05432886872982,31.300559751843494,-2.2462308831136752
2016-11-13 12:00:00,31.643369186424643,32.47371510407066,-0.8303459176460208
2016-11-13 13:00:00,32.61968517272537,33.99931311365117,-1.3796279409258005
2016-11-13 14:00:00,40.60578066819015,33.97521996131175,6.6305607068783985
2016-11-13 15:00:00,40.369542225087116,37.72902303670894,2.6405191883781782
2016-11-13 16:00:00,37.932708741878926,37.39890536670579,0.5338033751731359
2016-11-13 17:00:00,37.92626089595954,37.28443150554938,0.6418293904101589
2016-11-13 18:00:00,38.646993800081724,38.231906560458334,0.41508723962338934
2016-11-13 19:00:00,40.212440774972166,39.06510819396674,1.147332581005422
2016-11-13 20:00:00,35.44135858192211,38.91991492114246,-3.478556339220347
2016-11-13 21:00:00,39.21765900083318,36.508665039740364,2.7089939610928155
2016-11-13 22:00:00,36.16766048072644,38.24034999339764,-2.0726895126712037
2016-11-13 23:00:00,33.3190216835678,37.74320286456605,-4.424181180998254
2016-11-14 00:00:00,33.68451733758663,32.80686690334526,0.8776504342413673
2016-11-14 01:00:00,36.00645552220299,32.236316239597144,3.7701392826058466
2016-11-14 02:00:00,30.227403004539198,31.763723715070395,-1.5363207105311965
2016-11-14 03:00:00,23.443925761661067,26.910891102984646,-3.4669653413235793
2016-11-14 04:00:00,22.444132626519718,22.080854291411903,0.3632783351078146
2016-11-14 05:00:00,22.903303029519215,21.74383136168753,1.159471667831685
2016-11-14 06:00:00,27.298190821251893,25.43013946969681,1.8680513515550814
2016-11-14 07:00:00,26.747807664185093,28.144913144189477,-1.3971054800043845
2016-11-14 08:00:00,27.544893155730737,28.090704652743128,-0.5458114970123908
2016-11-14 09:00:00,31.86407336489536,28.48013987122068,3.3839334936746823
2016-11-14 10:00:00,32.95088837451988,31.0024375531994,1.9484508213204776
2016-11-14 11:00:00,29.98911271545547,33.31990750981486,-3.3307947943593916
2016-11-14 12:00:00,28.308565229842202,31.75249174662644,-3.443926516784238
2016-11-14 13:00:00,31.443768083715486,31.052016840760327,0.3917512429551593
2016-11-14 14:00:00,33.07135230068806,32.872400057445,0.19895224324306326
2016-11-14 15:00:00,35.03776028478866,33.86571854794503,1.1720417368436316
2016-11-14 16:00:00,38.30670436312718,35.201733955104636,3.1049704080225453
2016-11-14 17:00:00,34.41228472266459,37.79882379550083,-3.386539072836243
2016-11-14 18:00:00,33.20647145669842,36.51228617115399,-3.305814714455572
2016-11-14 19:00:00,38.28941147825592,36.1423617530056,2.1470497252503193
2016-11-14 20:00:00,34.27980358878909,37.623621827798694,-3.3438182390096003
2016-11-14 21:00:00,35.162327719365344,35.99453706595049,-0.8322093465851452
2016-11-14 22:00:00,34.640316516056394,36.280273849789964,-1.6399573337335696
2016-11-14 23:00:00,40.27926724273475,36.01590776182565,4.263359480909095
2016-11-15 00:00:00,41.71047464706364,36.38285421788692,5.327620429176719
2016-11-15 01:00:00,32.225465694058585,34.233298628582524,-2.0078329345239396
2016-11-15 02:00:00,29.344878896907062,28.502265979014574,0.8426129178924882
2016-11-15 03:00:00,24.473029356486766,24.554774268935756,-0.08174491244898974
2016-11-15 04:00:00,25.195198378420194,22.616611403546038,2.578586974874156
2016-11-15 05:00:00,22.23732138273906,23.882814671634577,-1.6454932888955156
2016-11-15 06:00:00,25.529830715305405,26.53079473433197,-1.000964019026565
2016-11-15 07:00:00,26.361091644108,26.552842740371172,-0.19175109626317166
2016-11-15 08:00:00,26.557292796635966,27.117188398673342,-0.5598956020373755
2016-11-15 09:00:00,28.565848424776004,27.92814562455026,0.6377028002257425
2016-11-15 10:00:00,28.14410679634377,29.275208323002392,-1.1311015266586217
2016-11-15 11:00:00,29.3410685912962,29.23098708196479,0.11008150933140826
2016-11-15 12:00:00,34.0069276217393,30.11340922596654,3.8935183957727624
2016-11-15 13:00:00,30.4741931690759,34.23766975710463,-3.763476588028727
2016-11-15 14:00:00,31.671799877107293,31.893546819546017,-0.22174694243872395
2016-11-15 15:00:00,32.250086010298034,33.069263101694254,-0.8191770913962202
2016-11-15 16:00:00,36.92503127590117,33.77287786329645,3.1521534126047186
2016-11-15 17:00:00,37.41099122319396,36.55446589106096,0.8565253321330033
2016-11-15 18:00:00,37.11525300948499,37.446383157229285,-0.3311301477442967
2016-11-15 19:00:00,35.18020687216721,37.45224289968916,-2.272036027521949
2016-11-15 20:00:00,34.26983813528604,35.595985739080064,-1.326147603794027
2016-11-15 21:00:00,34.51076635472818,36.08091999282362,-1.5701536380954337
2016-11-15 22:00:00,37.48573175736112,36.418645563010855,1.0670861943502672
2016-11-15 23:00:00,36.21162580314718,38.30449291790864,-2.092867114761461
2016-11-16 00:00:00,33.131730922531254,35.59267150809849,-2.4609405855672364
2016-11-16 01:00:00,30.870757444135798,31.66711028432107,-0.7963528401852713
2016-11-16 02:00:00,29.681943883187355,27.77854111689741,1.9034027662899433
2016-11-16 03:00:00,24.31507768938541,24.983340531482295,-0.6682628420968832
2016-11-16 04:00:00,22.733978792460174,24.142544580703653,-1.4085657882434788
2016-11-16 05:00:00,22.107067846736427,21.515964398790928,0.5911034479454997
2016-11-16 06:00:00,26.336646987984263,26.15765850771463,0.1789884802696342
2016-11-16 07:00:00,25.48747772147029,27.47689369322471,-1.9894159717544184
2016-11-16 08:00:00,26.81539661065267,26.694076960911378,0.12131964974129161
2016-11-16 09:00:00,26.910654136203675,28.19514881688499,-1.2844946806813162
2016-11-16 10:00:00,26.97742223414724,27.946246050361005,-0.9688238162137637
2016-11-16 11:00:00,28.116438217260338,28.751499094852306,-0.6350608775919682
2016-11-16 12:00:00,30.584985051035666,30.050353760552255,0.5346312904834107
2016-11-16 13:00:00,34.72590172206965,31.365642100045438,3.3602596220242127
2016-11-16 14:00:00,32.62789182243659,33.77688482288482,-1.148993000448229
2016-11-16 15:00:00,29.860441772470285,33.78191894444554,-3.9214771719752584
2016-11-16 16:00:00,33.093334961898435,31.704647768087426,1.388687193811009
2016-11-16 17:00:00,31.951124057182255,34.98503545135206,-3.033911394169806
2016-11-16 18:00:00,32.53409996671211,33.94569033947676,-1.4115903727646497
2016-11-16 19:00:00,32.57630648534102,33.88562522596967,-1.3093187406286475
2016-11-16 20:00:00,34.406715727982444,33.197544545446895,1.209171182535549
2016-11-16 21:00:00,34.06408195351702,35.39915977251459,-1.3350778189975685
2016-11-16 22:00:00,36.7922564574017,36.30278330779459,0.4894731496071074
2016-11-16 23:00:00,37.75772850606789,37.94230855802514,-0.1845800519572478
2016-11-17 00:00:00,36.20781524515109,35.64422123593341,0.563594009217681
2016-11-17 01:00:00,34.43280189760132,33.31357677063928,1.1192251269620428
2016-11-17 02:00:00,29.92140657046764,30.570678755237353,-0.649272184769714
2016-11-17 03:00:00,24.009784813541163,25.195981782154647,-1.1861969686134834
2016-11-17 04:00:00,22.664777884512752,22.60868852660273,0.056089357910021675
2016-11-17 05:00:00,20.661117474283945,21.747430466754352,-1.0863129924704076
2016-11-17 06:00:00,25.020159038578583,25.843980385197202,-0.8238213466186188
2016-11-17 07:00:00,25.32791409288909,26.16286002951102,-0.8349459366219314
2016-11-17 08:00:00,25.267652577789708,26.554414503768115,-1.286761925978407
2016-11-17 09:00:00,26.435978653481374,26.43907610849987,-0.003097455018494344
2016-11-17 10:00:00,30.167317516661313,27.499612126194585,2.667705390466729
2016-11-17 11:00:00,30.456314108050478,29.22801065713313,1.2283034509173483
2016-11-17 12:00:00,31.762953894249797,31.047155258916185,0.7157986353336128
2016-11-17 13:00:00,33.103300048295715,32.03254463167465,1.0707554166210684
2016-11-17 14:00:00,32.92890571330951,33.568760074623434,-0.6398543613139225
2016-11-17 15:00:00,31.76969524124027,33.50061459579342,-1.7309193545531514
2016-11-17 16:00:00,33.712948211822166,32.601544273502384,1.111403938319782
2016-11-17 17:00:00,31.715764832422252,34.12423627372864,-2.4084714413063892
2016-11-17 18:00:00,33.34100434477816,32.5415760759212,0.799428268856964
2016-11-17 19:00:00,32.27118945316538,34.36732454358013,-2.096135090414755
2016-11-17 20:00:00,33.524191964511985,33.3183799826644,0.20581198184758165
2016-11-17 21:00:00,34.177218448317,35.03718209318521,-0.8599636448682091
2016-11-17 22:00:00,31.421199338127394,35.861605126177196,-4.440405788049802
2016-11-17 23:00:00,34.17135650322244,33.69601545772106,0.4753410455013807
2016-11-18 00:00:00,35.250843897925876,34.65620008183835,0.594643816087526
2016-11-18 01:00:00,30.00376766996831,33.32821327808668,-3.3244456081183706
2016-11-18 02:00:00,28.11318474228536,28.37619001501155,-0.2630052727261898
2016-11-18 03:00:00,27.152461573988848,24.693493264224497,2.4589683097643515
2016-11-18 04:00:00,21.996334059266342,23.602749672095634,-1.6064156128292915
2016-11-18 05:00:00,20.9208330662276,21.314254456928733,-0.3934213907011319
2016-11-18 06:00:00,25.74719368051973,25.11855366657232,0.6286400139474075
2016-11-18 07:00:00,26.214541548320945,26.470074704113408,-0.25553315579246316
2016-11-18 08:00:00,27.019745859519954,27.09283331635992,-0.0730874568399642
2016-11-18 09:00:00,26.269087409979086,27.82833662976274,-1.5592492197836556
2016-11-18 10:00:00,28.661926592354025,27.896779464274527,0.7651471280794979
2016-11-18 11:00:00,29.117872946201214,29.90937394431757,-0.791500998116355
2016-11-18 12:00:00,33.627655956221325,30.636608750685244,2.9910472055360806
2016-11-18 13:00:00,36.86553150529522,34.350497148837874,2.515034356457349
2016-11-18 14:00:00,32.72695972243079,35.88486421418452,-3.157904491753726
2016-11-18 15:00:00,34.081961106318886,33.374551205163364,0.7074099011555219
2016-11-18 16:00:00,40.99736285893363,34.55061275029766,6.4467501086359675
2016-11-18 17:00:00,41.935282884601534,37.0016785574895,4.933604327112036
2016-11-18 18:00:00,38.8161120907982,37.54183212844455,1.2742799623536527
2016-11-18 19:00:00,36.6260691392325,37.30274494448895,-0.6766758052564512
2016-11-18 20:00:00,34.40994001804792,36.83779005571447,-2.427850037666552
2016-11-18 21:00:00,33.115317256003024,33.7754024497453,-0.660085193742276
2016-11-18 22:00:00,33.08776596721629,33.90200548587192,-0.8142395186556257
2016-11-18 23:00:00,30.538675207551147,33.67865722802097,-3.1399820204698194
2016-11-19 00:00:00,31.74273003683126,30.6739263380894,1.0688036987418599
2016-11-19 01:00:00,29.797718354233982,30.17721450493641,-0.37949615070242615
2016-11-19 02:00:00,32.06836406039074,28.02604814724595,4.04231591314479
2016-11-19 03:00:00,26.84960132459557,26.5800825399036,0.26951878469197155
2016-11-19 04:00:00,20.074917091135724,23.447723103849075,-3.372806012713351
2016-11-19 05:00:00,18.77223415458581,20.46296845848746,-1.6907343039016496
2016-11-19 06:00:00,23.6580648039157,25.04458699138933,-1.3865221874736307
2016-11-19 07:00:00,24.47467068642901,26.297520303296412,-1.8228496168674013
2016-11-19 08:00:00,26.846318664711085,26.13835847199139,0.7079601927196961
2016-11-19 09:00:00,29.985888608942886,27.982548682059992,2.0033399268828944
2016-11-19 10:00:00,27.18827843296449,30.178693115241682,-2.9904146822771906
2016-11-19 11:00:00,33.50455400791828,29.83910411611532,3.665449891802961
2016-11-19 12:00:00,35.91852561157307,35.196183315711494,0.7223422958615728
2016-11-19 13:00:00,35.529289226763595,36.73930218285262,-1.2100129560890238
2016-11-19 14:00:00,39.42429476805101,35.6149173841531,3.8093773838979104
2016-11-19 15:00:00,37.13078745767019,38.48223011812725,-1.3514426604570602
2016-11-19 16:00:00,37.52324849965092,37.26299546484538,0.26025303480553674
2016-11-19 17:00:00,39.4732424501175,38.09147097854246,1.3817714715750427
2016-11-19 18:00:00,35.93816356816677,38.08080582142278,-2.1426422532560068
2016-11-19 19:00:00,32.21667277641674,37.968306989362596,-5.751634212945852
2016-11-19 20:00:00,33.04878373865286,34.94131352006344,-1.8925297814105804
2016-11-19 21:00:00,34.033013424252395,33.838278492209625,0.19473493204277048
2016-11-19 22:00:00,38.755147568130184,34.539369401574525,4.215778166555658
2016-11-19 23:00:00,39.90322023438802,36.38676829971296,3.516451934675061
2016-11-20 00:00:00,36.09116150987322,34.84903670989289,1.2421247999803242
2016-11-20 01:00:00,30.497934266972326,32.532831249136535,-2.0348969821642093
2016-11-20 02:00:00,27.433339345724647,28.618150077024744,-1.1848107313000966
2016-11-20 03:00:00,24.642382594902422,25.547706931261033,-0.9053243363586105
2016-11-20 04:00:00,21.491557738115418,22.33343041014671,-0.8418726720312932
2016-11-20 05:00:00,19.52860789046214,21.21156762815559,-1.682959737693448
2016-11-20 06:00:00,23.903946381646975,24.649129999138268,-0.7451836174912927
2016-11-20 07:00:00,24.97537323473961,25.358509789909107,-0.3831365551694965
2016-11-20 08:00:00,25.14798013168314,26.681271760647363,-1.5332916289642213
2016-11-20 09:00:00,27.042549002148558,27.017678870425836,0.024870131722721567
2016-11-20 10:00:00,28.03501498125105,28.554376644481284,-0.5193616632302351
2016-11-20 11:00:00,30.383918370276422,30.36517569290362,0.018742677372802774
2016-11-20 12:00:00,34.23320061133927,32.33762862433009,1.895571987009184
2016-11-20 13:00:00,34.82672805874991,35.20868400173103,-0.3819559429811221
2016-11-20 14:00:00,39.75901521032342,35.37660259075856,4.38241261956486
2016-11-20 15:00:00,36.920927767492664,38.040792025617634,-1.11986425812497
2016-11-20 16:00:00,36.7734980862568,37.66581256087906,-0.8923144746222604
2016-11-20 17:00:00,39.317019851239806,37.439801684805985,1.8772181664338206
2016-11-20 18:00:00,41.03487960122342,38.08760902573718,2.947270575486243
2016-11-20 19:00:00,38.81933674796946,39.83470801688382,-1.0153712689143646
2016-11-20 20:00:00,38.09479328585118,38.42836688966696,-0.33357360381577905
2016-11-20 21:00:00,37.57454051922829,38.213825866583264,-0.6392853473549707
2016-11-20 22:00:00,37.88493359567366,38.9876510770278,-1.1027174813541407
2016-11-20 23:00:00,38.47846141019008,38.19132301648268,0.28713839370740146
2016-11-21 00:00:00,34.193339164432814,35.10094946848329,-0.907610304050479
2016-11-21 01:00:00,33.3272287003848,30.967720176034767,2.3595085243500336
2016-11-21 02:00:00,28.32160817698697,28.293385589393342,0.02822258759362839
2016-11-21 03:00:00,24.640741264960177,24.35271594368837,0.2880253212718067
2016-11-21 04:00:00,25.36455161683585,22.23408718081753,3.130464436018322
2016-11-21 05:00:00,22.70710150988547,22.947010276576638,-0.239908766691169
2016-11-21 06:00:00,28.98187455033773,24.912973328471907,4.068901221865822
2016-11-21 07:00:00,29.568807296610924,28.329386827246974,1.2394204693639495
2016-11-21 08:00:00,28.2572727513826,28.709324009655813,-0.4520512582732117
2016-11-21 09:00:00,29.330223896506002,28.818966575194935,0.5112573213110672
2016-11-21 10:00:00,31.004411113872514,29.530151195644773,1.474259918227741
2016-11-21 11:00:00,29.306717287426533,32.434348882861386,-3.1276315954348526
2016-11-21 12:00:00,28.482813181398644,31.548216469573816,-3.0654032881751725
2016-11-21 13:00:00,32.77004545940273,30.87148192739257,1.8985635320101615
2016-11-21 14:00:00,34.42928465712343,33.94817454428982,0.48111011283361194
2016-11-21 15:00:00,33.63146651421741,34.574344670549586,-0.9428781563321778
2016-11-21 16:00:00,40.973621393931424,34.637522841070826,6.336098552860598
2016-11-21 17:00:00,36.035179346850946,39.05895990636381,-3.023780559512865
2016-11-21 18:00:00,42.90251263574223,37.01102580485909,5.891486830883139
2016-11-21 19:00:00,51.04014058663981,40.567888743793226,10.472251842846582
2016-11-21 20:00:00,44.80443775537957,40.91760325454271,3.886834500836855
2016-11-21 21:00:00,39.636205845327005,41.40297803522223,-1.766772189895228
2016-11-21 22:00:00,37.03963288986901,39.60678084863931,-2.567147958770299
2016-11-21 23:00:00,32.577185703684044,38.07514284766096,-5.497957143976919
2016-11-22 00:00:00,30.200730934095493,31.938463680148438,-1.737732746052945
2016-11-22 01:00:00,29.06165636893035,28.38242654566634,0.6792298232640093
2016-11-22 02:00:00,30.821223677691588,27.68608543443558,3.1351382432560086
2016-11-22 03:00:00,25.96945145065128,25.740965363856763,0.22848608679451843
2016-11-22 04:00:00,21.45084570711677,24.291528954917688,-2.840683247800918
2016-11-22 05:00:00,21.485871269583686,22.425899216640175,-0.940027947056489
2016-11-22 06:00:00,25.58030262057033,26.560563709135497,-0.9802610885651681
2016-11-22 07:00:00,26.902505856311468,27.268083374919232,-0.3655775186077648
2016-11-22 08:00:00,26.852034134599432,27.92869582433799,-1.0766616897385575
2016-11-22 09:00:00,28.876065451055766,28.33060772929471,0.545457721761057
2016-11-22 10:00:00,35.78340645556271,29.43131397574506,6.352092479817653
2016-11-22 11:00:00,34.554731310043145,33.31250482176177,1.242226488281375
2016-11-22 12:00:00,40.00580500775434,32.90281036604614,7.1029946417082
2016-11-22 13:00:00,37.5909545528623,36.34176259951178,1.2491919533505182
2016-11-22 14:00:00,39.68808449994078,36.39340043273389,3.2946840672068873
2016-11-22 15:00:00,34.6485235328734,37.15634829891792,-2.5078247660445214
2016-11-22 16:00:00,34.78598739350043,35.86135916530461,-1.0753717718041855
2016-11-22 17:00:00,39.75256663019247,37.01249422797896,2.7400724022135066
2016-11-22 18:00:00,38.05024206260561,39.090862867066306,-1.0406208044606942
2016-11-22 19:00:00,37.55343781057251,38.45436972627378,-0.9009319157012712
2016-11-22 20:00:00,35.31767036568846,37.02520416429308,-1.7075337986046222
2016-11-22 21:00:00,33.898773486585064,37.521327067998556,-3.6225535814134915
2016-11-22 22:00:00,40.03745980494958,36.018183817661466,4.019275987288111
2016-11-22 23:00:00,36.305417658871654,36.35428898293591,-0.048871324064258204
2016-11-23 00:00:00,28.283329323097963,34.37173495242069,-6.088405629322725
2016-11-23 01:00:00,30.133904099227134,27.016335079718257,3.1175690195088777
2016-11-23 02:00:00,24.72052289569789,27.75020725036423,-3.0296843546663403
2016-11-23 03:00:00,20.823113912869008,25.180924938589186,-4.357811025720178
2016-11-23 04:00:00,19.951961618038887,21.180289481490604,-1.2283278634517174
2016-11-23 05:00:00,20.14247703624668,21.01743328116885,-0.8749562449221671
2016-11-23 06:00:00,25.84652516246395,26.04381588494687,-0.19729072248291857
2016-11-23 07:00:00,27.420325629377608,27.27925532156816,0.1410703078094464
2016-11-23 08:00:00,26.18605230426639,28.24699534974301,-2.0609430454766198
2016-11-23 09:00:00,27.268060247255093,28.560623683539028,-1.2925634362839347
2016-11-23 10:00:00,26.994510090440382,29.08560828879298,-2.091098198352597
2016-11-23 11:00:00,29.703926406733057,29.413058264189388,0.290868142543669
2016-11-23 12:00:00,30.773741481898735,30.592493098447605,0.18124838345113048
2016-11-23 13:00:00,30.217730685001445,31.258300186429384,-1.0405695014279388
2016-11-23 14:00:00,30.573554111258964,31.36840640656861,-0.7948522953096457
2016-11-23 15:00:00,28.04152183942457,31.264143776234942,-3.2226219368103735
2016-11-23 16:00:00,28.601665237863422,30.924745121455494,-2.3230798835920723
2016-11-23 17:00:00,29.978561085798244,31.425586068645142,-1.447024982846898
2016-11-23 18:00:00,29.4767738775725,31.553349893248022,-2.0765760156755206
2016-11-23 19:00:00,26.833304948364045,31.42489994794238,-4.591594999578334
2016-11-23 20:00:00,24.86302822000124,28.177375206994864,-3.3143469869936233
2016-11-23 21:00:00,26.934248575341005,26.925490165642486,0.008758409698518932
2016-11-23 22:00:00,31.177047012172665,28.07047739959613,3.1065696125765356
2016-11-23 23:00:00,29.9067516159548,30.267086313365926,-0.3603346974111261
2016-11-24 00:00:00,26.650117512183115,27.659735591090243,-1.0096180789071276
2016-11-24 01:00:00,24.627727365060252,25.29108677525408,-0.6633594101938272
2016-11-24 02:00:00,22.148599992047526,24.092071941227168,-1.9434719491796422
2016-11-24 03:00:00,22.51576597736522,21.347611890731468,1.168154086633752
2016-11-24 04:00:00,21.520867463588203,21.206488352583925,0.3143791110042784
2016-11-24 05:00:00,20.79951929017879,20.956260976629366,-0.15674168645057662
2016-11-24 06:00:00,25.36698442683971,25.811632125183603,-0.4446476983438927
2016-11-24 07:00:00,25.56239409930606,26.57695149470624,-1.0145573954001783
2016-11-24 08:00:00,25.42478376347283,26.599317597903788,-1.1745338344309566
2016-11-24 09:00:00,25.75372963182631,27.10266514335907,-1.3489355115327584
2016-11-24 10:00:00,26.767357515391602,26.913823911060824,-0.14646639566922204
2016-11-24 11:00:00,29.325534303719778,27.51186125297839,1.8136730507413859
2016-11-24 12:00:00,28.08223341154099,28.866046962239555,-0.7838135506985644
2016-11-24 13:00:00,29.470325710435556,28.476327294142806,0.9939984162927509
2016-11-24 14:00:00,29.67139229941835,29.35565978412388,0.3157325152944708
2016-11-24 15:00:00,31.447285140640485,28.99750278114365,2.4497823594968366
2016-11-24 16:00:00,38.204705490585695,30.38402345430594,7.820682036279756
2016-11-24 17:00:00,35.34463575365035,33.330164078201435,2.0144716754489167
2016-11-24 18:00:00,29.901182713049103,32.25793656740269,-2.3567538543535846
2016-11-24 19:00:00,27.186637103022246,29.36462794888743,-2.1779908458651853
2016-11-24 20:00:00,24.558526457112826,27.188461435195805,-2.6299349780829786
2016-11-24 21:00:00,23.667825045287756,26.399969614629917,-2.732144569342161
2016-11-24 22:00:00,24.162841492172404,26.43992504061605,-2.2770835484436454
2016-11-24 23:00:00,22.871589495399185,26.356070921908245,-3.48448142650906
2016-11-25 00:00:00,22.0867265154683,25.320069042371134,-3.2333425269028346
2016-11-25 01:00:00,20.356615711395534,23.236769071341463,-2.880153359945929
2016-11-25 02:00:00,20.381851296922214,20.081668900640928,0.3001823962812864
2016-11-25 03:00:00,19.537547650415963,20.47555211041326,-0.9380044599972983
2016-11-25 04:00:00,19.563604084466657,19.807947488979863,-0.2443434045132058
2016-11-25 05:00:00,19.263176461524353,19.81390047630785,-0.5507240147834978
2016-11-25 06:00:00,24.568286698484883,24.855307251236916,-0.28702055275203264
2016-11-25 07:00:00,25.36698442683971,25.93035762193074,-0.5633731950910281
2016-11-25 08:00:00,24.642382594902422,26.18630413883145,-1.5439215439290273
2016-11-25 09:00:00,24.67984060026742,25.816940474761967,-1.1370998744945489
2016-11-25 10:00:00,25.797694587141272,26.11623465860862,-0.3185400714673463
2016-11-25 11:00:00,27.443920252067826,27.070441699310663,0.37347855275716313
2016-11-25 12:00:00,26.030533447168892,27.555720573605168,-1.5251871264362755
2016-11-25 13:00:00,30.081146134493892,27.54220080194044,2.5389453325534532
2016-11-25 14:00:00,30.56388179172121,29.231915859588113,1.331965932133098
2016-11-25 15:00:00,28.25730202806855,30.310852756230368,-2.0535507281618166
2016-11-25 16:00:00,29.044597949931937,29.85830062800861,-0.8137026780766732
2016-11-25 17:00:00,30.742965903046528,29.4929792115706,1.2499866914759288
2016-11-25 18:00:00,29.657616609136763,30.25094916926646,-0.5933325601296957
2016-11-25 19:00:00,29.104829999056445,28.75924020854631,0.34558979051013594
2016-11-25 20:00:00,24.668439028953117,28.21100512506278,-3.542566096109663
2016-11-25 21:00:00,25.251385753573466,25.185414642278218,0.06597111129524791
2016-11-25 22:00:00,24.514561501797868,25.34017248909384,-0.8256109872959705
2016-11-25 23:00:00,25.947498157903308,23.957620917736357,1.9898772401669511
2016-11-26 00:00:00,24.19783768617692,24.508237370526327,-0.3103996843494059
2016-11-26 01:00:00,21.280701722851056,22.307479702560645,-1.026777979709589
2016-11-26 02:00:00,20.122135704978554,20.885936724995236,-0.7638010200166825
2016-11-26 03:00:00,19.348673929256194,19.94351524825334,-0.5948413189971475
2016-11-26 04:00:00,19.458586868202264,19.478658743827893,-0.02007187562562862
2016-11-26 05:00:00,19.298202023991266,19.60643578423885,-0.3082337602475853
2016-11-26 06:00:00,24.37615968590302,24.242275106630704,0.13388457927231556
2016-11-26 07:00:00,24.813347794797927,25.52977161127483,-0.716423816476901
2016-11-26 08:00:00,26.338288501479397,25.278627205081904,1.0596612963974934
2016-11-26 09:00:00,25.93609658658901,27.063600683100926,-1.1275040965119167
2016-11-26 10:00:00,28.715681134559325,26.501939485814784,2.2137416487445414
2016-11-26 11:00:00,26.935069240312128,28.105123925345225,-1.1700546850330973
2016-11-26 12:00:00,29.235962948427055,27.868499562291003,1.367463386136052
2016-11-26 13:00:00,28.87199135699788,29.023742369430394,-0.15175101243251277
2016-11-26 14:00:00,31.182615823301916,28.90672620610323,2.275889617198686
2016-11-26 15:00:00,37.96201920156328,30.447041750260002,7.514977451303277
2016-11-26 16:00:00,34.6370925930967,33.72476020739847,0.9123323856982353
2016-11-26 17:00:00,34.18190822465611,32.39683287478315,1.7850753498729617
2016-11-26 18:00:00,32.088001833431555,31.82126424212864,0.26673759130291685
2016-11-26 19:00:00,28.704279540300913,30.214688295849946,-1.510408755549033
2016-11-26 20:00:00,27.657238445798445,27.52267930965543,0.1345591361430145
2016-11-26 21:00:00,26.865868332364705,27.85528742526989,-0.9894190929051838
2016-11-26 22:00:00,26.440873458398602,26.927679217408446,-0.4868057590098438
2016-11-26 23:00:00,29.896199986297574,26.452268421808864,3.443931564488711
2016-11-27 00:00:00,25.537978995197612,26.706459805975538,-1.1684808107779254
2016-11-27 01:00:00,23.03683922540634,23.6677655741514,-0.63092634874506
2016-11-27 02:00:00,22.378185009994386,21.687184002991952,0.6910010070024342
2016-11-27 03:00:00,21.669058522211724,21.389150643946607,0.2799078782651172
2016-11-27 04:00:00,20.10097352518642,21.05986336721776,-0.9588898420313399
2016-11-27 05:00:00,19.790756659515438,20.36163698425396,-0.5708803247385212
2016-11-27 06:00:00,25.124356140530526,24.585813429737982,0.5385427107925445
2016-11-27 07:00:00,25.232656750890968,25.635124362222115,-0.40246761133114717
2016-11-27 08:00:00,25.389787569468314,26.131421090514408,-0.7416335210460936
2016-11-27 09:00:00,27.902299358558597,26.550324945379252,1.3519744131793452
2016-11-27 10:00:00,27.837993163751957,28.123656985317666,-0.28566382156570924
2016-11-27 11:00:00,27.107675953702767,27.92103304183979,-0.8133570881370247
2016-11-27 12:00:00,29.036449770420216,29.248398381394196,-0.21194861097398032
2016-11-27 13:00:00,31.59617994104421,29.85589645225559,1.74028348878862
2016-11-27 14:00:00,38.70326891351641,32.83394756252207,5.8693213509943405
2016-11-27 15:00:00,33.61710460189343,36.406484816943575,-2.7893802150501443
2016-11-27 16:00:00,36.17410906085739,34.665872952034775,1.508236108822615
2016-11-27 17:00:00,42.52734521284431,35.0457283157429,7.481616897101411
2016-11-27 18:00:00,37.2530101876302,36.23177183414036,1.0212383534898422
2016-11-27 19:00:00,42.11583138088315,34.397155559260476,7.718675821622675
2016-11-27 20:00:00,37.48983453155807,34.47100219085342,3.0188323407046482
2016-11-27 21:00:00,40.10428700692371,33.717041441268826,6.3872455656548865
2016-11-27 22:00:00,36.40946791851161,34.61171346921005,1.7977544493015571
2016-11-27 23:00:00,35.618977574079565,33.84570944740777,1.7732681266717947
2016-11-28 00:00:00,42.98721862341245,28.733169480314306,14.254049143098147
2016-11-28 01:00:00,31.77702267260847,29.13846042189481,2.6385622507136617
2016-11-28 02:00:00,27.195605864332688,27.161837088503496,0.033768775829191355
2016-11-28 03:00:00,23.817628432496903,24.105231582121746,-0.287603149624843
2016-11-28 04:00:00,21.878302943102018,22.57793240435686,-0.6996294612548439
2016-11-28 05:00:00,21.05108660223024,21.51920814546274,-0.46812154323250255
2016-11-28 06:00:00,26.491345180110635,25.208989441256318,1.2823557388543172
2016-11-28 07:00:00,25.074705083789613,27.348791029986916,-2.274085946197303
2016-11-28 08:00:00,26.61022651326137,26.419856285389553,0.19037022787181712
2016-11-28 09:00:00,27.819264069293016,28.372205632428646,-0.5529415631356294
2016-11-28 10:00:00,28.490111381969108,29.472949369556776,-0.9828379875876685
2016-11-28 11:00:00,28.950952500581334,30.127814181443217,-1.176861680861883
2016-11-28 12:00:00,38.01917316623521,30.84183923697735,7.177333929257863
2016-11-28 13:00:00,31.28021823702248,36.28717397003028,-5.0069557330078
2016-11-28 14:00:00,28.26134679955226,33.02736128086272,-4.76601448131046
2016-11-28 15:00:00,28.98676931940478,30.47352164082789,-1.4867523214231113
2016-11-28 16:00:00,30.645070538913547,30.988270023385915,-0.34319948447236825
2016-11-28 17:00:00,30.782827533505877,32.452950132732454,-1.670122599226577
2016-11-28 18:00:00,32.0097440587865,33.56366024112809,-1.5539161823415881
2016-11-28 19:00:00,36.511466791053095,34.1976445810203,2.3138222100327965
2016-11-28 20:00:00,31.456957460178238,36.95363248721861,-5.496675027040375
2016-11-28 21:00:00,29.484101400717144,34.67562401576233,-5.191522615045187
2016-11-28 22:00:00,32.43649755299155,32.52095647847185,-0.08445892548030542
2016-11-28 23:00:00,33.134954845490945,32.602767469961236,0.5321873755297091
2016-11-29 00:00:00,30.878964277399913,33.06374146365773,-2.184777186257815
2016-11-29 01:00:00,28.774271813589397,28.61918848161161,0.15508333197778867
2016-11-29 02:00:00,26.32281279021899,26.47711046993942,-0.15429767972042896
2016-11-29 03:00:00,22.22105419141704,23.466779197781527,-1.2457250063644878
2016-11-29 04:00:00,20.88091324950213,21.1744870075324,-0.29357375803026997
2016-11-29 05:00:00,20.85406533538982,20.821300410315956,0.03276492507386308
2016-11-29 06:00:00,25.849778820991823,25.918145297501376,-0.06836647650955285
2016-11-29 07:00:00,27.091408945933637,26.859613400532687,0.23179554540094927
2016-11-29 08:00:00,27.352736866462923,27.728550028427804,-0.37581316196488146
2016-11-29 09:00:00,29.00388636006968,28.102067586174087,0.9018187738955916
2016-11-29 10:00:00,31.068599926606012,29.134584977952116,1.9340149486538962
2016-11-29 11:00:00,30.678777090313034,31.523829632610422,-0.8450525422973882
2016-11-29 12:00:00,35.55215037210543,30.60120543637074,4.9509449357346895
2016-11-29 13:00:00,28.948519770881862,33.21175888124732,-4.263239110365458
2016-11-29 14:00:00,32.33713670258493,30.03372405227251,2.303412650312417
2016-11-29 15:00:00,31.93734841278889,32.0384451228761,-0.10109671008720866
2016-11-29 16:00:00,35.15412106965412,32.158771017271015,2.9953500523831025
2016-11-29 17:00:00,33.041455940178885,33.69646442808996,-0.6550084879110756
2016-11-29 18:00:00,32.29375801520058,35.04099632223909,-2.747238307038508
2016-11-29 19:00:00,35.12305217328372,32.70782947313079,2.415222700152924
2016-11-29 20:00:00,33.74313752274376,33.032470292002564,0.7106672307411941
2016-11-29 21:00:00,34.23173512506563,34.338156888044196,-0.1064217629785631
2016-11-29 22:00:00,38.49047825079161,34.60600644275464,3.8844718080369702
2016-11-29 23:00:00,34.37242327575813,36.099764266721024,-1.7273409909628938
2016-11-30 00:00:00,34.91055482807711,32.17790457052304,2.73265025755407
2016-11-30 01:00:00,32.18882817011182,30.896529004101236,1.292299166010583
2016-11-30 02:00:00,30.857568067673043,27.175714604750805,3.6818534629222377
2016-11-30 03:00:00,25.76184854325612,24.410616968622545,1.3512315746335766
2016-11-30 04:00:00,22.80400054893161,23.26777886368129,-0.46377831474967834
2016-11-30 05:00:00,23.207833793764244,21.78923059928483,1.418603194479413
2016-11-30 06:00:00,26.813755280710424,26.579573914845454,0.23418136586496985
2016-11-30 07:00:00,27.862408451413298,27.643765663673552,0.21864278773974632
2016-11-30 08:00:00,28.369647272248038,27.89307288899062,0.4765743832574181
2016-11-30 09:00:00,27.86158769466573,29.08877931410419,-1.227191619438461
2016-11-30 10:00:00,29.83025246154869,29.28795600237951,0.5422964591691795
2016-11-30 11:00:00,28.416044991678636,30.57870258627015,-2.162657594591515
2016-11-30 12:00:00,30.62074317308651,30.378387279266065,0.2423558938204451
2016-11-30 13:00:00,31.58386978292448,31.549080820132755,0.03478896279172616
2016-11-30 14:00:00,32.87350981821785,31.80457377784231,1.0689360403755366
2016-11-30 15:00:00,30.22828231465867,33.29562860195078,-3.0673462872921107
2016-11-30 16:00:00,33.20412675208175,31.676407054645914,1.5277196974358347
2016-11-30 17:00:00,36.014662539019994,33.987309855963495,2.027352683056499
2016-11-30 18:00:00,35.73533835894503,35.94862901974215,-0.21329066079712078
2016-11-30 19:00:00,37.3060613781052,35.58270385196075,1.7233575261444471
2016-11-30 20:00:00,35.31942953658607,36.82281140568014,-1.5033818690940706
2016-11-30 21:00:00,36.67648230757263,35.84279022074218,0.833692086830446
2016-11-30 22:00:00,34.914072068555,37.64890220023053,-2.7348301316755297
2016-11-30 23:00:00,34.2496142778675,35.940317744883636,-1.6907034670161352
2016-12-01 00:00:00,36.12135082079481,32.760343220743906,3.361007600050904
2016-12-01 01:00:00,34.72091899531812,32.303281473344555,2.4176375219735675
2016-12-01 02:00:00,31.82597035467496,29.30665295213859,2.5193174025363696
2016-12-01 03:00:00,27.00509099678356,25.49620933244687,1.5088816643366911
2016-12-01 04:00:00,24.428243552647793,23.69140498374677,0.7368385689010211
2016-12-01 05:00:00,21.86443956042724,22.887102651449148,-1.0226630910219079
2016-12-01 06:00:00,25.447586906101435,26.588760002777637,-1.1411730966762015
2016-12-01 07:00:00,25.689394343886608,26.84404224176949,-1.1546478978828816
2016-12-01 08:00:00,29.863665878982868,26.968170801386222,2.895495077596646
2016-12-01 09:00:00,28.36314045996274,28.72681325023113,-0.3636727902683923
2016-12-01 10:00:00,27.039295710726467,28.927330539982563,-1.888034829256096
2016-12-01 11:00:00,28.248333174981667,28.800575768712235,-0.5522425937305684
2016-12-01 12:00:00,28.549552048544477,29.679123317703404,-1.1295712691589266
2016-12-01 13:00:00,29.609548191301524,30.199253149778226,-0.5897049584767018
2016-12-01 14:00:00,29.21966657219553,29.99858624721337,-0.7789196750178426
2016-12-01 15:00:00,29.68135770703319,30.451918291664676,-0.770560584631486
2016-12-01 16:00:00,34.12240882115596,31.231927857855027,2.8904809633009307
2016-12-01 17:00:00,37.11525300948499,34.36877534562257,2.7464776638624144
2016-12-01 18:00:00,39.45301859269897,36.8405697806804,2.6124488120185703
2016-12-01 19:00:00,37.93446717856499,37.42833990814377,0.5061272704212172
2016-12-01 20:00:00,33.9304282837803,36.9539973903639,-3.023569106583601
2016-12-01 21:00:00,32.43063560789699,36.3253096526651,-3.8946740447681094
2016-12-01 22:00:00,37.56574760158646,34.111347189793904,3.4544004117925553
2016-12-01 23:00:00,35.5328061001357,37.38611833817789,-1.8533122380421858
2016-12-02 00:00:00,34.32845832044317,34.63348100643336,-0.30502268599018834
2016-12-02 01:00:00,32.6815292808422,33.18536250724438,-0.503833226402179
2016-12-02 02:00:00,32.45906648213253,30.942580588669546,1.5164858934629812
2016-12-02 03:00:00,26.672099989840596,27.18393777422213,-0.5118377843815338
2016-12-02 04:00:00,23.477309994185738,24.134135655707667,-0.6568256615219283
2016-12-02 05:00:00,24.60087945094794,22.078048869041375,2.5228305819065646
2016-12-02 06:00:00,26.582528565715542,26.349025427779065,0.23350313793647715
2016-12-02 07:00:00,27.53917768584239,27.38910254857962,0.1500751372627711
2016-12-02 08:00:00,26.559754791549334,28.009809681951214,-1.45005489040188
2016-12-02 09:00:00,25.958079064246487,28.12754289177509,-2.1694638275286025
2016-12-02 10:00:00,25.629953677311242,27.2624958413952,-1.632542164083958
2016-12-02 11:00:00,27.706918871001754,27.367312985009512,0.33960588599224195
2016-12-02 12:00:00,30.132438612953496,28.828316002255097,1.3041226106983999
2016-12-02 13:00:00,34.63885102978276,30.63050176248256,4.008349267300197
2016-12-02 14:00:00,31.958451672103344,34.66136012068161,-2.7029084485782633
2016-12-02 15:00:00,31.68176514705746,33.10917704472725,-1.427411897669785
2016-12-02 16:00:00,33.90199777665054,33.43106016497989,0.4709376116706494
2016-12-02 17:00:00,36.29867612832829,35.19607832345842,1.1025978048698661
2016-12-02 18:00:00,34.313803090601,37.10019873565999,-2.786395645058988
2016-12-02 19:00:00,33.352435284554865,35.89486270720778,-2.5424274226529135
2016-12-02 20:00:00,35.81535420317036,34.86567504515846,0.9496791580118966
2016-12-02 21:00:00,33.12440349116306,35.62207888370875,-2.4976753925456947
2016-12-02 22:00:00,34.72033272738751,35.47470133149365,-0.7543686041061406
2016-12-02 23:00:00,34.78276310343495,36.03555746580431,-1.2527943623693574
2016-12-03 00:00:00,35.87954338300963,34.155214494971396,1.7243288880382366
2016-12-03 01:00:00,30.54922674543193,32.872217972978135,-2.322991227546204
2016-12-03 02:00:00,29.589324287994767,28.59070189907396,0.9986223889208077
2016-12-03 03:00:00,24.80848217479021,26.625433686643728,-1.8169515118535173
2016-12-03 04:00:00,20.41602737661428,23.03626800881271,-2.6202406321984277
2016-12-03 05:00:00,19.504193153459468,22.030552723228887,-2.5263595697694186
2016-12-03 06:00:00,24.43803316248225,25.237157100647618,-0.7991239381653692
2016-12-03 07:00:00,25.38084780951449,25.927508330419506,-0.5466605209050179
2016-12-03 08:00:00,24.916753416688255,26.302440989171128,-1.3856875724828726
2016-12-03 09:00:00,26.7331528014487,26.079914130502857,0.6532386709458429
2016-12-03 10:00:00,29.511945915245626,27.161494395257897,2.350451519987729
2016-12-03 11:00:00,34.37242327575813,29.357404064293295,5.0150192114648355
2016-12-03 12:00:00,40.22240622847523,34.01630974415799,6.206096484317243
2016-12-03 13:00:00,40.11307992456555,37.45309385088713,2.659986073678418
2016-12-03 14:00:00,41.196084559746865,36.475908190993664,4.720176368753201
2016-12-03 15:00:00,35.49675484411955,38.38598599579257,-2.889231151673023
2016-12-03 16:00:00,45.15293420915112,36.151663479258474,9.001270729892646
2016-12-03 17:00:00,41.45577078322813,40.56775291465463,0.888017868573499
2016-12-03 18:00:00,36.33472738434445,39.10042009894204,-2.7656927145975914
2016-12-03 19:00:00,34.51486986313668,37.79722541693484,-3.282355553798162
2016-12-03 20:00:00,40.34287052174919,36.46265273549051,3.880217786258683
2016-12-03 21:00:00,42.40336331198668,39.04513323426703,3.3582300777196537
2016-12-03 22:00:00,37.500386620097515,38.90570352218827,-1.4053169020907532
2016-12-03 23:00:00,34.468559836099274,38.0659453794496,-3.5973855433503275
2016-12-04 00:00:00,36.98101343892344,34.497471251800796,2.4835421871226444
2016-12-04 01:00:00,34.317027380666474,32.32251561358029,1.9945117670861805
2016-12-04 02:00:00,30.411469842616043,30.91798358364712,-0.5065137410310783
2016-12-04 03:00:00,26.964379332890694,26.26306393834134,0.7013153945493542
2016-12-04 04:00:00,22.03947853316307,23.318734247258433,-1.2792557140953633
2016-12-04 05:00:00,20.024445185870796,21.996918491668055,-1.9724733057972585
2016-12-04 06:00:00,25.67720129251069,24.96519265724949,0.7120086352612027
2016-12-04 07:00:00,26.01262492590463,26.467751291631977,-0.45512636572734877
2016-12-04 08:00:00,25.343389804149492,27.649697817748528,-2.306308013599036
2016-12-04 09:00:00,25.133324901840968,27.097778414769003,-1.964453512928035
2016-12-04 10:00:00,30.65562207679433,27.8205381099024,2.835083966891929
2016-12-04 11:00:00,37.14221839744688,32.3241485000896,4.818069897357283
2016-12-04 12:00:00,34.129150351699316,36.13240511004126,-2.0032547583419458
2016-12-04 13:00:00,34.00780684008233,35.56072743154864,-1.552920591466311
2016-12-04 14:00:00,36.026973064245496,36.13238455211758,-0.10541148787208243
2016-12-04 15:00:00,36.94701357000576,36.425110295796124,0.5219032742096346
2016-12-04 16:00:00,35.159983014748676,37.355674255844995,-2.19569124109632
2016-12-04 17:00:00,38.70473439979005,35.84893043201796,2.85580396777209
2016-12-04 18:00:00,39.132953747374515,38.70747961681266,0.42547413056185235
2016-12-04 19:00:00,40.01694299711862,39.987483492487605,0.029459504631013544
2016-12-04 20:00:00,40.368956324262285,38.59352264059444,1.775433683667842
2016-12-04 21:00:00,38.408410285256245,39.413987171961026,-1.0055768867047803
2016-12-04 22:00:00,37.46550716573103,39.462314445259366,-1.9968072795283334
2016-12-04 23:00:00,37.911606033223144,39.398660505647285,-1.4870544724241412
2016-12-05 00:00:00,34.38971616062939,36.557283795028,-2.1675676343986083
2016-12-05 01:00:00,34.41550901273006,32.00817670065892,2.4073323120711407
2016-12-05 02:00:00,28.269494987668025,30.614070291324,-2.3445753036559758
2016-12-05 03:00:00,24.175855392072332,24.75579038087381,-0.579934988801476
2016-12-05 04:00:00,24.640741264960177,22.195715082060406,2.4450261828997704
2016-12-05 05:00:00,22.555686528302253,22.785748783763072,-0.23006225546081893
2016-12-05 06:00:00,27.235496863254433,26.341702401680227,0.8937944615742062
2016-12-05 07:00:00,27.68898116482798,28.07651096664282,-0.38752980181484276
2016-12-05 08:00:00,28.048028605821642,28.17669532709036,-0.12866672126871848
2016-12-05 09:00:00,30.015784785899175,28.54806494891804,1.4677198369811357
2016-12-05 10:00:00,30.755862329096868,31.252700171308835,-0.49683784221196703
2016-12-05 11:00:00,29.542721402321387,32.13219219169542,-2.5894707893740296
2016-12-05 12:00:00,29.40291269941303,31.59811385429309,-2.19520115488006
2016-12-05 13:00:00,34.955399001735096,31.101361914833635,3.85403708690146
2016-12-05 14:00:00,39.379743544805436,34.66931420161621,4.710429343189226
2016-12-05 15:00:00,36.76792982578622,36.499794295673176,0.26813553011304236
2016-12-05 16:00:00,31.777608940539082,36.34781470540037,-4.570205764861285
2016-12-05 17:00:00,32.81020022382738,34.66010975839502,-1.8499095345676437
2016-12-05 18:00:00,32.45173905076433,35.31863365125509,-2.8668946004907596
2016-12-05 19:00:00,35.67935619592276,34.70062612201295,0.9787300739098086
2016-12-05 20:00:00,35.71657998780013,35.04727309686501,0.6693068909351183
2016-12-05 21:00:00,38.50190919056831,36.221086119096995,2.2808230714713176
2016-12-05 22:00:00,37.119356517893486,38.699833537627455,-1.5804770197339693
2016-12-05 23:00:00,34.04620280071515,37.79673569782436,-3.75053289710921
2016-12-06 00:00:00,33.45824434798665,34.1711024660227,-0.7128581180360527
2016-12-06 01:00:00,32.18062152040059,31.679318019928182,0.5013035004724102
2016-12-06 02:00:00,32.64313332020938,27.8012822186492,4.841851101560181
2016-12-06 03:00:00,24.065151340170424,25.466652911889945,-1.4015015717195212
2016-12-06 04:00:00,20.66190895434556,23.036316833881443,-2.374407879535884
2016-12-06 05:00:00,20.470572687613753,21.247294362662245,-0.776721675048492
2016-12-06 06:00:00,25.11216308915461,25.63882662401311,-0.5266635348584998
2016-12-06 07:00:00,26.26744608003684,26.60938125220299,-0.3419351721661492
2016-12-06 08:00:00,25.83187029972756,27.645819253406703,-1.8139489536791444
2016-12-06 09:00:00,26.425427115600595,27.715704905410217,-1.2902777898096218
2016-12-06 10:00:00,27.949547065534496,28.406597891536894,-0.45705082600239777
2016-12-06 11:00:00,31.73364398522412,28.768424828055373,2.9652191571687467
2016-12-06 12:00:00,27.747601166432226,32.04006332515421,-4.292462158721982
2016-12-06 13:00:00,26.455528321134995,29.39649899433118,-2.9409706731961833
2016-12-06 14:00:00,28.19622003155094,29.179440726914226,-0.9832206953632863
2016-12-06 15:00:00,29.337551396706534,30.124704061275313,-0.7871526645687794
2016-12-06 16:00:00,34.71124685933326,30.79260356042647,3.9186432989067868
2016-12-06 17:00:00,36.85585973641614,34.506001321704176,2.349858414711967
2016-12-06 18:00:00,41.197842996432925,37.07509163715629,4.122751359276634
2016-12-06 19:00:00,38.93511089779852,39.03775881335899,-0.1026479155604676
2016-12-06 20:00:00,35.19222371276874,38.40842643791056,-3.2162027251418266
2016-12-06 21:00:00,39.19567670672859,36.869034428647694,2.3266422780808966
2016-12-06 22:00:00,38.83662963284071,38.680443010329455,0.1561866225112567
2016-12-06 23:00:00,39.12152280759782,37.71337331730882,1.4081494902889986
2016-12-07 00:00:00,36.203418786330175,35.93965328342189,0.26376550290828504
2016-12-07 01:00:00,32.70996015507774,32.5495944003673,0.16036575471044046
2016-12-07 02:00:00,33.55174325329872,29.460874205024453,4.090869048274264
2016-12-07 03:00:00,25.08853946510777,26.037703757263262,-0.9491642921554906
2016-12-07 04:00:00,21.996334059266342,22.91074316236186,-0.9144091030955188
2016-12-07 05:00:00,20.981885694282816,21.459272253190196,-0.47738655890738
2016-12-07 06:00:00,25.913293260407514,25.393031316140124,0.5202619442673893
2016-12-07 07:00:00,27.866482499582958,26.88075557305982,0.9857269265231388
2016-12-07 08:00:00,27.40159662669511,27.74341450856456,-0.3418178818694493
2016-12-07 09:00:00,27.313666532512297,28.20033354359195,-0.886667011079652
2016-12-07 10:00:00,30.648587779391438,28.452320136332347,2.196267643059091
2016-12-07 11:00:00,31.225701560273848,30.369651263020124,0.8560502972537236
2016-12-07 12:00:00,33.01126662925729,30.951137457294863,2.06012917196243
2016-12-07 13:00:00,28.96806953891597,31.95656988787522,-2.988500348959249
2016-12-07 14:00:00,28.860560463109405,29.800879593881746,-0.9403191307723411
2016-12-07 15:00:00,30.638036057957766,30.77696834170467,-0.1389322837469038
2016-12-07 16:00:00,34.54271446944161,32.11895178752925,2.4237626819123648
2016-12-07 17:00:00,37.270888973326294,35.206778722732984,2.064110250593309
2016-12-07 18:00:00,31.728954208885007,37.43029291089321,-5.701338702008201
2016-12-07 19:00:00,34.45712926342836,34.38461375739359,0.07251550603476886
2016-12-07 20:00:00,40.50407548027264,35.88814981091525,4.615925669357388
2016-12-07 21:00:00,37.8562097710257,38.52732098686938,-0.6711112158436734
2016-12-07 22:00:00,35.900646825876976,37.96189144875184,-2.0612446228748666
2016-12-07 23:00:00,33.49957128116675,37.38108752056918,-3.88151623940243
2016-12-08 00:00:00,31.226580962169766,34.91327434769512,-3.6866933855253556
2016-12-08 01:00:00,30.155886576884615,30.66682430967011,-0.5109377327854929
2016-12-08 02:00:00,31.82245311419707,28.102138437589623,3.7203146766074475
2016-12-08 03:00:00,23.00345535998745,25.505922217173314,-2.5024668571858655
2016-12-08 04:00:00,20.84591705549761,21.5988825813127,-0.7529655258150925
2016-12-08 05:00:00,20.463245256245553,20.626414230691843,-0.16316897444628964
2016-12-08 06:00:00,25.902712537617226,25.491051863344076,0.41166067427315056
2016-12-08 07:00:00,28.17259613217477,27.191662414044252,0.9809337181305189
2016-12-08 08:00:00,28.118079547202584,28.370854132499687,-0.2527745852971037
2016-12-08 09:00:00,27.70935158922917,28.739956899080166,-1.0306053098509977
2016-12-08 10:00:00,27.886852923984144,28.885145112727923,-0.998292188743779
2016-12-08 11:00:00,28.498259570084873,29.320547194643,-0.822287624558129
2016-12-08 12:00:00,29.88652766675982,29.42815691192554,0.4583707548342808
2016-12-08 13:00:00,32.76213176010392,29.945761469228174,2.8163702908757458
2016-12-08 14:00:00,32.548754829448505,32.95734246123753,-0.40858763178902535
2016-12-08 15:00:00,28.948490459779745,32.6037927964047,-3.6553023366249526
2016-12-08 16:00:00,34.04268556023726,30.912973691067872,3.1297118691693875
2016-12-08 17:00:00,37.88083008726516,35.21248354655371,2.668346540711447
2016-12-08 18:00:00,40.6007983085444,37.57691349099002,3.023884817554375
2016-12-08 19:00:00,34.97650244460244,38.16260433131564,-3.186101886713203
2016-12-08 20:00:00,34.64617846115095,35.729404461117596,-1.0832259999666434
2016-12-08 21:00:00,34.59723077908446,36.610945115309306,-2.0137143362248437
2016-12-08 22:00:00,35.943732562848915,36.783799808654315,-0.8400672458054004
2016-12-08 23:00:00,36.10845439474447,36.10356821681307,0.0048861779313966736
2016-12-09 00:00:00,33.20647145669842,34.652468084479175,-1.445996627780758
2016-12-09 01:00:00,35.09315617988032,31.860419377514432,3.232736802365885
2016-12-09 02:00:00,30.240592472778395,30.895821224157455,-0.6552287513790596
2016-12-09 03:00:00,25.505386242734556,25.52708586538857,-0.02169962265401537
2016-12-09 04:00:00,22.70874320693349,22.999417196407784,-0.2906739894742927
2016-12-09 05:00:00,21.902718414316247,21.493916025645945,0.4088023886703027
2016-12-09 06:00:00,27.246077769597612,26.533956249309067,0.7121215202885445
2016-12-09 07:00:00,27.632823158137104,27.957128258773096,-0.3243051006359927
2016-12-09 08:00:00,26.301650977532635,28.191095234862562,-1.8894442573299273
2016-12-09 09:00:00,27.679220923455922,28.214822107410015,-0.5356011839540926
2016-12-09 10:00:00,29.4767738775725,28.56587421395705,0.9108996636154529
2016-12-09 11:00:00,34.34311318317957,30.319658797903838,4.0234543852757305
2016-12-09 12:00:00,32.61792673603931,34.69317424178534,-2.0752475057460344
2016-12-09 13:00:00,36.837687266096076,33.51093871164351,3.326748554452564
2016-12-09 14:00:00,40.67084943347823,35.727582882237385,4.943266551240846
2016-12-09 15:00:00,40.69048665586037,37.66477438573331,3.025712270127059
2016-12-09 16:00:00,36.93147912182056,39.267694050219944,-2.336214928399386
2016-12-09 17:00:00,42.94237444975447,37.630887585395854,5.3114868643586135
2016-12-09 18:00:00,40.1418037492135,39.7079603410799,0.43384340813360467
2016-12-09 19:00:00,41.903628087406304,38.566200425814415,3.3374276615918888
2016-12-09 20:00:00,40.16290645786928,38.83668616713083,1.3262202907384548
2016-12-09 21:00:00,41.29925523393801,38.557960369477215,2.741294864460798
2016-12-09 22:00:00,40.861364117474466,40.15518181804716,0.7061822994273044
2016-12-09 23:00:00,35.21918910073064,39.50786052516865,-4.288671424438014
2016-12-10 00:00:00,34.3293375387862,35.6054071418172,-1.2760696030310044
2016-12-10 01:00:00,38.73404412526284,33.06677228897716,5.667271836285678
2016-12-10 02:00:00,32.05458841599738,31.26015884299337,0.7944295730040096
2016-12-10 03:00:00,26.360270979136878,27.01945272555465,-0.6591817464177723
2016-12-10 04:00:00,22.068788992847416,23.565657671193264,-1.496868678345848
2016-12-10 05:00:00,20.50152411013456,21.978567607938924,-1.4770434978043632
2016-12-10 06:00:00,25.639743287145695,25.864985810821292,-0.22524252367559683
2016-12-10 07:00:00,29.25217137988017,27.096026953092768,2.156144426787403
2016-12-10 08:00:00,31.034307290828803,29.11546303442038,1.9188442564084234
2016-12-10 09:00:00,29.075490687152204,30.783433258042827,-1.7079425708906228
2016-12-10 10:00:00,30.63070862658957,31.77409426980165,-1.1433856432120812
2016-12-10 11:00:00,33.99227239189713,32.48512732145259,1.507145070444544
2016-12-10 12:00:00,35.06120806516689,35.2281831923399,-0.16697512717301066
2016-12-10 13:00:00,39.995253653426445,35.784294117338675,4.2109595360877705
2016-12-10 14:00:00,39.018058448782696,38.454760326823674,0.5632981219590221
2016-12-10 15:00:00,41.52816697988441,37.018509623289546,4.5096573565948646
2016-12-10 16:00:00,42.39369080889603,39.15760857155729,3.236082237338742
2016-12-10 17:00:00,45.89945996537398,38.688544300681826,7.210915664692152
2016-12-10 18:00:00,38.04115619455136,40.49579504229964,-2.454638847748278
2016-12-10 19:00:00,40.53162676905937,39.50851984714948,1.0231069219098927
2016-12-10 20:00:00,38.15839583065407,39.009162741522466,-0.8507669108683942
2016-12-10 21:00:00,39.8267212635348,38.63408489243487,1.1926363710999297
2016-12-10 22:00:00,34.85457266505484,40.65474964239188,-5.800176977337038
2016-12-10 23:00:00,38.42365104881747,36.799647030964046,1.624004017853423
2016-12-11 00:00:00,35.54980603459454,36.16310983747793,-0.6133038028833937
2016-12-11 01:00:00,34.63152359841456,32.615435189110656,2.0160884093039044
2016-12-11 02:00:00,32.31749911309701,30.628622547994894,1.6888765651021131
2016-12-11 03:00:00,27.303877106230736,26.63996116367447,0.6639159425562653
2016-12-11 04:00:00,26.022385167276685,23.538730829338263,2.4836543379384217
2016-12-11 05:00:00,22.236529902677447,23.79458410137086,-1.5580541986934122
2016-12-11 06:00:00,26.066350306144535,26.822218720914737,-0.7558684147702017
2016-12-11 07:00:00,27.617347538653142,27.819992957819146,-0.20264541916600365
2016-12-11 08:00:00,27.468364724638672,28.722249505895103,-1.2538847812564313
2016-12-11 09:00:00,29.406136805925616,29.05539702035692,0.35073978556869534
2016-12-11 10:00:00,31.64014507991206,30.971125999908434,0.6690190800036255
2016-12-11 11:00:00,35.02545012666893,33.727635379867195,1.297814746801734
2016-12-11 12:00:00,39.84196202709603,35.25666105611528,4.585300970980754
2016-12-11 13:00:00,36.704326546771775,37.59788918104593,-0.8935626342741543
2016-12-11 14:00:00,41.57857941401298,37.2844036055101,4.294175808502878
2016-12-11 15:00:00,36.47131202662844,38.72409629283722,-2.252784266208778
2016-12-11 16:00:00,37.64547122961093,37.01795088829243,0.6275203413185011
2016-12-11 17:00:00,37.94736360461532,37.57267782450073,0.3746857801145893
2016-12-11 18:00:00,44.662871487661384,37.67700928716814,6.985862200493244
2016-12-11 19:00:00,49.37181515375907,41.16885558983495,8.202959563924125
2016-12-11 20:00:00,41.5428218426208,40.1622610859081,1.380560756712704
2016-12-11 21:00:00,42.46462151927868,40.60074911636988,1.8638724029087967
2016-12-11 22:00:00,39.98704663660944,40.0971394573877,-0.11009282077825588
2016-12-11 23:00:00,38.70473439979005,40.60781883948054,-1.9030844396904882
2016-12-12 00:00:00,38.847180987168606,37.37210958161424,1.4750714055543668
2016-12-12 01:00:00,35.862543448550795,33.3991406845173,2.4634027640334963
2016-12-12 02:00:00,31.020531646435437,32.473220612585045,-1.4526889661496085
2016-12-12 03:00:00,26.214541548320945,26.20609169103049,0.008449857290454332
2016-12-12 04:00:00,22.302477519202778,24.652795183245487,-2.3503176640427093
2016-12-12 05:00:00,23.29168993155384,22.79867017300645,0.49301975854739055
2016-12-12 06:00:00,27.990229360964964,27.410045199115334,0.5801841618496297
2016-12-12 07:00:00,29.4882048173492,28.94998867009205,0.538216147257149
2016-12-12 08:00:00,28.985157270450507,29.560477895904523,-0.5753206254540153
2016-12-12 09:00:00,30.411469842616043,30.297519015419642,0.11395082719640115
2016-12-12 10:00:00,29.98647478509705,31.600074749816798,-1.6135999647197465
2016-12-12 11:00:00,30.620450039121206,32.15647880878088,-1.5360287696596764
2016-12-12 12:00:00,31.254425384921802,32.27801211408612,-1.0235867291643146
2016-12-12 13:00:00,31.8884007307224,32.598618807541804,-0.7102180768194053
2016-12-12 14:00:00,32.522376076522995,32.696319238505616,-0.1739431619826206
2016-12-12 15:00:00,33.156351238770704,32.18166997450819,0.9746812642625144
2016-12-12 16:00:00,33.790326768124196,35.00921303802087,-1.2188862698966716
2016-12-12 17:00:00,34.4243019303719,35.42293501124855,-0.998633080876651
2016-12-12 18:00:00,35.058277092619605,36.510955779807375,-1.4526786871877704
2016-12-12 19:00:00,35.24351646655768,37.72999660123742,-2.486480134679738
2016-12-12 20:00:00,35.44897969791428,36.24061981764919,-0.7916401197349074
2016-12-12 21:00:00,40.69546974971768,36.41042753302045,4.285042216697228
2016-12-12 22:00:00,38.596580631741595,38.67456564679213,-0.07798501505053679
2016-12-12 23:00:00,40.725365376015304,38.18636194897216,2.5390034270431414
2016-12-13 00:00:00,35.23618903518948,36.53666199494398,-1.3004729597544937
2016-12-13 01:00:00,34.91319285021197,32.718954613792775,2.1942382364191957
2016-12-13 02:00:00,30.176403568268455,30.78738276557663,-0.6109791973081755
2016-12-13 03:00:00,26.57112699440124,25.478821367178604,1.0923056272226361
2016-12-13 04:00:00,23.71829695055268,23.407634785570593,0.3106621649820873
2016-12-13 05:00:00,23.419510657552618,22.934529781375005,0.48498087617761243
2016-12-13 06:00:00,26.2813098298174,26.740460776210558,-0.4591509463931587
2016-12-13 07:00:00,28.886617046296823,27.556104199145235,1.3305128471515886
2016-12-13 08:00:00,29.22693545019182,29.034636663653085,0.19229878653873556
2016-12-13 09:00:00,31.97633064135232,29.191184268734627,2.7851463726176924
2016-12-13 10:00:00,30.78106891326693,30.626677070913942,0.15439184235298953
2016-12-13 11:00:00,31.820108409580403,30.869634284001982,0.9504741255784204
2016-12-13 12:00:00,31.121651117081004,32.02532219255952,-0.9036710754785169
2016-12-13 13:00:00,28.008958455423908,31.66430504550343,-3.655346590079521
2016-12-13 14:00:00,28.648912944839317,30.493315158495857,-1.8444022136565401
2016-12-13 15:00:00,30.584105649139747,30.617068627781904,-0.032962978642157026
2016-12-13 16:00:00,33.3799865733416,32.51950567642941,0.8604808969121862
2016-12-13 17:00:00,34.67695404000316,34.65198864433054,0.02496539567262346
2016-12-13 18:00:00,33.92398007075513,36.24247149920336,-2.318491428448233
2016-12-13 19:00:00,35.27370577747927,36.16067372352205,-0.8869679460427804
2016-12-13 20:00:00,32.78645912593096,35.492467782821066,-2.7060086568901056
2016-12-13 21:00:00,34.37828522085269,35.56913121706371,-1.1908459962110243
2016-12-13 22:00:00,35.21010323267639,36.81205300369235,-1.6019497710159598
2016-12-13 23:00:00,36.56334544566686,36.827493472797876,-0.2641480271310144
2016-12-14 00:00:00,33.93101455171091,36.448776871219216,-2.517762319508307
2016-12-14 01:00:00,30.851119854647877,32.70667492545279,-1.855555070804911
2016-12-14 02:00:00,29.085280228154325,28.669866700324878,0.41541352782944685
2016-12-14 03:00:00,24.94037740784087,25.64542351487917,-0.7050461070382994
2016-12-14 04:00:00,24.10665448412491,23.324042963942578,0.782611520182332
2016-12-14 05:00:00,23.304703464347988,22.655280857984934,0.6494226063630535
2016-12-14 06:00:00,27.458575298357108,27.04358901282321,0.41498628553389594
2016-12-14 07:00:00,30.070301370871363,28.015853160853965,2.054448210017398
2016-12-14 08:00:00,37.77003829708184,29.6203316482588,8.149706648823038
2016-12-14 09:00:00,37.55842017021826,33.83499216126734,3.7234280089509255
2016-12-14 10:00:00,33.72760307455856,33.96212236129399,-0.2345192867354342
2016-12-14 11:00:00,30.173765729686483,32.97710817064266,-2.8033424409561754
2016-12-14 12:00:00,30.04597409682077,30.59682623152148,-0.5508521347007083
2016-12-14 13:00:00,32.92802649496648,30.217930206992857,2.7100962879736237
2016-12-14 14:00:00,33.27593594659586,32.50591321782025,0.7700227287756078
2016-12-14 15:00:00,36.534035720194076,32.52959851563812,4.0044372045559555
2016-12-14 16:00:00,37.207579378935826,35.06573044127033,2.1418489376654932
2016-12-14 17:00:00,38.813767753287316,34.97456302476686,3.839204728520457
2016-12-14 18:00:00,38.861835849905,35.467762298040654,3.394073551864345
2016-12-14 19:00:00,35.046553202430495,35.5945224554411,-0.5479692530106064
2016-12-14 20:00:00,32.742494170616,34.35754227586128,-1.615048105245279
2016-12-14 21:00:00,35.59552979370134,34.797378685852884,0.7981511078484544
2016-12-14 22:00:00,40.47711009231074,35.11474310105988,5.362366991250859
2016-12-14 23:00:00,40.728003398150165,37.822631339543435,2.90537205860673
2016-12-15 00:00:00,44.36302976554391,36.63561535793483,7.727414407609075
2016-12-15 01:00:00,41.33208256699447,35.489183654513454,5.842898912481019
2016-12-15 02:00:00,30.55391633821815,32.76043573140046,-2.2065193931823117
2016-12-15 03:00:00,26.378179316848254,25.793153488643046,0.5850258282052074
2016-12-15 04:00:00,25.050289612575384,25.03891300445412,0.011376608121263843
2016-12-15 05:00:00,24.653784166216724,24.48256566333304,0.1712185028836828
2016-12-15 06:00:00,27.6898018297991,27.219559883581496,0.4702419462176053
2016-12-15 07:00:00,28.56502771391666,29.205499914258272,-0.6404722003416126
2016-12-15 08:00:00,29.81559750703585,30.199003701400734,-0.3834061943648841
2016-12-15 09:00:00,30.278109306844634,30.531791607070936,-0.253682300226302
2016-12-15 10:00:00,28.423372514823278,31.548479133759386,-3.1251066189361083
2016-12-15 11:00:00,32.52266902693541,30.472139487566306,2.050529539369105
2016-12-15 12:00:00,33.637328459311966,33.042816067093675,0.5945123922182916
2016-12-15 13:00:00,38.483150819423415,34.981546478019226,3.501604341404189
2016-12-15 14:00:00,39.278624257712764,37.82215630466415,1.456467953048616
2016-12-15 15:00:00,39.9445475346739,37.97088480614954,1.97366272852436
2016-12-15 16:00:00,42.473414436920514,38.114523018889884,4.35889141803063
2016-12-15 17:00:00,43.174508650237435,38.34956249451553,4.8249461557219036
2016-12-15 18:00:00,40.53485069201906,39.737291358687926,0.7975593333311366
2016-12-15 19:00:00,43.69564173652069,38.26007532116698,5.435566415353712
2016-12-15 20:00:00,41.07620616729774,38.69673957011387,2.379466597183871
2016-12-15 21:00:00,33.513640243078314,39.47100090222501,-5.957360659146694
2016-12-15 22:00:00,35.45366910714762,36.56710240621907,-1.1134332990714526
2016-12-15 23:00:00,36.130143738436644,36.83467332764253,-0.7045295892058832
2016-12-16 00:00:00,34.194218382775844,35.19693661677199,-1.0027182339961485
2016-12-16 01:00:00,31.0076352203851,33.23309213233293,-2.225456911947827
2016-12-16 02:00:00,33.46146827094635,29.610483714493554,3.8509845564527936
2016-12-16 03:00:00,29.68135770703319,27.60856554240826,2.0727921646249285
2016-12-16 04:00:00,23.915347952961277,26.165480247015555,-2.2501322940542785
2016-12-16 05:00:00,22.48320296047034,23.59379192395859,-1.1105889634882509
2016-12-16 06:00:00,27.684115636596704,26.704493954523798,0.9796216820729065
2016-12-16 07:00:00,28.798716354992578,28.571087942020622,0.22762841297195635
2016-12-16 08:00:00,32.56341005929068,29.85931081133864,2.7040992479520405
2016-12-16 09:00:00,31.057169170382203,31.87978641004252,-0.8226172396603175
2016-12-16 10:00:00,35.658252753055415,32.40878620608475,3.249466546970666
2016-12-16 11:00:00,36.53081179723438,35.179455039529834,1.3513567577045436
2016-12-16 12:00:00,50.00110200809079,36.76296288458323,13.238139123507558
2016-12-16 13:00:00,43.33981785138094,38.355694629464146,4.984123221916796
2016-12-16 14:00:00,38.931007389390025,38.17100004050355,0.7600073488864751
2016-12-16 15:00:00,38.08834470572023,37.678821321298074,0.4095233844221582
2016-12-16 16:00:00,40.70748659031921,37.89810975632834,2.809376833990875
2016-12-16 17:00:00,39.584620141125654,38.5285742860022,1.0560458551234575
2016-12-16 18:00:00,40.98358684743448,38.247106208172205,2.7364806392622754
2016-12-16 19:00:00,36.856445637240974,39.52526941546638,-2.668823778225409
2016-12-16 20:00:00,34.57847240793957,37.71696728289473,-3.138494874955157
2016-12-16 21:00:00,34.25107976414114,36.94756936815663,-2.6964896040154898
2016-12-16 22:00:00,36.14655777207065,36.94214721578648,-0.7955894437158264
2016-12-16 23:00:00,32.9664224555993,37.870586367580884,-4.904163911981584
2016-12-17 00:00:00,29.07229589747777,33.19475233888444,-4.122456441406673
2016-12-17 01:00:00,35.07263900494358,28.142632683084305,6.930006321859278
2016-12-17 02:00:00,30.56124395313924,32.649993425919675,-2.088749472780435
2016-12-17 03:00:00,24.91596193662664,27.7241487054553,-2.8081867688286586
2016-12-17 04:00:00,21.36373664501086,23.95044987343043,-2.586713228419569
2016-12-17 05:00:00,20.91429711492102,22.49011482809561,-1.5758177131745903
2016-12-17 06:00:00,25.7805779130444,26.431363583168483,-0.6507856701240833
2016-12-17 07:00:00,27.548967295676842,27.92145273552274,-0.37248543984589944
2016-12-17 08:00:00,32.7351667392478,28.542715483492323,4.192451255755479
2016-12-17 09:00:00,28.2173818442373,32.35413480151487,-4.136752957277569
2016-12-17 10:00:00,27.120718854959314,31.673517381498883,-4.5527985265395685
2016-12-17 11:00:00,31.48304344624422,30.41526938743873,1.0677740588054903
2016-12-17 12:00:00,32.415980745160596,33.961378237877994,-1.5453974927173988
2016-12-17 13:00:00,28.056176793937407,33.68881284231805,-5.632636048380643
2016-12-17 14:00:00,32.03172653644398,30.622260788380906,1.4094657480630772
2016-12-17 15:00:00,35.92497419170402,33.033383284077345,2.8915909076266715
2016-12-17 16:00:00,33.82549843869154,37.028541890044565,-3.2030434513530253
2016-12-17 17:00:00,27.28596858496647,35.766007110015266,-8.480038525048798
2016-12-17 18:00:00,29.669926813144713,32.11974510311976,-2.449818289975049
2016-12-17 19:00:00,29.25867819216547,33.19930371634451,-3.9406255241790404
2016-12-17 20:00:00,24.613072502323856,31.728920985811918,-7.115848483488062
2016-12-17 21:00:00,22.552433236880162,26.92605899604855,-4.373625759168387
2016-12-17 22:00:00,21.532269034902505,27.52366150116974,-5.991392466267236
2016-12-17 23:00:00,25.187870947051998,25.422024596430578,-0.2341536493785803
2016-12-18 00:00:00,21.677998282165547,25.2536871397081,-3.575688857542552
2016-12-18 01:00:00,20.482795107452063,24.73110215006506,-4.248307042612996
2016-12-18 02:00:00,20.730318382231367,23.56510774673487,-2.8347893645035036
2016-12-18 03:00:00,19.658862160676335,22.46712592994234,-2.8082637692660057
2016-12-18 04:00:00,19.63605828383617,19.790128908631686,-0.1540706247955157
2016-12-18 05:00:00,22.584175405251028,20.754051036694854,1.8301243685561737
2016-12-18 06:00:00,25.374311858207907,26.14962182797953,-0.775309969771623
2016-12-18 07:00:00,25.927127641725676,26.731180709198703,-0.8040530674730277
2016-12-18 08:00:00,25.46795723872618,27.550399558877395,-2.082442320151216
2016-12-18 09:00:00,26.92448833396895,27.561424204332113,-0.636935870363164
2016-12-18 10:00:00,26.463676601027203,27.92734175466857,-1.4636651536413687
2016-12-18 11:00:00,26.387968926682706,28.685115700822042,-2.2971467741393354
2016-12-18 12:00:00,31.054824282212646,29.030169086691338,2.0246551955213086
2016-12-18 13:00:00,26.75513527910618,30.484109246851556,-3.7289739677453753
2016-12-18 14:00:00,26.00690963956917,27.87698447818344,-1.870074838614272
2016-12-18 15:00:00,25.72603186783337,27.45160395959548,-1.7255720917621105
2016-12-18 16:00:00,26.38064131176162,27.224762506695228,-0.8441211949336065
2016-12-18 17:00:00,29.672271609537823,27.09915102328031,2.573120586257513
2016-12-18 18:00:00,28.41847770990605,28.763264215609336,-0.3447865057032864
2016-12-18 19:00:00,25.533084006727496,28.853312819888075,-3.320228813160579
2016-12-18 20:00:00,26.505179561428797,24.556986815471635,1.9481927459571615
2016-12-18 21:00:00,21.844098229159115,26.222661744620986,-4.37856351546187
2016-12-18 22:00:00,25.122744179050677,24.739024659902586,0.3837195191480909
2016-12-18 23:00:00,25.180543515683798,25.285295681575057,-0.10475216589125935
2016-12-19 00:00:00,22.749454503720578,24.66198971461061,-1.9125352108900309
2016-12-19 01:00:00,24.385919927275076,22.04785515285042,2.338064774424655
2016-12-19 02:00:00,22.08833810984237,22.539594079331497,-0.4512559694891287
2016-12-19 03:00:00,19.336451509417877,21.437795096638844,-2.101343587220967
2016-12-19 04:00:00,20.07327612829926,20.56630800133739,-0.4930318730381309
2016-12-19 05:00:00,20.9094314949133,21.609406035601317,-0.699974540688018
2016-12-19 06:00:00,25.34500176562934,25.492045251584674,-0.1470434859553329
2016-12-19 07:00:00,27.74598911317593,26.529181304429002,1.2168078087469283
2016-12-19 08:00:00,25.73418014772558,27.432745001466877,-1.6985648537412956
2016-12-19 09:00:00,25.450019716105295,27.07121537474195,-1.6211956586366547
2016-12-19 10:00:00,25.07634641373186,27.21634183431428,-2.139995420582423
2016-12-19 11:00:00,26.21618287826319,26.97682807344236,-0.7606451951791691
2016-12-19 12:00:00,25.598210774728813,27.849935298327264,-2.251724523598451
2016-12-19 13:00:00,25.32301947152475,26.21669444016758,-0.8936749686428307
2016-12-19 14:00:00,25.462241768837828,26.760873142447107,-1.298631373609279
2016-12-19 15:00:00,25.077958375211704,26.405373044605295,-1.3274146693935904
2016-12-19 16:00:00,25.820498096875653,26.455065217193564,-0.6345671203179108
2016-12-19 17:00:00,26.523117267602572,26.60376435021656,-0.08064708261398934
2016-12-19 18:00:00,25.86525416514645,27.008448546247166,-1.1431943811007166
2016-12-19 19:00:00,25.086927136522146,26.26765422901408,-1.180727092491935
2016-12-19 20:00:00,21.08203802475105,25.239164067946714,-4.157126043195664
2016-12-19 21:00:00,23.26888642181946,24.693114043953788,-1.4242276221343282
2016-12-19 22:00:00,24.64156174637841,26.20248707937697,-1.5609253329985577
2016-12-19 23:00:00,21.603931754210407,24.961250308278395,-3.3573185540679873
2016-12-20 00:00:00,19.724809042990106,23.027196090778094,-3.302387047787988
2016-12-20 01:00:00,19.338093206465903,21.999724648250144,-2.661631441784241
2016-12-20 02:00:00,19.463451753998424,20.15844540346381,-0.6949936494653848
2016-12-20 03:00:00,19.715870017247845,20.062039020374385,-0.34616900312654053
2016-12-20 04:00:00,20.006537031712313,20.060374562768,-0.053837531055688004
2016-12-20 05:00:00,19.502551456411446,20.877914729491337,-1.3753632730798913
2016-12-20 06:00:00,24.89641245252591,24.905110656876516,-0.008698204350604755
2016-12-20 07:00:00,26.113597921343985,26.34334520004559,-0.2297472787016055
2016-12-20 08:00:00,26.400982459476857,25.975880390623004,0.42510206885385315
2016-12-20 09:00:00,24.84916447022068,26.30254194326062,-1.453377473039943
2016-12-20 10:00:00,24.688780360221244,25.120869002726593,-0.43208864250534873
2016-12-20 11:00:00,25.97191344556465,25.972916562108416,-0.0010031165437673906
2016-12-20 12:00:00,26.880523378653987,25.885730591341606,0.994792787312381
2016-12-20 13:00:00,23.923466864391088,26.046575051989123,-2.123108187598035
2016-12-20 14:00:00,24.109116295485386,25.486936240444834,-1.3778199449594482
2016-12-20 15:00:00,24.19783768617692,24.740911583611634,-0.5430738974347129
2016-12-20 16:00:00,24.315898537909423,25.640846807120283,-1.3249482692108607
2016-12-20 17:00:00,25.748014161937963,26.20343145899594,-0.45541729705797707
2016-12-20 18:00:00,25.39550303935666,26.430887079866082,-1.0353840405094203
2016-12-20 19:00:00,23.955209399867737,25.982805106950572,-2.0275957070828348
2016-12-20 20:00:00,21.831084329259184,23.31964907486212,-1.488564745602936
2016-12-20 21:00:00,19.23794087599767,25.213647646498355,-5.975706770500686
2016-12-20 22:00:00,22.097307238258587,23.496794500563414,-1.3994872623048273
2016-12-20 23:00:00,21.542029643380342,24.483989299547765,-2.9419596561674233
2016-12-21 00:00:00,19.72155575156801,22.458000414463854,-2.736444662895842
2016-12-21 01:00:00,22.63139401909386,20.31232146219594,2.319072556897922
2016-12-21 02:00:00,20.118061565032452,20.966905575825372,-0.84884401079292
2016-12-21 03:00:00,18.473448228691524,20.148980682244627,-1.675532453553103
2016-12-21 04:00:00,18.434348526278505,19.00531475376954,-0.5709662274910343
2016-12-21 05:00:00,18.369221758277185,19.465042790448813,-1.095821032171628
2016-12-21 06:00:00,24.185615633444385,24.067557351452347,0.11805828199203816
2016-12-21 07:00:00,26.557292796635966,25.810796959534173,0.7464958371017936
2016-12-21 08:00:00,24.8882641726337,26.137172169663415,-1.2489079970297148
2016-12-21 09:00:00,24.66111159758492,25.036533057682576,-0.3754214600976553
2016-12-21 10:00:00,24.417662829857505,24.636199799356174,-0.2185369694986683
2016-12-21 11:00:00,24.89884489542399,25.50547251259285,-0.6066276171688578
2016-12-21 12:00:00,25.393040860890405,25.871808471742032,-0.47876761085162656
2016-12-21 13:00:00,29.550342013543112,25.186841215339182,4.36350079820393
2016-12-21 14:00:00,25.658472289828193,27.028980588967986,-1.370508299139793
2016-12-21 15:00:00,25.09100127646825,25.561489550664216,-0.47048827419596506
2016-12-21 16:00:00,25.272547566259824,24.97185379162704,0.3006937746327836
2016-12-21 17:00:00,26.006118159507555,25.849663916882694,0.15645424262486074
2016-12-21 18:00:00,26.427859742051563,26.34216495496299,0.08569478708857403
2016-12-21 19:00:00,23.698776467808568,25.399166387934983,-1.7003899201264154
2016-12-21 20:00:00,20.8149656329768,21.99501614951625,-1.180050516539449
2016-12-21 21:00:00,20.05211394850712,22.17396553302032,-2.121851584513198
2016-12-21 22:00:00,20.02198337451032,23.113809560081044,-3.0918261855707243
2016-12-21 23:00:00,19.759013756933008,22.24332282803001,-2.4843090710970017
2016-12-22 00:00:00,19.266430487158004,20.65256097276441,-1.3861304856064045
2016-12-22 01:00:00,18.99534195815088,21.115600303579008,-2.1202583454281267
2016-12-22 02:00:00,19.38041683183862,20.152981401034737,-0.7725645691961169
2016-12-22 03:00:00,18.976583587005983,20.444037547625975,-1.4674539606199914
2016-12-22 04:00:00,18.913098516052692,19.99892178941262,-1.085823273359928
2016-12-22 05:00:00,19.90881714414216,19.99951062708369,-0.09069348294153201
2016-12-22 06:00:00,23.70446256923452,24.80557249437817,-1.1011099251436498
2016-12-22 07:00:00,25.45248152746577,26.655686873971035,-1.2032053465052641
2016-12-22 08:00:00,24.64971002627062,26.136997243759257,-1.487287217488639
2016-12-22 09:00:00,25.712197486515212,25.02881832971651,0.6833791567987006
2016-12-22 10:00:00,24.73438664547845,25.600676257147093,-0.8662896116686447
2016-12-22 11:00:00,25.110521759212364,25.212531277821466,-0.10200951860910124
2016-12-22 12:00:00,24.122129828279533,25.71436781588639,-1.5922379876068575
2016-12-22 13:00:00,23.539183470764964,25.838830625315786,-2.299647154550822
2016-12-22 14:00:00,23.42033150607663,25.52571729504084,-2.105385788964213
2016-12-22 15:00:00,23.897410063234613,24.813166811648404,-0.9157567484137914
2016-12-22 16:00:00,24.151439920858103,25.37295687077404,-1.2215169499159373
2016-12-22 17:00:00,25.0437830297312,26.189254751537955,-1.1454717218067572
2016-12-22 18:00:00,26.759209235499394,25.848202101666853,0.9110071338325412
2016-12-22 19:00:00,23.424376277560338,24.72087605145822,-1.2964997738978816
2016-12-22 20:00:00,20.55038442102542,21.94853615250272,-1.3981517314772987
2016-12-22 21:00:00,20.54713039539177,23.22977056675212,-2.682640171360351
2016-12-22 22:00:00,20.3020696661845,24.511919808605203,-4.209850142420702
2016-12-22 23:00:00,19.2737579185262,23.988514337543933,-4.714756419017732
2016-12-23 00:00:00,20.024445185870796,23.383381575111112,-3.3589363892403163
2016-12-23 01:00:00,20.320798668867,21.993016891438536,-1.6722182225715372
2016-12-23 02:00:00,19.255849030156156,20.166045227320744,-0.9101961971645878
2016-12-23 03:00:00,18.597195181849976,19.795318315937344,-1.1981231340873677
2016-12-23 04:00:00,18.449003389014898,19.317928820183724,-0.8689254311688259
2016-12-23 05:00:00,18.706286538060475,19.47065950888235,-0.7643729708218743
2016-12-23 06:00:00,24.151439920858103,23.972430699111897,0.17900922174620604
2016-12-23 07:00:00,24.521888933166064,25.59097365138249,-1.069084718216427
2016-12-23 08:00:00,24.366370076068566,24.937674775088734,-0.5713046990201676
2016-12-23 09:00:00,25.602284914674918,25.609718806719307,-0.0074338920443892675
2016-12-23 10:00:00,27.811936546148374,25.527011710021014,2.2849248361273595
2016-12-23 11:00:00,25.48179162004434,27.24295351585718,-1.7611618958128403
2016-12-23 12:00:00,24.18318282344053,26.107159803727765,-1.923976980287236
2016-12-23 13:00:00,24.12620396822564,25.607395761343657,-1.4811917931180183
2016-12-23 14:00:00,23.925108194333333,25.85686432965102,-1.9317561353176878
2016-12-23 15:00:00,23.861593387811862,26.38000419968048,-2.5184108118686197
2016-12-23 16:00:00,24.543871594376434,26.42059545287752,-1.8767238585010872
2016-12-23 17:00:00,25.78629301582697,26.14600161433036,-0.35970859850338854
2016-12-23 18:00:00,25.47607615015599,26.411223242314893,-0.9351470921589033
2016-12-23 19:00:00,23.171987749879094,25.06766950151649,-1.8956817516373974
2016-12-23 20:00:00,19.693886988931695,23.17688604230123,-3.482999053369536
2016-12-23 21:00:00,19.311215923891197,22.9399346797735,-3.6287187558823035
2016-12-23 22:00:00,19.801337382305725,23.797076015405295,-3.9957386330995703
2016-12-23 23:00:00,19.313648366789273,21.91741953238092,-2.6037711655916453
2016-12-24 00:00:00,19.209451264837334,20.729772128830774,-1.5203208639934402
2016-12-24 01:00:00,19.500910493574978,21.20706764550472,-1.706157151929741
2016-12-24 02:00:00,19.154905953837865,20.111252487025574,-0.956346533187709
2016-12-24 03:00:00,18.878893067898225,20.02271171237778,-1.1438186444795555
2016-12-24 04:00:00,18.834107631165033,20.082675504689604,-1.2485678735245713
2016-12-24 05:00:00,19.03520377216312,20.398099398743675,-1.3628956265805563
2016-12-24 06:00:00,22.84796550424657,24.544192811933907,-1.6962273076873373
2016-12-24 07:00:00,23.496038996868236,25.414511409537717,-1.9184724126694803
2016-12-24 08:00:00,23.243650836292776,24.982935980912767,-1.7392851446199913
2016-12-24 09:00:00,22.48402307478279,25.17253693862266,-2.6885138638398693
2016-12-24 10:00:00,22.87563426688289,25.70931350350777,-2.833679236624878
2016-12-24 11:00:00,22.969250278938766,25.40903015313699,-2.439779874198223
2016-12-24 12:00:00,23.141886177238913,26.167363132561018,-3.0254769553221053
2016-12-24 13:00:00,23.60105694734419,26.264988306839943,-2.663931359495752
2016-12-24 14:00:00,23.474056702763647,25.614764308559213,-2.1407076057955656
2016-12-24 15:00:00,23.030332642562158,25.45831704094417,-2.427984398382012
2016-12-24 16:00:00,23.255052407607078,26.089305430566046,-2.8342530229589684
2016-12-24 17:00:00,23.3844850950857,26.061012771656664,-2.676527676570963
2016-12-24 18:00:00,23.448820750131183,25.58189108728026,-2.133070337149075
2016-12-24 19:00:00,22.7356204895082,23.182108856232862,-0.44648836672466174
2016-12-24 20:00:00,19.869747544403094,20.937355028960923,-1.0676074845578292
2016-12-24 21:00:00,18.900055247690364,21.991466236623943,-3.0914109889335784
2016-12-24 22:00:00,18.404247320744105,21.458778863021916,-3.054531542277811
2016-12-24 23:00:00,18.887041347790436,19.42907670297361,-0.5420353551831738
2016-12-25 00:00:00,19.006714161002783,21.08132437111479,-2.074610210112006
2016-12-25 01:00:00,18.966002864215696,20.121308248550505,-1.1553053843348096
2016-12-25 02:00:00,18.941587393001466,19.732983020286916,-0.7913956272854499
2016-12-25 03:00:00,18.9285448588507,19.716721702657374,-0.7881768438066743
2016-12-25 04:00:00,18.626504907322765,19.936200298481666,-1.3096953911589004
2016-12-25 05:00:00,18.757579291849414,19.705034523046255,-0.9474552311968409
2016-12-25 06:00:00,22.777944114880917,23.462762326337096,-0.6848182114561787
2016-12-25 07:00:00,23.010782791355645,24.506086864867264,-1.495304073511619
2016-12-25 08:00:00,22.57031202257625,23.888056575066763,-1.3177445524905131
2016-12-25 09:00:00,22.649302173252345,23.799030853683632,-1.1497286804312878
2016-12-25 10:00:00,22.79910556046149,23.90328889519505,-1.104183334733559
2016-12-25 11:00:00,22.952983454722524,24.184390968562408,-1.2314075138398834
2016-12-25 12:00:00,22.503572925989303,23.87661388790511,-1.3730409619158053
2016-12-25 13:00:00,22.027285481787153,24.33098511704306,-2.3036996352559065
2016-12-25 14:00:00,22.498678671730744,25.156777454594337,-2.6580987828635934
2016-12-25 15:00:00,22.810507865987354,24.596588718591654,-1.7860808526043002
2016-12-25 16:00:00,22.063102524315685,24.752781214795395,-2.6896786904797096
2016-12-25 17:00:00,23.583148426079926,24.575483440195413,-0.9923350141154863
2016-12-25 18:00:00,23.40646775629607,24.959035559107836,-1.5525678028117653
2016-12-25 19:00:00,22.51658682588923,22.975108552975524,-0.4585217270862927
2016-12-25 20:00:00,19.842870261828388,21.070347908293694,-1.2274776464653065
2016-12-25 21:00:00,19.417053988679605,20.92094319796159,-1.5038892092819864
2016-12-25 22:00:00,20.1660716589369,20.82573284550331,-0.6596611865664102
2016-12-25 23:00:00,20.38267214544623,20.3079382191831,0.07473392626312858
2016-12-26 00:00:00,21.627526376900626,20.24031219503175,1.3872141818688775
2016-12-26 01:00:00,22.58499625377504,20.530164234664685,2.0548320191103535
2016-12-26 02:00:00,18.875639776476135,20.948225031105828,-2.0725852546296935
2016-12-26 03:00:00,18.35374604701678,20.015741842039276,-1.661995795022495
2016-12-26 04:00:00,18.196615228439434,19.940034351247668,-1.743419122808234
2016-12-26 05:00:00,18.435990223326527,20.03351783811697,-1.5975276147904438
2016-12-26 06:00:00,22.301656670678767,24.147622387852195,-1.8459657171734278
2016-12-26 07:00:00,23.04416665677454,24.200559041323835,-1.1563923845492958
2016-12-26 08:00:00,22.700594927041283,23.731990363251334,-1.031395436210051
2016-12-26 09:00:00,22.618351484943094,24.185022757609737,-1.5666712726666425
2016-12-26 10:00:00,22.684298367256865,24.379218044155948,-1.694919676899083
2016-12-26 11:00:00,22.870769013980954,23.952883050540066,-1.082114036559112
2016-12-26 12:00:00,22.95705759466863,24.058983963066932,-1.1019263683983027
2016-12-26 13:00:00,23.186671981077886,23.625444885624923,-0.43877290454703655
2016-12-26 14:00:00,23.797287101228775,23.782972912656195,0.014314188572580377
2016-12-26 15:00:00,23.469982562817542,24.421388953524197,-0.951406390706655
2016-12-26 16:00:00,24.112369586907477,24.446091868564142,-0.33372228165666584
2016-12-26 17:00:00,23.98616082238855,24.472103148603903,-0.4859423262153548
2016-12-26 18:00:00,24.24913007286008,24.50442277436666,-0.2552927015065798
2016-12-26 19:00:00,24.95095813063116,23.600511795260935,1.3504463353702256
2016-12-26 20:00:00,21.789552183948086,21.85178762682636,-0.06223544287827565
2016-12-26 21:00:00,20.133537276292856,22.36711089703582,-2.2335736207429626
2016-12-26 22:00:00,20.003254371827822,21.45752629810066,-1.4542719262728383
2016-12-26 23:00:00,20.152266278975354,20.5265680664441,-0.3743017874687453
2016-12-27 00:00:00,19.80215823082974,20.3868659618766,-0.584707731046862
2016-12-27 01:00:00,19.21839102479116,20.979989225823495,-1.761598201032335
2016-12-27 02:00:00,19.189110667780767,19.95978978169096,-0.7706791139101945
2016-12-27 03:00:00,19.17038166509827,19.79487485215514,-0.6244931870568706
2016-12-27 04:00:00,20.539802964023572,20.17407456494024,0.36572839908333066
2016-12-27 05:00:00,19.823320410621875,20.56507379170513,-0.7417533810832566
2016-12-27 06:00:00,22.183596186052046,23.7802365061723,-1.5966403201202546
2016-12-27 07:00:00,23.32179113708824,24.460255543766937,-1.1384644066786969
2016-12-27 08:00:00,21.236736400430317,23.602234989792116,-2.365498589361799
2016-12-27 09:00:00,21.994722464892273,23.495561759354278,-1.5008392944620041
2016-12-27 10:00:00,21.819682757944886,23.815260233110315,-1.9955774751654296
2016-12-27 11:00:00,21.644614416746656,23.860955357966276,-2.21634094121962
2016-12-27 12:00:00,21.30919059979983,23.745199930531985,-2.436009330732155
2016-12-27 13:00:00,19.52371363620358,23.77210291051129,-4.2483892743077085
2016-12-27 14:00:00,22.029718658896794,23.232607560219726,-1.2028889013229325
2016-12-27 15:00:00,23.908812001654695,24.007338787729225,-0.09852678607452958
2016-12-27 16:00:00,23.922646015867077,24.68772603242117,-0.7650800165540943
2016-12-27 17:00:00,23.96986462970991,24.608475970852854,-0.6386113411429442
2016-12-27 18:00:00,25.074705083789613,24.800299019848904,0.27440606394070954
2016-12-27 19:00:00,22.837384414350502,25.35074109739339,-2.513356683042886
2016-12-27 20:00:00,21.254615186126404,20.837105782566773,0.41750940355963095
2016-12-27 21:00:00,20.820680735759368,22.20396248051321,-1.383281744753841
2016-12-27 22:00:00,19.285980338364514,21.311254468494823,-2.0252741301303097
2016-12-27 23:00:00,19.46834674246854,20.22960371943003,-0.7612569769614907
2016-12-28 00:00:00,18.859343950903277,20.05043407245798,-1.1910901215547014
2016-12-28 01:00:00,19.398324985997107,20.1359007033043,-0.7375757173071946
2016-12-28 02:00:00,19.18339483078664,20.11223853315057,-0.9288437023639311
2016-12-28 03:00:00,18.91553095895077,20.014848306570826,-1.0993173476200546
2016-12-28 04:00:00,20.205991475662373,20.251295265756884,-0.04530379009451124
2016-12-28 05:00:00,20.508060795652703,20.44103755919206,0.06702323646064201
2016-12-28 06:00:00,21.691041550527874,23.549260524425137,-1.8582189738972623
2016-12-28 07:00:00,22.076936538528066,24.6441241447226,-2.5671876061945333
2016-12-28 08:00:00,21.62101979405644,22.85329147490237,-1.2322716808459298
2016-12-28 09:00:00,21.86687200332532,23.24695882647608,-1.3800868231507621
2016-12-28 10:00:00,22.0679975127858,23.40870343049609,-1.340705917710288
2016-12-28 11:00:00,21.90597170573834,23.001441784784316,-1.095470079045974
2016-12-28 12:00:00,21.708128856162347,22.915044173679988,-1.206915317517641
2016-12-28 13:00:00,21.993901616368262,23.243282996301247,-1.2493813799329843
2016-12-28 14:00:00,22.359456007311888,23.39493219137208,-1.0354761840601938
2016-12-28 15:00:00,21.34744008522644,24.62116681766641,-3.273726732439968
2016-12-28 16:00:00,21.546923897638898,24.510457259177805,-2.9635333615389072
2016-12-28 17:00:00,22.654197161722465,24.210305699782033,-1.5561085380595685
2016-12-28 18:00:00,22.843070882882234,25.296371262956743,-2.4533003800745092
2016-12-28 19:00:00,22.359456007311888,23.736287703511657,-1.376831696199769
2016-12-28 20:00:00,22.30816325352295,20.864147528530907,1.4440157249920418
2016-12-28 21:00:00,21.409313561805668,22.40558431698821,-0.9962707551825432
2016-12-28 22:00:00,24.92897583652657,21.86392634654684,3.065049489979728
2016-12-28 23:00:00,21.635674656792833,22.89724651836127,-1.261571861568438
2016-12-29 00:00:00,19.078377614522246,21.491961554473384,-2.4135839399511383
2016-12-29 01:00:00,19.196408730686567,19.889693869851975,-0.6932851391654076
2016-12-29 02:00:00,18.780382434478017,19.904843591179763,-1.124461156701745
2016-12-29 03:00:00,18.51090623405652,19.871181459579656,-1.3602752255231358
2016-12-29 04:00:00,19.034412292101504,20.44458086418033,-1.4101685720788275
2016-12-29 05:00:00,19.489508922260676,20.49622603951804,-1.006717117257363
2016-12-29 06:00:00,21.457353024172512,23.0237229029938,-1.5663698788212876
2016-12-29 07:00:00,21.967845182317568,23.32596109164292,-1.3581159093253525
2016-12-29 08:00:00,22.396093164152873,23.033980572697715,-0.6378874085448416
2016-12-29 09:00:00,21.91411998563055,23.513316830402516,-1.599196844771967
2016-12-29 10:00:00,21.25382444027635,23.49649714488164,-2.2426727046052903
2016-12-29 11:00:00,21.98332089357797,22.74934290356347,-0.7660220099854982
2016-12-29 12:00:00,24.54469244290045,23.384294200080117,1.1603982428203317
2016-12-29 13:00:00,24.04234819754182,24.921134824172196,-0.8787866266303759
2016-12-29 14:00:00,22.290255099364465,24.31666799162424,-2.026412892259774
2016-12-29 15:00:00,21.69429484194997,23.81169930704461,-2.1174044650946406
2016-12-29 16:00:00,21.583561788691444,24.132103358109752,-2.5485415694183082
2016-12-29 17:00:00,22.745380363774476,23.285948030049333,-0.5405676662748569
2016-12-29 18:00:00,22.770616683512717,24.570264664427363,-1.7996479809146457
2016-12-29 19:00:00,22.83981759146014,22.996856633592493,-0.15703904213235376
2016-12-29 20:00:00,20.39079105687604,21.106873464977568,-0.7160824081015278
2016-12-29 21:00:00,19.916145309721912,21.3435920824408,-1.4274467727188878
2016-12-29 22:00:00,21.651941848114852,23.11779045515904,-1.4658486070441867
2016-12-29 23:00:00,20.013835094618113,21.57434523097952,-1.5605101363614082
2016-12-30 00:00:00,19.412159734421046,20.308637922799722,-0.8964781883786763
2016-12-30 01:00:00,19.54244263888608,19.901778992128577,-0.35933635324249735
2016-12-30 02:00:00,19.091390780210613,19.92822602672916,-0.8368352465185467
2016-12-30 03:00:00,18.6737235211656,19.961383020776033,-1.2876594996104345
2016-12-30 04:00:00,18.760832583271508,20.066411250213825,-1.305578666942317
2016-12-30 05:00:00,18.844688353955323,20.42756477706717,-1.5828764231118484
2016-12-30 06:00:00,21.958876053901346,22.94198863661243,-0.9831125827110831
2016-12-30 07:00:00,21.680460093526026,23.804987512069424,-2.1245274185433978
2016-12-30 08:00:00,21.384898090591438,23.11692041446051,-1.7320223238690708
2016-12-30 09:00:00,22.15753901778979,22.91590063146466,-0.7583616136748681
2016-12-30 10:00:00,22.4620407806782,23.39253242088842,-0.9304916402102172
2016-12-30 11:00:00,21.30919059979983,23.219823835643837,-1.9106332358440064
2016-12-30 12:00:00,21.608797374218128,23.880054403274983,-2.271257029056855
2016-12-30 13:00:00,21.255465403112815,24.18471769270658,-2.929252289593766
2016-12-30 14:00:00,21.342574465218725,23.43830867612175,-2.095734210903025
2016-12-30 15:00:00,21.87666124605399,22.76318058883365,-0.8865193427796569
2016-12-30 16:00:00,21.572160217377142,24.08172690034762,-2.509566682970476
2016-12-30 17:00:00,24.965613360473334,23.309049996782832,1.656563363690502
2016-12-30 18:00:00,27.754928597800422,24.83095308668794,2.9239755111124808
2016-12-30 19:00:00,23.391812893559678,26.399393442108256,-3.007580548548578
2016-12-30 20:00:00,20.21657219845266,21.293581996247077,-1.0770097977944175
2016-12-30 21:00:00,20.78325209885677,21.498149489500555,-0.7148973906437845
2016-12-30 22:00:00,23.16548079992913,21.987923665847234,1.1775571340818978
2016-12-30 23:00:00,20.809279164445066,21.737931971803413,-0.9286528073583469
2016-12-31 00:00:00,19.021369023739176,20.9787006845358,-1.9573316607966227
2016-12-31 01:00:00,18.804006425630632,20.06465061089309,-1.260644185262457
2016-12-31 02:00:00,18.341552995640864,20.287243732154643,-1.9456907365137788
2016-12-31 03:00:00,18.362715175433003,19.73474953330013,-1.3720343578671255
2016-12-31 04:00:00,18.454719226009026,19.660558923591356,-1.2058396975823307
2016-12-31 05:00:00,18.51008538553251,20.374018728000777,-1.8639333424682683
2016-12-31 06:00:00,21.87502028321753,23.49978641267017,-1.624766129452638
2016-12-31 07:00:00,21.30511645985373,23.089660974768854,-1.784544514915126
2016-12-31 08:00:00,21.052728299278265,22.447399867961447,-1.394671568683183
2016-12-31 09:00:00,20.89231482081643,22.855267238210168,-1.962952417393737
2016-12-31 10:00:00,21.353976036533023,23.0730277789842,-1.7190517424511782
2016-12-31 11:00:00,21.742333570105252,22.316872471046953,-0.5745389009417003
2016-12-31 12:00:00,21.92226826552276,23.490269562430232,-1.5680012969074717
2016-12-31 13:00:00,27.49603339549855,23.442155210484273,4.053878185014277
2016-12-31 14:00:00,21.540417314794716,27.039655290837946,-5.499237976043229
2016-12-31 15:00:00,21.119496030116046,22.769067497121245,-1.6495714670051989
2016-12-31 16:00:00,21.92552155694485,23.585845552245363,-1.6603239953005122
2016-12-31 17:00:00,23.503366428236433,24.595105978346357,-1.0917395501099243
2016-12-31 18:00:00,23.308777604294093,26.04706201780625,-2.738284413512158
2016-12-31 19:00:00,22.69895396420482,23.606625207814773,-0.9076712436099541
2016-12-31 20:00:00,20.05454712561676,21.024948670696393,-0.9704015450796319
2016-12-31 21:00:00,19.29330776973271,21.263375064248045,-1.970067294515335
2016-12-31 22:00:00,19.29412788404516,21.38559192051558,-2.09146403647042
2016-12-31 23:00:00,19.618970978201702,19.777775064924146,-0.15880408672244428
