timestamp,actual,predicted,residual
2016-11-07 02:00:00,27.10034833878168,25.870149153616566,1.2301991851651124
2016-11-07 03:00:00,27.073471056206973,21.480156166801116,5.593314889405857
2016-11-07 04:00:00,22.88052925535301,21.342574465218725,1.537954790134286
2016-11-07 05:00:00,22.24221563699762,20.06026222839933,2.1819534085982895
2016-11-07 06:00:00,26.19173840569234,19.973944646355037,6.2177937593373045
2016-11-07 07:00:00,28.92899931108186,25.47039004873004,3.458609262351821
2016-11-07 08:00:00,29.392947291798194,26.250358407296588,3.142588884501606
2016-11-07 09:00:00,30.109576825176543,28.639944091752433,1.4696327334241097
2016-11-07 10:00:00,31.27875275074884,30.070301370871363,1.2084513798774772
2016-11-07 11:00:00,29.360413207427598,31.885176624209816,-2.5247634167822177
2016-11-07 12:00:00,30.11778356666421,30.91472258300365,-0.7969390163394365
2016-11-07 13:00:00,34.16578787564608,30.22593751826556,3.9398503573805215
2016-11-07 14:00:00,35.35196318501855,30.18754137407985,5.164421810938698
2016-11-07 15:00:00,40.22709563770856,34.00780684008233,6.219288797626227
2016-11-07 16:00:00,35.081725240103616,34.29680352324794,0.7849217168556777
2016-11-07 17:00:00,36.67912032970749,35.37804898753164,1.3010713421758453
2016-11-07 18:00:00,37.20728642852341,39.651740293512205,-2.4444538649887946
2016-11-07 19:00:00,37.462283242771335,43.4708334989828,-6.008550256211464
2016-11-07 20:00:00,34.03535812886906,39.1769183355837,-5.141560206714637
2016-11-07 21:00:00,32.241000142243784,35.272826192030465,-3.0318260497866802
2016-11-07 22:00:00,33.06578330600592,34.94162335734173,-1.875840051335814
2016-11-07 23:00:00,36.500622486312785,39.305589645674665,-2.8049671593618797
2016-11-08 00:00:00,35.18812020436024,40.34843878221977,-5.160318577859535
2016-11-08 01:00:00,29.99292299812222,36.86641109074403,-6.873488092621809
2016-11-08 02:00:00,27.819264069293016,32.15717337291658,-4.337909303623565
2016-11-08 03:00:00,23.415436517606512,27.10034833878168,-3.6849118211751666
2016-11-08 04:00:00,22.03133025327086,27.073471056206973,-5.042140802936114
2016-11-08 05:00:00,21.82372752942859,22.88052925535301,-1.0568017259244193
2016-11-08 06:00:00,25.7993069157269,22.24221563699762,3.5570912787292777
2016-11-08 07:00:00,26.41563750576614,26.19173840569234,0.22389910007379754
2016-11-08 08:00:00,26.446559559824554,28.92899931108186,-2.4824397512573064
2016-11-08 09:00:00,27.93975745570004,29.392947291798194,-1.4531898360981543
2016-11-08 10:00:00,27.773687060721763,30.109576825176543,-2.3358897644547802
2016-11-08 11:00:00,28.2466917991512,31.27875275074884,-3.0320609515976393
2016-11-08 12:00:00,28.61634956083866,29.360413207427598,-0.7440636465889376
2016-11-08 13:00:00,27.63039043990969,30.11778356666421,-2.4873931267545224
2016-11-08 14:00:00,29.33520660031342,34.16578787564608,-4.830581275332662
2016-11-08 15:00:00,29.52484229540774,35.35196318501855,-5.827120889610807
2016-11-08 16:00:00,30.047732717059716,40.22709563770856,-10.179362920648842
2016-11-08 17:00:00,32.52501373155208,35.081725240103616,-2.556711508551537
2016-11-08 18:00:00,31.988640983024936,36.67912032970749,-4.690479346682551
2016-11-08 19:00:00,34.79184933859498,37.20728642852341,-2.4154370899284316
2016-11-08 20:00:00,32.525893317000886,37.462283242771335,-4.936389925770449
2016-11-08 21:00:00,33.62824222415193,34.03535812886906,-0.40711590471713066
2016-11-08 22:00:00,33.960617594701894,32.241000142243784,1.7196174524581096
2016-11-08 23:00:00,34.409060799704896,33.06578330600592,1.3432774936989773
2016-11-09 00:00:00,32.0097440587865,36.500622486312785,-4.490878427526283
2016-11-09 01:00:00,31.137771649643927,35.18812020436024,-4.050348554716312
2016-11-09 02:00:00,29.12270909449804,29.99292299812222,-0.8702139036241832
2016-11-09 03:00:00,24.791365133587558,27.819264069293016,-3.0278989357054584
2016-11-09 04:00:00,21.70566704480187,23.415436517606512,-1.7097694728046413
2016-11-09 05:00:00,22.241395522685167,22.03133025327086,0.21006526941430792
2016-11-09 06:00:00,26.45716983463013,21.82372752942859,4.633442305201537
2016-11-09 07:00:00,27.85264821004124,25.7993069157269,2.053341294314343
2016-11-09 08:00:00,28.896377276196823,26.41563750576614,2.4807397704306844
2016-11-09 09:00:00,30.503503169878023,26.446559559824554,4.0569436100534695
2016-11-09 10:00:00,31.137771649643927,27.93975745570004,3.1980141939438873
2016-11-09 11:00:00,32.056347036236325,27.773687060721763,4.282659975514562
2016-11-09 12:00:00,29.91319982897997,28.2466917991512,1.666508029828769
2016-11-09 13:00:00,31.20283986427334,28.61634956083866,2.5864903034346796
2016-11-09 14:00:00,29.943389139901566,27.63039043990969,2.3129986999918764
2016-11-09 15:00:00,31.16297823381399,29.33520660031342,1.8277716335005714
2016-11-09 16:00:00,35.609305070988924,29.52484229540774,6.0844627755811835
2016-11-09 17:00:00,32.70585664666923,30.047732717059716,2.6581239296095163
2016-11-09 18:00:00,31.594421320805264,32.52501373155208,-0.9305924107468151
2016-11-09 19:00:00,34.64354080612187,31.988640983024936,2.654899823096933
2016-11-09 20:00:00,36.30219373591196,34.79184933859498,1.5103443973169846
2016-11-09 21:00:00,35.30477393963812,32.525893317000886,2.7788806226372316
2016-11-09 22:00:00,36.71224061317636,33.62824222415193,3.08399838902443
2016-11-09 23:00:00,36.70755120394303,33.960617594701894,2.7469336092411325
2016-11-10 00:00:00,35.40735944721599,34.409060799704896,0.998298647511092
2016-11-10 01:00:00,30.694897439323068,32.0097440587865,-1.3148466194634345
2016-11-10 02:00:00,31.243580713075715,31.137771649643927,0.10580906343178853
2016-11-10 03:00:00,24.902098553951863,29.12270909449804,-4.220610540546176
2016-11-10 04:00:00,21.653583545162878,24.791365133587558,-3.13778158842468
2016-11-10 05:00:00,21.929595696890956,21.70566704480187,0.22392865208908574
2016-11-10 06:00:00,26.524729229082418,22.241395522685167,4.283333706397251
2016-11-10 07:00:00,26.27641502490017,26.45716983463013,-0.18075480972995805
2016-11-10 08:00:00,26.032966073619864,27.85264821004124,-1.8196821364213775
2016-11-10 09:00:00,27.582351344648625,28.896377276196823,-1.3140259315481977
2016-11-10 10:00:00,27.456142488353247,30.503503169878023,-3.0473606815247756
2016-11-10 11:00:00,28.438027515224338,31.137771649643927,-2.699744134419589
2016-11-10 12:00:00,29.15204840640228,32.056347036236325,-2.904298629834045
2016-11-10 13:00:00,32.61968517272537,29.91319982897997,2.706485343745399
2016-11-10 14:00:00,29.936940926876396,31.20283986427334,-1.265898937396944
2016-11-10 15:00:00,30.96279086317422,29.943389139901566,1.0194017232726544
2016-11-10 16:00:00,31.957572270207425,31.16297823381399,0.7945940363934341
2016-11-10 17:00:00,29.681943883187355,35.609305070988924,-5.927361187801569
2016-11-10 18:00:00,31.52290507670357,32.70585664666923,-1.1829515699656632
2016-11-10 19:00:00,32.63434003546176,31.594421320805264,1.0399187146564977
2016-11-10 20:00:00,31.615817714085022,34.64354080612187,-3.0277230920368474
2016-11-10 21:00:00,39.39029489913333,36.30219373591196,3.088101163221367
2016-11-10 22:00:00,36.179091420503134,35.30477393963812,0.8743174808650167
2016-11-10 23:00:00,39.07257512553133,36.71224061317636,2.3603345123549673
2016-11-11 00:00:00,37.867640710802405,36.70755120394303,1.1600895068593786
2016-11-11 01:00:00,34.23232139299625,35.40735944721599,-1.1750380542197405
2016-11-11 02:00:00,27.309592576119083,30.694897439323068,-3.3853048632039844
2016-11-11 03:00:00,24.473849837905,31.243580713075715,-6.7697308751707155
2016-11-11 04:00:00,21.746378341588958,24.902098553951863,-3.1557202123629047
2016-11-11 05:00:00,21.53634317484861,21.653583545162878,-0.11724037031426704
2016-11-11 06:00:00,24.62529492216217,21.929595696890956,2.6956992252712126
2016-11-11 07:00:00,25.025845140004535,26.524729229082418,-1.4988840890778832
2016-11-11 08:00:00,25.34500176562934,26.27641502490017,-0.9314132592708297
2016-11-11 09:00:00,26.877270087231896,26.032966073619864,0.8443040136120317
2016-11-11 10:00:00,26.0761397324261,27.582351344648625,-1.5062116122225255
2016-11-11 11:00:00,35.16877593239051,27.456142488353247,7.712633444037262
2016-11-11 12:00:00,36.71224061317636,28.438027515224338,8.274213097952025
2016-11-11 13:00:00,31.750057468199458,29.15204840640228,2.5980090617971783
2016-11-11 14:00:00,38.599804554701294,32.61968517272537,5.980119381975925
2016-11-11 15:00:00,38.80145722806181,29.936940926876396,8.864516301185411
2016-11-11 16:00:00,35.65649431636936,30.96279086317422,4.693703453195141
2016-11-11 17:00:00,34.409060799704896,31.957572270207425,2.451488529497471
2016-11-11 18:00:00,33.9116699126354,29.681943883187355,4.229726029448049
2016-11-11 19:00:00,39.74523919882427,31.52290507670357,8.222334122120703
2016-11-11 20:00:00,32.7351667392478,32.63434003546176,0.10082670378604064
2016-11-11 21:00:00,37.44264602038919,31.615817714085022,5.826828306304169
2016-11-11 22:00:00,38.253653172652186,39.39029489913333,-1.1366417264811446
2016-11-11 23:00:00,35.3886010760711,36.179091420503134,-0.7904903444320368
2016-11-12 00:00:00,32.49335893435685,39.07257512553133,-6.579216191174481
2016-11-12 01:00:00,34.640316516056394,37.867640710802405,-3.2273241947460107
2016-11-12 02:00:00,32.392532597676585,34.23232139299625,-1.839788795319663
2016-11-12 03:00:00,27.46754405966755,27.309592576119083,0.1579514835484659
2016-11-12 04:00:00,21.8921369573144,24.473849837905,-2.581712880590601
2016-11-12 05:00:00,21.810714363740225,21.746378341588958,0.06433602215126655
2016-11-12 06:00:00,24.665185737531026,21.53634317484861,3.128842562682415
2016-11-12 07:00:00,25.660084251308042,24.62529492216217,1.0347893291458732
2016-11-12 08:00:00,25.689394343886608,25.025845140004535,0.6635492038820736
2016-11-12 09:00:00,28.05860951216482,25.34500176562934,2.71360774653548
2016-11-12 10:00:00,32.25243108202048,26.877270087231896,5.375160994788583
2016-11-12 11:00:00,38.61504605247407,26.0761397324261,12.538906320047971
2016-11-12 12:00:00,36.88839338484862,35.16877593239051,1.7196174524581096
2016-11-12 13:00:00,38.59570104629279,36.71224061317636,1.8834604331164257
2016-11-12 14:00:00,38.78445729360297,31.750057468199458,7.034399825403511
2016-11-12 15:00:00,43.86886280143411,38.599804554701294,5.269058246732818
2016-11-12 16:00:00,45.016056616454705,38.80145722806181,6.214599388392898
2016-11-12 17:00:00,45.87337342864933,35.65649431636936,10.216879112279969
2016-11-12 18:00:00,37.02497802713262,34.409060799704896,2.6159172274277225
2016-11-12 19:00:00,37.68621189486042,33.9116699126354,3.774541982225017
2016-11-12 20:00:00,33.64700059529683,39.74523919882427,-6.098238603527442
2016-11-12 21:00:00,35.76787200737751,32.7351667392478,3.0327052681297104
2016-11-12 22:00:00,36.26379740817336,37.44264602038919,-1.1788486122158304
2016-11-12 23:00:00,32.00651995227392,38.253653172652186,-6.247133220378267
2016-11-13 00:00:00,33.53884682724838,35.3886010760711,-1.8497542488227197
2016-11-13 01:00:00,31.121651117081004,32.49335893435685,-1.3717078172758441
2016-11-13 02:00:00,30.305660687407812,34.640316516056394,-4.334655828648582
2016-11-13 03:00:00,32.850061670733844,32.392532597676585,0.457529073057259
2016-11-13 04:00:00,21.99879660483838,27.46754405966755,-5.46874745482917
2016-11-13 05:00:00,20.223079515508406,21.8921369573144,-1.6690574418059931
2016-11-13 06:00:00,24.455120835222502,21.810714363740225,2.6444064714822773
2016-11-13 07:00:00,26.253611882271567,24.665185737531026,1.5884261447405414
2016-11-13 08:00:00,26.71199098876234,25.660084251308042,1.0519067374542992
2016-11-13 09:00:00,26.79910023442114,25.689394343886608,1.1097058905345314
2016-11-13 10:00:00,28.898868628100534,28.05860951216482,0.8402591159357122
2016-11-13 11:00:00,29.05432886872982,32.25243108202048,-3.1981022132906602
2016-11-13 12:00:00,31.643369186424643,38.61504605247407,-6.971676866049428
2016-11-13 13:00:00,32.61968517272537,36.88839338484862,-4.268708212123251
2016-11-13 14:00:00,40.60578066819015,38.59570104629279,2.0100796218973613
2016-11-13 15:00:00,40.369542225087116,38.78445729360297,1.5850849314841469
2016-11-13 16:00:00,37.932708741878926,43.86886280143411,-5.936154059555186
2016-11-13 17:00:00,37.92626089595954,45.016056616454705,-7.089795720495168
2016-11-13 18:00:00,38.646993800081724,45.87337342864933,-7.2263796285676065
2016-11-13 19:00:00,40.212440774972166,37.02497802713262,3.1874627478395468
2016-11-13 20:00:00,35.44135858192211,37.68621189486042,-2.244853312938311
2016-11-13 21:00:00,39.21765900083318,33.64700059529683,5.570658405536349
2016-11-13 22:00:00,36.16766048072644,35.76787200737751,0.3997884733489272
2016-11-13 23:00:00,33.3190216835678,36.26379740817336,-2.944775724605563
2016-11-14 00:00:00,33.68451733758663,32.00651995227392,1.6779973853127075
2016-11-14 01:00:00,36.00645552220299,33.53884682724838,2.467608694954613
2016-11-14 02:00:00,30.227403004539198,31.121651117081004,-0.8942481125418063
2016-11-14 03:00:00,23.443925761661067,30.305660687407812,-6.861734925746745
2016-11-14 04:00:00,22.444132626519718,32.850061670733844,-10.405929044214126
2016-11-14 05:00:00,22.903303029519215,21.99879660483838,0.9045064246808359
2016-11-14 06:00:00,27.298190821251893,20.223079515508406,7.075111305743487
2016-11-14 07:00:00,26.747807664185093,24.455120835222502,2.292686828962591
2016-11-14 08:00:00,27.544893155730737,26.253611882271567,1.2912812734591697
2016-11-14 09:00:00,31.86407336489536,26.71199098876234,5.15208237613302
2016-11-14 10:00:00,32.95088837451988,26.79910023442114,6.151788140098738
2016-11-14 11:00:00,29.98911271545547,28.898868628100534,1.090244087354936
2016-11-14 12:00:00,28.308565229842202,29.05432886872982,-0.7457636388876168
2016-11-14 13:00:00,31.443768083715486,31.643369186424643,-0.1996011027091562
2016-11-14 14:00:00,33.07135230068806,32.61968517272537,0.45166712796269337
2016-11-14 15:00:00,35.03776028478866,40.60578066819015,-5.568020383401489
2016-11-14 16:00:00,38.30670436312718,40.369542225087116,-2.0628378619599346
2016-11-14 17:00:00,34.41228472266459,37.932708741878926,-3.520424019214339
2016-11-14 18:00:00,33.20647145669842,37.92626089595954,-4.71978943926112
2016-11-14 19:00:00,38.28941147825592,38.646993800081724,-0.3575823218258023
2016-11-14 20:00:00,34.27980358878909,40.212440774972166,-5.932637186183072
2016-11-14 21:00:00,35.162327719365344,35.44135858192211,-0.2790308625567661
2016-11-14 22:00:00,34.640316516056394,39.21765900083318,-4.577342484776786
2016-11-14 23:00:00,40.27926724273475,36.16766048072644,4.111606762008307
2016-11-15 00:00:00,41.71047464706364,33.3190216835678,8.391452963495844
2016-11-15 01:00:00,32.225465694058585,33.68451733758663,-1.459051643528042
2016-11-15 02:00:00,29.344878896907062,36.00645552220299,-6.661576625295929
2016-11-15 03:00:00,24.473029356486766,30.227403004539198,-5.754373648052432
2016-11-15 04:00:00,25.195198378420194,23.443925761661067,1.7512726167591275
2016-11-15 05:00:00,22.23732138273906,22.444132626519718,-0.20681124378065618
2016-11-15 06:00:00,25.529830715305405,22.903303029519215,2.62652768578619
2016-11-15 07:00:00,26.361091644108,27.298190821251893,-0.9370991771438923
2016-11-15 08:00:00,26.557292796635966,26.747807664185093,-0.19051486754912617
2016-11-15 09:00:00,28.565848424776004,27.544893155730737,1.0209552690452668
2016-11-15 10:00:00,28.14410679634377,31.86407336489536,-3.719966568551591
2016-11-15 11:00:00,29.3410685912962,32.95088837451988,-3.609819783223678
2016-11-15 12:00:00,34.0069276217393,29.98911271545547,4.0178149062838315
2016-11-15 13:00:00,30.4741931690759,28.308565229842202,2.1656279392336977
2016-11-15 14:00:00,31.671799877107293,31.443768083715486,0.22803179339180701
2016-11-15 15:00:00,32.250086010298034,33.07135230068806,-0.8212662903900281
2016-11-15 16:00:00,36.92503127590117,35.03776028478866,1.8872709911125085
2016-11-15 17:00:00,37.41099122319396,38.30670436312718,-0.8957131399332212
2016-11-15 18:00:00,37.11525300948499,34.41228472266459,2.7029682868204006
2016-11-15 19:00:00,35.18020687216721,33.20647145669842,1.973735415468795
2016-11-15 20:00:00,34.26983813528604,38.28941147825592,-4.019573342969885
2016-11-15 21:00:00,34.51076635472818,34.27980358878909,0.23096276593908982
2016-11-15 22:00:00,37.48573175736112,35.162327719365344,2.323404037995779
2016-11-15 23:00:00,36.21162580314718,34.640316516056394,1.5713092870907843
2016-11-16 00:00:00,33.131730922531254,40.27926724273475,-7.147536320203493
2016-11-16 01:00:00,30.870757444135798,41.71047464706364,-10.839717202927844
2016-11-16 02:00:00,29.681943883187355,32.225465694058585,-2.54352181087123
2016-11-16 03:00:00,24.31507768938541,29.344878896907062,-5.0298012075216505
2016-11-16 04:00:00,22.733978792460174,24.473029356486766,-1.7390505640265914
2016-11-16 05:00:00,22.107067846736427,25.195198378420194,-3.088130531683767
2016-11-16 06:00:00,26.336646987984263,22.23732138273906,4.099325605245202
2016-11-16 07:00:00,25.48747772147029,25.529830715305405,-0.04235299383511304
2016-11-16 08:00:00,26.81539661065267,26.361091644108,0.4543049665446688
2016-11-16 09:00:00,26.910654136203675,26.557292796635966,0.35336133956770865
2016-11-16 10:00:00,26.97742223414724,28.565848424776004,-1.5884261906287627
2016-11-16 11:00:00,28.116438217260338,28.14410679634377,-0.02766857908343212
2016-11-16 12:00:00,30.584985051035666,29.3410685912962,1.2439164597394665
2016-11-16 13:00:00,34.72590172206965,34.0069276217393,0.7189741003303496
2016-11-16 14:00:00,32.62789182243659,30.4741931690759,2.1536986533606886
2016-11-16 15:00:00,29.860441772470285,31.671799877107293,-1.8113581046370086
2016-11-16 16:00:00,33.093334961898435,32.250086010298034,0.8432489516004011
2016-11-16 17:00:00,31.951124057182255,36.92503127590117,-4.973907218718914
2016-11-16 18:00:00,32.53409996671211,37.41099122319396,-4.876891256481848
2016-11-16 19:00:00,32.57630648534102,37.11525300948499,-4.538946524143967
2016-11-16 20:00:00,34.406715727982444,35.18020687216721,-0.7734911441847672
2016-11-16 21:00:00,34.06408195351702,34.26983813528604,-0.20575618176901855
2016-11-16 22:00:00,36.7922564574017,34.51076635472818,2.2814901026735157
2016-11-16 23:00:00,37.75772850606789,37.48573175736112,0.27199674870676915
2016-11-17 00:00:00,36.20781524515109,36.21162580314718,-0.0038105579960898694
2016-11-17 01:00:00,34.43280189760132,33.131730922531254,1.3010709750700684
2016-11-17 02:00:00,29.92140657046764,30.870757444135798,-0.9493508736681591
2016-11-17 03:00:00,24.009784813541163,29.681943883187355,-5.672159069646192
2016-11-17 04:00:00,22.664777884512752,24.31507768938541,-1.6502998048726596
2016-11-17 05:00:00,20.661117474283945,22.733978792460174,-2.07286131817623
2016-11-17 06:00:00,25.020159038578583,22.107067846736427,2.913091191842156
2016-11-17 07:00:00,25.32791409288909,26.336646987984263,-1.008732895095175
2016-11-17 08:00:00,25.267652577789708,25.48747772147029,-0.21982514368058403
2016-11-17 09:00:00,26.435978653481374,26.81539661065267,-0.37941795717129523
2016-11-17 10:00:00,30.167317516661313,26.910654136203675,3.2566633804576384
2016-11-17 11:00:00,30.456314108050478,26.97742223414724,3.478891873903237
2016-11-17 12:00:00,31.762953894249797,28.116438217260338,3.646515676989459
2016-11-17 13:00:00,33.103300048295715,30.584985051035666,2.518314997260049
2016-11-17 14:00:00,32.92890571330951,34.72590172206965,-1.7969960087601393
2016-11-17 15:00:00,31.76969524124027,32.62789182243659,-0.8581965811963173
2016-11-17 16:00:00,33.712948211822166,29.860441772470285,3.852506439351881
2016-11-17 17:00:00,31.715764832422252,33.093334961898435,-1.377570129476183
2016-11-17 18:00:00,33.34100434477816,31.951124057182255,1.3898802875959078
2016-11-17 19:00:00,32.27118945316538,32.53409996671211,-0.26291051354673556
2016-11-17 20:00:00,33.524191964511985,32.57630648534102,0.9478854791709637
2016-11-17 21:00:00,34.177218448317,34.406715727982444,-0.22949727966544486
2016-11-17 22:00:00,31.421199338127394,34.06408195351702,-2.642882615389624
2016-11-17 23:00:00,34.17135650322244,36.7922564574017,-2.620899954179258
2016-11-18 00:00:00,35.250843897925876,37.75772850606789,-2.506884608142016
2016-11-18 01:00:00,30.00376766996831,36.20781524515109,-6.204047575182781
2016-11-18 02:00:00,28.11318474228536,34.43280189760132,-6.319617155315964
2016-11-18 03:00:00,27.152461573988848,29.92140657046764,-2.7689449964787904
2016-11-18 04:00:00,21.996334059266342,24.009784813541163,-2.013450754274821
2016-11-18 05:00:00,20.9208330662276,22.664777884512752,-1.7439448182851507
2016-11-18 06:00:00,25.74719368051973,20.661117474283945,5.086076206235784
2016-11-18 07:00:00,26.214541548320945,25.020159038578583,1.1943825097423613
2016-11-18 08:00:00,27.019745859519954,25.32791409288909,1.691831766630866
2016-11-18 09:00:00,26.269087409979086,25.267652577789708,1.0014348321893785
2016-11-18 10:00:00,28.661926592354025,26.435978653481374,2.2259479388726504
2016-11-18 11:00:00,29.117872946201214,30.167317516661313,-1.0494445704600999
2016-11-18 12:00:00,33.627655956221325,30.456314108050478,3.1713418481708473
2016-11-18 13:00:00,36.86553150529522,31.762953894249797,5.102577611045426
2016-11-18 14:00:00,32.72695972243079,33.103300048295715,-0.3763403258649234
2016-11-18 15:00:00,34.081961106318886,32.92890571330951,1.1530553930093745
2016-11-18 16:00:00,40.99736285893363,31.76969524124027,9.227667617693356
2016-11-18 17:00:00,41.935282884601534,33.712948211822166,8.222334672779368
2016-11-18 18:00:00,38.8161120907982,31.715764832422252,7.1003472583759475
2016-11-18 19:00:00,36.6260691392325,33.34100434477816,3.2850647944543354
2016-11-18 20:00:00,34.40994001804792,32.27118945316538,2.1387505648825424
2016-11-18 21:00:00,33.115317256003024,33.524191964511985,-0.4088747085089608
2016-11-18 22:00:00,33.08776596721629,34.177218448317,-1.0894524811007074
2016-11-18 23:00:00,30.538675207551147,31.421199338127394,-0.8825241305762468
2016-11-19 00:00:00,31.74273003683126,34.17135650322244,-2.4286264663911794
2016-11-19 01:00:00,29.797718354233982,35.250843897925876,-5.453125543691893
2016-11-19 02:00:00,32.06836406039074,30.00376766996831,2.064596390422434
2016-11-19 03:00:00,26.84960132459557,28.11318474228536,-1.2635834176897873
2016-11-19 04:00:00,20.074917091135724,27.152461573988848,-7.077544482853124
2016-11-19 05:00:00,18.77223415458581,21.996334059266342,-3.224099904680532
2016-11-19 06:00:00,23.6580648039157,20.9208330662276,2.7372317376880986
2016-11-19 07:00:00,24.47467068642901,25.74719368051973,-1.2725229940907177
2016-11-19 08:00:00,26.846318664711085,26.214541548320945,0.6317771163901398
2016-11-19 09:00:00,29.985888608942886,27.019745859519954,2.966142749422932
2016-11-19 10:00:00,27.18827843296449,26.269087409979086,0.9191910229854052
2016-11-19 11:00:00,33.50455400791828,28.661926592354025,4.842627415564255
2016-11-19 12:00:00,35.91852561157307,29.117872946201214,6.800652665371853
2016-11-19 13:00:00,35.529289226763595,33.627655956221325,1.9016332705422698
2016-11-19 14:00:00,39.42429476805101,36.86553150529522,2.5587632627557895
2016-11-19 15:00:00,37.13078745767019,32.72695972243079,4.403827735239396
2016-11-19 16:00:00,37.52324849965092,34.081961106318886,3.4412873933320327
2016-11-19 17:00:00,39.4732424501175,40.99736285893363,-1.524120408816124
2016-11-19 18:00:00,35.93816356816677,41.935282884601534,-5.9971193164347625
2016-11-19 19:00:00,32.21667277641674,38.8161120907982,-6.599439314381456
2016-11-19 20:00:00,33.04878373865286,36.6260691392325,-3.5772854005796404
2016-11-19 21:00:00,34.033013424252395,34.40994001804792,-0.37692659379552396
2016-11-19 22:00:00,38.755147568130184,33.115317256003024,5.63983031212716
2016-11-19 23:00:00,39.90322023438802,33.08776596721629,6.815454267171731
2016-11-20 00:00:00,36.09116150987322,30.538675207551147,5.55248630232207
2016-11-20 01:00:00,30.497934266972326,31.74273003683126,-1.2447957698589356
2016-11-20 02:00:00,27.433339345724647,29.797718354233982,-2.364379008509335
2016-11-20 03:00:00,24.642382594902422,32.06836406039074,-7.42598146548832
2016-11-20 04:00:00,21.491557738115418,26.84960132459557,-5.358043586480154
2016-11-20 05:00:00,19.52860789046214,20.074917091135724,-0.5463092006735835
2016-11-20 06:00:00,23.903946381646975,18.77223415458581,5.131712227061165
2016-11-20 07:00:00,24.97537323473961,23.6580648039157,1.3173084308239105
2016-11-20 08:00:00,25.14798013168314,24.47467068642901,0.6733094452541302
2016-11-20 09:00:00,27.042549002148558,26.846318664711085,0.19623033743747342
2016-11-20 10:00:00,28.03501498125105,29.985888608942886,-1.9508736276918377
2016-11-20 11:00:00,30.383918370276422,27.18827843296449,3.195639937311931
2016-11-20 12:00:00,34.23320061133927,33.50455400791828,0.7286466034209909
2016-11-20 13:00:00,34.82672805874991,35.91852561157307,-1.0917975528231594
2016-11-20 14:00:00,39.75901521032342,35.529289226763595,4.229725983559824
2016-11-20 15:00:00,36.920927767492664,39.42429476805101,-2.503367000558349
2016-11-20 16:00:00,36.7734980862568,37.13078745767019,-0.3572893714133869
2016-11-20 17:00:00,39.317019851239806,37.52324849965092,1.7937713515888873
2016-11-20 18:00:00,41.03487960122342,39.4732424501175,1.56163715110592
2016-11-20 19:00:00,38.81933674796946,35.93816356816677,2.881173179802687
2016-11-20 20:00:00,38.09479328585118,32.21667277641674,5.878120509434439
2016-11-20 21:00:00,37.57454051922829,33.04878373865286,4.525756780575435
2016-11-20 22:00:00,37.88493359567366,34.033013424252395,3.8519201714212628
2016-11-20 23:00:00,38.47846141019008,38.755147568130184,-0.2766861579401052
2016-11-21 00:00:00,34.193339164432814,39.90322023438802,-5.709881069955209
2016-11-21 01:00:00,33.3272287003848,36.09116150987322,-2.7639328094884164
2016-11-21 02:00:00,28.32160817698697,30.497934266972326,-2.1763260899853556
2016-11-21 03:00:00,24.640741264960177,27.433339345724647,-2.7925980807644706
2016-11-21 04:00:00,25.36455161683585,24.642382594902422,0.7221690219334285
2016-11-21 05:00:00,22.70710150988547,21.491557738115418,1.2155437717700508
2016-11-21 06:00:00,28.98187455033773,19.52860789046214,9.453266659875588
2016-11-21 07:00:00,29.568807296610924,23.903946381646975,5.664860914963949
2016-11-21 08:00:00,28.2572727513826,24.97537323473961,3.2818995166429907
2016-11-21 09:00:00,29.330223896506002,25.14798013168314,4.182243764822861
2016-11-21 10:00:00,31.004411113872514,27.042549002148558,3.9618621117239563
2016-11-21 11:00:00,29.306717287426533,28.03501498125105,1.2717023061754844
2016-11-21 12:00:00,28.482813181398644,30.383918370276422,-1.9011051888777786
2016-11-21 13:00:00,32.77004545940273,34.23320061133927,-1.4631551519365402
2016-11-21 14:00:00,34.42928465712343,34.82672805874991,-0.3974434016264752
2016-11-21 15:00:00,33.63146651421741,39.75901521032342,-6.127548696106011
2016-11-21 16:00:00,40.973621393931424,36.920927767492664,4.05269362643876
2016-11-21 17:00:00,36.035179346850946,36.7734980862568,-0.7383187394058552
2016-11-21 18:00:00,42.90251263574223,39.317019851239806,3.5854927845024207
2016-11-21 19:00:00,51.04014058663981,41.03487960122342,10.005260985416385
2016-11-21 20:00:00,44.80443775537957,38.81933674796946,5.985101007410108
2016-11-21 21:00:00,39.636205845327005,38.09479328585118,1.5414125594758232
2016-11-21 22:00:00,37.03963288986901,37.57454051922829,-0.5349076293592816
2016-11-21 23:00:00,32.577185703684044,37.88493359567366,-5.307747891989614
2016-11-22 00:00:00,30.200730934095493,38.47846141019008,-8.277730476094586
2016-11-22 01:00:00,29.06165636893035,34.193339164432814,-5.1316827955024635
2016-11-22 02:00:00,30.821223677691588,33.3272287003848,-2.5060050226932127
2016-11-22 03:00:00,25.96945145065128,28.32160817698697,-2.3521567263356893
2016-11-22 04:00:00,21.45084570711677,24.640741264960177,-3.189895557843407
2016-11-22 05:00:00,21.485871269583686,25.36455161683585,-3.878680347252164
2016-11-22 06:00:00,25.58030262057033,22.70710150988547,2.8732011106848603
2016-11-22 07:00:00,26.902505856311468,28.98187455033773,-2.079368694026261
2016-11-22 08:00:00,26.852034134599432,29.568807296610924,-2.716773162011492
2016-11-22 09:00:00,28.876065451055766,28.2572727513826,0.6187926996731647
2016-11-22 10:00:00,35.78340645556271,29.330223896506002,6.45318255905671
2016-11-22 11:00:00,34.554731310043145,31.004411113872514,3.550320196170631
2016-11-22 12:00:00,40.00580500775434,29.306717287426533,10.699087720327807
2016-11-22 13:00:00,37.5909545528623,28.482813181398644,9.108141371463656
2016-11-22 14:00:00,39.68808449994078,32.77004545940273,6.918039040538048
2016-11-22 15:00:00,34.6485235328734,34.42928465712343,0.2192388757499657
2016-11-22 16:00:00,34.78598739350043,33.63146651421741,1.1545208792830195
2016-11-22 17:00:00,39.75256663019247,40.973621393931424,-1.2210547637389553
2016-11-22 18:00:00,38.05024206260561,36.035179346850946,2.0150627157546666
2016-11-22 19:00:00,37.55343781057251,42.90251263574223,-5.3490748251697156
2016-11-22 20:00:00,35.31767036568846,51.04014058663981,-15.722470220951351
2016-11-22 21:00:00,33.898773486585064,44.80443775537957,-10.905664268794503
2016-11-22 22:00:00,40.03745980494958,39.636205845327005,0.40125395962257215
2016-11-22 23:00:00,36.305417658871654,37.03963288986901,-0.7342152309973571
2016-11-23 00:00:00,28.283329323097963,32.577185703684044,-4.293856380586082
2016-11-23 01:00:00,30.133904099227134,30.200730934095493,-0.06682683486835828
2016-11-23 02:00:00,24.72052289569789,29.06165636893035,-4.3411334732324605
2016-11-23 03:00:00,20.823113912869008,30.821223677691588,-9.99810976482258
2016-11-23 04:00:00,19.951961618038887,25.96945145065128,-6.0174898326123945
2016-11-23 05:00:00,20.14247703624668,21.45084570711677,-1.3083686708700881
2016-11-23 06:00:00,25.84652516246395,21.485871269583686,4.360653892880265
2016-11-23 07:00:00,27.420325629377608,25.58030262057033,1.8400230088072789
2016-11-23 08:00:00,26.18605230426639,26.902505856311468,-0.7164535520450777
2016-11-23 09:00:00,27.268060247255093,26.852034134599432,0.41602611265566125
2016-11-23 10:00:00,26.994510090440382,28.876065451055766,-1.8815553606153834
2016-11-23 11:00:00,29.703926406733057,35.78340645556271,-6.079480048829655
2016-11-23 12:00:00,30.773741481898735,34.554731310043145,-3.78098982814441
2016-11-23 13:00:00,30.217730685001445,40.00580500775434,-9.788074322752895
2016-11-23 14:00:00,30.573554111258964,37.5909545528623,-7.0174004416033355
2016-11-23 15:00:00,28.04152183942457,39.68808449994078,-11.64656266051621
2016-11-23 16:00:00,28.601665237863422,34.6485235328734,-6.046858295009976
2016-11-23 17:00:00,29.978561085798244,34.78598739350043,-4.807426307702183
2016-11-23 18:00:00,29.4767738775725,39.75256663019247,-10.275792752619967
2016-11-23 19:00:00,26.833304948364045,38.05024206260561,-11.216937114241567
2016-11-23 20:00:00,24.86302822000124,37.55343781057251,-12.69040959057127
2016-11-23 21:00:00,26.934248575341005,35.31767036568846,-8.383421790347452
2016-11-23 22:00:00,31.177047012172665,33.898773486585064,-2.7217264744123995
2016-11-23 23:00:00,29.9067516159548,40.03745980494958,-10.130708188994777
2016-11-24 00:00:00,26.650117512183115,36.305417658871654,-9.655300146688539
2016-11-24 01:00:00,24.627727365060252,28.283329323097963,-3.6556019580377104
2016-11-24 02:00:00,22.148599992047526,30.133904099227134,-7.9853041071796085
2016-11-24 03:00:00,22.51576597736522,24.72052289569789,-2.20475691833267
2016-11-24 04:00:00,21.520867463588203,20.823113912869008,0.6977535507191952
2016-11-24 05:00:00,20.79951929017879,19.951961618038887,0.847557672139903
2016-11-24 06:00:00,25.36698442683971,20.14247703624668,5.224507390593029
2016-11-24 07:00:00,25.56239409930606,25.84652516246395,-0.28413106315788994
2016-11-24 08:00:00,25.42478376347283,27.420325629377608,-1.9955418659047766
2016-11-24 09:00:00,25.75372963182631,26.18605230426639,-0.4323226724400797
2016-11-24 10:00:00,26.767357515391602,27.268060247255093,-0.5007027318634911
2016-11-24 11:00:00,29.325534303719778,26.994510090440382,2.3310242132793952
2016-11-24 12:00:00,28.08223341154099,29.703926406733057,-1.6216929951920669
2016-11-24 13:00:00,29.470325710435556,30.773741481898735,-1.3034157714631789
2016-11-24 14:00:00,29.67139229941835,30.217730685001445,-0.5463383855830948
2016-11-24 15:00:00,31.447285140640485,30.573554111258964,0.8737310293815206
2016-11-24 16:00:00,38.204705490585695,28.04152183942457,10.163183651161127
2016-11-24 17:00:00,35.34463575365035,28.601665237863422,6.742970515786929
2016-11-24 18:00:00,29.901182713049103,29.978561085798244,-0.07737837274914128
2016-11-24 19:00:00,27.186637103022246,29.4767738775725,-2.2901367745502554
2016-11-24 20:00:00,24.558526457112826,26.833304948364045,-2.274778491251219
2016-11-24 21:00:00,23.667825045287756,24.86302822000124,-1.195203174713484
2016-11-24 22:00:00,24.162841492172404,26.934248575341005,-2.771407083168601
2016-11-24 23:00:00,22.871589495399185,31.177047012172665,-8.30545751677348
2016-11-25 00:00:00,22.0867265154683,29.9067516159548,-7.8200251004865
2016-11-25 01:00:00,20.356615711395534,26.650117512183115,-6.293501800787581
2016-11-25 02:00:00,20.381851296922214,24.627727365060252,-4.245876068138038
2016-11-25 03:00:00,19.537547650415963,22.148599992047526,-2.611052341631563
2016-11-25 04:00:00,19.563604084466657,22.51576597736522,-2.9521618928985625
2016-11-25 05:00:00,19.263176461524353,21.520867463588203,-2.2576910020638508
2016-11-25 06:00:00,24.568286698484883,20.79951929017879,3.7687674083060934
2016-11-25 07:00:00,25.36698442683971,25.36698442683971,0.0
2016-11-25 08:00:00,24.642382594902422,25.56239409930606,-0.9200115044036394
2016-11-25 09:00:00,24.67984060026742,25.42478376347283,-0.7449431632054129
2016-11-25 10:00:00,25.797694587141272,25.75372963182631,0.04396495531496214
2016-11-25 11:00:00,27.443920252067826,26.767357515391602,0.6765627366762246
2016-11-25 12:00:00,26.030533447168892,29.325534303719778,-3.2950008565508853
2016-11-25 13:00:00,30.081146134493892,28.08223341154099,1.9989127229529018
2016-11-25 14:00:00,30.56388179172121,29.470325710435556,1.093556081285655
2016-11-25 15:00:00,28.25730202806855,29.67139229941835,-1.4140902713497994
2016-11-25 16:00:00,29.044597949931937,31.447285140640485,-2.402687190708548
2016-11-25 17:00:00,30.742965903046528,38.204705490585695,-7.461739587539167
2016-11-25 18:00:00,29.657616609136763,35.34463575365035,-5.687019144513588
2016-11-25 19:00:00,29.104829999056445,29.901182713049103,-0.7963527139926576
2016-11-25 20:00:00,24.668439028953117,27.186637103022246,-2.5181980740691294
2016-11-25 21:00:00,25.251385753573466,24.558526457112826,0.6928592964606395
2016-11-25 22:00:00,24.514561501797868,23.667825045287756,0.8467364565101114
2016-11-25 23:00:00,25.947498157903308,24.162841492172404,1.7846566657309033
2016-11-26 00:00:00,24.19783768617692,22.871589495399185,1.3262481907777364
2016-11-26 01:00:00,21.280701722851056,22.0867265154683,-0.8060247926172437
2016-11-26 02:00:00,20.122135704978554,20.356615711395534,-0.2344800064169803
2016-11-26 03:00:00,19.348673929256194,20.381851296922214,-1.0331773676660205
2016-11-26 04:00:00,19.458586868202264,19.537547650415963,-0.07896078221369862
2016-11-26 05:00:00,19.298202023991266,19.563604084466657,-0.2654020604753917
2016-11-26 06:00:00,24.37615968590302,19.263176461524353,5.112983224378667
2016-11-26 07:00:00,24.813347794797927,24.568286698484883,0.2450610963130444
2016-11-26 08:00:00,26.338288501479397,25.36698442683971,0.9713040746396864
2016-11-26 09:00:00,25.93609658658901,24.642382594902422,1.2937139916865874
2016-11-26 10:00:00,28.715681134559325,24.67984060026742,4.035840534291907
2016-11-26 11:00:00,26.935069240312128,25.797694587141272,1.1373746531708555
2016-11-26 12:00:00,29.235962948427055,27.443920252067826,1.7920426963592284
2016-11-26 13:00:00,28.87199135699788,26.030533447168892,2.841457909828989
2016-11-26 14:00:00,31.182615823301916,30.081146134493892,1.1014696888080238
2016-11-26 15:00:00,37.96201920156328,30.56388179172121,7.398137409842068
2016-11-26 16:00:00,34.6370925930967,28.25730202806855,6.379790565028152
2016-11-26 17:00:00,34.18190822465611,29.044597949931937,5.137310274724175
2016-11-26 18:00:00,32.088001833431555,30.742965903046528,1.345035930385027
2016-11-26 19:00:00,28.704279540300913,29.657616609136763,-0.9533370688358502
2016-11-26 20:00:00,27.657238445798445,29.104829999056445,-1.4475915532580004
2016-11-26 21:00:00,26.865868332364705,24.668439028953117,2.197429303411589
2016-11-26 22:00:00,26.440873458398602,25.251385753573466,1.1894877048251367
2016-11-26 23:00:00,29.896199986297574,24.514561501797868,5.381638484499707
2016-11-27 00:00:00,25.537978995197612,25.947498157903308,-0.40951916270569555
2016-11-27 01:00:00,23.03683922540634,24.19783768617692,-1.1609984607705819
2016-11-27 02:00:00,22.378185009994386,21.280701722851056,1.09748328714333
2016-11-27 03:00:00,21.669058522211724,20.122135704978554,1.5469228172331704
2016-11-27 04:00:00,20.10097352518642,19.348673929256194,0.752299595930225
2016-11-27 05:00:00,19.790756659515438,19.458586868202264,0.3321697913131736
2016-11-27 06:00:00,25.124356140530526,19.298202023991266,5.826154116539261
2016-11-27 07:00:00,25.232656750890968,24.37615968590302,0.8564970649879484
2016-11-27 08:00:00,25.389787569468314,24.813347794797927,0.5764397746703871
2016-11-27 09:00:00,27.902299358558597,26.338288501479397,1.5640108570792002
2016-11-27 10:00:00,27.837993163751957,25.93609658658901,1.9018965771629475
2016-11-27 11:00:00,27.107675953702767,28.715681134559325,-1.6080051808565585
2016-11-27 12:00:00,29.036449770420216,26.935069240312128,2.101380530108088
2016-11-27 13:00:00,31.59617994104421,29.235962948427055,2.360216992617154
2016-11-27 14:00:00,38.70326891351641,28.87199135699788,9.831277556518529
2016-11-27 15:00:00,33.61710460189343,31.182615823301916,2.434488778591515
2016-11-27 16:00:00,36.17410906085739,37.96201920156328,-1.7879101407058897
2016-11-27 17:00:00,42.52734521284431,34.6370925930967,7.890252619747606
2016-11-27 18:00:00,37.2530101876302,34.18190822465611,3.0711019629740903
2016-11-27 19:00:00,42.11583138088315,32.088001833431555,10.027829547451596
2016-11-27 20:00:00,37.48983453155807,28.704279540300913,8.785554991257154
2016-11-27 21:00:00,40.10428700692371,27.657238445798445,12.447048561125268
2016-11-27 22:00:00,36.40946791851161,26.865868332364705,9.543599586146904
2016-11-27 23:00:00,35.618977574079565,26.440873458398602,9.178104115680963
2016-11-28 00:00:00,42.98721862341245,29.896199986297574,13.091018637114878
2016-11-28 01:00:00,31.77702267260847,25.537978995197612,6.239043677410859
2016-11-28 02:00:00,27.195605864332688,23.03683922540634,4.158766638926348
2016-11-28 03:00:00,23.817628432496903,22.378185009994386,1.4394434225025172
2016-11-28 04:00:00,21.878302943102018,21.669058522211724,0.20924442089029327
2016-11-28 05:00:00,21.05108660223024,20.10097352518642,0.9501130770438202
2016-11-28 06:00:00,26.491345180110635,19.790756659515438,6.700588520595197
2016-11-28 07:00:00,25.074705083789613,25.124356140530526,-0.04965105674091319
2016-11-28 08:00:00,26.61022651326137,25.232656750890968,1.3775697623704026
2016-11-28 09:00:00,27.819264069293016,25.389787569468314,2.429476499824702
2016-11-28 10:00:00,28.490111381969108,27.902299358558597,0.5878120234105104
2016-11-28 11:00:00,28.950952500581334,27.837993163751957,1.1129593368293769
2016-11-28 12:00:00,38.01917316623521,27.107675953702767,10.911497212532446
2016-11-28 13:00:00,31.28021823702248,29.036449770420216,2.2437684666022655
2016-11-28 14:00:00,28.26134679955226,31.59617994104421,-3.3348331414919485
2016-11-28 15:00:00,28.98676931940478,38.70326891351641,-9.716499594111632
2016-11-28 16:00:00,30.645070538913547,33.61710460189343,-2.9720340629798834
2016-11-28 17:00:00,30.782827533505877,36.17410906085739,-5.391281527351513
2016-11-28 18:00:00,32.0097440587865,42.52734521284431,-10.517601154057807
2016-11-28 19:00:00,36.511466791053095,37.2530101876302,-0.7415433965771072
2016-11-28 20:00:00,31.456957460178238,42.11583138088315,-10.658873920704913
2016-11-28 21:00:00,29.484101400717144,37.48983453155807,-8.005733130840923
2016-11-28 22:00:00,32.43649755299155,40.10428700692371,-7.667789453932166
2016-11-28 23:00:00,33.134954845490945,36.40946791851161,-3.274513073020664
2016-11-29 00:00:00,30.878964277399913,35.618977574079565,-4.740013296679653
2016-11-29 01:00:00,28.774271813589397,42.98721862341245,-14.212946809823055
2016-11-29 02:00:00,26.32281279021899,31.77702267260847,-5.454209882389481
2016-11-29 03:00:00,22.22105419141704,27.195605864332688,-4.9745516729156485
2016-11-29 04:00:00,20.88091324950213,23.817628432496903,-2.9367151829947744
2016-11-29 05:00:00,20.85406533538982,21.878302943102018,-1.0242376077121982
2016-11-29 06:00:00,25.849778820991823,21.05108660223024,4.798692218761584
2016-11-29 07:00:00,27.091408945933637,26.491345180110635,0.6000637658230019
2016-11-29 08:00:00,27.352736866462923,25.074705083789613,2.2780317826733096
2016-11-29 09:00:00,29.00388636006968,26.61022651326137,2.3936598468083083
2016-11-29 10:00:00,31.068599926606012,27.819264069293016,3.249335857312996
2016-11-29 11:00:00,30.678777090313034,28.490111381969108,2.188665708343926
2016-11-29 12:00:00,35.55215037210543,28.950952500581334,6.601197871524096
2016-11-29 13:00:00,28.948519770881862,38.01917316623521,-9.07065339535335
2016-11-29 14:00:00,32.33713670258493,31.28021823702248,1.0569184655624468
2016-11-29 15:00:00,31.93734841278889,28.26134679955226,3.676001613236629
2016-11-29 16:00:00,35.15412106965412,28.98676931940478,6.167351750249338
2016-11-29 17:00:00,33.041455940178885,30.645070538913547,2.396385401265338
2016-11-29 18:00:00,32.29375801520058,30.782827533505877,1.5109304816947038
2016-11-29 19:00:00,35.12305217328372,32.0097440587865,3.1133081144972152
2016-11-29 20:00:00,33.74313752274376,36.511466791053095,-2.768329268309337
2016-11-29 21:00:00,34.23173512506563,31.456957460178238,2.774777664887395
2016-11-29 22:00:00,38.49047825079161,29.484101400717144,9.006376850074467
2016-11-29 23:00:00,34.37242327575813,32.43649755299155,1.9359257227665836
2016-11-30 00:00:00,34.91055482807711,33.134954845490945,1.775599982586165
2016-11-30 01:00:00,32.18882817011182,30.878964277399913,1.3098638927119062
2016-11-30 02:00:00,30.857568067673043,28.774271813589397,2.0832962540836455
2016-11-30 03:00:00,25.76184854325612,26.32281279021899,-0.5609642469628682
2016-11-30 04:00:00,22.80400054893161,22.22105419141704,0.5829463575145724
2016-11-30 05:00:00,23.207833793764244,20.88091324950213,2.3269205442621157
2016-11-30 06:00:00,26.813755280710424,20.85406533538982,5.959689945320605
2016-11-30 07:00:00,27.862408451413298,25.849778820991823,2.0126296304214755
2016-11-30 08:00:00,28.369647272248038,27.091408945933637,1.2782383263144013
2016-11-30 09:00:00,27.86158769466573,27.352736866462923,0.5088508282028066
2016-11-30 10:00:00,29.83025246154869,29.00388636006968,0.8263661014790102
2016-11-30 11:00:00,28.416044991678636,31.068599926606012,-2.6525549349273767
2016-11-30 12:00:00,30.62074317308651,30.678777090313034,-0.05803391722652407
2016-11-30 13:00:00,31.58386978292448,35.55215037210543,-3.9682805891809494
2016-11-30 14:00:00,32.87350981821785,28.948519770881862,3.924990047335985
2016-11-30 15:00:00,30.22828231465867,32.33713670258493,-2.1088543879262573
2016-11-30 16:00:00,33.20412675208175,31.93734841278889,1.266778339292859
2016-11-30 17:00:00,36.014662539019994,35.15412106965412,0.8605414693658773
2016-11-30 18:00:00,35.73533835894503,33.041455940178885,2.693882418766144
2016-11-30 19:00:00,37.3060613781052,32.29375801520058,5.012303362904618
2016-11-30 20:00:00,35.31942953658607,35.12305217328372,0.19637736330235356
2016-11-30 21:00:00,36.67648230757263,33.74313752274376,2.9333447848288685
2016-11-30 22:00:00,34.914072068555,34.23173512506563,0.6823369434893678
2016-11-30 23:00:00,34.2496142778675,38.49047825079161,-4.24086397292411
2016-12-01 00:00:00,36.12135082079481,34.37242327575813,1.748927545036679
2016-12-01 01:00:00,34.72091899531812,34.91055482807711,-0.189635832758988
2016-12-01 02:00:00,31.82597035467496,32.18882817011182,-0.3628578154368576
2016-12-01 03:00:00,27.00509099678356,30.857568067673043,-3.8524770708894813
2016-12-01 04:00:00,24.428243552647793,25.76184854325612,-1.333604990608329
2016-12-01 05:00:00,21.86443956042724,22.80400054893161,-0.9395609885043719
2016-12-01 06:00:00,25.447586906101435,23.207833793764244,2.2397531123371905
2016-12-01 07:00:00,25.689394343886608,26.813755280710424,-1.124360936823816
2016-12-01 08:00:00,29.863665878982868,27.862408451413298,2.00125742756957
2016-12-01 09:00:00,28.36314045996274,28.369647272248038,-0.00650681228529848
2016-12-01 10:00:00,27.039295710726467,27.86158769466573,-0.8222919839392624
2016-12-01 11:00:00,28.248333174981667,29.83025246154869,-1.5819192865670217
2016-12-01 12:00:00,28.549552048544477,28.416044991678636,0.13350705686584163
2016-12-01 13:00:00,29.609548191301524,30.62074317308651,-1.0111949817849855
2016-12-01 14:00:00,29.21966657219553,31.58386978292448,-2.3642032107289523
2016-12-01 15:00:00,29.68135770703319,32.87350981821785,-3.192152111184658
2016-12-01 16:00:00,34.12240882115596,30.22828231465867,3.8941265064972868
2016-12-01 17:00:00,37.11525300948499,33.20412675208175,3.9111262574032395
2016-12-01 18:00:00,39.45301859269897,36.014662539019994,3.438356053678973
2016-12-01 19:00:00,37.93446717856499,35.73533835894503,2.1991288196199577
2016-12-01 20:00:00,33.9304282837803,37.3060613781052,-3.375633094324897
2016-12-01 21:00:00,32.43063560789699,35.31942953658607,-2.8887939286890827
2016-12-01 22:00:00,37.56574760158646,36.67648230757263,0.8892652940138319
2016-12-01 23:00:00,35.5328061001357,34.914072068555,0.6187340315807006
2016-12-02 00:00:00,34.32845832044317,34.2496142778675,0.07884404257566757
2016-12-02 01:00:00,32.6815292808422,36.12135082079481,-3.439821539952611
2016-12-02 02:00:00,32.45906648213253,34.72091899531812,-2.2618525131855947
2016-12-02 03:00:00,26.672099989840596,31.82597035467496,-5.153870364834365
2016-12-02 04:00:00,23.477309994185738,27.00509099678356,-3.5277810025978233
2016-12-02 05:00:00,24.60087945094794,24.428243552647793,0.1726358983001468
2016-12-02 06:00:00,26.582528565715542,21.86443956042724,4.718089005288302
2016-12-02 07:00:00,27.53917768584239,25.447586906101435,2.0915907797409545
2016-12-02 08:00:00,26.559754791549334,25.689394343886608,0.8703604476627262
2016-12-02 09:00:00,25.958079064246487,29.863665878982868,-3.905586814736381
2016-12-02 10:00:00,25.629953677311242,28.36314045996274,-2.7331867826514973
2016-12-02 11:00:00,27.706918871001754,27.039295710726467,0.6676231602752871
2016-12-02 12:00:00,30.132438612953496,28.248333174981667,1.8841054379718294
2016-12-02 13:00:00,34.63885102978276,28.549552048544477,6.089298981238279
2016-12-02 14:00:00,31.958451672103344,29.609548191301524,2.3489034808018197
2016-12-02 15:00:00,31.68176514705746,29.21966657219553,2.4620985748619333
2016-12-02 16:00:00,33.90199777665054,29.68135770703319,4.22064006961735
2016-12-02 17:00:00,36.29867612832829,34.12240882115596,2.1762673071723313
2016-12-02 18:00:00,34.313803090601,37.11525300948499,-2.801449918883989
2016-12-02 19:00:00,33.352435284554865,39.45301859269897,-6.1005833081441025
2016-12-02 20:00:00,35.81535420317036,37.93446717856499,-2.1191129753946285
2016-12-02 21:00:00,33.12440349116306,33.9304282837803,-0.8060247926172437
2016-12-02 22:00:00,34.72033272738751,32.43063560789699,2.289697119490519
2016-12-02 23:00:00,34.78276310343495,37.56574760158646,-2.7829844981515066
2016-12-03 00:00:00,35.87954338300963,35.5328061001357,0.34673728287393146
2016-12-03 01:00:00,30.54922674543193,34.32845832044317,-3.779231575011238
2016-12-03 02:00:00,29.589324287994767,32.6815292808422,-3.0922049928474316
2016-12-03 03:00:00,24.80848217479021,32.45906648213253,-7.650584307342317
2016-12-03 04:00:00,20.41602737661428,26.672099989840596,-6.256072613226316
2016-12-03 05:00:00,19.504193153459468,23.477309994185738,-3.97311684072627
2016-12-03 06:00:00,24.43803316248225,24.60087945094794,-0.1628462884656905
2016-12-03 07:00:00,25.38084780951449,26.582528565715542,-1.2016807562010534
2016-12-03 08:00:00,24.916753416688255,27.53917768584239,-2.622424269154134
2016-12-03 09:00:00,26.7331528014487,26.559754791549334,0.1733980098993655
2016-12-03 10:00:00,29.511945915245626,25.958079064246487,3.553866850999139
2016-12-03 11:00:00,34.37242327575813,25.629953677311242,8.742469598446888
2016-12-03 12:00:00,40.22240622847523,27.706918871001754,12.515487357473475
2016-12-03 13:00:00,40.11307992456555,30.132438612953496,9.98064131161205
2016-12-03 14:00:00,41.196084559746865,34.63885102978276,6.557233529964108
2016-12-03 15:00:00,35.49675484411955,31.958451672103344,3.5383031720162066
2016-12-03 16:00:00,45.15293420915112,31.68176514705746,13.471169062093658
2016-12-03 17:00:00,41.45577078322813,33.90199777665054,7.553773006577593
2016-12-03 18:00:00,36.33472738434445,36.29867612832829,0.036051256016158106
2016-12-03 19:00:00,34.51486986313668,34.313803090601,0.2010667725356825
2016-12-03 20:00:00,40.34287052174919,33.352435284554865,6.990435237194326
2016-12-03 21:00:00,42.40336331198668,35.81535420317036,6.588009108816323
2016-12-03 22:00:00,37.500386620097515,33.12440349116306,4.3759831289344575
2016-12-03 23:00:00,34.468559836099274,34.72033272738751,-0.2517728912882333
2016-12-04 00:00:00,36.98101343892344,34.78276310343495,2.1982503354884884
2016-12-04 01:00:00,34.317027380666474,35.87954338300963,-1.562516002343159
2016-12-04 02:00:00,30.411469842616043,30.54922674543193,-0.13775690281588737
2016-12-04 03:00:00,26.964379332890694,29.589324287994767,-2.6249449551040733
2016-12-04 04:00:00,22.03947853316307,24.80848217479021,-2.7690036416271404
2016-12-04 05:00:00,20.024445185870796,20.41602737661428,-0.39158219074348466
2016-12-04 06:00:00,25.67720129251069,19.504193153459468,6.173008139051223
2016-12-04 07:00:00,26.01262492590463,24.43803316248225,1.5745917634223794
2016-12-04 08:00:00,25.343389804149492,25.38084780951449,-0.03745800536499644
2016-12-04 09:00:00,25.133324901840968,24.916753416688255,0.21657148515271274
2016-12-04 10:00:00,30.65562207679433,26.7331528014487,3.9224692753456303
2016-12-04 11:00:00,37.14221839744688,29.511945915245626,7.630272482201256
2016-12-04 12:00:00,34.129150351699316,34.37242327575813,-0.2432729240588145
2016-12-04 13:00:00,34.00780684008233,40.22240622847523,-6.214599388392898
2016-12-04 14:00:00,36.026973064245496,40.11307992456555,-4.086106860320051
2016-12-04 15:00:00,36.94701357000576,41.196084559746865,-4.2490709897411065
2016-12-04 16:00:00,35.159983014748676,35.49675484411955,-0.3367718293708748
2016-12-04 17:00:00,38.70473439979005,45.15293420915112,-6.448199809361071
2016-12-04 18:00:00,39.132953747374515,41.45577078322813,-2.3228170358536175
2016-12-04 19:00:00,40.01694299711862,36.33472738434445,3.682215612774172
2016-12-04 20:00:00,40.368956324262285,34.51486986313668,5.854086461125604
2016-12-04 21:00:00,38.408410285256245,40.34287052174919,-1.9344602364929457
2016-12-04 22:00:00,37.46550716573103,42.40336331198668,-4.937856146255648
2016-12-04 23:00:00,37.911606033223144,37.500386620097515,0.4112194131256288
2016-12-05 00:00:00,34.38971616062939,34.468559836099274,-0.07884367546988358
2016-12-05 01:00:00,34.41550901273006,36.98101343892344,-2.565504426193378
2016-12-05 02:00:00,28.269494987668025,34.317027380666474,-6.047532392998448
2016-12-05 03:00:00,24.175855392072332,30.411469842616043,-6.235614450543711
2016-12-05 04:00:00,24.640741264960177,26.964379332890694,-2.323638067930517
2016-12-05 05:00:00,22.555686528302253,22.03947853316307,0.5162079951391831
2016-12-05 06:00:00,27.235496863254433,20.024445185870796,7.211051677383637
2016-12-05 07:00:00,27.68898116482798,25.67720129251069,2.0117798723172875
2016-12-05 08:00:00,28.048028605821642,26.01262492590463,2.035403679917014
2016-12-05 09:00:00,30.015784785899175,25.343389804149492,4.672394981749683
2016-12-05 10:00:00,30.755862329096868,25.133324901840968,5.6225374272558994
2016-12-05 11:00:00,29.542721402321387,30.65562207679433,-1.112900674472943
2016-12-05 12:00:00,29.40291269941303,37.14221839744688,-7.739305698033853
2016-12-05 13:00:00,34.955399001735096,34.129150351699316,0.8262486500357795
2016-12-05 14:00:00,39.379743544805436,34.00780684008233,5.371936704723105
2016-12-05 15:00:00,36.76792982578622,36.026973064245496,0.7409567615407227
2016-12-05 16:00:00,31.777608940539082,36.94701357000576,-5.169404629466676
2016-12-05 17:00:00,32.81020022382738,35.159983014748676,-2.349782790921296
2016-12-05 18:00:00,32.45173905076433,38.70473439979005,-6.252995349025717
2016-12-05 19:00:00,35.67935619592276,39.132953747374515,-3.4535975514517574
2016-12-05 20:00:00,35.71657998780013,40.01694299711862,-4.300363009318488
2016-12-05 21:00:00,38.50190919056831,40.368956324262285,-1.8670471336939727
2016-12-05 22:00:00,37.119356517893486,38.408410285256245,-1.2890537673627591
2016-12-05 23:00:00,34.04620280071515,37.46550716573103,-3.4193043650158828
2016-12-06 00:00:00,33.45824434798665,37.911606033223144,-4.453361685236494
2016-12-06 01:00:00,32.18062152040059,34.38971616062939,-2.2090946402287983
2016-12-06 02:00:00,32.64313332020938,34.41550901273006,-1.7723756925206828
2016-12-06 03:00:00,24.065151340170424,28.269494987668025,-4.204343647497602
2016-12-06 04:00:00,20.66190895434556,24.175855392072332,-3.513946437726773
2016-12-06 05:00:00,20.470572687613753,24.640741264960177,-4.170168577346423
2016-12-06 06:00:00,25.11216308915461,22.555686528302253,2.5564765608523565
2016-12-06 07:00:00,26.26744608003684,27.235496863254433,-0.968050783217592
2016-12-06 08:00:00,25.83187029972756,27.68898116482798,-1.8571108651004202
2016-12-06 09:00:00,26.425427115600595,28.048028605821642,-1.6226014902210473
2016-12-06 10:00:00,27.949547065534496,30.015784785899175,-2.066237720364679
2016-12-06 11:00:00,31.73364398522412,30.755862329096868,0.9777816561272523
2016-12-06 12:00:00,27.747601166432226,29.542721402321387,-1.7951202358891614
2016-12-06 13:00:00,26.455528321134995,29.40291269941303,-2.9473843782780342
2016-12-06 14:00:00,28.19622003155094,34.955399001735096,-6.759178970184156
2016-12-06 15:00:00,29.337551396706534,39.379743544805436,-10.042192148098902
2016-12-06 16:00:00,34.71124685933326,36.76792982578622,-2.0566829664529607
2016-12-06 17:00:00,36.85585973641614,31.777608940539082,5.078250795877061
2016-12-06 18:00:00,41.197842996432925,32.81020022382738,8.387642772605545
2016-12-06 19:00:00,38.93511089779852,32.45173905076433,6.483371847034192
2016-12-06 20:00:00,35.19222371276874,35.67935619592276,-0.4871324831540207
2016-12-06 21:00:00,39.19567670672859,35.71657998780013,3.47909671892846
2016-12-06 22:00:00,38.83662963284071,38.50190919056831,0.33472044227239905
2016-12-06 23:00:00,39.12152280759782,37.119356517893486,2.002166289704334
2016-12-07 00:00:00,36.203418786330175,34.04620280071515,2.157215985615025
2016-12-07 01:00:00,32.70996015507774,33.45824434798665,-0.7482841929089119
2016-12-07 02:00:00,33.55174325329872,32.18062152040059,1.371121732898125
2016-12-07 03:00:00,25.08853946510777,32.64313332020938,-7.554593855101608
2016-12-07 04:00:00,21.996334059266342,24.065151340170424,-2.0688172809040815
2016-12-07 05:00:00,20.981885694282816,20.66190895434556,0.31997673993725684
2016-12-07 06:00:00,25.913293260407514,20.470572687613753,5.44272057279376
2016-12-07 07:00:00,27.866482499582958,25.11216308915461,2.754319410428348
2016-12-07 08:00:00,27.40159662669511,26.26744608003684,1.1341505466582689
2016-12-07 09:00:00,27.313666532512297,25.83187029972756,1.4817962327847383
2016-12-07 10:00:00,30.648587779391438,26.425427115600595,4.223160663790843
2016-12-07 11:00:00,31.225701560273848,27.949547065534496,3.2761544947393517
2016-12-07 12:00:00,33.01126662925729,31.73364398522412,1.2776226440331726
2016-12-07 13:00:00,28.96806953891597,27.747601166432226,1.2204683724837437
2016-12-07 14:00:00,28.860560463109405,26.455528321134995,2.4050321419744094
2016-12-07 15:00:00,30.638036057957766,28.19622003155094,2.4418160264068263
2016-12-07 16:00:00,34.54271446944161,29.337551396706534,5.205163072735079
2016-12-07 17:00:00,37.270888973326294,34.71124685933326,2.5596421139930357
2016-12-07 18:00:00,31.728954208885007,36.85585973641614,-5.126905527531136
2016-12-07 19:00:00,34.45712926342836,41.197842996432925,-6.7407137330045686
2016-12-07 20:00:00,40.50407548027264,38.93511089779852,1.5689645824741163
2016-12-07 21:00:00,37.8562097710257,35.19222371276874,2.6639860582569668
2016-12-07 22:00:00,35.900646825876976,39.19567670672859,-3.295029880851615
2016-12-07 23:00:00,33.49957128116675,38.83662963284071,-5.33705835167396
2016-12-08 00:00:00,31.226580962169766,39.12152280759782,-7.894941845428054
2016-12-08 01:00:00,30.155886576884615,36.203418786330175,-6.04753220944556
2016-12-08 02:00:00,31.82245311419707,32.70996015507774,-0.8875070408806671
2016-12-08 03:00:00,23.00345535998745,33.55174325329872,-10.548287893311269
2016-12-08 04:00:00,20.84591705549761,25.08853946510777,-4.2426224096101635
2016-12-08 05:00:00,20.463245256245553,21.996334059266342,-1.5330888030207888
2016-12-08 06:00:00,25.902712537617226,20.981885694282816,4.92082684333441
2016-12-08 07:00:00,28.17259613217477,25.913293260407514,2.2593028717672574
2016-12-08 08:00:00,28.118079547202584,27.866482499582958,0.25159704761962587
2016-12-08 09:00:00,27.70935158922917,27.40159662669511,0.30775496253405876
2016-12-08 10:00:00,27.886852923984144,27.313666532512297,0.5731863914718467
2016-12-08 11:00:00,28.498259570084873,30.648587779391438,-2.150328209306565
2016-12-08 12:00:00,29.88652766675982,31.225701560273848,-1.339173893514026
2016-12-08 13:00:00,32.76213176010392,33.01126662925729,-0.24913486915337302
2016-12-08 14:00:00,32.548754829448505,28.96806953891597,3.5806852905325357
2016-12-08 15:00:00,28.948490459779745,28.860560463109405,0.08792999667033996
2016-12-08 16:00:00,34.04268556023726,30.638036057957766,3.4046495022794936
2016-12-08 17:00:00,37.88083008726516,34.54271446944161,3.338115617823547
2016-12-08 18:00:00,40.6007983085444,37.270888973326294,3.3299093352181046
2016-12-08 19:00:00,34.97650244460244,31.728954208885007,3.2475482357174315
2016-12-08 20:00:00,34.64617846115095,34.45712926342836,0.18904919772259632
2016-12-08 21:00:00,34.59723077908446,40.50407548027264,-5.906844701188177
2016-12-08 22:00:00,35.943732562848915,37.8562097710257,-1.9124772081767887
2016-12-08 23:00:00,36.10845439474447,35.900646825876976,0.2078075688674943
2016-12-09 00:00:00,33.20647145669842,33.49957128116675,-0.29309982446833516
2016-12-09 01:00:00,35.09315617988032,31.226580962169766,3.866575217710551
2016-12-09 02:00:00,30.240592472778395,30.155886576884615,0.08470589589378008
2016-12-09 03:00:00,25.505386242734556,31.82245311419707,-6.317066871462515
2016-12-09 04:00:00,22.70874320693349,23.00345535998745,-0.2947121530539576
2016-12-09 05:00:00,21.902718414316247,20.84591705549761,1.056801358818639
2016-12-09 06:00:00,27.246077769597612,20.463245256245553,6.782832513352059
2016-12-09 07:00:00,27.632823158137104,25.902712537617226,1.730110620519877
2016-12-09 08:00:00,26.301650977532635,28.17259613217477,-1.8709451546421363
2016-12-09 09:00:00,27.679220923455922,28.118079547202584,-0.4388586237466612
2016-12-09 10:00:00,29.4767738775725,27.70935158922917,1.767422288343333
2016-12-09 11:00:00,34.34311318317957,27.886852923984144,6.456260259195425
2016-12-09 12:00:00,32.61792673603931,28.498259570084873,4.119667165954436
2016-12-09 13:00:00,36.837687266096076,29.88652766675982,6.951159599336254
2016-12-09 14:00:00,40.67084943347823,32.76213176010392,7.908717673374312
2016-12-09 15:00:00,40.69048665586037,32.548754829448505,8.141731826411863
2016-12-09 16:00:00,36.93147912182056,28.948490459779745,7.982988662040814
2016-12-09 17:00:00,42.94237444975447,34.04268556023726,8.899688889517208
2016-12-09 18:00:00,40.1418037492135,37.88083008726516,2.2609736619483414
2016-12-09 19:00:00,41.903628087406304,40.6007983085444,1.3028297788619057
2016-12-09 20:00:00,40.16290645786928,34.97650244460244,5.186404013266845
2016-12-09 21:00:00,41.29925523393801,34.64617846115095,6.65307677278706
2016-12-09 22:00:00,40.861364117474466,34.59723077908446,6.264133338390003
2016-12-09 23:00:00,35.21918910073064,35.943732562848915,-0.7245434621182767
2016-12-10 00:00:00,34.3293375387862,36.10845439474447,-1.7791168559582715
2016-12-10 01:00:00,38.73404412526284,33.20647145669842,5.527572668564424
2016-12-10 02:00:00,32.05458841599738,35.09315617988032,-3.038567763882938
2016-12-10 03:00:00,26.360270979136878,30.240592472778395,-3.8803214936415173
2016-12-10 04:00:00,22.068788992847416,25.505386242734556,-3.4365972498871393
2016-12-10 05:00:00,20.50152411013456,22.70874320693349,-2.20721909679893
2016-12-10 06:00:00,25.639743287145695,21.902718414316247,3.7370248728294477
2016-12-10 07:00:00,29.25217137988017,27.246077769597612,2.0060936102825586
2016-12-10 08:00:00,31.034307290828803,27.632823158137104,3.4014841326916994
2016-12-10 09:00:00,29.075490687152204,26.301650977532635,2.773839709619569
2016-12-10 10:00:00,30.63070862658957,27.679220923455922,2.9514877031336475
2016-12-10 11:00:00,33.99227239189713,29.4767738775725,4.51549851432463
2016-12-10 12:00:00,35.06120806516689,34.34311318317957,0.7180948819873194
2016-12-10 13:00:00,39.995253653426445,32.61792673603931,7.377326917387137
2016-12-10 14:00:00,39.018058448782696,36.837687266096076,2.1803711826866206
2016-12-10 15:00:00,41.52816697988441,40.67084943347823,0.8573175464061791
2016-12-10 16:00:00,42.39369080889603,40.69048665586037,1.7032041530356636
2016-12-10 17:00:00,45.89945996537398,36.93147912182056,8.96798084355342
2016-12-10 18:00:00,38.04115619455136,42.94237444975447,-4.901218255203105
2016-12-10 19:00:00,40.53162676905937,40.1418037492135,0.38982301984587053
2016-12-10 20:00:00,38.15839583065407,41.903628087406304,-3.7452322567522316
2016-12-10 21:00:00,39.8267212635348,40.16290645786928,-0.33618519433448313
2016-12-10 22:00:00,34.85457266505484,41.29925523393801,-6.444682568883174
2016-12-10 23:00:00,38.42365104881747,40.861364117474466,-2.437713068656997
2016-12-11 00:00:00,35.54980603459454,35.21918910073064,0.3306169338639009
2016-12-11 01:00:00,34.63152359841456,34.3293375387862,0.30218605962836165
2016-12-11 02:00:00,32.31749911309701,38.73404412526284,-6.416545012165834
2016-12-11 03:00:00,27.303877106230736,32.05458841599738,-4.750711309766643
2016-12-11 04:00:00,26.022385167276685,26.360270979136878,-0.3378858118601933
2016-12-11 05:00:00,22.236529902677447,22.068788992847416,0.1677409098300302
2016-12-11 06:00:00,26.066350306144535,20.50152411013456,5.5648261960099745
2016-12-11 07:00:00,27.617347538653142,25.639743287145695,1.9776042515074472
2016-12-11 08:00:00,27.468364724638672,29.25217137988017,-1.7838066552414986
2016-12-11 09:00:00,29.406136805925616,31.034307290828803,-1.6281704849031868
2016-12-11 10:00:00,31.64014507991206,29.075490687152204,2.5646543927598557
2016-12-11 11:00:00,35.02545012666893,30.63070862658957,4.394741500079359
2016-12-11 12:00:00,39.84196202709603,33.99227239189713,5.849689635198899
2016-12-11 13:00:00,36.704326546771775,35.06120806516689,1.643118481604887
2016-12-11 14:00:00,41.57857941401298,39.995253653426445,1.5833257605865327
2016-12-11 15:00:00,36.47131202662844,39.018058448782696,-2.546746422154257
2016-12-11 16:00:00,37.64547122961093,41.52816697988441,-3.882695750273477
2016-12-11 17:00:00,37.94736360461532,42.39369080889603,-4.446327204280713
2016-12-11 18:00:00,44.662871487661384,45.89945996537398,-1.2365884777125942
2016-12-11 19:00:00,49.37181515375907,38.04115619455136,11.33065895920771
2016-12-11 20:00:00,41.5428218426208,40.53162676905937,1.0111950735614315
2016-12-11 21:00:00,42.46462151927868,38.15839583065407,4.3062256886246075
2016-12-11 22:00:00,39.98704663660944,39.8267212635348,0.16032537307464167
2016-12-11 23:00:00,38.70473439979005,34.85457266505484,3.8501617347352095
2016-12-12 00:00:00,38.847180987168606,38.42365104881747,0.4235299383511375
2016-12-12 01:00:00,35.862543448550795,35.54980603459454,0.3127374139562562
2016-12-12 02:00:00,31.020531646435437,34.63152359841456,-3.6109919519791234
2016-12-12 03:00:00,26.214541548320945,32.31749911309701,-6.102957564776062
2016-12-12 04:00:00,22.302477519202778,27.303877106230736,-5.001399587027958
2016-12-12 05:00:00,23.29168993155384,26.022385167276685,-2.7306952357228447
2016-12-12 06:00:00,27.990229360964964,22.236529902677447,5.753699458287517
2016-12-12 07:00:00,29.4882048173492,26.066350306144535,3.421854511204664
2016-12-12 08:00:00,28.985157270450507,27.617347538653142,1.3678097317973652
2016-12-12 09:00:00,30.411469842616043,27.468364724638672,2.943105117977371
2016-12-12 10:00:00,29.98647478509705,29.406136805925616,0.5803379791714356
2016-12-12 11:00:00,30.620450039121206,31.64014507991206,-1.0196950407908538
2016-12-12 12:00:00,31.254425384921802,35.02545012666893,-3.7710247417471265
2016-12-12 13:00:00,31.8884007307224,39.84196202709603,-7.953561296373632
2016-12-12 14:00:00,32.522376076522995,36.704326546771775,-4.181950470248779
2016-12-12 15:00:00,33.156351238770704,41.57857941401298,-8.422228175242275
2016-12-12 16:00:00,33.790326768124196,36.47131202662844,-2.6809852585042435
2016-12-12 17:00:00,34.4243019303719,37.64547122961093,-3.221169299239037
2016-12-12 18:00:00,35.058277092619605,37.94736360461532,-2.889086511995714
2016-12-12 19:00:00,35.24351646655768,44.662871487661384,-9.419355021103705
2016-12-12 20:00:00,35.44897969791428,49.37181515375907,-13.92283545584479
2016-12-12 21:00:00,40.69546974971768,41.5428218426208,-0.8473520929031224
2016-12-12 22:00:00,38.596580631741595,42.46462151927868,-3.8680408875370844
2016-12-12 23:00:00,40.725365376015304,39.98704663660944,0.7383187394058623
2016-12-13 00:00:00,35.23618903518948,38.70473439979005,-3.4685453646005655
2016-12-13 01:00:00,34.91319285021197,38.847180987168606,-3.9339881369566356
2016-12-13 02:00:00,30.176403568268455,35.862543448550795,-5.68613988028234
2016-12-13 03:00:00,26.57112699440124,31.020531646435437,-4.449404652034197
2016-12-13 04:00:00,23.71829695055268,26.214541548320945,-2.496244597768264
2016-12-13 05:00:00,23.419510657552618,22.302477519202778,1.1170331383498393
2016-12-13 06:00:00,26.2813098298174,23.29168993155384,2.989619898263559
2016-12-13 07:00:00,28.886617046296823,27.990229360964964,0.8963876853318595
2016-12-13 08:00:00,29.22693545019182,29.4882048173492,-0.2612693671573787
2016-12-13 09:00:00,31.97633064135232,28.985157270450507,2.9911733709018122
2016-12-13 10:00:00,30.78106891326693,30.411469842616043,0.3695990706508887
2016-12-13 11:00:00,31.820108409580403,29.98647478509705,1.833633624483351
2016-12-13 12:00:00,31.121651117081004,30.620450039121206,0.5012010779597986
2016-12-13 13:00:00,28.008958455423908,31.254425384921802,-3.245466929497894
2016-12-13 14:00:00,28.648912944839317,31.8884007307224,-3.2394877858830817
2016-12-13 15:00:00,30.584105649139747,32.522376076522995,-1.938270427383248
2016-12-13 16:00:00,33.3799865733416,33.156351238770704,0.22363533457089346
2016-12-13 17:00:00,34.67695404000316,33.790326768124196,0.8866272718789645
2016-12-13 18:00:00,33.92398007075513,34.4243019303719,-0.5003218596167684
2016-12-13 19:00:00,35.27370577747927,35.058277092619605,0.21542868485966693
2016-12-13 20:00:00,32.78645912593096,35.24351646655768,-2.4570573406267187
2016-12-13 21:00:00,34.37828522085269,35.44897969791428,-1.0706944770615934
2016-12-13 22:00:00,35.21010323267639,40.69546974971768,-5.485366517041292
2016-12-13 23:00:00,36.56334544566686,38.596580631741595,-2.0332351860747337
2016-12-14 00:00:00,33.93101455171091,40.725365376015304,-6.794350824304395
2016-12-14 01:00:00,30.851119854647877,35.23618903518948,-4.385069180541606
2016-12-14 02:00:00,29.085280228154325,34.91319285021197,-5.827912622057646
2016-12-14 03:00:00,24.94037740784087,30.176403568268455,-5.236026160427585
2016-12-14 04:00:00,24.10665448412491,26.57112699440124,-2.4644725102763303
2016-12-14 05:00:00,23.304703464347988,23.71829695055268,-0.41359348620469305
2016-12-14 06:00:00,27.458575298357108,23.419510657552618,4.03906464080449
2016-12-14 07:00:00,30.070301370871363,26.2813098298174,3.7889915410539636
2016-12-14 08:00:00,37.77003829708184,28.886617046296823,8.883421250785016
2016-12-14 09:00:00,37.55842017021826,29.22693545019182,8.331484720026442
2016-12-14 10:00:00,33.72760307455856,31.97633064135232,1.751272433206239
2016-12-14 11:00:00,30.173765729686483,30.78106891326693,-0.6073031835804485
2016-12-14 12:00:00,30.04597409682077,31.820108409580403,-1.7741343127596316
2016-12-14 13:00:00,32.92802649496648,31.121651117081004,1.8063753778854768
2016-12-14 14:00:00,33.27593594659586,28.008958455423908,5.26697749117195
2016-12-14 15:00:00,36.534035720194076,28.648912944839317,7.885122775354759
2016-12-14 16:00:00,37.207579378935826,30.584105649139747,6.623473729796078
2016-12-14 17:00:00,38.813767753287316,33.3799865733416,5.4337811799457185
2016-12-14 18:00:00,38.861835849905,34.67695404000316,4.184881809901839
2016-12-14 19:00:00,35.046553202430495,33.92398007075513,1.1225731316753667
2016-12-14 20:00:00,32.742494170616,35.27370577747927,-2.5312116068632733
2016-12-14 21:00:00,35.59552979370134,32.78645912593096,2.809070667770378
2016-12-14 22:00:00,40.47711009231074,34.37828522085269,6.098824871458049
2016-12-14 23:00:00,40.728003398150165,35.21010323267639,5.517900165473776
2016-12-15 00:00:00,44.36302976554391,36.56334544566686,7.799684319877045
2016-12-15 01:00:00,41.33208256699447,33.93101455171091,7.401068015283563
2016-12-15 02:00:00,30.55391633821815,30.851119854647877,-0.2972035164297253
2016-12-15 03:00:00,26.378179316848254,29.085280228154325,-2.707100911306071
2016-12-15 04:00:00,25.050289612575384,24.94037740784087,0.10991220473451335
2016-12-15 05:00:00,24.653784166216724,24.10665448412491,0.5471296820918141
2016-12-15 06:00:00,27.6898018297991,23.304703464347988,4.385098365451114
2016-12-15 07:00:00,28.56502771391666,27.458575298357108,1.106452415559552
2016-12-15 08:00:00,29.81559750703585,30.070301370871363,-0.2547038638355126
2016-12-15 09:00:00,30.278109306844634,37.77003829708184,-7.491928990237206
2016-12-15 10:00:00,28.423372514823278,37.55842017021826,-9.135047655394985
2016-12-15 11:00:00,32.52266902693541,33.72760307455856,-1.2049340476231478
2016-12-15 12:00:00,33.637328459311966,30.173765729686483,3.463562729625483
2016-12-15 13:00:00,38.483150819423415,30.04597409682077,8.437176722602644
2016-12-15 14:00:00,39.278624257712764,32.92802649496648,6.350597762746283
2016-12-15 15:00:00,39.9445475346739,33.27593594659586,6.668611588078043
2016-12-15 16:00:00,42.473414436920514,36.534035720194076,5.939378716726438
2016-12-15 17:00:00,43.174508650237435,37.207579378935826,5.966929271301609
2016-12-15 18:00:00,40.53485069201906,38.813767753287316,1.7210829387317474
2016-12-15 19:00:00,43.69564173652069,38.861835849905,4.833805886615693
2016-12-15 20:00:00,41.07620616729774,35.046553202430495,6.029652964867246
2016-12-15 21:00:00,33.513640243078314,32.742494170616,0.7711460724623151
2016-12-15 22:00:00,35.45366910714762,35.59552979370134,-0.14186068655371997
2016-12-15 23:00:00,36.130143738436644,40.47711009231074,-4.346966353874095
2016-12-16 00:00:00,34.194218382775844,40.728003398150165,-6.53378501537432
2016-12-16 01:00:00,31.0076352203851,44.36302976554391,-13.355394545158806
2016-12-16 02:00:00,33.46146827094635,41.33208256699447,-7.8706142960481245
2016-12-16 03:00:00,29.68135770703319,30.55391633821815,-0.8725586311849618
2016-12-16 04:00:00,23.915347952961277,26.378179316848254,-2.462831363886977
2016-12-16 05:00:00,22.48320296047034,25.050289612575384,-2.5670866521050435
2016-12-16 06:00:00,27.684115636596704,24.653784166216724,3.0303314703799806
2016-12-16 07:00:00,28.798716354992578,27.6898018297991,1.1089145251934767
2016-12-16 08:00:00,32.56341005929068,28.56502771391666,3.998382345374022
2016-12-16 09:00:00,31.057169170382203,29.81559750703585,1.2415716633463525
2016-12-16 10:00:00,35.658252753055415,30.278109306844634,5.380143446210781
2016-12-16 11:00:00,36.53081179723438,28.423372514823278,8.1074392824111
2016-12-16 12:00:00,50.00110200809079,32.52266902693541,17.47843298115538
2016-12-16 13:00:00,43.33981785138094,33.637328459311966,9.702489392068976
2016-12-16 14:00:00,38.931007389390025,38.483150819423415,0.4478565699666106
2016-12-16 15:00:00,38.08834470572023,39.278624257712764,-1.190279551992532
2016-12-16 16:00:00,40.70748659031921,39.9445475346739,0.7629390556453117
2016-12-16 17:00:00,39.584620141125654,42.473414436920514,-2.8887942957948596
2016-12-16 18:00:00,40.98358684743448,43.174508650237435,-2.1909218028029542
2016-12-16 19:00:00,36.856445637240974,40.53485069201906,-3.6784050547780893
2016-12-16 20:00:00,34.57847240793957,43.69564173652069,-9.11716932858112
2016-12-16 21:00:00,34.25107976414114,41.07620616729774,-6.825126403156602
2016-12-16 22:00:00,36.14655777207065,33.513640243078314,2.632917528992337
2016-12-16 23:00:00,32.9664224555993,35.45366910714762,-2.4872466515483183
2016-12-17 00:00:00,29.07229589747777,36.130143738436644,-7.057847840958875
2016-12-17 01:00:00,35.07263900494358,34.194218382775844,0.878420622167738
2016-12-17 02:00:00,30.56124395313924,31.0076352203851,-0.4463912672458612
2016-12-17 03:00:00,24.91596193662664,33.46146827094635,-8.545506334319708
2016-12-17 04:00:00,21.36373664501086,29.68135770703319,-8.31762106202233
2016-12-17 05:00:00,20.91429711492102,23.915347952961277,-3.001050838040257
2016-12-17 06:00:00,25.7805779130444,22.48320296047034,3.29737495257406
2016-12-17 07:00:00,27.548967295676842,27.684115636596704,-0.13514834091986216
2016-12-17 08:00:00,32.7351667392478,28.798716354992578,3.936450384255224
2016-12-17 09:00:00,28.2173818442373,32.56341005929068,-4.3460282150533835
2016-12-17 10:00:00,27.120718854959314,31.057169170382203,-3.9364503154228885
2016-12-17 11:00:00,31.48304344624422,35.658252753055415,-4.175209306811194
2016-12-17 12:00:00,32.415980745160596,36.53081179723438,-4.114831052073782
2016-12-17 13:00:00,28.056176793937407,50.00110200809079,-21.944925214153383
2016-12-17 14:00:00,32.03172653644398,43.33981785138094,-11.30809131493696
2016-12-17 15:00:00,35.92497419170402,38.931007389390025,-3.0060331976860084
2016-12-17 16:00:00,33.82549843869154,38.08834470572023,-4.262846267028692
2016-12-17 17:00:00,27.28596858496647,40.70748659031921,-13.421518005352745
2016-12-17 18:00:00,29.669926813144713,39.584620141125654,-9.914693327980942
2016-12-17 19:00:00,29.25867819216547,40.98358684743448,-11.724908655269012
2016-12-17 20:00:00,24.613072502323856,36.856445637240974,-12.243373134917118
2016-12-17 21:00:00,22.552433236880162,34.57847240793957,-12.02603917105941
2016-12-17 22:00:00,21.532269034902505,34.25107976414114,-12.718810729238633
2016-12-17 23:00:00,25.187870947051998,36.14655777207065,-10.958686825018653
2016-12-18 00:00:00,21.677998282165547,32.9664224555993,-11.288424173433754
2016-12-18 01:00:00,20.482795107452063,29.07229589747777,-8.589500790025706
2016-12-18 02:00:00,20.730318382231367,35.07263900494358,-14.342320622712215
2016-12-18 03:00:00,19.658862160676335,30.56124395313924,-10.902381792462904
2016-12-18 04:00:00,19.63605828383617,24.91596193662664,-5.27990365279047
2016-12-18 05:00:00,22.584175405251028,21.36373664501086,1.2204387602401674
2016-12-18 06:00:00,25.374311858207907,20.91429711492102,4.460014743286887
2016-12-18 07:00:00,25.927127641725676,25.7805779130444,0.14654972868127558
2016-12-18 08:00:00,25.46795723872618,27.548967295676842,-2.0810100569506638
2016-12-18 09:00:00,26.92448833396895,32.7351667392478,-5.810678405278853
2016-12-18 10:00:00,26.463676601027203,28.2173818442373,-1.7537052432100957
2016-12-18 11:00:00,26.387968926682706,27.120718854959314,-0.7327499282766077
2016-12-18 12:00:00,31.054824282212646,31.48304344624422,-0.42821916403157445
2016-12-18 13:00:00,26.75513527910618,32.415980745160596,-5.660845466054415
2016-12-18 14:00:00,26.00690963956917,28.056176793937407,-2.0492671543682377
2016-12-18 15:00:00,25.72603186783337,32.03172653644398,-6.305694668610613
2016-12-18 16:00:00,26.38064131176162,35.92497419170402,-9.544332879942395
2016-12-18 17:00:00,29.672271609537823,33.82549843869154,-4.153226829153716
2016-12-18 18:00:00,28.41847770990605,27.28596858496647,1.1325091249395811
2016-12-18 19:00:00,25.533084006727496,29.669926813144713,-4.136842806417217
2016-12-18 20:00:00,26.505179561428797,29.25867819216547,-2.7534986307366722
2016-12-18 21:00:00,21.844098229159115,24.613072502323856,-2.7689742731647407
2016-12-18 22:00:00,25.122744179050677,22.552433236880162,2.570310942170515
2016-12-18 23:00:00,25.180543515683798,21.532269034902505,3.648274480781293
2016-12-19 00:00:00,22.749454503720578,25.187870947051998,-2.4384164433314197
2016-12-19 01:00:00,24.385919927275076,21.677998282165547,2.707921645109529
2016-12-19 02:00:00,22.08833810984237,20.482795107452063,1.6055430023903057
2016-12-19 03:00:00,19.336451509417877,20.730318382231367,-1.39386687281349
2016-12-19 04:00:00,20.07327612829926,19.658862160676335,0.4144139676229237
2016-12-19 05:00:00,20.9094314949133,19.63605828383617,1.2733732110771285
2016-12-19 06:00:00,25.34500176562934,22.584175405251028,2.7608263603783136
2016-12-19 07:00:00,27.74598911317593,25.374311858207907,2.3716772549680236
2016-12-19 08:00:00,25.73418014772558,25.927127641725676,-0.19294749400009437
2016-12-19 09:00:00,25.450019716105295,25.46795723872618,-0.01793752262088333
2016-12-19 10:00:00,25.07634641373186,26.92448833396895,-1.8481419202370901
2016-12-19 11:00:00,26.21618287826319,26.463676601027203,-0.2474937227640126
2016-12-19 12:00:00,25.598210774728813,26.387968926682706,-0.7897581519538939
2016-12-19 13:00:00,25.32301947152475,31.054824282212646,-5.731804810687898
2016-12-19 14:00:00,25.462241768837828,26.75513527910618,-1.2928935102683532
2016-12-19 15:00:00,25.077958375211704,26.00690963956917,-0.9289512643574653
2016-12-19 16:00:00,25.820498096875653,25.72603186783337,0.09446622904228263
2016-12-19 17:00:00,26.523117267602572,26.38064131176162,0.14247595584095052
2016-12-19 18:00:00,25.86525416514645,29.672271609537823,-3.8070174443913736
2016-12-19 19:00:00,25.086927136522146,28.41847770990605,-3.331550573383904
2016-12-19 20:00:00,21.08203802475105,25.533084006727496,-4.451045981976446
2016-12-19 21:00:00,23.26888642181946,26.505179561428797,-3.2362931396093373
2016-12-19 22:00:00,24.64156174637841,21.844098229159115,2.7974635172192954
2016-12-19 23:00:00,21.603931754210407,25.122744179050677,-3.51881242484027
2016-12-20 00:00:00,19.724809042990106,25.180543515683798,-5.455734472693692
2016-12-20 01:00:00,19.338093206465903,22.749454503720578,-3.4113612972546754
2016-12-20 02:00:00,19.463451753998424,24.385919927275076,-4.922468173276652
2016-12-20 03:00:00,19.715870017247845,22.08833810984237,-2.3724680925945236
2016-12-20 04:00:00,20.006537031712313,19.336451509417877,0.6700855222944355
2016-12-20 05:00:00,19.502551456411446,20.07327612829926,-0.5707246718878132
2016-12-20 06:00:00,24.89641245252591,20.9094314949133,3.9869809576126123
2016-12-20 07:00:00,26.113597921343985,25.34500176562934,0.7685961557146435
2016-12-20 08:00:00,26.400982459476857,27.74598911317593,-1.3450066536990732
2016-12-20 09:00:00,24.84916447022068,25.73418014772558,-0.885015677504903
2016-12-20 10:00:00,24.688780360221244,25.450019716105295,-0.7612393558840509
2016-12-20 11:00:00,25.97191344556465,25.07634641373186,0.8955670318327904
2016-12-20 12:00:00,26.880523378653987,26.21618287826319,0.6643405003907965
2016-12-20 13:00:00,23.923466864391088,25.598210774728813,-1.6747439103377246
2016-12-20 14:00:00,24.109116295485386,25.32301947152475,-1.2139031760393628
2016-12-20 15:00:00,24.19783768617692,25.462241768837828,-1.2644040826609064
2016-12-20 16:00:00,24.315898537909423,25.077958375211704,-0.7620598373022816
2016-12-20 17:00:00,25.748014161937963,25.820498096875653,-0.07248393493769001
2016-12-20 18:00:00,25.39550303935666,26.523117267602572,-1.1276142282459105
2016-12-20 19:00:00,23.955209399867737,25.86525416514645,-1.9100447652787125
2016-12-20 20:00:00,21.831084329259184,25.086927136522146,-3.2558428072629617
2016-12-20 21:00:00,19.23794087599767,21.08203802475105,-1.8440971487533808
2016-12-20 22:00:00,22.097307238258587,23.26888642181946,-1.1715791835608727
2016-12-20 23:00:00,21.542029643380342,24.64156174637841,-3.0995321029980687
2016-12-21 00:00:00,19.72155575156801,21.603931754210407,-1.8823760026423955
2016-12-21 01:00:00,22.63139401909386,19.724809042990106,2.9065849761037548
2016-12-21 02:00:00,20.118061565032452,19.338093206465903,0.7799683585665491
2016-12-21 03:00:00,18.473448228691524,19.463451753998424,-0.9900035253069
2016-12-21 04:00:00,18.434348526278505,19.715870017247845,-1.2815214909693395
2016-12-21 05:00:00,18.369221758277185,20.006537031712313,-1.637315273435128
2016-12-21 06:00:00,24.185615633444385,19.502551456411446,4.683064177032939
2016-12-21 07:00:00,26.557292796635966,24.89641245252591,1.6608803441100548
2016-12-21 08:00:00,24.8882641726337,26.113597921343985,-1.225333748710284
2016-12-21 09:00:00,24.66111159758492,26.400982459476857,-1.7398708618919372
2016-12-21 10:00:00,24.417662829857505,24.84916447022068,-0.43150164036317307
2016-12-21 11:00:00,24.89884489542399,24.688780360221244,0.21006453520274704
2016-12-21 12:00:00,25.393040860890405,25.97191344556465,-0.5788725846742437
2016-12-21 13:00:00,29.550342013543112,26.880523378653987,2.6698186348891255
2016-12-21 14:00:00,25.658472289828193,23.923466864391088,1.7350054254371052
2016-12-21 15:00:00,25.09100127646825,24.109116295485386,0.9818849809828656
2016-12-21 16:00:00,25.272547566259824,24.19783768617692,1.074709880082903
2016-12-21 17:00:00,26.006118159507555,24.315898537909423,1.690219621598132
2016-12-21 18:00:00,26.427859742051563,25.748014161937963,0.6798455801136001
2016-12-21 19:00:00,23.698776467808568,25.39550303935666,-1.6967265715480941
2016-12-21 20:00:00,20.8149656329768,23.955209399867737,-3.1402437668909364
2016-12-21 21:00:00,20.05211394850712,21.831084329259184,-1.7789703807520638
2016-12-21 22:00:00,20.02198337451032,19.23794087599767,0.7840424985126511
2016-12-21 23:00:00,19.759013756933008,22.097307238258587,-2.3382934813255787
2016-12-22 00:00:00,19.266430487158004,21.542029643380342,-2.275599156222338
2016-12-22 01:00:00,18.99534195815088,19.72155575156801,-0.7262137934171307
2016-12-22 02:00:00,19.38041683183862,22.63139401909386,-3.2509771872552413
2016-12-22 03:00:00,18.976583587005983,20.118061565032452,-1.1414779780264688
2016-12-22 04:00:00,18.913098516052692,18.473448228691524,0.43965028736116807
2016-12-22 05:00:00,19.90881714414216,18.434348526278505,1.4744686178636535
2016-12-22 06:00:00,23.70446256923452,18.369221758277185,5.335240810957334
2016-12-22 07:00:00,25.45248152746577,24.185615633444385,1.266865894021386
2016-12-22 08:00:00,24.64971002627062,26.557292796635966,-1.907582770365348
2016-12-22 09:00:00,25.712197486515212,24.8882641726337,0.8239333138815113
2016-12-22 10:00:00,24.73438664547845,24.66111159758492,0.07327504789352801
2016-12-22 11:00:00,25.110521759212364,24.417662829857505,0.692858929354859
2016-12-22 12:00:00,24.122129828279533,24.89884489542399,-0.7767150671444583
2016-12-22 13:00:00,23.539183470764964,25.393040860890405,-1.853857390125441
2016-12-22 14:00:00,23.42033150607663,29.550342013543112,-6.1300105074664835
2016-12-22 15:00:00,23.897410063234613,25.658472289828193,-1.7610622265935802
2016-12-22 16:00:00,24.151439920858103,25.09100127646825,-0.9395613556101488
2016-12-22 17:00:00,25.0437830297312,25.272547566259824,-0.22876453652862594
2016-12-22 18:00:00,26.759209235499394,26.006118159507555,0.7530910759918399
2016-12-22 19:00:00,23.424376277560338,26.427859742051563,-3.003483464491225
2016-12-22 20:00:00,20.55038442102542,23.698776467808568,-3.1483920467831474
2016-12-22 21:00:00,20.54713039539177,20.8149656329768,-0.26783523758503236
2016-12-22 22:00:00,20.3020696661845,20.05211394850712,0.24995571767738056
2016-12-22 23:00:00,19.2737579185262,20.02198337451032,-0.7482254559841195
2016-12-23 00:00:00,20.024445185870796,19.759013756933008,0.2654314289377879
2016-12-23 01:00:00,20.320798668867,19.266430487158004,1.0543681817089947
2016-12-23 02:00:00,19.255849030156156,18.99534195815088,0.2605070720052751
2016-12-23 03:00:00,18.597195181849976,19.38041683183862,-0.7832216499886435
2016-12-23 04:00:00,18.449003389014898,18.976583587005983,-0.5275801979910852
2016-12-23 05:00:00,18.706286538060475,18.913098516052692,-0.20681197799221707
2016-12-23 06:00:00,24.151439920858103,19.90881714414216,4.242622776715944
2016-12-23 07:00:00,24.521888933166064,23.70446256923452,0.8174263639315456
2016-12-23 08:00:00,24.366370076068566,25.45248152746577,-1.0861114513972048
2016-12-23 09:00:00,25.602284914674918,24.64971002627062,0.9525748884042997
2016-12-23 10:00:00,27.811936546148374,25.712197486515212,2.099739059633162
2016-12-23 11:00:00,25.48179162004434,24.73438664547845,0.7474049745658924
2016-12-23 12:00:00,24.18318282344053,25.110521759212364,-0.9273389357718358
2016-12-23 13:00:00,24.12620396822564,24.122129828279533,0.004074139946105504
2016-12-23 14:00:00,23.925108194333333,23.539183470764964,0.38592472356836893
2016-12-23 15:00:00,23.861593387811862,23.42033150607663,0.4412618817352332
2016-12-23 16:00:00,24.543871594376434,23.897410063234613,0.6464615311418207
2016-12-23 17:00:00,25.78629301582697,24.151439920858103,1.634853094968868
2016-12-23 18:00:00,25.47607615015599,25.0437830297312,0.4322931204247915
2016-12-23 19:00:00,23.171987749879094,26.759209235499394,-3.587221485620301
2016-12-23 20:00:00,19.693886988931695,23.424376277560338,-3.730489288628643
2016-12-23 21:00:00,19.311215923891197,20.55038442102542,-1.239168497134223
2016-12-23 22:00:00,19.801337382305725,20.54713039539177,-0.7457930130860433
2016-12-23 23:00:00,19.313648366789273,20.3020696661845,-0.9884212993952275
2016-12-24 00:00:00,19.209451264837334,19.2737579185262,-0.06430665368886679
2016-12-24 01:00:00,19.500910493574978,20.024445185870796,-0.5235346922958186
2016-12-24 02:00:00,19.154905953837865,20.320798668867,-1.165892715029134
2016-12-24 03:00:00,18.878893067898225,19.255849030156156,-0.3769559622579308
2016-12-24 04:00:00,18.834107631165033,18.597195181849976,0.2369124493150565
2016-12-24 05:00:00,19.03520377216312,18.449003389014898,0.5862003831482205
2016-12-24 06:00:00,22.84796550424657,18.706286538060475,4.141678966186095
2016-12-24 07:00:00,23.496038996868236,24.151439920858103,-0.6554009239898662
2016-12-24 08:00:00,23.243650836292776,24.521888933166064,-1.278238096873288
2016-12-24 09:00:00,22.48402307478279,24.366370076068566,-1.8823470012857761
2016-12-24 10:00:00,22.87563426688289,25.602284914674918,-2.7266506477920274
2016-12-24 11:00:00,22.969250278938766,27.811936546148374,-4.842686267209608
2016-12-24 12:00:00,23.141886177238913,25.48179162004434,-2.339905442805428
2016-12-24 13:00:00,23.60105694734419,24.18318282344053,-0.5821258760963381
2016-12-24 14:00:00,23.474056702763647,24.12620396822564,-0.6521472654619913
2016-12-24 15:00:00,23.030332642562158,23.925108194333333,-0.8947755517711755
2016-12-24 16:00:00,23.255052407607078,23.861593387811862,-0.6065409802047839
2016-12-24 17:00:00,23.3844850950857,24.543871594376434,-1.1593864992907328
2016-12-24 18:00:00,23.448820750131183,25.78629301582697,-2.337472265695787
2016-12-24 19:00:00,22.7356204895082,25.47607615015599,-2.7404556606477897
2016-12-24 20:00:00,19.869747544403094,23.171987749879094,-3.302240205476
2016-12-24 21:00:00,18.900055247690364,19.693886988931695,-0.7938317412413305
2016-12-24 22:00:00,18.404247320744105,19.311215923891197,-0.9069686031470923
2016-12-24 23:00:00,18.887041347790436,19.801337382305725,-0.9142960345152886
2016-12-25 00:00:00,19.006714161002783,19.313648366789273,-0.3069342057864901
2016-12-25 01:00:00,18.966002864215696,19.209451264837334,-0.24344840062163797
2016-12-25 02:00:00,18.941587393001466,19.500910493574978,-0.5593231005735113
2016-12-25 03:00:00,18.9285448588507,19.154905953837865,-0.2263610949871655
2016-12-25 04:00:00,18.626504907322765,18.878893067898225,-0.2523881605754603
2016-12-25 05:00:00,18.757579291849414,18.834107631165033,-0.07652833931561887
2016-12-25 06:00:00,22.777944114880917,19.03520377216312,3.7427403427177985
2016-12-25 07:00:00,23.010782791355645,22.84796550424657,0.16281728710907473
2016-12-25 08:00:00,22.57031202257625,23.496038996868236,-0.9257269742919867
2016-12-25 09:00:00,22.649302173252345,23.243650836292776,-0.5943486630404315
2016-12-25 10:00:00,22.79910556046149,22.48402307478279,0.3150824856787011
2016-12-25 11:00:00,22.952983454722524,22.87563426688289,0.07734918783963352
2016-12-25 12:00:00,22.503572925989303,22.969250278938766,-0.4656773529494629
2016-12-25 13:00:00,22.027285481787153,23.141886177238913,-1.1146006954517595
2016-12-25 14:00:00,22.498678671730744,23.60105694734419,-1.1023782756134466
2016-12-25 15:00:00,22.810507865987354,23.474056702763647,-0.6635488367762932
2016-12-25 16:00:00,22.063102524315685,23.030332642562158,-0.9672301182464729
2016-12-25 17:00:00,23.583148426079926,23.255052407607078,0.3280960184728485
2016-12-25 18:00:00,23.40646775629607,23.3844850950857,0.021982661210369514
2016-12-25 19:00:00,22.51658682588923,23.448820750131183,-0.9322339242419524
2016-12-25 20:00:00,19.842870261828388,22.7356204895082,-2.8927502276798123
2016-12-25 21:00:00,19.417053988679605,19.869747544403094,-0.45269355572348857
2016-12-25 22:00:00,20.1660716589369,18.900055247690364,1.266016411246536
2016-12-25 23:00:00,20.38267214544623,18.404247320744105,1.9784248247021239
2016-12-26 00:00:00,21.627526376900626,18.887041347790436,2.7404850291101894
2016-12-26 01:00:00,22.58499625377504,19.006714161002783,3.5782820927722554
2016-12-26 02:00:00,18.875639776476135,18.966002864215696,-0.09036308773956137
2016-12-26 03:00:00,18.35374604701678,18.941587393001466,-0.5878413459846854
2016-12-26 04:00:00,18.196615228439434,18.9285448588507,-0.7319296304112655
2016-12-26 05:00:00,18.435990223326527,18.626504907322765,-0.19051468399623772
2016-12-26 06:00:00,22.301656670678767,18.757579291849414,3.5440773788293534
2016-12-26 07:00:00,23.04416665677454,22.777944114880917,0.2662225418936224
2016-12-26 08:00:00,22.700594927041283,23.010782791355645,-0.3101878643143614
2016-12-26 09:00:00,22.618351484943094,22.57031202257625,0.04803946236684453
2016-12-26 10:00:00,22.684298367256865,22.649302173252345,0.034996194004520476
2016-12-26 11:00:00,22.870769013980954,22.79910556046149,0.0716634535194629
2016-12-26 12:00:00,22.95705759466863,22.952983454722524,0.004074139946105504
2016-12-26 13:00:00,23.186671981077886,22.503572925989303,0.6830990550885829
2016-12-26 14:00:00,23.797287101228775,22.027285481787153,1.7700016194416222
2016-12-26 15:00:00,23.469982562817542,22.498678671730744,0.9713038910867979
2016-12-26 16:00:00,24.112369586907477,22.810507865987354,1.3018617209201224
2016-12-26 17:00:00,23.98616082238855,22.063102524315685,1.9230582980728634
2016-12-26 18:00:00,24.24913007286008,23.583148426079926,0.6659816467801534
2016-12-26 19:00:00,24.95095813063116,23.40646775629607,1.5444903743350906
2016-12-26 20:00:00,21.789552183948086,22.51658682588923,-0.7270346419411453
2016-12-26 21:00:00,20.133537276292856,19.842870261828388,0.29066701446446785
2016-12-26 22:00:00,20.003254371827822,19.417053988679605,0.586200383148217
2016-12-26 23:00:00,20.152266278975354,20.1660716589369,-0.013805379961546294
2016-12-27 00:00:00,19.80215823082974,20.38267214544623,-0.580513914616489
2016-12-27 01:00:00,19.21839102479116,21.627526376900626,-2.409135352109466
2016-12-27 02:00:00,19.189110667780767,22.58499625377504,-3.3958855859942716
2016-12-27 03:00:00,19.17038166509827,18.875639776476135,0.29474188862213424
2016-12-27 04:00:00,20.539802964023572,18.35374604701678,2.186056917006791
2016-12-27 05:00:00,19.823320410621875,18.196615228439434,1.626705182182441
2016-12-27 06:00:00,22.183596186052046,18.435990223326527,3.747605962725519
2016-12-27 07:00:00,23.32179113708824,22.301656670678767,1.0201344664094734
2016-12-27 08:00:00,21.236736400430317,23.04416665677454,-1.8074302563442224
2016-12-27 09:00:00,21.994722464892273,22.700594927041283,-0.70587246214901
2016-12-27 10:00:00,21.819682757944886,22.618351484943094,-0.7986687269982085
2016-12-27 11:00:00,21.644614416746656,22.684298367256865,-1.0396839505102093
2016-12-27 12:00:00,21.30919059979983,22.870769013980954,-1.561578414181124
2016-12-27 13:00:00,19.52371363620358,22.95705759466863,-3.4333439584650485
2016-12-27 14:00:00,22.029718658896794,23.186671981077886,-1.1569533221810921
2016-12-27 15:00:00,23.908812001654695,23.797287101228775,0.11152490042591978
2016-12-27 16:00:00,23.922646015867077,23.469982562817542,0.45266345304953504
2016-12-27 17:00:00,23.96986462970991,24.112369586907477,-0.14250495719756628
2016-12-27 18:00:00,25.074705083789613,23.98616082238855,1.088544261401065
2016-12-27 19:00:00,22.837384414350502,24.24913007286008,-1.4117456585095773
2016-12-27 20:00:00,21.254615186126404,24.95095813063116,-3.6963429445047566
2016-12-27 21:00:00,20.820680735759368,21.789552183948086,-0.9688714481887182
2016-12-27 22:00:00,19.285980338364514,20.133537276292856,-0.8475569379283421
2016-12-27 23:00:00,19.46834674246854,20.003254371827822,-0.5349076293592816
2016-12-28 00:00:00,18.859343950903277,20.152266278975354,-1.292922328072077
2016-12-28 01:00:00,19.398324985997107,19.80215823082974,-0.40383324483263294
2016-12-28 02:00:00,19.18339483078664,19.21839102479116,-0.034996194004520476
2016-12-28 03:00:00,18.91553095895077,19.189110667780767,-0.2735797088299954
2016-12-28 04:00:00,20.205991475662373,19.17038166509827,1.0356098105641038
2016-12-28 05:00:00,20.508060795652703,20.539802964023572,-0.03174216837086874
2016-12-28 06:00:00,21.691041550527874,19.823320410621875,1.8677211399059992
2016-12-28 07:00:00,22.076936538528066,22.183596186052046,-0.10665964752397983
2016-12-28 08:00:00,21.62101979405644,23.32179113708824,-1.7007713430317999
2016-12-28 09:00:00,21.86687200332532,21.236736400430317,0.6301356028950025
2016-12-28 10:00:00,22.0679975127858,21.994722464892273,0.07327504789352801
2016-12-28 11:00:00,21.90597170573834,21.819682757944886,0.08628894779345586
2016-12-28 12:00:00,21.708128856162347,21.644614416746656,0.06351443941569102
2016-12-28 13:00:00,21.993901616368262,21.30919059979983,0.684711016568432
2016-12-28 14:00:00,22.359456007311888,19.52371363620358,2.8357423711083065
2016-12-28 15:00:00,21.34744008522644,22.029718658896794,-0.6822785736703523
2016-12-28 16:00:00,21.546923897638898,23.908812001654695,-2.3618881040157973
2016-12-28 17:00:00,22.654197161722465,23.922646015867077,-1.2684488541446122
2016-12-28 18:00:00,22.843070882882234,23.96986462970991,-1.1267937468276763
2016-12-28 19:00:00,22.359456007311888,25.074705083789613,-2.7152490764777255
2016-12-28 20:00:00,22.30816325352295,22.837384414350502,-0.5292211608275537
2016-12-28 21:00:00,21.409313561805668,21.254615186126404,0.15469837567926348
2016-12-28 22:00:00,24.92897583652657,20.820680735759368,4.108295100767201
2016-12-28 23:00:00,21.635674656792833,19.285980338364514,2.3496943184283197
2016-12-29 00:00:00,19.078377614522246,19.46834674246854,-0.38996912794629424
2016-12-29 01:00:00,19.196408730686567,18.859343950903277,0.3370647797832902
2016-12-29 02:00:00,18.780382434478017,19.398324985997107,-0.6179425515190893
2016-12-29 03:00:00,18.51090623405652,19.18339483078664,-0.6724885967301191
2016-12-29 04:00:00,19.034412292101504,18.91553095895077,0.1188813331507319
2016-12-29 05:00:00,19.489508922260676,20.205991475662373,-0.716482553401697
2016-12-29 06:00:00,21.457353024172512,20.508060795652703,0.9492922285198091
2016-12-29 07:00:00,21.967845182317568,21.691041550527874,0.2768036317896936
2016-12-29 08:00:00,22.396093164152873,22.076936538528066,0.3191566256248066
2016-12-29 09:00:00,21.91411998563055,21.62101979405644,0.2931001915741085
2016-12-29 10:00:00,21.25382444027635,21.86687200332532,-0.6130475630489691
2016-12-29 11:00:00,21.98332089357797,22.0679975127858,-0.08467661920782987
2016-12-29 12:00:00,24.54469244290045,21.90597170573834,2.6387207371621066
2016-12-29 13:00:00,24.04234819754182,21.708128856162347,2.334219341379473
2016-12-29 14:00:00,22.290255099364465,21.993901616368262,0.2963534829962029
2016-12-29 15:00:00,21.69429484194997,22.359456007311888,-0.6651611653619192
2016-12-29 16:00:00,21.583561788691444,21.34744008522644,0.2361217034650025
2016-12-29 17:00:00,22.745380363774476,21.546923897638898,1.1984564661355783
2016-12-29 18:00:00,22.770616683512717,22.654197161722465,0.11641952179025239
2016-12-29 19:00:00,22.83981759146014,22.843070882882234,-0.0032532914220944065
2016-12-29 20:00:00,20.39079105687604,22.359456007311888,-1.9686649504358478
2016-12-29 21:00:00,19.916145309721912,22.30816325352295,-2.3920179438010365
2016-12-29 22:00:00,21.651941848114852,21.409313561805668,0.2426282863091842
2016-12-29 23:00:00,20.013835094618113,24.92897583652657,-4.915140741908456
2016-12-30 00:00:00,19.412159734421046,21.635674656792833,-2.2235149223717876
2016-12-30 01:00:00,19.54244263888608,19.078377614522246,0.46406502436383334
2016-12-30 02:00:00,19.091390780210613,19.196408730686567,-0.10501795047595408
2016-12-30 03:00:00,18.6737235211656,18.780382434478017,-0.10665891331241895
2016-12-30 04:00:00,18.760832583271508,18.51090623405652,0.2499263492149879
2016-12-30 05:00:00,18.844688353955323,19.034412292101504,-0.18972393814618016
2016-12-30 06:00:00,21.958876053901346,19.489508922260676,2.46936713164067
2016-12-30 07:00:00,21.680460093526026,21.457353024172512,0.22310706935351377
2016-12-30 08:00:00,21.384898090591438,21.967845182317568,-0.5829470917261297
2016-12-30 09:00:00,22.15753901778979,22.396093164152873,-0.23855414636308225
2016-12-30 10:00:00,22.4620407806782,21.91411998563055,0.5479207950476521
2016-12-30 11:00:00,21.30919059979983,21.25382444027635,0.05536615952348001
2016-12-30 12:00:00,21.608797374218128,21.98332089357797,-0.37452351935984396
2016-12-30 13:00:00,21.255465403112815,24.54469244290045,-3.289227039787633
2016-12-30 14:00:00,21.342574465218725,24.04234819754182,-2.699773732323095
2016-12-30 15:00:00,21.87666124605399,22.290255099364465,-0.4135938533104735
2016-12-30 16:00:00,21.572160217377142,21.69429484194997,-0.12213462457282631
2016-12-30 17:00:00,24.965613360473334,21.583561788691444,3.38205157178189
2016-12-30 18:00:00,27.754928597800422,22.745380363774476,5.009548234025946
2016-12-30 19:00:00,23.391812893559678,22.770616683512717,0.6211962100469606
2016-12-30 20:00:00,20.21657219845266,22.83981759146014,-2.6232453930074797
2016-12-30 21:00:00,20.78325209885677,20.39079105687604,0.39246104198073084
2016-12-30 22:00:00,23.16548079992913,19.916145309721912,3.249335490207219
2016-12-30 23:00:00,20.809279164445066,21.651941848114852,-0.8426626836697864
2016-12-31 00:00:00,19.021369023739176,20.013835094618113,-0.9924660708789368
2016-12-31 01:00:00,18.804006425630632,19.412159734421046,-0.6081533087904134
2016-12-31 02:00:00,18.341552995640864,19.54244263888608,-1.2008896432452154
2016-12-31 03:00:00,18.362715175433003,19.091390780210613,-0.7286756047776102
2016-12-31 04:00:00,18.454719226009026,18.6737235211656,-0.21900429515657294
2016-12-31 05:00:00,18.51008538553251,18.760832583271508,-0.250747197738999
2016-12-31 06:00:00,21.87502028321753,18.844688353955323,3.030331929262207
2016-12-31 07:00:00,21.30511645985373,21.958876053901346,-0.6537595940476173
2016-12-31 08:00:00,21.052728299278265,21.680460093526026,-0.6277317942477616
2016-12-31 09:00:00,20.89231482081643,21.384898090591438,-0.49258326977500744
2016-12-31 10:00:00,21.353976036533023,22.15753901778979,-0.8035629812567677
2016-12-31 11:00:00,21.742333570105252,22.4620407806782,-0.719707210572949
2016-12-31 12:00:00,21.92226826552276,21.30919059979983,0.6130776657229298
2016-12-31 13:00:00,27.49603339549855,21.608797374218128,5.8872360212804224
2016-12-31 14:00:00,21.540417314794716,21.255465403112815,0.28495191168190104
2016-12-31 15:00:00,21.119496030116046,21.342574465218725,-0.22307843510267844
2016-12-31 16:00:00,21.92552155694485,21.87666124605399,0.04886031089085918
2016-12-31 17:00:00,23.503366428236433,21.572160217377142,1.9312062108592905
2016-12-31 18:00:00,23.308777604294093,24.965613360473334,-1.656835756179241
2016-12-31 19:00:00,22.69895396420482,27.754928597800422,-5.0559746335956035
2016-12-31 20:00:00,20.05454712561676,23.391812893559678,-3.3372657679429167
2016-12-31 21:00:00,19.29330776973271,20.21657219845266,-0.9232644287199498
2016-12-31 22:00:00,19.29412788404516,20.78325209885677,-1.4891242148116106
2016-12-31 23:00:00,19.618970978201702,23.16548079992913,-3.5465098217274296
