timestamp,actual,predicted,residual
2016-11-07 02:00:00,27.10034833878168,27.599657537104402,-0.4993091983227238
2016-11-07 03:00:00,27.073471056206973,25.653868783347374,1.4196022728595992
2016-11-07 04:00:00,22.88052925535301,25.29384777782523,-2.4133185224722205
2016-11-07 05:00:00,22.24221563699762,24.309516036818867,-2.067300399821246
2016-11-07 06:00:00,26.19173840569234,26.69778693192375,-0.5060485262314103
2016-11-07 07:00:00,28.92899931108186,28.64759749010913,0.2814018209727287
2016-11-07 08:00:00,29.392947291798194,30.238506210630828,-0.8455589188326336
2016-11-07 09:00:00,30.109576825176543,30.54712010891357,-0.43754328373702833
2016-11-07 10:00:00,31.27875275074884,33.292374209211346,-2.013621458462506
2016-11-07 11:00:00,29.360413207427598,32.290658173994515,-2.9302449665669172
2016-11-07 12:00:00,30.11778356666421,30.116185646980448,0.001597919683764104
2016-11-07 13:00:00,34.16578787564608,30.446528903485383,3.7192589721606986
2016-11-07 14:00:00,35.35196318501855,33.70142145743689,1.650541727581654
2016-11-07 15:00:00,40.22709563770856,34.37922611296675,5.84786952474181
2016-11-07 16:00:00,35.081725240103616,37.68600411298896,-2.604278872885345
2016-11-07 17:00:00,36.67912032970749,35.128524252039945,1.5505960776675423
2016-11-07 18:00:00,37.20728642852341,37.55965217721584,-0.35236574869242787
2016-11-07 19:00:00,37.462283242771335,36.2266631901063,1.235620052665034
2016-11-07 20:00:00,34.03535812886906,35.56205488604901,-1.5266967571799483
2016-11-07 21:00:00,32.241000142243784,34.592945920420654,-2.3519457781768693
2016-11-07 22:00:00,33.06578330600592,34.92273760049119,-1.85695429448527
2016-11-07 23:00:00,36.500622486312785,34.68693601326632,1.8136864730464666
2016-11-08 00:00:00,35.18812020436024,34.054514075573664,1.1336061287865746
2016-11-08 01:00:00,29.99292299812222,31.510444955872725,-1.5175219577505032
2016-11-08 02:00:00,27.819264069293016,26.657149423398437,1.1621146458945795
2016-11-08 03:00:00,23.415436517606512,25.03464760239665,-1.6192110847901375
2016-11-08 04:00:00,22.03133025327086,22.59386920047691,-0.5625389472060505
2016-11-08 05:00:00,21.82372752942859,22.791773723823937,-0.9680461943953453
2016-11-08 06:00:00,25.7993069157269,24.56312078594915,1.2361861297777494
2016-11-08 07:00:00,26.41563750576614,27.410616599261857,-0.9949790934957186
2016-11-08 08:00:00,26.446559559824554,27.87801448522559,-1.431454925401038
2016-11-08 09:00:00,27.93975745570004,28.016046166717786,-0.07628871101774592
2016-11-08 10:00:00,27.773687060721763,28.74506416646755,-0.9713771057457876
2016-11-08 11:00:00,28.2466917991512,28.801380028643816,-0.5546882294926156
2016-11-08 12:00:00,28.61634956083866,28.977071669568208,-0.36072210872954713
2016-11-08 13:00:00,27.63039043990969,28.848489244964217,-1.2180988050545274
2016-11-08 14:00:00,29.33520660031342,30.739060264653432,-1.4038536643400121
2016-11-08 15:00:00,29.52484229540774,32.786510887845935,-3.2616685924381947
2016-11-08 16:00:00,30.047732717059716,31.45113351053191,-1.4034007934721942
2016-11-08 17:00:00,32.52501373155208,32.94408957547484,-0.4190758439227622
2016-11-08 18:00:00,31.988640983024936,34.71409890413784,-2.7254579211129055
2016-11-08 19:00:00,34.79184933859498,32.44528202720044,2.346567311394537
2016-11-08 20:00:00,32.525893317000886,32.70869327303106,-0.1827999560301734
2016-11-08 21:00:00,33.62824222415193,32.6928409112404,0.9354013129115302
2016-11-08 22:00:00,33.960617594701894,33.936786922995154,0.023830671706740247
2016-11-08 23:00:00,34.409060799704896,33.804046612439,0.6050141872658941
2016-11-09 00:00:00,32.0097440587865,32.779701809839054,-0.7699577510525515
2016-11-09 01:00:00,31.137771649643927,29.483577678433793,1.654193971210134
2016-11-09 02:00:00,29.12270909449804,27.9696935554099,1.1530155390881376
2016-11-09 03:00:00,24.791365133587558,25.400845896878344,-0.6094807632907866
2016-11-09 04:00:00,21.70566704480187,24.14184377576969,-2.4361767309678193
2016-11-09 05:00:00,22.241395522685167,22.88262175829884,-0.6412262356136722
2016-11-09 06:00:00,26.45716983463013,24.29659868573907,2.1605711488910586
2016-11-09 07:00:00,27.85264821004124,27.691609825765454,0.16103838427578765
2016-11-09 08:00:00,28.896377276196823,28.547245018158478,0.34913225803834536
2016-11-09 09:00:00,30.503503169878023,29.012944558063516,1.4905586118145067
2016-11-09 10:00:00,31.137771649643927,29.93997386305406,1.1977977865898666
2016-11-09 11:00:00,32.056347036236325,30.27544852415141,1.7808985120849137
2016-11-09 12:00:00,29.91319982897997,31.062952738392735,-1.149752909412765
2016-11-09 13:00:00,31.20283986427334,29.71254421491785,1.4902956493554917
2016-11-09 14:00:00,29.943389139901566,32.71647738398954,-2.773088244087976
2016-11-09 15:00:00,31.16297823381399,32.084478168602516,-0.9214999347885247
2016-11-09 16:00:00,35.609305070988924,32.68371429444458,2.9255907765443467
2016-11-09 17:00:00,32.70585664666923,36.48422680796777,-3.7783701612985396
2016-11-09 18:00:00,31.594421320805264,34.03530636695409,-2.440885046148825
2016-11-09 19:00:00,34.64354080612187,33.58127177381636,1.0622690323055082
2016-11-09 20:00:00,36.30219373591196,33.61864277511151,2.683550960800453
2016-11-09 21:00:00,35.30477393963812,35.53037145460294,-0.22559751496482505
2016-11-09 22:00:00,36.71224061317636,34.92967149446326,1.7825691187131056
2016-11-09 23:00:00,36.70755120394303,35.57336100986052,1.1341901940825068
2016-11-10 00:00:00,35.40735944721599,33.9265777112542,1.4807817359617914
2016-11-10 01:00:00,30.694897439323068,32.83015389139186,-2.1352564520687913
2016-11-10 02:00:00,31.243580713075715,27.99112289643341,3.2524578166423055
2016-11-10 03:00:00,24.902098553951863,27.656997257301004,-2.7548987033491414
2016-11-10 04:00:00,21.653583545162878,24.562309849281196,-2.908726304118318
2016-11-10 05:00:00,21.929595696890956,23.189083866052286,-1.2594881691613296
2016-11-10 06:00:00,26.524729229082418,24.59919737226412,1.9255318568182993
2016-11-10 07:00:00,26.27641502490017,28.240807873598065,-1.9643928486978943
2016-11-10 08:00:00,26.032966073619864,27.99750989456977,-1.9645438209499062
2016-11-10 09:00:00,27.582351344648625,28.24216056662081,-0.6598092219721856
2016-11-10 10:00:00,27.456142488353247,29.26113532292725,-1.8049928345740014
2016-11-10 11:00:00,28.438027515224338,29.59353962600149,-1.1555121107771527
2016-11-10 12:00:00,29.15204840640228,29.398612238753575,-0.24656383235129553
2016-11-10 13:00:00,32.61968517272537,30.5775269300098,2.042158242715569
2016-11-10 14:00:00,29.936940926876396,32.838075667017826,-2.90113474014143
2016-11-10 15:00:00,30.96279086317422,30.595537690233787,0.36725317294043336
2016-11-10 16:00:00,31.957572270207425,31.680167869808812,0.2774044003986127
2016-11-10 17:00:00,29.681943883187355,32.380570822942055,-2.6986269397547
2016-11-10 18:00:00,31.52290507670357,30.931511431639006,0.5913936450645636
2016-11-10 19:00:00,32.63434003546176,32.24603426380451,0.3883057716572509
2016-11-10 20:00:00,31.615817714085022,32.95261340457996,-1.3367956904949345
2016-11-10 21:00:00,39.39029489913333,32.84971475577177,6.540580143361559
2016-11-10 22:00:00,36.179091420503134,37.39980844692452,-1.220717026421383
2016-11-10 23:00:00,39.07257512553133,34.30261150379284,4.769963621738491
2016-11-11 00:00:00,37.867640710802405,36.14371784175681,1.7239228690455946
2016-11-11 01:00:00,34.23232139299625,33.7749130977406,0.45740829525564664
2016-11-11 02:00:00,27.309592576119083,30.367785814999205,-3.058193238880122
2016-11-11 03:00:00,24.473849837905,25.36176418264854,-0.8879143447435389
2016-11-11 04:00:00,21.746378341588958,23.485402841105174,-1.7390244995162156
2016-11-11 05:00:00,21.53634317484861,22.07564506039413,-0.5393018855455196
2016-11-11 06:00:00,24.62529492216217,23.717009510582326,0.9082854115798433
2016-11-11 07:00:00,25.025845140004535,26.253191362600614,-1.2273462225960792
2016-11-11 08:00:00,25.34500176562934,26.651851536334803,-1.3068497707054618
2016-11-11 09:00:00,26.877270087231896,27.09390287904986,-0.2166327918179647
2016-11-11 10:00:00,26.0761397324261,28.41735023627932,-2.341210503853219
2016-11-11 11:00:00,35.16877593239051,28.515226143805958,6.653549788584552
2016-11-11 12:00:00,36.71224061317636,33.52995442394017,3.182286189236194
2016-11-11 13:00:00,31.750057468199458,36.15207757457828,-4.402020106378821
2016-11-11 14:00:00,38.599804554701294,32.116696656722894,6.4831078979784
2016-11-11 15:00:00,38.80145722806181,36.67886702671931,2.122590201342497
2016-11-11 16:00:00,35.65649431636936,36.42691792465669,-0.7704236082873308
2016-11-11 17:00:00,34.409060799704896,34.74968210028453,-0.3406213005796346
2016-11-11 18:00:00,33.9116699126354,33.865196156420126,0.04647375621527772
2016-11-11 19:00:00,39.74523919882427,34.68799878449933,5.057240414324944
2016-11-11 20:00:00,32.7351667392478,38.30164637969075,-5.5664796404429495
2016-11-11 21:00:00,37.44264602038919,34.370456690094834,3.072189330294357
2016-11-11 22:00:00,38.253653172652186,37.41226801709669,0.8413851555554928
2016-11-11 23:00:00,35.3886010760711,37.391695409187186,-2.0030943331160884
2016-11-12 00:00:00,32.49335893435685,35.014442826962316,-2.5210838926054677
2016-11-12 01:00:00,34.640316516056394,30.481465075694878,4.158851440361516
2016-11-12 02:00:00,32.392532597676585,30.912620535307543,1.479912062369042
2016-11-12 03:00:00,27.46754405966755,27.94883882670849,-0.4812947670409393
2016-11-12 04:00:00,21.8921369573144,24.342714880924653,-2.450577923610254
2016-11-12 05:00:00,21.810714363740225,21.535755071389097,0.27495929235112726
2016-11-12 06:00:00,24.665185737531026,24.208362608888656,0.4568231286423696
2016-11-12 07:00:00,25.660084251308042,25.265405523310513,0.3946787279975297
2016-11-12 08:00:00,25.689394343886608,26.962298760882714,-1.2729044169961057
2016-11-12 09:00:00,28.05860951216482,27.486086939719605,0.5725225724452159
2016-11-12 10:00:00,32.25243108202048,29.55764149898381,2.6947895830366697
2016-11-12 11:00:00,38.61504605247407,34.0125010216908,4.6025450307832685
2016-11-12 12:00:00,36.88839338484862,37.590558078619935,-0.7021646937713157
2016-11-12 13:00:00,38.59570104629279,36.5368741820848,2.0588268642079868
2016-11-12 14:00:00,38.78445729360297,38.643992343224696,0.14046495037827356
2016-11-12 15:00:00,43.86886280143411,38.83419939257731,5.034663408856801
2016-11-12 16:00:00,45.016056616454705,41.55975422961613,3.4563023868385727
2016-11-12 17:00:00,45.87337342864933,39.8784765706065,5.994896858042829
2016-11-12 18:00:00,37.02497802713262,40.80490251430355,-3.7799244871709305
2016-11-12 19:00:00,37.68621189486042,37.7092977089396,-0.023085814079180977
2016-11-12 20:00:00,33.64700059529683,38.47599152250244,-4.828990927205609
2016-11-12 21:00:00,35.76787200737751,35.12201069418594,0.645861313191574
2016-11-12 22:00:00,36.26379740817336,37.29438447745592,-1.0305870692825607
2016-11-12 23:00:00,32.00651995227392,37.04846839178133,-5.041948439507408
2016-11-13 00:00:00,33.53884682724838,32.357299987549766,1.181546839698612
2016-11-13 01:00:00,31.121651117081004,30.967739632641106,0.15391148443989877
2016-11-13 02:00:00,30.305660687407812,29.508107135992706,0.7975535514151062
2016-11-13 03:00:00,32.850061670733844,27.674814002120275,5.175247668613569
2016-11-13 04:00:00,21.99879660483838,27.610918506904977,-5.612121902066598
2016-11-13 05:00:00,20.223079515508406,21.521183174558978,-1.2981036590505717
2016-11-13 06:00:00,24.455120835222502,23.77271928111586,0.6824015541066402
2016-11-13 07:00:00,26.253611882271567,25.714131399764092,0.539480482507475
2016-11-13 08:00:00,26.71199098876234,26.735906645457142,-0.023915656694800447
2016-11-13 09:00:00,26.79910023442114,28.89418354383217,-2.095083309411031
2016-11-13 10:00:00,28.898868628100534,31.023722713427826,-2.124854085327293
2016-11-13 11:00:00,29.05432886872982,33.117497864336045,-4.063168995606226
2016-11-13 12:00:00,31.643369186424643,31.753041303979053,-0.10967211755441042
2016-11-13 13:00:00,32.61968517272537,34.09949260994712,-1.4798074372217513
2016-11-13 14:00:00,40.60578066819015,35.937777372886245,4.668003295303905
2016-11-13 15:00:00,40.369542225087116,40.74354885950876,-0.3740066344216473
2016-11-13 16:00:00,37.932708741878926,39.24838722303977,-1.3156784811608446
2016-11-13 17:00:00,37.92626089595954,36.93386751202504,0.9923933839344983
2016-11-13 18:00:00,38.646993800081724,37.10112310801395,1.5458706920677727
2016-11-13 19:00:00,40.212440774972166,36.80333938089898,3.4091013940731827
2016-11-13 20:00:00,35.44135858192211,36.99311104279656,-1.5517524608744537
2016-11-13 21:00:00,39.21765900083318,34.45914467416039,4.758514326672788
2016-11-13 22:00:00,36.16766048072644,37.5023058491152,-1.3346453683887631
2016-11-13 23:00:00,33.3190216835678,34.05615430419857,-0.7371326206307742
2016-11-14 00:00:00,33.68451733758663,31.595700500895568,2.088816836691059
2016-11-14 01:00:00,36.00645552220299,31.394529103212587,4.611926418990404
2016-11-14 02:00:00,30.227403004539198,32.12941099830637,-1.902007993767171
2016-11-14 03:00:00,23.443925761661067,27.787472525194744,-4.343546763533677
2016-11-14 04:00:00,22.444132626519718,21.993284144446353,0.4508484820733649
2016-11-14 05:00:00,22.903303029519215,22.43083825780389,0.4724647717153232
2016-11-14 06:00:00,27.298190821251893,24.29395405570017,3.004236765551724
2016-11-14 07:00:00,26.747807664185093,26.902460885853422,-0.15465322166832962
2016-11-14 08:00:00,27.544893155730737,27.098685166045527,0.4462079896852096
2016-11-14 09:00:00,31.86407336489536,28.742188076234378,3.121885288660984
2016-11-14 10:00:00,32.95088837451988,33.436362640865774,-0.4854742663458964
2016-11-14 11:00:00,29.98911271545547,32.574726829169805,-2.5856141137143354
2016-11-14 12:00:00,28.308565229842202,32.06670107120748,-3.758135841365281
2016-11-14 13:00:00,31.443768083715486,31.493177768406067,-0.04940968469058049
2016-11-14 14:00:00,33.07135230068806,35.44088061019659,-2.3695283095085244
2016-11-14 15:00:00,35.03776028478866,35.43408621642091,-0.39632593163224783
2016-11-14 16:00:00,38.30670436312718,36.14850049585826,2.1582038672689237
2016-11-14 17:00:00,34.41228472266459,38.629262590909185,-4.216977868244598
2016-11-14 18:00:00,33.20647145669842,36.42798913932265,-3.2215176826242313
2016-11-14 19:00:00,38.28941147825592,35.27553690110976,3.0138745771461615
2016-11-14 20:00:00,34.27980358878909,36.16131322179076,-1.88150963300167
2016-11-14 21:00:00,35.162327719365344,34.528607328528935,0.6337203908364089
2016-11-14 22:00:00,34.640316516056394,35.04234837282672,-0.4020318567703285
2016-11-14 23:00:00,40.27926724273475,34.16441526713478,6.114851975599969
2016-11-15 00:00:00,41.71047464706364,36.031160272771835,5.679314374291806
2016-11-15 01:00:00,32.225465694058585,36.192214717925495,-3.9667490238669103
2016-11-15 02:00:00,29.344878896907062,29.32480009215984,0.020078804747221568
2016-11-15 03:00:00,24.473029356486766,26.5664504338702,-2.093421077383436
2016-11-15 04:00:00,25.195198378420194,23.69243728520005,1.502761093220144
2016-11-15 05:00:00,22.23732138273906,25.051354219337295,-2.8140328365982334
2016-11-15 06:00:00,25.529830715305405,25.056792524361768,0.47303819094363675
2016-11-15 07:00:00,26.361091644108,27.10486630961577,-0.7437746655077682
2016-11-15 08:00:00,26.557292796635966,27.94211950606481,-1.3848267094288431
2016-11-15 09:00:00,28.565848424776004,28.450723822736368,0.1151246020396357
2016-11-15 10:00:00,28.14410679634377,29.151722359109385,-1.007615562765615
2016-11-15 11:00:00,29.3410685912962,28.59823858073674,0.7428300105594587
2016-11-15 12:00:00,34.0069276217393,29.75711507832265,4.2498125434166525
2016-11-15 13:00:00,30.4741931690759,32.71593700428142,-2.241743835205522
2016-11-15 14:00:00,31.671799877107293,33.4268336761351,-1.755033799027803
2016-11-15 15:00:00,32.250086010298034,34.08554442583717,-1.8354584155391365
2016-11-15 16:00:00,36.92503127590117,33.87771960299802,3.047311672903149
2016-11-15 17:00:00,37.41099122319396,37.23188618683918,0.17910503635477681
2016-11-15 18:00:00,37.11525300948499,37.15469485448494,-0.03944184499994918
2016-11-15 19:00:00,35.18020687216721,36.48795072899979,-1.3077438568325803
2016-11-15 20:00:00,34.26983813528604,34.45259257019949,-0.18275443491345555
2016-11-15 21:00:00,34.51076635472818,36.16762377014844,-1.656857415420255
2016-11-15 22:00:00,37.48573175736112,35.24956636981158,2.2361653875495406
2016-11-15 23:00:00,36.21162580314718,37.58026883781894,-1.3686430346717628
2016-11-16 00:00:00,33.131730922531254,36.1260740037599,-2.9943430812286493
2016-11-16 01:00:00,30.870757444135798,31.759290729224368,-0.8885332850885703
2016-11-16 02:00:00,29.681943883187355,27.850736414915605,1.8312074682717494
2016-11-16 03:00:00,24.31507768938541,25.496094795443522,-1.1810171060581105
2016-11-16 04:00:00,22.733978792460174,23.90682302253882,-1.1728442300786455
2016-11-16 05:00:00,22.107067846736427,23.01246119898167,-0.9053933522452411
2016-11-16 06:00:00,26.336646987984263,23.496546704161936,2.840100283822327
2016-11-16 07:00:00,25.48747772147029,27.507232783304534,-2.0197550618342426
2016-11-16 08:00:00,26.81539661065267,27.087159880083377,-0.27176326943070706
2016-11-16 09:00:00,26.910654136203675,28.591234569560697,-1.6805804333570222
2016-11-16 10:00:00,26.97742223414724,28.4054156273725,-1.4279933932252575
2016-11-16 11:00:00,28.116438217260338,28.782951869148004,-0.6665136518876658
2016-11-16 12:00:00,30.584985051035666,29.414184039951888,1.1708010110837783
2016-11-16 13:00:00,34.72590172206965,29.76296766221982,4.962934059849832
2016-11-16 14:00:00,32.62789182243659,34.172647247144816,-1.544755424708228
2016-11-16 15:00:00,29.860441772470285,33.38200308539097,-3.521561312920685
2016-11-16 16:00:00,33.093334961898435,32.32441905704943,0.7689159048490026
2016-11-16 17:00:00,31.951124057182255,34.53995677082248,-2.5888327136402225
2016-11-16 18:00:00,32.53409996671211,33.338809052213946,-0.804709085501834
2016-11-16 19:00:00,32.57630648534102,33.4841733963317,-0.907866910990677
2016-11-16 20:00:00,34.406715727982444,32.643370103437455,1.7633456245449892
2016-11-16 21:00:00,34.06408195351702,35.07621681787517,-1.0121348643581527
2016-11-16 22:00:00,36.7922564574017,34.34850413155842,2.4437523258432776
2016-11-16 23:00:00,37.75772850606789,36.354696470351676,1.4030320357162154
2016-11-17 00:00:00,36.20781524515109,35.13102534371888,1.0767899014322069
2016-11-17 01:00:00,34.43280189760132,33.043959601598274,1.3888422960030482
2016-11-17 02:00:00,29.92140657046764,29.99459287053886,-0.07318630007122096
2016-11-17 03:00:00,24.009784813541163,26.237845973892096,-2.228061160350933
2016-11-17 04:00:00,22.664777884512752,23.688773569515952,-1.0239956850032002
2016-11-17 05:00:00,20.661117474283945,22.97445326915828,-2.313335794874334
2016-11-17 06:00:00,25.020159038578583,22.614466037367894,2.4056930012106896
2016-11-17 07:00:00,25.32791409288909,26.744129631375575,-1.4162155384864867
2016-11-17 08:00:00,25.267652577789708,26.66557908987099,-1.397926512081284
2016-11-17 09:00:00,26.435978653481374,26.998420684761513,-0.5624420312801384
2016-11-17 10:00:00,30.167317516661313,28.01023267958618,2.157084837075132
2016-11-17 11:00:00,30.456314108050478,31.40120033299909,-0.9448862249486112
2016-11-17 12:00:00,31.762953894249797,31.320105014227757,0.4428488800220407
2016-11-17 13:00:00,33.103300048295715,33.32189648893073,-0.21859644063501804
2016-11-17 14:00:00,32.92890571330951,33.496000076139204,-0.5670943628296925
2016-11-17 15:00:00,31.76969524124027,33.00927214355471,-1.2395769023144396
2016-11-17 16:00:00,33.712948211822166,32.71075273645669,1.0021954753654754
2016-11-17 17:00:00,31.715764832422252,34.65115861816202,-2.9353937857397696
2016-11-17 18:00:00,33.34100434477816,32.66486267843157,0.6761416663465951
2016-11-17 19:00:00,32.27118945316538,33.81009798411603,-1.5389085309506498
2016-11-17 20:00:00,33.524191964511985,33.48330482405629,0.04088714045569475
2016-11-17 21:00:00,34.177218448317,35.1021021806324,-0.9248837323154007
2016-11-17 22:00:00,31.421199338127394,35.262469403765955,-3.841270065638561
2016-11-17 23:00:00,34.17135650322244,33.05931012978772,1.1120463734347226
2016-11-18 00:00:00,35.250843897925876,33.33707484450937,1.9137690534165088
2016-11-18 01:00:00,30.00376766996831,33.143499966731305,-3.139732296762997
2016-11-18 02:00:00,28.11318474228536,27.43062514914044,0.6825595931449193
2016-11-18 03:00:00,27.152461573988848,24.96902964686173,2.183431927127117
2016-11-18 04:00:00,21.996334059266342,24.493952550416143,-2.497618491149801
2016-11-18 05:00:00,20.9208330662276,21.808155636453833,-0.8873225702262317
2016-11-18 06:00:00,25.74719368051973,22.494304973468186,3.252888707051543
2016-11-18 07:00:00,26.214541548320945,26.4258191845736,-0.21127763625265672
2016-11-18 08:00:00,27.019745859519954,27.070661779225755,-0.050915919705801116
2016-11-18 09:00:00,26.269087409979086,28.27445045681539,-2.0053630468363046
2016-11-18 10:00:00,28.661926592354025,28.39324230793226,0.2686842844217665
2016-11-18 11:00:00,29.117872946201214,30.96376130730357,-1.8458883611023573
2016-11-18 12:00:00,33.627655956221325,31.762424711267972,1.8652312449533532
2016-11-18 13:00:00,36.86553150529522,35.644858531567436,1.2206729737277868
2016-11-18 14:00:00,32.72695972243079,35.18443372811778,-2.45747400568699
2016-11-18 15:00:00,34.081961106318886,32.69133577754253,1.390625328776359
2016-11-18 16:00:00,40.99736285893363,33.98077500597425,7.0165878529593755
2016-11-18 17:00:00,41.935282884601534,36.8141579882347,5.121124896366837
2016-11-18 18:00:00,38.8161120907982,37.47964734616391,1.3364647446342914
2016-11-18 19:00:00,36.6260691392325,36.662894254232825,-0.036825115000326036
2016-11-18 20:00:00,34.40994001804792,35.776055529424596,-1.3661155113766767
2016-11-18 21:00:00,33.115317256003024,34.94575036052015,-1.8304331045171267
2016-11-18 22:00:00,33.08776596721629,33.69441744626085,-0.6066514790445581
2016-11-18 23:00:00,30.538675207551147,34.033584273740246,-3.4949090661890985
2016-11-19 00:00:00,31.74273003683126,32.874633161904555,-1.1319031250732934
2016-11-19 01:00:00,29.797718354233982,30.790746739391384,-0.9930283851574018
2016-11-19 02:00:00,32.06836406039074,28.520876819524144,3.547487240866598
2016-11-19 03:00:00,26.84960132459557,28.41356519213494,-1.5639638675393677
2016-11-19 04:00:00,20.074917091135724,23.61236270404992,-3.5374456129141976
2016-11-19 05:00:00,18.77223415458581,20.362802912211144,-1.5905687576253342
2016-11-19 06:00:00,23.6580648039157,21.061577016998655,2.596487786917045
2016-11-19 07:00:00,24.47467068642901,24.7240709730613,-0.2494002866322873
2016-11-19 08:00:00,26.846318664711085,25.293123845227132,1.5531948194839522
2016-11-19 09:00:00,29.985888608942886,26.959395321268936,3.0264932876739508
2016-11-19 10:00:00,27.18827843296449,30.657036902470335,-3.4687584695058433
2016-11-19 11:00:00,33.50455400791828,30.548441322615684,2.956112685302596
2016-11-19 12:00:00,35.91852561157307,34.32440437131496,1.5941212402581044
2016-11-19 13:00:00,35.529289226763595,36.2025825193634,-0.6732932925998085
2016-11-19 14:00:00,39.42429476805101,36.238785022960904,3.1855097450901084
2016-11-19 15:00:00,37.13078745767019,39.63968380548644,-2.508896347816254
2016-11-19 16:00:00,37.52324849965092,37.67714217946049,-0.15389367980957047
2016-11-19 17:00:00,39.4732424501175,37.4996869164809,1.9735555336366062
2016-11-19 18:00:00,35.93816356816677,37.794256999598005,-1.8560934314312334
2016-11-19 19:00:00,32.21667277641674,35.16005203063531,-2.94337925421857
2016-11-19 20:00:00,33.04878373865286,33.55945357599542,-0.5106698373425616
2016-11-19 21:00:00,34.033013424252395,33.16226714841492,0.870746275837476
2016-11-19 22:00:00,38.755147568130184,33.11937414197747,5.635773426152717
2016-11-19 23:00:00,39.90322023438802,35.50064836802191,4.4025718663661095
2016-11-20 00:00:00,36.09116150987322,36.15958855883646,-0.06842704896324392
2016-11-20 01:00:00,30.497934266972326,32.68196650382614,-2.184032236853813
2016-11-20 02:00:00,27.433339345724647,29.4039625301673,-1.9706231844426512
2016-11-20 03:00:00,24.642382594902422,25.83244922554257,-1.1900666306401497
2016-11-20 04:00:00,21.491557738115418,22.393894200530852,-0.902336462415434
2016-11-20 05:00:00,19.52860789046214,21.482689930894466,-1.9540820404323256
2016-11-20 06:00:00,23.903946381646975,21.882086335270387,2.021860046376588
2016-11-20 07:00:00,24.97537323473961,25.435019039724168,-0.4596458049845573
2016-11-20 08:00:00,25.14798013168314,26.140698771338695,-0.9927186396555534
2016-11-20 09:00:00,27.042549002148558,27.17275095978911,-0.1302019576405513
2016-11-20 10:00:00,28.03501498125105,29.724046464992306,-1.6890314837412568
2016-11-20 11:00:00,30.383918370276422,31.118070550856068,-0.7341521805796454
2016-11-20 12:00:00,34.23320061133927,33.160245863990404,1.0729547473488665
2016-11-20 13:00:00,34.82672805874991,35.738530710807645,-0.9118026520577374
2016-11-20 14:00:00,39.75901521032342,36.11915332559591,3.639861884727509
2016-11-20 15:00:00,36.920927767492664,39.985078215417246,-3.0641504479245825
2016-11-20 16:00:00,36.7734980862568,37.78417480645692,-1.0106767202001166
2016-11-20 17:00:00,39.317019851239806,37.306799994934494,2.010219856305312
2016-11-20 18:00:00,41.03487960122342,38.29730865779463,2.7375709434287927
2016-11-20 19:00:00,38.81933674796946,37.9632027505979,0.8561339973715576
2016-11-20 20:00:00,38.09479328585118,36.822152817910876,1.272640467940306
2016-11-20 21:00:00,37.57454051922829,36.49538315262106,1.0791573666072338
2016-11-20 22:00:00,37.88493359567366,36.896597464819386,0.9883361308542717
2016-11-20 23:00:00,38.47846141019008,36.58221394854575,1.8962474616443288
2016-11-21 00:00:00,34.193339164432814,34.74143580314907,-0.5480966387162596
2016-11-21 01:00:00,33.3272287003848,31.712345058528946,1.6148836418558545
2016-11-21 02:00:00,28.32160817698697,30.43525783827586,-2.113649661288889
2016-11-21 03:00:00,24.640741264960177,25.640814868917428,-1.0000736039572509
2016-11-21 04:00:00,25.36455161683585,22.260858736927602,3.103692879908248
2016-11-21 05:00:00,22.70710150988547,24.52253357091569,-1.8154320610302221
2016-11-21 06:00:00,28.98187455033773,24.287729410095,4.694145140242728
2016-11-21 07:00:00,29.568807296610924,28.86901954393258,0.6997877526783434
2016-11-21 08:00:00,28.2572727513826,28.618936647046553,-0.36166389566395196
2016-11-21 09:00:00,29.330223896506002,29.276856237904564,0.053367658601437995
2016-11-21 10:00:00,31.004411113872514,31.619749967647166,-0.6153388537746523
2016-11-21 11:00:00,29.306717287426533,32.15285106946322,-2.8461337820366843
2016-11-21 12:00:00,28.482813181398644,32.459819048981466,-3.9770058675828217
2016-11-21 13:00:00,32.77004545940273,32.23070062248095,0.5393448369217779
2016-11-21 14:00:00,34.42928465712343,35.618653786781636,-1.1893691296582034
2016-11-21 15:00:00,33.63146651421741,35.08214998149104,-1.4506834672736346
2016-11-21 16:00:00,40.973621393931424,35.06114822692475,5.912473167006674
2016-11-21 17:00:00,36.035179346850946,40.21004944792145,-4.174870101070503
2016-11-21 18:00:00,42.90251263574223,37.250461739305656,5.65205089643657
2016-11-21 19:00:00,51.04014058663981,40.39665372114944,10.643486865490367
2016-11-21 20:00:00,44.80443775537957,43.50412411953358,1.3003136358459884
2016-11-21 21:00:00,39.636205845327005,41.063855994647994,-1.4276501493209892
2016-11-21 22:00:00,37.03963288986901,38.45287780838399,-1.4132449185149767
2016-11-21 23:00:00,32.577185703684044,37.25107333753508,-4.673887633851038
2016-11-22 00:00:00,30.200730934095493,32.468705578597195,-2.2679746445017024
2016-11-22 01:00:00,29.06165636893035,30.2541081145031,-1.1924517455727504
2016-11-22 02:00:00,30.821223677691588,27.205083434254167,3.616140243437421
2016-11-22 03:00:00,25.96945145065128,26.808519618076495,-0.8390681674252143
2016-11-22 04:00:00,21.45084570711677,24.91467963613721,-3.4638339290204385
2016-11-22 05:00:00,21.485871269583686,22.13247376934501,-0.6466024997613253
2016-11-22 06:00:00,25.58030262057033,23.923593882990957,1.6567087375793719
2016-11-22 07:00:00,26.902505856311468,27.061459355086363,-0.1589534987748955
2016-11-22 08:00:00,26.852034134599432,27.11502008838395,-0.2629859537845185
2016-11-22 09:00:00,28.876065451055766,27.798404935322242,1.0776605157335233
2016-11-22 10:00:00,35.78340645556271,29.159483319459618,6.623923136103095
2016-11-22 11:00:00,34.554731310043145,33.159613707837295,1.3951176022058505
2016-11-22 12:00:00,40.00580500775434,32.71689478326137,7.288910224492973
2016-11-22 13:00:00,37.5909545528623,36.01235270945242,1.5786018434098779
2016-11-22 14:00:00,39.68808449994078,37.5448130273779,2.14327147256288
2016-11-22 15:00:00,34.6485235328734,38.665237488923104,-4.016713956049706
2016-11-22 16:00:00,34.78598739350043,35.972776503737,-1.1867891102365746
2016-11-22 17:00:00,39.75256663019247,37.24274297317601,2.5098236570164616
2016-11-22 18:00:00,38.05024206260561,41.39087676029131,-3.340634697685701
2016-11-22 19:00:00,37.55343781057251,39.96403644632094,-2.4105986357484284
2016-11-22 20:00:00,35.31767036568846,37.71960530502959,-2.401934939341132
2016-11-22 21:00:00,33.898773486585064,37.17398993428015,-3.2752164476950867
2016-11-22 22:00:00,40.03745980494958,34.503703973733124,5.533755831216453
2016-11-22 23:00:00,36.305417658871654,37.365004616348706,-1.0595869574770518
2016-11-23 00:00:00,28.283329323097963,33.446293953531296,-5.162964630433333
2016-11-23 01:00:00,30.133904099227134,27.6113634391103,2.522540660116835
2016-11-23 02:00:00,24.72052289569789,27.440041595949555,-2.7195187002516654
2016-11-23 03:00:00,20.823113912869008,22.949708871165193,-2.1265949582961845
2016-11-23 04:00:00,19.951961618038887,21.303075351717094,-1.3511137336782078
2016-11-23 05:00:00,20.14247703624668,21.740938568141367,-1.598461531894685
2016-11-23 06:00:00,25.84652516246395,23.294294547062727,2.552230615401225
2016-11-23 07:00:00,27.420325629377608,27.653441837821997,-0.23311620844438963
2016-11-23 08:00:00,26.18605230426639,28.19530795724061,-2.0092556529742183
2016-11-23 09:00:00,27.268060247255093,28.46517310623598,-1.197112858980887
2016-11-23 10:00:00,26.994510090440382,30.11970123548233,-3.125191145041949
2016-11-23 11:00:00,29.703926406733057,29.454603028761674,0.2493233779713826
2016-11-23 12:00:00,30.773741481898735,31.37556882388871,-0.6018273419899742
2016-11-23 13:00:00,30.217730685001445,31.35490792703912,-1.1371772420376765
2016-11-23 14:00:00,30.573554111258964,32.895787999581096,-2.322233888322131
2016-11-23 15:00:00,28.04152183942457,32.34797696916166,-4.306455129737088
2016-11-23 16:00:00,28.601665237863422,30.592284765917473,-1.9906195280540508
2016-11-23 17:00:00,29.978561085798244,33.0758383333193,-3.0972772475210526
2016-11-23 18:00:00,29.4767738775725,33.963397686773604,-4.486623809201102
2016-11-23 19:00:00,26.833304948364045,32.56378597560937,-5.730481027245325
2016-11-23 20:00:00,24.86302822000124,29.396873809332526,-4.5338455893312855
2016-11-23 21:00:00,26.934248575341005,29.132683174986926,-2.198434599645921
2016-11-23 22:00:00,31.177047012172665,29.187234038461316,1.9898129737113486
2016-11-23 23:00:00,29.9067516159548,30.34211043674812,-0.43535882079331856
2016-11-24 00:00:00,26.650117512183115,27.33548436322746,-0.6853668510443462
2016-11-24 01:00:00,24.627727365060252,26.115767883609387,-1.488040518549134
2016-11-24 02:00:00,22.148599992047526,22.70947374743563,-0.5608737553881049
2016-11-24 03:00:00,22.51576597736522,19.815613391877193,2.700152585488027
2016-11-24 04:00:00,21.520867463588203,20.791331362862344,0.7295361007258592
2016-11-24 05:00:00,20.79951929017879,21.540671351994455,-0.7411520618156651
2016-11-24 06:00:00,25.36698442683971,22.434523999834788,2.932460427004923
2016-11-24 07:00:00,25.56239409930606,25.846784339144612,-0.28439023983855094
2016-11-24 08:00:00,25.42478376347283,25.83851601566235,-0.4137322521895186
2016-11-24 09:00:00,25.75372963182631,27.35898372196778,-1.605254090141468
2016-11-24 10:00:00,26.767357515391602,28.158260376137616,-1.3909028607460137
2016-11-24 11:00:00,29.325534303719778,29.585621246103987,-0.26008694238420915
2016-11-24 12:00:00,28.08223341154099,31.24376389885992,-3.161530487318931
2016-11-24 13:00:00,29.470325710435556,30.822085274957175,-1.3517595645216183
2016-11-24 14:00:00,29.67139229941835,31.231031018434557,-1.5596387190162062
2016-11-24 15:00:00,31.447285140640485,30.16659128965209,1.2806938509883956
2016-11-24 16:00:00,38.204705490585695,31.651114384170445,6.553591106415251
2016-11-24 17:00:00,35.34463575365035,35.8493988589932,-0.5047631053428461
2016-11-24 18:00:00,29.901182713049103,33.20780221515081,-3.3066195021017037
2016-11-24 19:00:00,27.186637103022246,29.984002694774738,-2.7973655917524916
2016-11-24 20:00:00,24.558526457112826,28.458533814652338,-3.9000073575395113
2016-11-24 21:00:00,23.667825045287756,27.93743459387728,-4.269609548589525
2016-11-24 22:00:00,24.162841492172404,28.103726078311546,-3.9408845861391413
2016-11-24 23:00:00,22.871589495399185,26.81952765199467,-3.947938156595484
2016-11-25 00:00:00,22.0867265154683,24.58547495820885,-2.498748442740549
2016-11-25 01:00:00,20.356615711395534,23.713829640316227,-3.357213928920693
2016-11-25 02:00:00,20.381851296922214,20.420205774601897,-0.038354477679682475
2016-11-25 03:00:00,19.537547650415963,19.768834570758763,-0.23128692034280007
2016-11-25 04:00:00,19.563604084466657,19.3677950009117,0.19580908355495907
2016-11-25 05:00:00,19.263176461524353,19.825269742313516,-0.5620932807891634
2016-11-25 06:00:00,24.568286698484883,20.835738680642166,3.732548017842717
2016-11-25 07:00:00,25.36698442683971,24.84747101125768,0.5195134155820291
2016-11-25 08:00:00,24.642382594902422,24.962090980514525,-0.3197083856121026
2016-11-25 09:00:00,24.67984060026742,25.282714193730307,-0.6028735934628884
2016-11-25 10:00:00,25.797694587141272,26.36218745486121,-0.5644928677199381
2016-11-25 11:00:00,27.443920252067826,28.01189576054589,-0.5679755084780638
2016-11-25 12:00:00,26.030533447168892,28.767817382710078,-2.7372839355411855
2016-11-25 13:00:00,30.081146134493892,29.275545876767072,0.8056002577268195
2016-11-25 14:00:00,30.56388179172121,31.094430407049135,-0.5305486153279233
2016-11-25 15:00:00,28.25730202806855,31.24778389070348,-2.9904818626349297
2016-11-25 16:00:00,29.044597949931937,30.173071073774334,-1.1284731238423973
2016-11-25 17:00:00,30.742965903046528,30.108320222091706,0.6346456809548222
2016-11-25 18:00:00,29.657616609136763,29.329111956042585,0.3285046530941784
2016-11-25 19:00:00,29.104829999056445,27.125716633047823,1.9791133660086224
2016-11-25 20:00:00,24.668439028953117,26.798075458636355,-2.129636429683238
2016-11-25 21:00:00,25.251385753573466,23.791843289617603,1.459542463955863
2016-11-25 22:00:00,24.514561501797868,24.819107317379874,-0.30454581558200644
2016-11-25 23:00:00,25.947498157903308,23.622543281540043,2.3249548763632646
2016-11-26 00:00:00,24.19783768617692,25.216388091145827,-1.0185504049689058
2016-11-26 01:00:00,21.280701722851056,23.16934752510955,-1.8886458022584947
2016-11-26 02:00:00,20.122135704978554,21.901321943929243,-1.7791862389506896
2016-11-26 03:00:00,19.348673929256194,20.424238064489085,-1.0755641352328915
2016-11-26 04:00:00,19.458586868202264,19.640650042932037,-0.18206317472977318
2016-11-26 05:00:00,19.298202023991266,19.628021604101075,-0.3298195801098096
2016-11-26 06:00:00,24.37615968590302,21.403058079314984,2.9731016065880347
2016-11-26 07:00:00,24.813347794797927,24.522828356857005,0.2905194379409224
2016-11-26 08:00:00,26.338288501479397,25.168932326969134,1.1693561745102627
2016-11-26 09:00:00,25.93609658658901,26.294830335693685,-0.35873374910467604
2016-11-26 10:00:00,28.715681134559325,26.670086965296132,2.045594169263193
2016-11-26 11:00:00,26.935069240312128,30.025976560115584,-3.0909073198034562
2016-11-26 12:00:00,29.235962948427055,28.38063984183523,0.8553231065918254
2016-11-26 13:00:00,28.87199135699788,31.307516957032593,-2.435525600034712
2016-11-26 14:00:00,31.182615823301916,30.86258989119014,0.32002593211177555
2016-11-26 15:00:00,37.96201920156328,33.95483898261939,4.007180218943887
2016-11-26 16:00:00,34.6370925930967,37.036624825107936,-2.3995322320112322
2016-11-26 17:00:00,34.18190822465611,33.683709704870694,0.4981985197854186
2016-11-26 18:00:00,32.088001833431555,33.010573900650485,-0.9225720672189297
2016-11-26 19:00:00,28.704279540300913,30.662823774432887,-1.958544234131974
2016-11-26 20:00:00,27.657238445798445,27.822094821962363,-0.16485637616391813
2016-11-26 21:00:00,26.865868332364705,27.430077060210944,-0.5642087278462391
2016-11-26 22:00:00,26.440873458398602,26.716340825149203,-0.27546736675060046
2016-11-26 23:00:00,29.896199986297574,25.729369226479076,4.166830759818499
2016-11-27 00:00:00,25.537978995197612,27.401900590280924,-1.863921595083312
2016-11-27 01:00:00,23.03683922540634,22.851066079664196,0.185773145742143
2016-11-27 02:00:00,22.378185009994386,22.658686131199932,-0.28050112120554616
2016-11-27 03:00:00,21.669058522211724,21.366017840327594,0.3030406818841307
2016-11-27 04:00:00,20.10097352518642,20.566205945930555,-0.46523242074413673
2016-11-27 05:00:00,19.790756659515438,20.777859314949012,-0.9871026554335742
2016-11-27 06:00:00,25.124356140530526,23.01720493987044,2.1071512006600877
2016-11-27 07:00:00,25.232656750890968,25.61270154118156,-0.3800447902905937
2016-11-27 08:00:00,25.389787569468314,26.26902995792452,-0.8792423884562055
2016-11-27 09:00:00,27.902299358558597,26.284398290744285,1.6179010678143122
2016-11-27 10:00:00,27.837993163751957,29.208605789765596,-1.3706126260136386
2016-11-27 11:00:00,27.107675953702767,28.981850147841406,-1.8741741941386394
2016-11-27 12:00:00,29.036449770420216,28.781064486556733,0.25538528386348247
2016-11-27 13:00:00,31.59617994104421,31.00833932927108,0.5878406117731281
2016-11-27 14:00:00,38.70326891351641,32.810893319539964,5.892375593976446
2016-11-27 15:00:00,33.61710460189343,37.54904355438627,-3.9319389524928425
2016-11-27 16:00:00,36.17410906085739,33.18812754797911,2.9859815128782827
2016-11-27 17:00:00,42.52734521284431,34.5312306664326,7.996114546411711
2016-11-27 18:00:00,37.2530101876302,37.46635004060184,-0.21333985297163593
2016-11-27 19:00:00,42.11583138088315,33.34923816031711,8.766593220566044
2016-11-27 20:00:00,37.48983453155807,36.04351411647938,1.446320415078688
2016-11-27 21:00:00,40.10428700692371,33.495617551916474,6.608669455007238
2016-11-27 22:00:00,36.40946791851161,36.001794747220494,0.40767317129111547
2016-11-27 23:00:00,35.618977574079565,33.41795558995231,2.2010219841272587
2016-11-28 00:00:00,42.98721862341245,31.04407193747022,11.943146685942231
2016-11-28 01:00:00,31.77702267260847,34.77984351116685,-3.0028208385583817
2016-11-28 02:00:00,27.195605864332688,27.58317155073752,-0.3875656864048338
2016-11-28 03:00:00,23.817628432496903,25.56945170792598,-1.7518232754290786
2016-11-28 04:00:00,21.878302943102018,23.321714044874447,-1.4434111017724298
2016-11-28 05:00:00,21.05108660223024,23.625526016002297,-2.5744394137720583
2016-11-28 06:00:00,26.491345180110635,24.45913220008023,2.0322129800304047
2016-11-28 07:00:00,25.074705083789613,27.803062865234942,-2.728357781445329
2016-11-28 08:00:00,26.61022651326137,27.046786320613858,-0.4365598073524879
2016-11-28 09:00:00,27.819264069293016,28.020388477436157,-0.2011244081431407
2016-11-28 10:00:00,28.490111381969108,29.60107355437092,-1.1109621724018126
2016-11-28 11:00:00,28.950952500581334,29.384246999533467,-0.433294498952133
2016-11-28 12:00:00,38.01917316623521,30.388294271173663,7.630878895061549
2016-11-28 13:00:00,31.28021823702248,35.924908846875184,-4.644690609852702
2016-11-28 14:00:00,28.26134679955226,33.22737299138678,-4.966026191834519
2016-11-28 15:00:00,28.98676931940478,31.09640213219335,-2.109632812788572
2016-11-28 16:00:00,30.645070538913547,31.24617872068056,-0.6011081817670139
2016-11-28 17:00:00,30.782827533505877,33.948455747317276,-3.1656282138113987
2016-11-28 18:00:00,32.0097440587865,33.87567592512093,-1.865931866334428
2016-11-28 19:00:00,36.511466791053095,33.977625605487894,2.533841185565201
2016-11-28 20:00:00,31.456957460178238,34.90187828296752,-3.4449208227892854
2016-11-28 21:00:00,29.484101400717144,32.697829878790195,-3.213728478073051
2016-11-28 22:00:00,32.43649755299155,30.59780071381441,1.8386968391771354
2016-11-28 23:00:00,33.134954845490945,32.003698927907735,1.1312559175832106
2016-11-29 00:00:00,30.878964277399913,31.522120020993103,-0.6431557435931907
2016-11-29 01:00:00,28.774271813589397,27.665973360727044,1.1082984528623534
2016-11-29 02:00:00,26.32281279021899,24.924058821709654,1.398753968509336
2016-11-29 03:00:00,22.22105419141704,21.86613485491914,0.3549193364979004
2016-11-29 04:00:00,20.88091324950213,22.00131641891209,-1.1204031694099612
2016-11-29 05:00:00,20.85406533538982,21.300413100600753,-0.446347765210934
2016-11-29 06:00:00,25.849778820991823,22.965257269370035,2.8845215516217877
2016-11-29 07:00:00,27.091408945933637,27.058011314047995,0.03339763188564149
2016-11-29 08:00:00,27.352736866462923,27.15745990273603,0.19527696372689363
2016-11-29 09:00:00,29.00388636006968,27.886221777371933,1.1176645826977456
2016-11-29 10:00:00,31.068599926606012,29.128084073775465,1.940515852830547
2016-11-29 11:00:00,30.678777090313034,30.247189730750236,0.4315873595627977
2016-11-29 12:00:00,35.55215037210543,30.812108257622047,4.7400421144833835
2016-11-29 13:00:00,28.948519770881862,31.633244959671746,-2.6847251887898835
2016-11-29 14:00:00,32.33713670258493,29.510504703841686,2.826631998743242
2016-11-29 15:00:00,31.93734841278889,31.71277530650307,0.2245731062858205
2016-11-29 16:00:00,35.15412106965412,32.31489816864592,2.839222901008199
2016-11-29 17:00:00,33.041455940178885,36.15457315967051,-3.1131172194916275
2016-11-29 18:00:00,32.29375801520058,34.91389035119391,-2.6201323359933326
2016-11-29 19:00:00,35.12305217328372,35.42074852922305,-0.29769635593932975
2016-11-29 20:00:00,33.74313752274376,34.86105648734066,-1.1179189645969032
2016-11-29 21:00:00,34.23173512506563,34.733880031985734,-0.5021449069201012
2016-11-29 22:00:00,38.49047825079161,34.045856252858854,4.444621997932757
2016-11-29 23:00:00,34.37242327575813,37.343137593459026,-2.970714317700896
2016-11-30 00:00:00,34.91055482807711,33.24822643521796,1.662328392859152
2016-11-30 01:00:00,32.18882817011182,31.562175483304276,0.6266526868075424
2016-11-30 02:00:00,30.857568067673043,28.08125489108448,2.7763131765885625
2016-11-30 03:00:00,25.76184854325612,27.29214550682024,-1.530296963564119
2016-11-30 04:00:00,22.80400054893161,24.480067875606125,-1.676067326674513
2016-11-30 05:00:00,23.207833793764244,24.16879998608709,-0.9609661923228465
2016-11-30 06:00:00,26.813755280710424,25.314416714676938,1.4993385660334866
2016-11-30 07:00:00,27.862408451413298,28.48538604225756,-0.6229775908442612
2016-11-30 08:00:00,28.369647272248038,29.138511346349727,-0.768864074101689
2016-11-30 09:00:00,27.86158769466573,29.957131469445397,-2.0955437747796672
2016-11-30 10:00:00,29.83025246154869,30.74464779817746,-0.9143953366287718
2016-11-30 11:00:00,28.416044991678636,32.182906019669346,-3.7668610279907107
2016-11-30 12:00:00,30.62074317308651,31.20295678746426,-0.5822136143777499
2016-11-30 13:00:00,31.58386978292448,31.124547031026296,0.45932275189818483
2016-11-30 14:00:00,32.87350981821785,32.896732195647175,-0.023222377429327423
2016-11-30 15:00:00,30.22828231465867,32.943640605105934,-2.715358290447263
2016-11-30 16:00:00,33.20412675208175,31.607643553235324,1.5964831988464248
2016-11-30 17:00:00,36.014662539019994,33.961236902152706,2.0534256368672885
2016-11-30 18:00:00,35.73533835894503,35.49427834852787,0.24106001041715786
2016-11-30 19:00:00,37.3060613781052,35.3929336584863,1.913127719618899
2016-11-30 20:00:00,35.31942953658607,35.272629423332404,0.046800113253667064
2016-11-30 21:00:00,36.67648230757263,35.90164755623318,0.7748347513394478
2016-11-30 22:00:00,34.914072068555,37.02580181250287,-2.111729743947869
2016-11-30 23:00:00,34.2496142778675,35.27920795890946,-1.029593681041959
2016-12-01 00:00:00,36.12135082079481,33.63284830037322,2.4885025204215907
2016-12-01 01:00:00,34.72091899531812,33.65463969947223,1.066279295845895
2016-12-01 02:00:00,31.82597035467496,30.947111408205934,0.8788589464690268
2016-12-01 03:00:00,27.00509099678356,27.927175639303137,-0.9220846425195752
2016-12-01 04:00:00,24.428243552647793,25.229412637113377,-0.8011690844655845
2016-12-01 05:00:00,21.86443956042724,25.054064194205033,-3.189624633777793
2016-12-01 06:00:00,25.447586906101435,23.93550132607006,1.5120855800313748
2016-12-01 07:00:00,25.689394343886608,27.391528016467877,-1.7021336725812688
2016-12-01 08:00:00,29.863665878982868,27.433914416928967,2.4297514620539005
2016-12-01 09:00:00,28.36314045996274,30.399416107883628,-2.0362756479208883
2016-12-01 10:00:00,27.039295710726467,29.703912915595645,-2.6646172048691774
2016-12-01 11:00:00,28.248333174981667,29.58476313634331,-1.3364299613616417
2016-12-01 12:00:00,28.549552048544477,30.376935192353393,-1.827383143808916
2016-12-01 13:00:00,29.609548191301524,31.239914427651158,-1.6303662363496336
2016-12-01 14:00:00,29.21966657219553,31.62297774521755,-2.403311173022022
2016-12-01 15:00:00,29.68135770703319,31.139373148609046,-1.4580154415758564
2016-12-01 16:00:00,34.12240882115596,31.45925590946663,2.663152911689327
2016-12-01 17:00:00,37.11525300948499,34.89425900250425,2.220994006980739
2016-12-01 18:00:00,39.45301859269897,35.60075958264279,3.85225901005618
2016-12-01 19:00:00,37.93446717856499,37.12861859672213,0.8058485818428593
2016-12-01 20:00:00,33.9304282837803,35.80262150629789,-1.8721932225175877
2016-12-01 21:00:00,32.43063560789699,34.77717024687711,-2.346534638980124
2016-12-01 22:00:00,37.56574760158646,33.209883704923236,4.355863896663223
2016-12-01 23:00:00,35.5328061001357,35.76245352606516,-0.22964742592945697
2016-12-02 00:00:00,34.32845832044317,34.0698719458787,0.25858637456446587
2016-12-02 01:00:00,32.6815292808422,33.44286738818106,-0.7613381073388581
2016-12-02 02:00:00,32.45906648213253,30.807073952508432,1.6519925296240956
2016-12-02 03:00:00,26.672099989840596,28.932652374962313,-2.2605523851217164
2016-12-02 04:00:00,23.477309994185738,25.14521545805419,-1.6679054638684505
2016-12-02 05:00:00,24.60087945094794,23.735015314878282,0.8658641360696571
2016-12-02 06:00:00,26.582528565715542,25.604029034235555,0.9784995314799865
2016-12-02 07:00:00,27.53917768584239,27.503448106265935,0.035729579576454285
2016-12-02 08:00:00,26.559754791549334,28.35560139211239,-1.7958466005630562
2016-12-02 09:00:00,25.958079064246487,27.518020553754724,-1.5599414895082369
2016-12-02 10:00:00,25.629953677311242,27.473550093780744,-1.8435964164695022
2016-12-02 11:00:00,27.706918871001754,27.837499131148565,-0.1305802601468109
2016-12-02 12:00:00,30.132438612953496,29.273007799180807,0.8594308137726898
2016-12-02 13:00:00,34.63885102978276,32.81807354149039,1.8207774882923644
2016-12-02 14:00:00,31.958451672103344,34.23196126222609,-2.2735095901227496
2016-12-02 15:00:00,31.68176514705746,33.221466259387064,-1.5397011123296025
2016-12-02 16:00:00,33.90199777665054,34.67644119322854,-0.7744434165780021
2016-12-02 17:00:00,36.29867612832829,36.18046439612022,0.11821173220806713
2016-12-02 18:00:00,34.313803090601,36.74371112327005,-2.4299080326690543
2016-12-02 19:00:00,33.352435284554865,35.09748472413194,-1.7450494395770733
2016-12-02 20:00:00,35.81535420317036,34.145111009695064,1.6702431934752937
2016-12-02 21:00:00,33.12440349116306,34.51573072619071,-1.3913272350276529
2016-12-02 22:00:00,34.72033272738751,32.98066799539103,1.739664731996477
2016-12-02 23:00:00,34.78276310343495,33.88307127105842,0.8996918323765328
2016-12-03 00:00:00,35.87954338300963,34.477672502875464,1.4018708801341688
2016-12-03 01:00:00,30.54922674543193,33.565433729151124,-3.0162069837191936
2016-12-03 02:00:00,29.589324287994767,29.903040727177977,-0.3137164391832101
2016-12-03 03:00:00,24.80848217479021,27.466406949514095,-2.6579247747238846
2016-12-03 04:00:00,20.41602737661428,23.35580642444868,-2.9397790478343993
2016-12-03 05:00:00,19.504193153459468,21.34759280123091,-1.8433996477714416
2016-12-03 06:00:00,24.43803316248225,21.999321566103735,2.438711596378514
2016-12-03 07:00:00,25.38084780951449,25.394013691207327,-0.01316588169283861
2016-12-03 08:00:00,24.916753416688255,25.78704411425279,-0.8702906975645348
2016-12-03 09:00:00,26.7331528014487,25.729744041480426,1.0034087599682735
2016-12-03 10:00:00,29.511945915245626,27.15913390509269,2.3528120101529346
2016-12-03 11:00:00,34.37242327575813,30.459713324020107,3.912709951738023
2016-12-03 12:00:00,40.22240622847523,32.99753980993266,7.224866418542568
2016-12-03 13:00:00,40.11307992456555,37.66204678978813,2.4510331347774184
2016-12-03 14:00:00,41.196084559746865,37.54314930398308,3.6529352557637864
2016-12-03 15:00:00,35.49675484411955,39.61247979876756,-4.115724954648009
2016-12-03 16:00:00,45.15293420915112,36.52462239378409,8.628311815367027
2016-12-03 17:00:00,41.45577078322813,42.41705342073331,-0.9612826375051782
2016-12-03 18:00:00,36.33472738434445,39.44987102774151,-3.1151436433970616
2016-12-03 19:00:00,34.51486986313668,36.67937289848411,-2.1645030353474297
2016-12-03 20:00:00,40.34287052174919,36.04498033696458,4.297890184784613
2016-12-03 21:00:00,42.40336331198668,38.31426527377144,4.089098038215241
2016-12-03 22:00:00,37.500386620097515,39.58338299464715,-2.082996374549637
2016-12-03 23:00:00,34.468559836099274,35.284331287174716,-0.8157714510754417
2016-12-04 00:00:00,36.98101343892344,33.955617246872926,3.025396192050515
2016-12-04 01:00:00,34.317027380666474,33.49376513615075,0.8232622445157247
2016-12-04 02:00:00,30.411469842616043,29.944530563547936,0.4669392790681073
2016-12-04 03:00:00,26.964379332890694,27.563938144713344,-0.59955881182265
2016-12-04 04:00:00,22.03947853316307,24.949048446363758,-2.909569913200688
2016-12-04 05:00:00,20.024445185870796,22.99604863377078,-2.9716034478999838
2016-12-04 06:00:00,25.67720129251069,23.403901319788304,2.2732999727223877
2016-12-04 07:00:00,26.01262492590463,27.088893720682172,-1.076268794777544
2016-12-04 08:00:00,25.343389804149492,27.465056367349586,-2.121666563200094
2016-12-04 09:00:00,25.133324901840968,27.38300014919918,-2.249675247358212
2016-12-04 10:00:00,30.65562207679433,28.47749400219977,2.178128074594561
2016-12-04 11:00:00,37.14221839744688,33.08645870353382,4.0557596939130605
2016-12-04 12:00:00,34.129150351699316,37.49660910162163,-3.3674587499223136
2016-12-04 13:00:00,34.00780684008233,35.56684341384294,-1.5590365737606078
2016-12-04 14:00:00,36.026973064245496,36.56838874487209,-0.5414156806265922
2016-12-04 15:00:00,36.94701357000576,37.124986452135104,-0.17797288212934603
2016-12-04 16:00:00,35.159983014748676,37.910354202513446,-2.7503711877647703
2016-12-04 17:00:00,38.70473439979005,35.402465192957436,3.3022692068326123
2016-12-04 18:00:00,39.132953747374515,38.00050290047751,1.132450846897008
2016-12-04 19:00:00,40.01694299711862,37.58851550206018,2.428427495058436
2016-12-04 20:00:00,40.368956324262285,38.19199849111782,2.1769578331444635
2016-12-04 21:00:00,38.408410285256245,38.64241011731302,-0.23399983205677444
2016-12-04 22:00:00,37.46550716573103,36.478041075575284,0.987466090155749
2016-12-04 23:00:00,37.911606033223144,35.87099862887506,2.040607404348087
2016-12-05 00:00:00,34.38971616062939,34.66689460742043,-0.27717844679104076
2016-12-05 01:00:00,34.41550901273006,31.668148459466824,2.7473605532632384
2016-12-05 02:00:00,28.269494987668025,30.014627026045595,-1.7451320383775695
2016-12-05 03:00:00,24.175855392072332,24.805906560637943,-0.6300511685656112
2016-12-05 04:00:00,24.640741264960177,22.722287207579697,1.9184540573804796
2016-12-05 05:00:00,22.555686528302253,24.730090039429683,-2.17440351112743
2016-12-05 06:00:00,27.235496863254433,23.377724475041777,3.8577723882126556
2016-12-05 07:00:00,27.68898116482798,27.498454366341004,0.1905267984869745
2016-12-05 08:00:00,28.048028605821642,27.75275569868878,0.2952729071328619
2016-12-05 09:00:00,30.015784785899175,29.130151751192923,0.8856330347062524
2016-12-05 10:00:00,30.755862329096868,32.07127465856723,-1.315412329470366
2016-12-05 11:00:00,29.542721402321387,32.66175476089834,-3.119033358576953
2016-12-05 12:00:00,29.40291269941303,32.970319283453684,-3.567406584040654
2016-12-05 13:00:00,34.955399001735096,32.26203456922449,2.693364432510606
2016-12-05 14:00:00,39.379743544805436,35.23461415139341,4.145129393412027
2016-12-05 15:00:00,36.76792982578622,37.84695797115891,-1.079028145372689
2016-12-05 16:00:00,31.777608940539082,36.66015050563333,-4.88254156509425
2016-12-05 17:00:00,32.81020022382738,34.915951283042666,-2.1057510592152866
2016-12-05 18:00:00,32.45173905076433,36.074511794328465,-3.622772743564134
2016-12-05 19:00:00,35.67935619592276,35.73301017408846,-0.053653978165705496
2016-12-05 20:00:00,35.71657998780013,36.84938766151527,-1.132807673715142
2016-12-05 21:00:00,38.50190919056831,36.61678576826862,1.8851234222996922
2016-12-05 22:00:00,37.119356517893486,37.62316881926621,-0.5038123013727258
2016-12-05 23:00:00,34.04620280071515,36.468914091673675,-2.4227112909585244
2016-12-06 00:00:00,33.45824434798665,33.31947652762918,0.13876782035747226
2016-12-06 01:00:00,32.18062152040059,31.435035187868674,0.7455863325319179
2016-12-06 02:00:00,32.64313332020938,29.100143652861963,3.542989667347417
2016-12-06 03:00:00,24.065151340170424,28.11587865627522,-4.050727316104798
2016-12-06 04:00:00,20.66190895434556,23.43393828181121,-2.772029327465649
2016-12-06 05:00:00,20.470572687613753,22.149546390748288,-1.6789737031345346
2016-12-06 06:00:00,25.11216308915461,23.382246116933665,1.7299169722209449
2016-12-06 07:00:00,26.26744608003684,26.18545153565747,0.08199454437936993
2016-12-06 08:00:00,25.83187029972756,27.073168928150057,-1.2412986284224985
2016-12-06 09:00:00,26.425427115600595,27.595285307264962,-1.1698581916643676
2016-12-06 10:00:00,27.949547065534496,28.661248318537307,-0.7117012530028113
2016-12-06 11:00:00,31.73364398522412,29.462708724383408,2.2709352608407123
2016-12-06 12:00:00,27.747601166432226,31.788845864911067,-4.041244698478842
2016-12-06 13:00:00,26.455528321134995,28.640550252227495,-2.1850219310925
2016-12-06 14:00:00,28.19622003155094,30.079503244352082,-1.8832832128011425
2016-12-06 15:00:00,29.337551396706534,30.40396675113213,-1.0664153544255974
2016-12-06 16:00:00,34.71124685933326,30.057893011955493,4.653353847377765
2016-12-06 17:00:00,36.85585973641614,34.149932944114965,2.7059267923011774
2016-12-06 18:00:00,41.197842996432925,36.15540208452168,5.0424409119112426
2016-12-06 19:00:00,38.93511089779852,38.95378777146027,-0.01867687366174664
2016-12-06 20:00:00,35.19222371276874,36.68445731353669,-1.4922336007679533
2016-12-06 21:00:00,39.19567670672859,36.376900496347375,2.818776210381216
2016-12-06 22:00:00,38.83662963284071,38.198866306049496,0.637763326791216
2016-12-06 23:00:00,39.12152280759782,36.60857140933602,2.512951398261798
2016-12-07 00:00:00,36.203418786330175,36.0665588147112,0.1368599716189749
2016-12-07 01:00:00,32.70996015507774,32.62069654914919,0.08926360592855076
2016-12-07 02:00:00,33.55174325329872,29.26921151242192,4.282531740876799
2016-12-07 03:00:00,25.08853946510777,27.453010158285657,-2.3644706931778856
2016-12-07 04:00:00,21.996334059266342,23.187548996786234,-1.1912149375198915
2016-12-07 05:00:00,20.981885694282816,23.067778900542194,-2.085893206259378
2016-12-07 06:00:00,25.913293260407514,23.37951228019023,2.5337809802172835
2016-12-07 07:00:00,27.866482499582958,27.05504987172098,0.8114326278619792
2016-12-07 08:00:00,27.40159662669511,28.003755098098615,-0.6021584714035058
2016-12-07 09:00:00,27.313666532512297,28.940741275494613,-1.627074742982316
2016-12-07 10:00:00,30.648587779391438,28.796922354934086,1.8516654244573516
2016-12-07 11:00:00,31.225701560273848,30.620365054133142,0.6053365061407057
2016-12-07 12:00:00,33.01126662925729,30.759802842539063,2.2514637867182294
2016-12-07 13:00:00,28.96806953891597,32.30205056766432,-3.3339810287483473
2016-12-07 14:00:00,28.860560463109405,31.633029652131793,-2.772469189022388
2016-12-07 15:00:00,30.638036057957766,31.418511022500674,-0.7804749645429077
2016-12-07 16:00:00,34.54271446944161,32.5952025211534,1.9475119482882093
2016-12-07 17:00:00,37.270888973326294,36.0009900513508,1.2698989219754964
2016-12-07 18:00:00,31.728954208885007,37.91903331736349,-6.190079108478486
2016-12-07 19:00:00,34.45712926342836,34.16604264705738,0.29108661637097555
2016-12-07 20:00:00,40.50407548027264,34.87728549966157,5.626789980611072
2016-12-07 21:00:00,37.8562097710257,39.73738386934448,-1.8811740983187732
2016-12-07 22:00:00,35.900646825876976,37.39813591299098,-1.4974890871140047
2016-12-07 23:00:00,33.49957128116675,35.87303753437701,-2.3734662532102604
2016-12-08 00:00:00,31.226580962169766,33.082042053895,-1.8554610917252354
2016-12-08 01:00:00,30.155886576884615,31.25129048511375,-1.0954039082291338
2016-12-08 02:00:00,31.82245311419707,28.619041272193844,3.203411842003227
2016-12-08 03:00:00,23.00345535998745,26.773994053681896,-3.770538693694448
2016-12-08 04:00:00,20.84591705549761,22.196245182806685,-1.3503281273090764
2016-12-08 05:00:00,20.463245256245553,22.070238326466736,-1.6069930702211828
2016-12-08 06:00:00,25.902712537617226,22.310862215217288,3.5918503223999387
2016-12-08 07:00:00,28.17259613217477,26.914829413792162,1.2577667183826087
2016-12-08 08:00:00,28.118079547202584,28.31540055591235,-0.19732100870976765
2016-12-08 09:00:00,27.70935158922917,28.911585826225856,-1.2022342369966879
2016-12-08 10:00:00,27.886852923984144,29.66470941402334,-1.7778564900391949
2016-12-08 11:00:00,28.498259570084873,29.44682433261345,-0.9485647625285765
2016-12-08 12:00:00,29.88652766675982,29.041251442321872,0.8452762244379493
2016-12-08 13:00:00,32.76213176010392,30.408478022285735,2.3536537378181848
2016-12-08 14:00:00,32.548754829448505,32.307636082106555,0.24111874734195027
2016-12-08 15:00:00,28.948490459779745,32.899776236774684,-3.95128577699494
2016-12-08 16:00:00,34.04268556023726,31.60113109669866,2.4415544635386013
2016-12-08 17:00:00,37.88083008726516,36.18334030280051,1.6974897844646506
2016-12-08 18:00:00,40.6007983085444,37.41164613990543,3.1891521686389694
2016-12-08 19:00:00,34.97650244460244,38.97061076093316,-3.994108316330724
2016-12-08 20:00:00,34.64617846115095,35.55356446356987,-0.9073860024189173
2016-12-08 21:00:00,34.59723077908446,35.77479488817618,-1.177564109091719
2016-12-08 22:00:00,35.943732562848915,34.365805459862614,1.5779271029863011
2016-12-08 23:00:00,36.10845439474447,34.603265631001385,1.5051887637430852
2016-12-09 00:00:00,33.20647145669842,34.099343197894676,-0.8928717411962594
2016-12-09 01:00:00,35.09315617988032,31.925183445005143,3.1679727348751747
2016-12-09 02:00:00,30.240592472778395,31.818386499919455,-1.57779402714106
2016-12-09 03:00:00,25.505386242734556,26.497803121438974,-0.9924168787044181
2016-12-09 04:00:00,22.70874320693349,23.78437599094724,-1.0756327840137487
2016-12-09 05:00:00,21.902718414316247,22.994754218790604,-1.0920358044743566
2016-12-09 06:00:00,27.246077769597612,24.094636175100256,3.1514415944973564
2016-12-09 07:00:00,27.632823158137104,28.452889838614634,-0.820066680477531
2016-12-09 08:00:00,26.301650977532635,28.310184625214095,-2.0085336476814604
2016-12-09 09:00:00,27.679220923455922,27.96107024063841,-0.2818493171824876
2016-12-09 10:00:00,29.4767738775725,29.50942880857704,-0.03265493100454009
2016-12-09 11:00:00,34.34311318317957,30.76565836328247,3.577454819897099
2016-12-09 12:00:00,32.61792673603931,33.697835935283926,-1.079909199244618
2016-12-09 13:00:00,36.837687266096076,34.438902461452855,2.3987848046432205
2016-12-09 14:00:00,40.67084943347823,35.804827812035505,4.8660216214427265
2016-12-09 15:00:00,40.69048665586037,38.01976053548316,2.6707261203772106
2016-12-09 16:00:00,36.93147912182056,39.441877666488445,-2.5103985446678863
2016-12-09 17:00:00,42.94237444975447,38.11817865824682,4.824195791507648
2016-12-09 18:00:00,40.1418037492135,41.18334966023971,-1.041545911026212
2016-12-09 19:00:00,41.903628087406304,38.7735278203217,3.1301002670846003
2016-12-09 20:00:00,40.16290645786928,40.236379742884,-0.07347328501471395
2016-12-09 21:00:00,41.29925523393801,38.52611614569952,2.7731390882384943
2016-12-09 22:00:00,40.861364117474466,39.37428468185729,1.4870794356171757
2016-12-09 23:00:00,35.21918910073064,37.98253013570175,-2.7633410349711127
2016-12-10 00:00:00,34.3293375387862,34.89303397051649,-0.5636964317302926
2016-12-10 01:00:00,38.73404412526284,34.02088351507063,4.713160610192212
2016-12-10 02:00:00,32.05458841599738,34.856332570164014,-2.8017441541666344
2016-12-10 03:00:00,26.360270979136878,27.9815057345391,-1.6212347554022202
2016-12-10 04:00:00,22.068788992847416,24.533340797972222,-2.464551805124806
2016-12-10 05:00:00,20.50152411013456,22.773536642886597,-2.2720125327520364
2016-12-10 06:00:00,25.639743287145695,23.82942170567843,1.8103215814672637
2016-12-10 07:00:00,29.25217137988017,26.473856077199986,2.778315302680184
2016-12-10 08:00:00,31.034307290828803,29.426311746498968,1.6079955443298353
2016-12-10 09:00:00,29.075490687152204,31.1571425367827,-2.0816518496304965
2016-12-10 10:00:00,30.63070862658957,30.3574180135613,0.2732906130282693
2016-12-10 11:00:00,33.99227239189713,32.90806768792108,1.0842047039760487
2016-12-10 12:00:00,35.06120806516689,34.95659136130844,0.10461670385844712
2016-12-10 13:00:00,39.995253653426445,37.409647616039265,2.58560603738718
2016-12-10 14:00:00,39.018058448782696,39.639360752400066,-0.6213023036173695
2016-12-10 15:00:00,41.52816697988441,39.94672080089133,1.5814461789930832
2016-12-10 16:00:00,42.39369080889603,40.983891545231856,1.4097992636641763
2016-12-10 17:00:00,45.89945996537398,41.614037427088704,4.285422538285275
2016-12-10 18:00:00,38.04115619455136,43.41296147540524,-5.371805280853877
2016-12-10 19:00:00,40.53162676905937,38.20368199967114,2.327944769388232
2016-12-10 20:00:00,38.15839583065407,40.52432503509577,-2.3659292044416986
2016-12-10 21:00:00,39.8267212635348,38.044537972996444,1.782183290538356
2016-12-10 22:00:00,34.85457266505484,39.382749406931836,-4.528176741876997
2016-12-10 23:00:00,38.42365104881747,34.034067752052465,4.389583296765004
2016-12-11 00:00:00,35.54980603459454,36.46858222804858,-0.9187761934540433
2016-12-11 01:00:00,34.63152359841456,33.437642004508966,1.1938815939055942
2016-12-11 02:00:00,32.31749911309701,32.04049192115232,0.2770071919446906
2016-12-11 03:00:00,27.303877106230736,27.465161726708438,-0.16128462047770142
2016-12-11 04:00:00,26.022385167276685,24.52037902709305,1.502006140183635
2016-12-11 05:00:00,22.236529902677447,25.060567105991417,-2.8240372033139707
2016-12-11 06:00:00,26.066350306144535,24.64703052118262,1.419319784961914
2016-12-11 07:00:00,27.617347538653142,27.078189650349813,0.539157888303329
2016-12-11 08:00:00,27.468364724638672,28.80952069109109,-1.341155966452419
2016-12-11 09:00:00,29.406136805925616,29.101193713057345,0.30494309286827104
2016-12-11 10:00:00,31.64014507991206,31.636289551457924,0.003855528454135282
2016-12-11 11:00:00,35.02545012666893,33.70991885492585,1.315531271743076
2016-12-11 12:00:00,39.84196202709603,36.987677877253006,2.854284149843025
2016-12-11 13:00:00,36.704326546771775,40.73135140286349,-4.027024856091714
2016-12-11 14:00:00,41.57857941401298,38.33806327306375,3.240516140949225
2016-12-11 15:00:00,36.47131202662844,42.397571851201874,-5.926259824573435
2016-12-11 16:00:00,37.64547122961093,38.37048458712757,-0.7250133575166373
2016-12-11 17:00:00,37.94736360461532,39.37832431386008,-1.4309607092447578
2016-12-11 18:00:00,44.662871487661384,38.70538564544372,5.957485842217665
2016-12-11 19:00:00,49.37181515375907,42.87136150767711,6.500453646081965
2016-12-11 20:00:00,41.5428218426208,44.70151891575348,-3.1586970731326787
2016-12-11 21:00:00,42.46462151927868,40.31938676500452,2.1452347542741563
2016-12-11 22:00:00,39.98704663660944,40.17206574707953,-0.1850191104700869
2016-12-11 23:00:00,38.70473439979005,38.574695253562915,0.13003914622713353
2016-12-12 00:00:00,38.847180987168606,36.80760661848535,2.0395743686832546
2016-12-12 01:00:00,35.862543448550795,36.003186078126575,-0.14064262957577967
2016-12-12 02:00:00,31.020531646435437,32.863413675057124,-1.8428820286216876
2016-12-12 03:00:00,26.214541548320945,28.288406258370276,-2.0738647100493317
2016-12-12 04:00:00,22.302477519202778,24.637873434607055,-2.335395915404277
2016-12-12 05:00:00,23.29168993155384,22.543782022069394,0.7479079094844465
2016-12-12 06:00:00,27.990229360964964,25.877478053407884,2.1127513075570796
2016-12-12 07:00:00,29.4882048173492,28.482497745757204,1.0057070715919956
2016-12-12 08:00:00,28.985157270450507,29.9441545554528,-0.9589972850022939
2016-12-12 09:00:00,30.411469842616043,30.25241318711698,0.15905665549906445
2016-12-12 10:00:00,29.98647478509705,33.34401240953923,-3.3575376244421804
2016-12-12 11:00:00,30.620450039121206,32.37019164122496,-1.7497416021037573
2016-12-12 12:00:00,31.254425384921802,34.16110837826881,-2.9066829933470046
2016-12-12 13:00:00,31.8884007307224,33.378993919312556,-1.4905931885901573
2016-12-12 14:00:00,32.522376076522995,34.48091074296058,-1.9585346664375862
2016-12-12 15:00:00,33.156351238770704,33.315252608524844,-0.15890136975414038
2016-12-12 16:00:00,33.790326768124196,34.86656013719397,-1.0762333690697758
2016-12-12 17:00:00,34.4243019303719,35.9664718290718,-1.5421698986999033
2016-12-12 18:00:00,35.058277092619605,38.06932642368312,-3.011049331063518
2016-12-12 19:00:00,35.24351646655768,38.759311281886596,-3.515794815328917
2016-12-12 20:00:00,35.44897969791428,36.2320662529759,-0.7830865550616153
2016-12-12 21:00:00,40.69546974971768,36.69314230207922,4.002327447638464
2016-12-12 22:00:00,38.596580631741595,38.32528138401677,0.2712992477248264
2016-12-12 23:00:00,40.725365376015304,37.247630619530526,3.4777347564847787
2016-12-13 00:00:00,35.23618903518948,36.82445530536285,-1.5882662701733636
2016-12-13 01:00:00,34.91319285021197,32.22977881986745,2.6834140303445224
2016-12-13 02:00:00,30.176403568268455,30.873124725757933,-0.6967211574894776
2016-12-13 03:00:00,26.57112699440124,26.24012202972791,0.33100496467332974
2016-12-13 04:00:00,23.71829695055268,24.921238715107926,-1.202941764555245
2016-12-13 05:00:00,23.419510657552618,24.589669141745002,-1.1701584841923847
2016-12-13 06:00:00,26.2813098298174,25.951932245066676,0.32937758475072343
2016-12-13 07:00:00,28.886617046296823,27.573496110800637,1.3131209354961868
2016-12-13 08:00:00,29.22693545019182,28.763835019208965,0.46310043098285547
2016-12-13 09:00:00,31.97633064135232,29.71114930473041,2.265181336621911
2016-12-13 10:00:00,30.78106891326693,31.625566391625007,-0.8444974783580754
2016-12-13 11:00:00,31.820108409580403,31.351589841446863,0.46851856813353976
2016-12-13 12:00:00,31.121651117081004,32.75914388616074,-1.6374927690797385
2016-12-13 13:00:00,28.008958455423908,31.2827837557658,-3.2738253003418905
2016-12-13 14:00:00,28.648912944839317,31.801879037864442,-3.1529660930251246
2016-12-13 15:00:00,30.584105649139747,31.410495634900816,-0.8263899857610681
2016-12-13 16:00:00,33.3799865733416,32.48528848088999,0.8946980924516055
2016-12-13 17:00:00,34.67695404000316,35.36625387882121,-0.6892998388180516
2016-12-13 18:00:00,33.92398007075513,37.069162144598224,-3.1451820738430953
2016-12-13 19:00:00,35.27370577747927,36.101225347725304,-0.8275195702460323
2016-12-13 20:00:00,32.78645912593096,36.034876117476685,-3.2484169915457244
2016-12-13 21:00:00,34.37828522085269,36.307535125010524,-1.9292499041578353
2016-12-13 22:00:00,35.21010323267639,36.098717281036556,-0.8886140483601679
2016-12-13 23:00:00,36.56334544566686,36.53023397273671,0.03311147293015182
2016-12-14 00:00:00,33.93101455171091,34.962142734913144,-1.0311281832022345
2016-12-14 01:00:00,30.851119854647877,32.37712700362015,-1.5260071489722762
2016-12-14 02:00:00,29.085280228154325,28.25636774385853,0.8289124842957953
2016-12-14 03:00:00,24.94037740784087,25.26957290812473,-0.32919550028385913
2016-12-14 04:00:00,24.10665448412491,24.118490341576916,-0.011835857452005882
2016-12-14 05:00:00,23.304703464347988,24.25058784991234,-0.9458843855643515
2016-12-14 06:00:00,27.458575298357108,25.36016139881319,2.0984138995439174
2016-12-14 07:00:00,30.070301370871363,28.955850018639715,1.1144513522316473
2016-12-14 08:00:00,37.77003829708184,30.46484133288406,7.30519696419778
2016-12-14 09:00:00,37.55842017021826,35.72707701047259,1.8313431597456713
2016-12-14 10:00:00,33.72760307455856,34.61001854182393,-0.8824154672653748
2016-12-14 11:00:00,30.173765729686483,32.479793641575405,-2.306027911888922
2016-12-14 12:00:00,30.04597409682077,30.253536530803686,-0.20756243398291474
2016-12-14 13:00:00,32.92802649496648,29.063298071714403,3.864728423252078
2016-12-14 14:00:00,33.27593594659586,33.009358413413004,0.26657753318285415
2016-12-14 15:00:00,36.534035720194076,33.27692933483646,3.2571063853576163
2016-12-14 16:00:00,37.207579378935826,36.4982414382239,0.7093379407119258
2016-12-14 17:00:00,38.813767753287316,37.56723291157222,1.2465348417150963
2016-12-14 18:00:00,38.861835849905,38.01465996777626,0.8471758821287381
2016-12-14 19:00:00,35.046553202430495,37.76504125320489,-2.718488050774397
2016-12-14 20:00:00,32.742494170616,35.35257331482486,-2.6100791442088607
2016-12-14 21:00:00,35.59552979370134,35.87706762162952,-0.28153782792818305
2016-12-14 22:00:00,40.47711009231074,36.8755534930884,3.6015565992223415
2016-12-14 23:00:00,40.728003398150165,38.83080219568947,1.8972012024606926
2016-12-15 00:00:00,44.36302976554391,37.74360080723154,6.619428958312369
2016-12-15 01:00:00,41.33208256699447,38.762819344719986,2.5692632222744862
2016-12-15 02:00:00,30.55391633821815,35.336624037108294,-4.7827076988901425
2016-12-15 03:00:00,26.378179316848254,28.112535882819262,-1.7343565659710087
2016-12-15 04:00:00,25.050289612575384,26.25259701834284,-1.2023074057674563
2016-12-15 05:00:00,24.653784166216724,25.81349702254585,-1.1597128563291257
2016-12-15 06:00:00,27.6898018297991,27.50619681079346,0.1836050190056433
2016-12-15 07:00:00,28.56502771391666,30.798868771220327,-2.2338410573036676
2016-12-15 08:00:00,29.81559750703585,32.39831818476891,-2.582720677733061
2016-12-15 09:00:00,30.278109306844634,32.33782906408595,-2.059719757241318
2016-12-15 10:00:00,28.423372514823278,31.67023912688375,-3.2468666120604723
2016-12-15 11:00:00,32.52266902693541,30.407622941147743,2.115046085787668
2016-12-15 12:00:00,33.637328459311966,32.624424141239,1.0129043180729695
2016-12-15 13:00:00,38.483150819423415,33.93855160047947,4.544599218943944
2016-12-15 14:00:00,39.278624257712764,36.53528461405753,2.743339643655233
2016-12-15 15:00:00,39.9445475346739,37.64028769599776,2.3042598386761384
2016-12-15 16:00:00,42.473414436920514,38.8091128519973,3.6643015849232157
2016-12-15 17:00:00,43.174508650237435,40.83034735012482,2.344161300112617
2016-12-15 18:00:00,40.53485069201906,39.95815981699518,0.5766908750238855
2016-12-15 19:00:00,43.69564173652069,38.337102924343355,5.358538812177336
2016-12-15 20:00:00,41.07620616729774,40.39412436232545,0.6820818049722916
2016-12-15 21:00:00,33.513640243078314,39.549874313263075,-6.036234070184761
2016-12-15 22:00:00,35.45366910714762,36.489905200172345,-1.0362360930247263
2016-12-15 23:00:00,36.130143738436644,37.344269013472896,-1.2141252750362526
2016-12-16 00:00:00,34.194218382775844,36.69458723042918,-2.500368847653334
2016-12-16 01:00:00,31.0076352203851,34.216324024422505,-3.208688804037404
2016-12-16 02:00:00,33.46146827094635,29.287305192663958,4.17416307828239
2016-12-16 03:00:00,29.68135770703319,28.874509519095586,0.8068481879376037
2016-12-16 04:00:00,23.915347952961277,26.160628577027474,-2.245280624066197
2016-12-16 05:00:00,22.48320296047034,23.77656581547838,-1.2933628550080414
2016-12-16 06:00:00,27.684115636596704,24.281272019425334,3.4028436171713707
2016-12-16 07:00:00,28.798716354992578,29.036528718239005,-0.23781236324642663
2016-12-16 08:00:00,32.56341005929068,30.741775195449197,1.821634863841485
2016-12-16 09:00:00,31.057169170382203,32.909172676318796,-1.8520035059365938
2016-12-16 10:00:00,35.658252753055415,31.5051762537186,4.153076499336816
2016-12-16 11:00:00,36.53081179723438,35.925314131656265,0.6054976655781132
2016-12-16 12:00:00,50.00110200809079,36.34939179183112,13.651710216259673
2016-12-16 13:00:00,43.33981785138094,46.937015436571926,-3.597197585190983
2016-12-16 14:00:00,38.931007389390025,41.236573390431296,-2.305566001041271
2016-12-16 15:00:00,38.08834470572023,40.12992787723148,-2.041583171511249
2016-12-16 16:00:00,40.70748659031921,40.12271351444352,0.5847730758756953
2016-12-16 17:00:00,39.584620141125654,41.421418492761674,-1.8367983516360198
2016-12-16 18:00:00,40.98358684743448,39.4101332954829,1.5734535519515802
2016-12-16 19:00:00,36.856445637240974,39.99554660383886,-3.139100966597887
2016-12-16 20:00:00,34.57847240793957,36.97756191038016,-2.3990895024405887
2016-12-16 21:00:00,34.25107976414114,34.68345144520285,-0.43237168106171
2016-12-16 22:00:00,36.14655777207065,34.187483093030735,1.9590746790399152
2016-12-16 23:00:00,32.9664224555993,35.70879661105322,-2.7423741554539163
2016-12-17 00:00:00,29.07229589747777,34.65875623938428,-5.586460341906513
2016-12-17 01:00:00,35.07263900494358,29.37671922018585,5.695919784757731
2016-12-17 02:00:00,30.56124395313924,32.52731218084047,-1.9660682277012285
2016-12-17 03:00:00,24.91596193662664,27.997852220709593,-3.0818902840829523
2016-12-17 04:00:00,21.36373664501086,23.097846332344837,-1.7341096873339765
2016-12-17 05:00:00,20.91429711492102,21.682294888214315,-0.7679977732932954
2016-12-17 06:00:00,25.7805779130444,24.18873566546835,1.59184224757605
2016-12-17 07:00:00,27.548967295676842,27.18454478362931,0.3644225120475326
2016-12-17 08:00:00,32.7351667392478,28.939125826509855,3.796040912737947
2016-12-17 09:00:00,28.2173818442373,31.62214000982766,-3.404758165590362
2016-12-17 10:00:00,27.120718854959314,31.65662464192779,-4.535905786968478
2016-12-17 11:00:00,31.48304344624422,32.018684736504774,-0.5356412902605534
2016-12-17 12:00:00,32.415980745160596,35.416421086288764,-3.0004403411281686
2016-12-17 13:00:00,28.056176793937407,36.36530949845061,-8.3091327045132
2016-12-17 14:00:00,32.03172653644398,33.08801559914667,-1.0562890627026889
2016-12-17 15:00:00,35.92497419170402,35.91748963906199,0.007484552642026188
2016-12-17 16:00:00,33.82549843869154,37.67418110423925,-3.848682665547713
2016-12-17 17:00:00,27.28596858496647,35.762242073135894,-8.476273488169426
2016-12-17 18:00:00,29.669926813144713,31.131317195820497,-1.4613903826757841
2016-12-17 19:00:00,29.25867819216547,32.682790656302174,-3.424112464136705
2016-12-17 20:00:00,24.613072502323856,31.595335230644498,-6.9822627283206415
2016-12-17 21:00:00,22.552433236880162,27.55062927531921,-4.998196038439048
2016-12-17 22:00:00,21.532269034902505,25.63117100007762,-4.098901965175116
2016-12-17 23:00:00,25.187870947051998,25.401052210326686,-0.2131812632746879
2016-12-18 00:00:00,21.677998282165547,26.038218623119672,-4.360220340954125
2016-12-18 01:00:00,20.482795107452063,23.364906976734133,-2.8821118692820704
2016-12-18 02:00:00,20.730318382231367,21.34135934508702,-0.6110409628556539
2016-12-18 03:00:00,19.658862160676335,20.423957595673187,-0.7650954349968515
2016-12-18 04:00:00,19.63605828383617,17.433928741570746,2.202129542265425
2016-12-18 05:00:00,22.584175405251028,18.66785349974388,3.9163219055071465
2016-12-18 06:00:00,25.374311858207907,22.992094904520506,2.3822169536874007
2016-12-18 07:00:00,25.927127641725676,25.009573176307374,0.9175544654183021
2016-12-18 08:00:00,25.46795723872618,26.283140953447887,-0.8151837147217087
2016-12-18 09:00:00,26.92448833396895,26.21325319058614,0.7112351433828081
2016-12-18 10:00:00,26.463676601027203,28.658752366339293,-2.1950757653120903
2016-12-18 11:00:00,26.387968926682706,29.409074019271152,-3.0211050925884457
2016-12-18 12:00:00,31.054824282212646,30.292662481279976,0.7621618009326703
2016-12-18 13:00:00,26.75513527910618,32.671596499753555,-5.916461220647374
2016-12-18 14:00:00,26.00690963956917,30.010671553042865,-4.003761913473696
2016-12-18 15:00:00,25.72603186783337,29.916929899033796,-4.190898031200426
2016-12-18 16:00:00,26.38064131176162,29.66831072172484,-3.287669409963218
2016-12-18 17:00:00,29.672271609537823,28.416048846289325,1.2562227632484984
2016-12-18 18:00:00,28.41847770990605,30.14201686163513,-1.7235391517290815
2016-12-18 19:00:00,25.533084006727496,28.638288375852433,-3.1052043691249374
2016-12-18 20:00:00,26.505179561428797,25.939075466440574,0.5661040949882228
2016-12-18 21:00:00,21.844098229159115,25.836395979783028,-3.992297750623912
2016-12-18 22:00:00,25.122744179050677,22.466601702888546,2.656142476162131
2016-12-18 23:00:00,25.180543515683798,26.064312869065702,-0.8837693533819042
2016-12-19 00:00:00,22.749454503720578,24.094791827950964,-1.3453373242303854
2016-12-19 01:00:00,24.385919927275076,22.50750316046966,1.8784167668054153
2016-12-19 02:00:00,22.08833810984237,23.54048559496652,-1.4521474851241507
2016-12-19 03:00:00,19.336451509417877,21.947119858403592,-2.6106683489857154
2016-12-19 04:00:00,20.07327612829926,19.726054265795764,0.3472218625034955
2016-12-19 05:00:00,20.9094314949133,21.67045278996405,-0.7610212950507496
2016-12-19 06:00:00,25.34500176562934,23.36918559459968,1.9758161710296598
2016-12-19 07:00:00,27.74598911317593,27.30039639277795,0.44559272039797904
2016-12-19 08:00:00,25.73418014772558,27.046453355671428,-1.3122732079458466
2016-12-19 09:00:00,25.450019716105295,26.494532943151004,-1.0445132270457087
2016-12-19 10:00:00,25.07634641373186,28.73599647014941,-3.6596500564175507
2016-12-19 11:00:00,26.21618287826319,27.123032355584684,-0.9068494773214937
2016-12-19 12:00:00,25.598210774728813,28.07894909968049,-2.480738324951677
2016-12-19 13:00:00,25.32301947152475,26.549555491664435,-1.2265360201396867
2016-12-19 14:00:00,25.462241768837828,27.00633126366119,-1.5440894948233606
2016-12-19 15:00:00,25.077958375211704,25.86916237328001,-0.7912039980683048
2016-12-19 16:00:00,25.820498096875653,25.93521351363529,-0.11471541675963692
2016-12-19 17:00:00,26.523117267602572,27.54188756893368,-1.0187703013311094
2016-12-19 18:00:00,25.86525416514645,28.798214108397357,-2.932959943250907
2016-12-19 19:00:00,25.086927136522146,27.005936808500614,-1.9190096719784684
2016-12-19 20:00:00,21.08203802475105,25.618871120919735,-4.536833096168685
2016-12-19 21:00:00,23.26888642181946,22.83911127993948,0.4297751418799791
2016-12-19 22:00:00,24.64156174637841,24.509091625676316,0.13247012070209507
2016-12-19 23:00:00,21.603931754210407,25.324862709645977,-3.72093095543557
2016-12-20 00:00:00,19.724809042990106,22.11124918157028,-2.3864401385801735
2016-12-20 01:00:00,19.338093206465903,20.296472037251526,-0.9583788307856231
2016-12-20 02:00:00,19.463451753998424,18.436159826196878,1.0272919278015458
2016-12-20 03:00:00,19.715870017247845,18.063544522681312,1.6523254945665329
2016-12-20 04:00:00,20.006537031712313,19.679778379595895,0.32675865211641764
2016-12-20 05:00:00,19.502551456411446,21.207815072872737,-1.7052636164612913
2016-12-20 06:00:00,24.89641245252591,21.995687953093594,2.900724499432318
2016-12-20 07:00:00,26.113597921343985,25.764597431336536,0.34900049000744815
2016-12-20 08:00:00,26.400982459476857,25.53898339661161,0.8619990628652481
2016-12-20 09:00:00,24.84916447022068,26.660311672587095,-1.811147202366417
2016-12-20 10:00:00,24.688780360221244,24.96747532098934,-0.27869496076809597
2016-12-20 11:00:00,25.97191344556465,25.41169350557067,0.5602199399939778
2016-12-20 12:00:00,26.880523378653987,25.862278772799794,1.0182446058541927
2016-12-20 13:00:00,23.923466864391088,24.95361597647814,-1.0301491120870523
2016-12-20 14:00:00,24.109116295485386,24.990386025611475,-0.881269730126089
2016-12-20 15:00:00,24.19783768617692,25.327778997962056,-1.1299413117851351
2016-12-20 16:00:00,24.315898537909423,25.47168629923911,-1.1557877613296874
2016-12-20 17:00:00,25.748014161937963,25.635224214994267,0.11278994694369615
2016-12-20 18:00:00,25.39550303935666,26.374055250516072,-0.9785522111594105
2016-12-20 19:00:00,23.955209399867737,25.30360398103371,-1.348394581165973
2016-12-20 20:00:00,21.831084329259184,23.254384642193312,-1.4233003129341277
2016-12-20 21:00:00,19.23794087599767,23.492703106645653,-4.254762230647984
2016-12-20 22:00:00,22.097307238258587,21.649550521064132,0.447756717194455
2016-12-20 23:00:00,21.542029643380342,23.064715035702566,-1.5226853923222237
2016-12-21 00:00:00,19.72155575156801,21.570649944198347,-1.8490941926303357
2016-12-21 01:00:00,22.63139401909386,20.1524689213659,2.4789250977279593
2016-12-21 02:00:00,20.118061565032452,21.118901318752496,-1.0008397537200437
2016-12-21 03:00:00,18.473448228691524,18.82882277635659,-0.3553745476650647
2016-12-21 04:00:00,18.434348526278505,19.53503371003473,-1.1006851837562266
2016-12-21 05:00:00,18.369221758277185,20.293085119325525,-1.9238633610483404
2016-12-21 06:00:00,24.185615633444385,21.589737976333655,2.59587765711073
2016-12-21 07:00:00,26.557292796635966,25.61588655092858,0.9414062457073875
2016-12-21 08:00:00,24.8882641726337,26.53365834296862,-1.6453941703349209
2016-12-21 09:00:00,24.66111159758492,25.712162978571893,-1.0510513809869728
2016-12-21 10:00:00,24.417662829857505,25.37375459163391,-0.9560917617764062
2016-12-21 11:00:00,24.89884489542399,24.84744604806464,0.05139884735935141
2016-12-21 12:00:00,25.393040860890405,25.042562035907018,0.3504788249833872
2016-12-21 13:00:00,29.550342013543112,24.23054534274911,5.319796670794002
2016-12-21 14:00:00,25.658472289828193,28.008423306973157,-2.3499510171449636
2016-12-21 15:00:00,25.09100127646825,25.51053269866395,-0.41953142219569983
2016-12-21 16:00:00,25.272547566259824,25.356150033955462,-0.08360246769563773
2016-12-21 17:00:00,26.006118159507555,26.07745158493082,-0.0713334254232656
2016-12-21 18:00:00,26.427859742051563,25.962866123617296,0.4649936184342671
2016-12-21 19:00:00,23.698776467808568,25.34002564678185,-1.6412491789732826
2016-12-21 20:00:00,20.8149656329768,22.803193650427236,-1.9882280174504352
2016-12-21 21:00:00,20.05211394850712,22.130367316379548,-2.0782533678724278
2016-12-21 22:00:00,20.02198337451032,21.68709663181632,-1.6651132573060003
2016-12-21 23:00:00,19.759013756933008,21.383829812771726,-1.6248160558387177
2016-12-22 00:00:00,19.266430487158004,19.969786806291097,-0.7033563191330927
2016-12-22 01:00:00,18.99534195815088,20.18002902069135,-1.184687062540469
2016-12-22 02:00:00,19.38041683183862,18.355507420549074,1.0249094112895456
2016-12-22 03:00:00,18.976583587005983,17.86949901529333,1.1070845717126545
2016-12-22 04:00:00,18.913098516052692,18.618024763805465,0.29507375224722665
2016-12-22 05:00:00,19.90881714414216,19.874705675067368,0.03411146907479079
2016-12-22 06:00:00,23.70446256923452,22.01969373425738,1.6847688349771381
2016-12-22 07:00:00,25.45248152746577,25.316998202521685,0.13548332494408655
2016-12-22 08:00:00,24.64971002627062,26.099473159353867,-1.4497631330832483
2016-12-22 09:00:00,25.712197486515212,25.433021250069572,0.2791762364456396
2016-12-22 10:00:00,24.73438664547845,25.896077100644273,-1.1616904551658251
2016-12-22 11:00:00,25.110521759212364,25.680054438632617,-0.5695326794202522
2016-12-22 12:00:00,24.122129828279533,26.005340996571356,-1.8832111682918224
2016-12-22 13:00:00,23.539183470764964,26.846170353975975,-3.3069868832110103
2016-12-22 14:00:00,23.42033150607663,25.350626927495817,-1.9302954214191885
2016-12-22 15:00:00,23.897410063234613,25.37217750520316,-1.4747674419685488
2016-12-22 16:00:00,24.151439920858103,25.249466524555785,-1.098026603697683
2016-12-22 17:00:00,25.0437830297312,25.163744020980822,-0.11996099124962356
2016-12-22 18:00:00,26.759209235499394,24.71059819093641,2.0486110445629855
2016-12-22 19:00:00,23.424376277560338,24.09022466494236,-0.6658483873820238
2016-12-22 20:00:00,20.55038442102542,21.605068313705193,-1.0546838926797726
2016-12-22 21:00:00,20.54713039539177,20.690582852607438,-0.14345245721566968
2016-12-22 22:00:00,20.3020696661845,20.786752085363002,-0.4846824191785011
2016-12-22 23:00:00,19.2737579185262,20.759722820995385,-1.4859649024691848
2016-12-23 00:00:00,20.024445185870796,20.515243587343594,-0.49079840147279796
2016-12-23 01:00:00,20.320798668867,20.743745643239542,-0.42294697437254314
2016-12-23 02:00:00,19.255849030156156,20.37789169397946,-1.1220426638233043
2016-12-23 03:00:00,18.597195181849976,19.250386496150206,-0.6531913143002299
2016-12-23 04:00:00,18.449003389014898,18.890324741886488,-0.44132135287159
2016-12-23 05:00:00,18.706286538060475,19.703653471102008,-0.9973669330415333
2016-12-23 06:00:00,24.151439920858103,21.04887589122326,3.1025640296348413
2016-12-23 07:00:00,24.521888933166064,24.936697539502454,-0.41480860633638983
2016-12-23 08:00:00,24.366370076068566,24.753627026512447,-0.38725695044388075
2016-12-23 09:00:00,25.602284914674918,24.49920142885815,1.103083485816768
2016-12-23 10:00:00,27.811936546148374,25.987497820135925,1.824438726012449
2016-12-23 11:00:00,25.48179162004434,27.465182835290786,-1.9833912152464457
2016-12-23 12:00:00,24.18318282344053,26.067200890236723,-1.8840180667961945
2016-12-23 13:00:00,24.12620396822564,27.127819965614158,-3.0016159973885195
2016-12-23 14:00:00,23.925108194333333,25.502342568712827,-1.5772343743794934
2016-12-23 15:00:00,23.861593387811862,24.933897990824406,-1.0723046030125438
2016-12-23 16:00:00,24.543871594376434,25.539309019438445,-0.9954374250620113
2016-12-23 17:00:00,25.78629301582697,26.21616323810396,-0.429870222276989
2016-12-23 18:00:00,25.47607615015599,26.12227299803045,-0.6461968478744602
2016-12-23 19:00:00,23.171987749879094,24.973593505918316,-1.8016057560392227
2016-12-23 20:00:00,19.693886988931695,22.882024844300606,-3.188137855368911
2016-12-23 21:00:00,19.311215923891197,19.63598339425706,-0.3247674703658632
2016-12-23 22:00:00,19.801337382305725,20.214773380130808,-0.4134359978250828
2016-12-23 23:00:00,19.313648366789273,19.719860457076116,-0.4062120902868429
2016-12-24 00:00:00,19.209451264837334,20.38020299197015,-1.1707517271328172
2016-12-24 01:00:00,19.500910493574978,19.542630597045424,-0.04172010347044619
2016-12-24 02:00:00,19.154905953837865,20.029829893451396,-0.8749239396135309
2016-12-24 03:00:00,18.878893067898225,19.23496952181459,-0.35607645391636567
2016-12-24 04:00:00,18.834107631165033,17.909117071067662,0.9249905600973705
2016-12-24 05:00:00,19.03520377216312,18.86911924361231,0.16608452855080813
2016-12-24 06:00:00,22.84796550424657,21.05846983367699,1.789495670569579
2016-12-24 07:00:00,23.496038996868236,23.064233392919245,0.43180560394899103
2016-12-24 08:00:00,23.243650836292776,24.36198169357481,-1.1183308572820323
2016-12-24 09:00:00,22.48402307478279,24.615007883995858,-2.130984809213068
2016-12-24 10:00:00,22.87563426688289,24.725225520739304,-1.8495912538564134
2016-12-24 11:00:00,22.969250278938766,25.510778292430754,-2.5415280134919875
2016-12-24 12:00:00,23.141886177238913,24.85145741292237,-1.709571235683459
2016-12-24 13:00:00,23.60105694734419,25.716858995709266,-2.115802048365076
2016-12-24 14:00:00,23.474056702763647,25.400950522025635,-1.9268938192619878
2016-12-24 15:00:00,23.030332642562158,26.265695352572163,-3.235362710010005
2016-12-24 16:00:00,23.255052407607078,26.130453216125517,-2.875400808518439
2016-12-24 17:00:00,23.3844850950857,25.187525500513043,-1.8030404054273426
2016-12-24 18:00:00,23.448820750131183,24.628615393942,-1.1797946438108156
2016-12-24 19:00:00,22.7356204895082,23.573927463098645,-0.8383069735904449
2016-12-24 20:00:00,19.869747544403094,23.088871330236138,-3.2191237858330446
2016-12-24 21:00:00,18.900055247690364,20.43997074979547,-1.5399155021051065
2016-12-24 22:00:00,18.404247320744105,20.127624670600664,-1.723377349856559
2016-12-24 23:00:00,18.887041347790436,19.761642968529152,-0.8746016207387157
2016-12-25 00:00:00,19.006714161002783,19.879922982412296,-0.8732088214095128
2016-12-25 01:00:00,18.966002864215696,19.44393934758147,-0.47793648336577377
2016-12-25 02:00:00,18.941587393001466,19.734322956383803,-0.7927355633823367
2016-12-25 03:00:00,18.9285448588507,19.4406398008311,-0.5120949419804006
2016-12-25 04:00:00,18.626504907322765,18.54564765664974,0.08085725067302363
2016-12-25 05:00:00,18.757579291849414,19.430541455035694,-0.6729621631862805
2016-12-25 06:00:00,22.777944114880917,21.75173147807248,1.026212636808438
2016-12-25 07:00:00,23.010782791355645,23.676843365878494,-0.6660605745228487
2016-12-25 08:00:00,22.57031202257625,23.26044629283217,-0.6901342702559212
2016-12-25 09:00:00,22.649302173252345,23.54530863070376,-0.896006457451417
2016-12-25 10:00:00,22.79910556046149,24.205423927119995,-1.4063183666585033
2016-12-25 11:00:00,22.952983454722524,24.09884504286761,-1.1458615881450847
2016-12-25 12:00:00,22.503572925989303,23.937975986132834,-1.4344030601435307
2016-12-25 13:00:00,22.027285481787153,24.081642466018227,-2.054356984231074
2016-12-25 14:00:00,22.498678671730744,24.188763565507628,-1.6900848937768842
2016-12-25 15:00:00,22.810507865987354,24.255207141941696,-1.444699275954342
2016-12-25 16:00:00,22.063102524315685,24.40244592817198,-2.3393434038562937
2016-12-25 17:00:00,23.583148426079926,23.667917188838526,-0.08476876275859979
2016-12-25 18:00:00,23.40646775629607,24.653527192170746,-1.2470594358746752
2016-12-25 19:00:00,22.51658682588923,23.466956142767472,-0.9503693168782412
2016-12-25 20:00:00,19.842870261828388,21.937061894243982,-2.094191632415594
2016-12-25 21:00:00,19.417053988679605,19.969611329728274,-0.5525573410486686
2016-12-25 22:00:00,20.1660716589369,19.83163976180755,0.33443189712934895
2016-12-25 23:00:00,20.38267214544623,20.002520160267885,0.3801519851783439
2016-12-26 00:00:00,21.627526376900626,19.57233239149122,2.0551939854094066
2016-12-26 01:00:00,22.58499625377504,20.086345828277743,2.4986504254972957
2016-12-26 02:00:00,18.875639776476135,20.81216314745251,-1.9365233709763743
2016-12-26 03:00:00,18.35374604701678,19.381037240606766,-1.0272911935899849
2016-12-26 04:00:00,18.196615228439434,18.88272712066423,-0.6861118922247975
2016-12-26 05:00:00,18.435990223326527,20.21220143703634,-1.7762112137098143
2016-12-26 06:00:00,22.301656670678767,21.544793215691953,0.7568634549868136
2016-12-26 07:00:00,23.04416665677454,23.348759461896382,-0.3045928051218425
2016-12-26 08:00:00,22.700594927041283,23.536592805275717,-0.8359978782344335
2016-12-26 09:00:00,22.618351484943094,23.41173572423864,-0.7933842392955448
2016-12-26 10:00:00,22.684298367256865,24.092613055146842,-1.4083146878899768
2016-12-26 11:00:00,22.870769013980954,23.18920023858454,-0.31843122460358586
2016-12-26 12:00:00,22.95705759466863,23.085852252301667,-0.128794657633037
2016-12-26 13:00:00,23.186671981077886,22.98533501868814,0.20133696238974608
2016-12-26 14:00:00,23.797287101228775,22.908717839773768,0.8885692614550074
2016-12-26 15:00:00,23.469982562817542,22.748412657517026,0.721569905300516
2016-12-26 16:00:00,24.112369586907477,23.08288016390703,1.0294894230004452
2016-12-26 17:00:00,23.98616082238855,24.483456996166808,-0.49729617377825974
2016-12-26 18:00:00,24.24913007286008,24.91755223886547,-0.6684221660053886
2016-12-26 19:00:00,24.95095813063116,24.14649206915567,0.804466061475491
2016-12-26 20:00:00,21.789552183948086,23.146287408434972,-1.3567352244868864
2016-12-26 21:00:00,20.133537276292856,21.550053841518924,-1.4165165652260683
2016-12-26 22:00:00,20.003254371827822,20.950932069127326,-0.947677697299504
2016-12-26 23:00:00,20.152266278975354,21.287635616823124,-1.13536933784777
2016-12-27 00:00:00,19.80215823082974,20.500685640533113,-0.6985274097033738
2016-12-27 01:00:00,19.21839102479116,19.76959888499266,-0.5512078602015009
2016-12-27 02:00:00,19.189110667780767,18.776470555286657,0.4126401124941097
2016-12-27 03:00:00,19.17038166509827,18.218742896432893,0.9516387686653758
2016-12-27 04:00:00,20.539802964023572,19.45402374335724,1.085779220666332
2016-12-27 05:00:00,19.823320410621875,21.248504343313027,-1.4251839326911515
2016-12-27 06:00:00,22.183596186052046,21.838495460745214,0.3451007253068319
2016-12-27 07:00:00,23.32179113708824,23.360676816831543,-0.03888567974330215
2016-12-27 08:00:00,21.236736400430317,23.722386508941543,-2.4856501085112264
2016-12-27 09:00:00,21.994722464892273,22.452084871925422,-0.45736240703314834
2016-12-27 10:00:00,21.819682757944886,22.66627861294127,-0.8465958549963837
2016-12-27 11:00:00,21.644614416746656,22.214571103342774,-0.5699566865961181
2016-12-27 12:00:00,21.30919059979983,22.439983596994498,-1.1307929971946677
2016-12-27 13:00:00,19.52371363620358,20.969756519312615,-1.4460428831090333
2016-12-27 14:00:00,22.029718658896794,21.785204183090123,0.24451447580667107
2016-12-27 15:00:00,23.908812001654695,23.39665575300904,0.5121562486456561
2016-12-27 16:00:00,23.922646015867077,24.174113842252154,-0.2514678263850776
2016-12-27 17:00:00,23.96986462970991,24.38588248248552,-0.4160178527756102
2016-12-27 18:00:00,25.074705083789613,24.638574973752576,0.4361301100370376
2016-12-27 19:00:00,22.837384414350502,24.10175141932763,-1.264367004977128
2016-12-27 20:00:00,21.254615186126404,21.276694396156905,-0.022079210030501173
2016-12-27 21:00:00,20.820680735759368,21.560420174533707,-0.7397394387743397
2016-12-27 22:00:00,19.285980338364514,21.011166051293205,-1.7251857129286918
2016-12-27 23:00:00,19.46834674246854,20.480684983428798,-1.0123382409602577
2016-12-28 00:00:00,18.859343950903277,20.08978560943606,-1.2304416585327829
2016-12-28 01:00:00,19.398324985997107,19.24153337316045,0.1567916128366562
2016-12-28 02:00:00,19.18339483078664,19.083561882346977,0.09983294843966206
2016-12-28 03:00:00,18.91553095895077,18.854251459523535,0.06127949942723632
2016-12-28 04:00:00,20.205991475662373,19.699565381136267,0.5064260945261054
2016-12-28 05:00:00,20.508060795652703,21.043121875228017,-0.5350610795753141
2016-12-28 06:00:00,21.691041550527874,21.628508017756264,0.06253353277161011
2016-12-28 07:00:00,22.076936538528066,22.770804641672065,-0.6938681031439984
2016-12-28 08:00:00,21.62101979405644,22.69441506834127,-1.073395274284831
2016-12-28 09:00:00,21.86687200332532,22.319382740370386,-0.45251073704506695
2016-12-28 10:00:00,22.0679975127858,22.087972472485518,-0.01997495969971652
2016-12-28 11:00:00,21.90597170573834,22.611322143468232,-0.7053504377298907
2016-12-28 12:00:00,21.708128856162347,22.21634349004847,-0.5082146338861229
2016-12-28 13:00:00,21.993901616368262,21.76254641435039,0.2313552020178733
2016-12-28 14:00:00,22.359456007311888,23.581492044800704,-1.2220360374888166
2016-12-28 15:00:00,21.34744008522644,23.897137303640097,-2.5496972184136553
2016-12-28 16:00:00,21.546923897638898,23.203091888404373,-1.656167990765475
2016-12-28 17:00:00,22.654197161722465,23.56015218581106,-0.9059550240885947
2016-12-28 18:00:00,22.843070882882234,23.947419782322555,-1.1043488994403212
2016-12-28 19:00:00,22.359456007311888,22.872709168028095,-0.5132531607162072
2016-12-28 20:00:00,22.30816325352295,21.032790050156546,1.275373203366403
2016-12-28 21:00:00,21.409313561805668,21.792247474584624,-0.38293391277895594
2016-12-28 22:00:00,24.92897583652657,21.138241919664424,3.790733916862145
2016-12-28 23:00:00,21.635674656792833,23.38899866065043,-1.7533240038575961
2016-12-29 00:00:00,19.078377614522246,20.44445604821514,-1.3660784336928948
2016-12-29 01:00:00,19.196408730686567,20.19925141354213,-1.0028426828555617
2016-12-29 02:00:00,18.780382434478017,19.608823440231774,-0.8284410057537563
2016-12-29 03:00:00,18.51090623405652,19.147525659237353,-0.6366194251808324
2016-12-29 04:00:00,19.034412292101504,20.07095088028893,-1.036538588187426
2016-12-29 05:00:00,19.489508922260676,20.5338698004077,-1.0443608781470246
2016-12-29 06:00:00,21.457353024172512,20.986787290656974,0.47056573351553865
2016-12-29 07:00:00,21.967845182317568,22.513031773516005,-0.545186591198437
2016-12-29 08:00:00,22.396093164152873,22.452688393827692,-0.056595229674819336
2016-12-29 09:00:00,21.91411998563055,22.864869991202617,-0.9507500055720683
2016-12-29 10:00:00,21.25382444027635,22.5378620742616,-1.2840376339852497
2016-12-29 11:00:00,21.98332089357797,22.418262682205246,-0.43494178862727395
2016-12-29 12:00:00,24.54469244290045,22.650056942735965,1.8946355001644832
2016-12-29 13:00:00,24.04234819754182,25.048305772940427,-1.0059575753986074
2016-12-29 14:00:00,22.290255099364465,24.4284212318453,-2.1381661324808334
2016-12-29 15:00:00,21.69429484194997,23.56024506357339,-1.8659502216234216
2016-12-29 16:00:00,21.583561788691444,23.611241562997893,-2.027679774306449
2016-12-29 17:00:00,22.745380363774476,23.85302513890737,-1.1076447751328935
2016-12-29 18:00:00,22.770616683512717,23.77330371351757,-1.0026870300048536
2016-12-29 19:00:00,22.83981759146014,23.23935166050355,-0.39953406904341193
2016-12-29 20:00:00,20.39079105687604,22.85794197092303,-2.4671509140469894
2016-12-29 21:00:00,19.916145309721912,20.92425449209692,-1.0081091823750086
2016-12-29 22:00:00,21.651941848114852,20.625887801003365,1.0260540471114865
2016-12-29 23:00:00,20.013835094618113,20.720587142215926,-0.7067520475978135
2016-12-30 00:00:00,19.412159734421046,19.29977617357578,0.11238356084526657
2016-12-30 01:00:00,19.54244263888608,19.48801553594776,0.05442710293831965
2016-12-30 02:00:00,19.091390780210613,19.532314190416713,-0.44092341020609993
2016-12-30 03:00:00,18.6737235211656,19.329829655358786,-0.6561061341931875
2016-12-30 04:00:00,18.760832583271508,18.96373708734172,-0.20290450407021154
2016-12-30 05:00:00,18.844688353955323,19.68805000703017,-0.8433616530748473
2016-12-30 06:00:00,21.958876053901346,20.466071970751322,1.4928040831500233
2016-12-30 07:00:00,21.680460093526026,22.625949840376908,-0.9454897468508818
2016-12-30 08:00:00,21.384898090591438,22.1333922680065,-0.7484941774150613
2016-12-30 09:00:00,22.15753901778979,22.252214864232435,-0.09467584644264448
2016-12-30 10:00:00,22.4620407806782,23.259942990807833,-0.7979022101296316
2016-12-30 11:00:00,21.30919059979983,23.506776473826573,-2.1975858740267427
2016-12-30 12:00:00,21.608797374218128,22.867437529027725,-1.2586401548095978
2016-12-30 13:00:00,21.255465403112815,24.658662634926742,-3.4031972318139267
2016-12-30 14:00:00,21.342574465218725,22.60295360010804,-1.260379134889316
2016-12-30 15:00:00,21.87666124605399,22.483526747768273,-0.6068655017142817
2016-12-30 16:00:00,21.572160217377142,23.051505101316135,-1.4793448839389924
2016-12-30 17:00:00,24.965613360473334,23.188240256969916,1.7773731035034182
2016-12-30 18:00:00,27.754928597800422,24.363496739128742,3.3914318586716803
2016-12-30 19:00:00,23.391812893559678,25.673612466405707,-2.2817995728460296
2016-12-30 20:00:00,20.21657219845266,22.849588846005595,-2.6330166475529353
2016-12-30 21:00:00,20.78325209885677,20.6779595532574,0.10529254559937229
2016-12-30 22:00:00,23.16548079992913,21.174567036592435,1.990913763336696
2016-12-30 23:00:00,20.809279164445066,21.67382575787041,-0.8645465934253451
2016-12-31 00:00:00,19.021369023739176,20.897857383882414,-1.876488360143238
2016-12-31 01:00:00,18.804006425630632,19.290170483737086,-0.48616405810645347
2016-12-31 02:00:00,18.341552995640864,19.693351014492936,-1.3517980188520724
2016-12-31 03:00:00,18.362715175433003,18.50718965514011,-0.1444744797071067
2016-12-31 04:00:00,18.454719226009026,17.91940264081086,0.5353165851981672
2016-12-31 05:00:00,18.51008538553251,18.769215810862896,-0.25913042533038677
2016-12-31 06:00:00,21.87502028321753,20.39440851723186,1.480611765985671
2016-12-31 07:00:00,21.30511645985373,21.990725417159965,-0.6856089573062363
2016-12-31 08:00:00,21.052728299278265,21.955825404869795,-0.9030971055915309
2016-12-31 09:00:00,20.89231482081643,22.104449648313683,-1.2121348274972519
2016-12-31 10:00:00,21.353976036533023,22.069882968071727,-0.7159069315387043
2016-12-31 11:00:00,21.742333570105252,22.861916258096983,-1.1195826879917306
2016-12-31 12:00:00,21.92226826552276,22.72202215720656,-0.7997538916837996
2016-12-31 13:00:00,27.49603339549855,23.505955625302562,3.990077770195988
2016-12-31 14:00:00,21.540417314794716,26.677293985968497,-5.1368766711737806
2016-12-31 15:00:00,21.119496030116046,24.043814785132803,-2.924318755016756
2016-12-31 16:00:00,21.92552155694485,24.348994225291037,-2.423472668346186
2016-12-31 17:00:00,23.503366428236433,24.2391558088183,-0.7357893805818669
2016-12-31 18:00:00,23.308777604294093,24.960378799156743,-1.65160119486265
2016-12-31 19:00:00,22.69895396420482,23.64552814152973,-0.9465741773249121
2016-12-31 20:00:00,20.05454712561676,23.093406555041884,-3.0388594294251234
2016-12-31 21:00:00,19.29330776973271,20.677765721405574,-1.3844579516728643
2016-12-31 22:00:00,19.29412788404516,20.52145942241004,-1.2273315383648793
2016-12-31 23:00:00,19.618970978201702,19.09057653959064,0.5283944386110626
