timestamp,actual,predicted,residual
2016-11-07 02:00:00,27.10034833878168,27.406575376467355,-0.3062270376856766
2016-11-07 03:00:00,27.073471056206973,23.895267756271306,3.1782032999356673
2016-11-07 04:00:00,22.88052925535301,23.115536180932835,-0.2350069255798246
2016-11-07 05:00:00,22.24221563699762,22.284492762304875,-0.04227712530725469
2016-11-07 06:00:00,26.19173840569234,26.263290932081954,-0.07155252638961329
2016-11-07 07:00:00,28.92899931108186,27.84654434223768,1.0824549688441785
2016-11-07 08:00:00,29.392947291798194,29.149445450517437,0.24350184128075725
2016-11-07 09:00:00,30.109576825176543,30.509425320320492,-0.3998484951439494
2016-11-07 10:00:00,31.27875275074884,31.601190751387907,-0.32243800063906747
2016-11-07 11:00:00,29.360413207427598,32.437182817114156,-3.0767696096865578
2016-11-07 12:00:00,30.11778356666421,31.46188004276615,-1.3440964761019387
2016-11-07 13:00:00,34.16578787564608,31.959977180172007,2.2058106954740744
2016-11-07 14:00:00,35.35196318501855,34.05347932674852,1.2984838582700249
2016-11-07 15:00:00,40.22709563770856,34.97206829625478,5.255027341453776
2016-11-07 16:00:00,35.081725240103616,37.760181996364025,-2.6784567562604096
2016-11-07 17:00:00,36.67912032970749,35.16885938777116,1.5102609419363304
2016-11-07 18:00:00,37.20728642852341,36.837440815749126,0.3698456127742844
2016-11-07 19:00:00,37.462283242771335,36.92027138235808,0.542011860413254
2016-11-07 20:00:00,34.03535812886906,36.79123492438463,-2.7558767955155687
2016-11-07 21:00:00,32.241000142243784,34.966040786453455,-2.7250406442096704
2016-11-07 22:00:00,33.06578330600592,33.57031745971066,-0.5045341537047392
2016-11-07 23:00:00,36.500622486312785,33.27077021761301,3.229852268699773
2016-11-08 00:00:00,35.18812020436024,33.31353577716052,1.8745844271997214
2016-11-08 01:00:00,29.99292299812222,30.876583290495322,-0.8836602923731007
2016-11-08 02:00:00,27.819264069293016,26.70737561252797,1.1118884567650476
2016-11-08 03:00:00,23.415436517606512,24.201727906127264,-0.7862913885207519
2016-11-08 04:00:00,22.03133025327086,21.953320764501655,0.07800948876920444
2016-11-08 05:00:00,21.82372752942859,21.65468339407967,0.1690441353489227
2016-11-08 06:00:00,25.7993069157269,25.572913270693913,0.2263936450329851
2016-11-08 07:00:00,26.41563750576614,27.673237221611007,-1.2575997158448686
2016-11-08 08:00:00,26.446559559824554,27.97812952386501,-1.5315699640404574
2016-11-08 09:00:00,27.93975745570004,28.505292093143158,-0.5655346374431183
2016-11-08 10:00:00,27.773687060721763,29.550008540006214,-1.7763214792844515
2016-11-08 11:00:00,28.2466917991512,29.889304233086435,-1.6426124339352342
2016-11-08 12:00:00,28.61634956083866,30.29834839915304,-1.681998838314378
2016-11-08 13:00:00,27.63039043990969,30.607562484793885,-2.9771720448841954
2016-11-08 14:00:00,29.33520660031342,30.273016754280594,-0.9378101539671739
2016-11-08 15:00:00,29.52484229540774,31.46639911491758,-1.941556819509838
2016-11-08 16:00:00,30.047732717059716,31.879306419235206,-1.8315737021754899
2016-11-08 17:00:00,32.52501373155208,32.51008127566173,0.014932455890345864
2016-11-08 18:00:00,31.988640983024936,33.92127193141629,-1.9326309483913562
2016-11-08 19:00:00,34.79184933859498,33.22395597078682,1.5678933678081606
2016-11-08 20:00:00,32.525893317000886,34.78670337213996,-2.260810055139075
2016-11-08 21:00:00,33.62824222415193,32.88791162270325,0.740330601448683
2016-11-08 22:00:00,33.960617594701894,33.10526485961441,0.8553527350874859
2016-11-08 23:00:00,34.409060799704896,32.11469605259065,2.294364747114244
2016-11-09 00:00:00,32.0097440587865,31.118356281521475,0.8913877772650274
2016-11-09 01:00:00,31.137771649643927,28.396054781792973,2.741716867850954
2016-11-09 02:00:00,29.12270909449804,26.113424096757168,3.0092849977408704
2016-11-09 03:00:00,24.791365133587558,23.959195679163837,0.8321694544237204
2016-11-09 04:00:00,21.70566704480187,21.983040669499264,-0.27737362469739324
2016-11-09 05:00:00,22.241395522685167,21.414735714175823,0.8266598085093442
2016-11-09 06:00:00,26.45716983463013,24.991077285795157,1.4660925488349719
2016-11-09 07:00:00,27.85264821004124,27.781690242054438,0.07095796798680354
2016-11-09 08:00:00,28.896377276196823,28.130449864782005,0.7659274114148182
2016-11-09 09:00:00,30.503503169878023,28.942833097765142,1.560670072112881
2016-11-09 10:00:00,31.137771649643927,30.119570607008956,1.0182010426349706
2016-11-09 11:00:00,32.056347036236325,30.993064027174395,1.06328300906193
2016-11-09 12:00:00,29.91319982897997,31.959203627109318,-2.046003798129348
2016-11-09 13:00:00,31.20283986427334,31.314176561802725,-0.11133669752938502
2016-11-09 14:00:00,29.943389139901566,32.043886120009624,-2.1004969801080584
2016-11-09 15:00:00,31.16297823381399,31.520377369855584,-0.3573991360415931
2016-11-09 16:00:00,35.609305070988924,32.523663883599134,3.0856411873897898
2016-11-09 17:00:00,32.70585664666923,34.846620664386315,-2.140764017717082
2016-11-09 18:00:00,31.594421320805264,33.53798853393481,-1.943567213129544
2016-11-09 19:00:00,34.64354080612187,33.310801940417086,1.3327388657047834
2016-11-09 20:00:00,36.30219373591196,34.74320745564321,1.5589862802687549
2016-11-09 21:00:00,35.30477393963812,35.02728944899517,0.2774844906429479
2016-11-09 22:00:00,36.71224061317636,34.30394140566508,2.408299207511284
2016-11-09 23:00:00,36.70755120394303,34.0980451118567,2.6095060920863276
2016-11-10 00:00:00,35.40735944721599,32.969042367182354,2.4383170800336345
2016-11-10 01:00:00,30.694897439323068,30.7729220100214,-0.07802457069833224
2016-11-10 02:00:00,31.243580713075715,27.078570033122162,4.165010679953554
2016-11-10 03:00:00,24.902098553951863,25.67055808513206,-0.7684595311801985
2016-11-10 04:00:00,21.653583545162878,22.55748289925224,-0.9038993540893614
2016-11-10 05:00:00,21.929595696890956,21.79910256318259,0.13049313370836657
2016-11-10 06:00:00,26.524729229082418,25.631124132906375,0.8936050961760422
2016-11-10 07:00:00,26.27641502490017,28.11489251837378,-1.838477493473608
2016-11-10 08:00:00,26.032966073619864,28.165513866283302,-2.1325477926634377
2016-11-10 09:00:00,27.582351344648625,28.437316224831534,-0.8549648801829086
2016-11-10 10:00:00,27.456142488353247,29.424380540655218,-1.9682380523019702
2016-11-10 11:00:00,28.438027515224338,29.81668351300552,-1.3786559977811805
2016-11-10 12:00:00,29.15204840640228,30.521027667904292,-1.3689792615020124
2016-11-10 13:00:00,32.61968517272537,30.966841967232636,1.652843205492733
2016-11-10 14:00:00,29.936940926876396,32.9803991515915,-3.0434582247151027
2016-11-10 15:00:00,30.96279086317422,31.765187732920918,-0.8023968697466977
2016-11-10 16:00:00,31.957572270207425,32.79768265094197,-0.8401103807345471
2016-11-10 17:00:00,29.681943883187355,33.74336292569266,-4.061419042505303
2016-11-10 18:00:00,31.52290507670357,32.341844038817186,-0.8189389621136165
2016-11-10 19:00:00,32.63434003546176,33.24553395905907,-0.6111939235973054
2016-11-10 20:00:00,31.615817714085022,33.437457839776016,-1.821640125690994
2016-11-10 21:00:00,39.39029489913333,32.569601604191355,6.820693294941975
2016-11-10 22:00:00,36.179091420503134,35.563827395123305,0.6152640253798296
2016-11-10 23:00:00,39.07257512553133,33.19742315580232,5.875151969729011
2016-11-11 00:00:00,37.867640710802405,34.162811749087865,3.70482896171454
2016-11-11 01:00:00,34.23232139299625,31.96311899380558,2.269202399190668
2016-11-11 02:00:00,27.309592576119083,28.90634619426068,-1.596753618141598
2016-11-11 03:00:00,24.473849837905,24.708296192958812,-0.23444635505381228
2016-11-11 04:00:00,21.746378341588958,22.376839200205016,-0.6304608586160576
2016-11-11 05:00:00,21.53634317484861,21.516471004767286,0.01987217008132447
2016-11-11 06:00:00,24.62529492216217,25.4886046750305,-0.8633097528683322
2016-11-11 07:00:00,25.025845140004535,27.514103382121704,-2.488258242117169
2016-11-11 08:00:00,25.34500176562934,27.54721580340846,-2.202214037779118
2016-11-11 09:00:00,26.877270087231896,28.009459791902717,-1.1321897046708216
2016-11-11 10:00:00,26.0761397324261,29.046327467477777,-2.9701877350516774
2016-11-11 11:00:00,35.16877593239051,29.200546081790836,5.968229850599673
2016-11-11 12:00:00,36.71224061317636,33.7131344568212,2.999106156355161
2016-11-11 13:00:00,31.750057468199458,35.38462250599637,-3.6345650377969108
2016-11-11 14:00:00,38.599804554701294,33.42252630165012,5.1772782530511705
2016-11-11 15:00:00,38.80145722806181,37.10710619801589,1.6943510300459153
2016-11-11 16:00:00,35.65649431636936,36.840893567978334,-1.1843992516089727
2016-11-11 17:00:00,34.409060799704896,35.551981013972274,-1.1429202142673773
2016-11-11 18:00:00,33.9116699126354,34.938133649797344,-1.02646373716194
2016-11-11 19:00:00,39.74523919882427,34.62778119972496,5.117457999099315
2016-11-11 20:00:00,32.7351667392478,37.167808362419834,-4.432641623172032
2016-11-11 21:00:00,37.44264602038919,32.44277946709839,4.999866553290801
2016-11-11 22:00:00,38.253653172652186,36.06461009486253,2.1890430777896555
2016-11-11 23:00:00,35.3886010760711,34.609268667084045,0.7793324089870524
2016-11-12 00:00:00,32.49335893435685,33.79544948454649,-1.3020905501896394
2016-11-12 01:00:00,34.640316516056394,30.53909927591131,4.101217240145086
2016-11-12 02:00:00,32.392532597676585,30.322204615303633,2.0703279823729517
2016-11-12 03:00:00,27.46754405966755,26.702720894790843,0.7648231648767059
2016-11-12 04:00:00,21.8921369573144,23.43984697170842,-1.5477100143940206
2016-11-12 05:00:00,21.810714363740225,21.295793441465616,0.5149209222746087
2016-11-12 06:00:00,24.665185737531026,25.079787663313294,-0.41460192578226795
2016-11-12 07:00:00,25.660084251308042,27.007779251225983,-1.347694999917941
2016-11-12 08:00:00,25.689394343886608,27.32781068992446,-1.6384163460378502
2016-11-12 09:00:00,28.05860951216482,28.109494166695026,-0.05088465453020419
2016-11-12 10:00:00,32.25243108202048,30.238593734767203,2.0138373472532756
2016-11-12 11:00:00,38.61504605247407,33.82585147208327,4.789194580390799
2016-11-12 12:00:00,36.88839338484862,39.029365062068585,-2.140971677219966
2016-11-12 13:00:00,38.59570104629279,38.029393635886755,0.5663074104060328
2016-11-12 14:00:00,38.78445729360297,38.11887983028656,0.66557746331641
2016-11-12 15:00:00,43.86886280143411,38.31084164526744,5.558021156166674
2016-11-12 16:00:00,45.016056616454705,40.041978632363815,4.97407798409089
2016-11-12 17:00:00,45.87337342864933,39.68695797467064,6.1864154539786895
2016-11-12 18:00:00,37.02497802713262,39.6216410458753,-2.5966630187426816
2016-11-12 19:00:00,37.68621189486042,35.71846556545465,1.9677463294057702
2016-11-12 20:00:00,33.64700059529683,37.255792604705185,-3.6087920094083543
2016-11-12 21:00:00,35.76787200737751,33.821658022758676,1.9462139846188364
2016-11-12 22:00:00,36.26379740817336,35.68516931594858,0.5786280922247826
2016-11-12 23:00:00,32.00651995227392,34.48552440603464,-2.479004453760723
2016-11-13 00:00:00,33.53884682724838,31.391862202089698,2.14698462515868
2016-11-13 01:00:00,31.121651117081004,30.957903339188295,0.16374777789270922
2016-11-13 02:00:00,30.305660687407812,28.24371932835471,2.061941359053101
2016-11-13 03:00:00,32.850061670733844,26.460528424226776,6.389533246507067
2016-11-13 04:00:00,21.99879660483838,25.742174732664576,-3.7433781278261975
2016-11-13 05:00:00,20.223079515508406,21.500305134640538,-1.2772256191321318
2016-11-13 06:00:00,24.455120835222502,25.02179278166804,-0.5666719464455383
2016-11-13 07:00:00,26.253611882271567,27.098809003061973,-0.8451971207904059
2016-11-13 08:00:00,26.71199098876234,27.956091506162238,-1.2441005173998967
2016-11-13 09:00:00,26.79910023442114,29.545252443713537,-2.746152209292397
2016-11-13 10:00:00,28.898868628100534,31.21607093783427,-2.3172023097337373
2016-11-13 11:00:00,29.05432886872982,33.55959809330413,-4.505269224574313
2016-11-13 12:00:00,31.643369186424643,33.83961390066856,-2.1962447142439174
2016-11-13 13:00:00,32.61968517272537,35.14393975795244,-2.5242545852270695
2016-11-13 14:00:00,40.60578066819015,35.36738236198884,5.2383983062013115
2016-11-13 15:00:00,40.369542225087116,39.399927510062554,0.9696147150245622
2016-11-13 16:00:00,37.932708741878926,38.354639567452516,-0.42193082557358963
2016-11-13 17:00:00,37.92626089595954,37.21808594635856,0.7081749496009735
2016-11-13 18:00:00,38.646993800081724,37.55058564339933,1.0964081566823936
2016-11-13 19:00:00,40.212440774972166,37.46848757519001,2.7439531997821547
2016-11-13 20:00:00,35.44135858192211,37.93135240839053,-2.489993826468421
2016-11-13 21:00:00,39.21765900083318,34.969206829068504,4.248452171764676
2016-11-13 22:00:00,36.16766048072644,37.30921530622951,-1.1415548255030714
2016-11-13 23:00:00,33.3190216835678,34.480963728561484,-1.1619420449936868
2016-11-14 00:00:00,33.68451733758663,31.427075233241585,2.257442104345042
2016-11-14 01:00:00,36.00645552220299,30.882692634293434,5.123762887909557
2016-11-14 02:00:00,30.227403004539198,30.076943568709094,0.15045943583010413
2016-11-14 03:00:00,23.443925761661067,26.03966300081096,-2.5957372391498943
2016-11-14 04:00:00,22.444132626519718,22.87904761642505,-0.4349149899053337
2016-11-14 05:00:00,22.903303029519215,21.560992859550463,1.3423101699687514
2016-11-14 06:00:00,27.298190821251893,25.822771827708195,1.4754189935436983
2016-11-14 07:00:00,26.747807664185093,28.058552029518108,-1.310744365333015
2016-11-14 08:00:00,27.544893155730737,28.2745080618307,-0.7296149060999646
2016-11-14 09:00:00,31.86407336489536,29.4215393790074,2.4425339858879624
2016-11-14 10:00:00,32.95088837451988,32.21227754128176,0.7386108332381198
2016-11-14 11:00:00,29.98911271545547,33.57441888785308,-3.5853061723976083
2016-11-14 12:00:00,28.308565229842202,32.02196904836527,-3.7134038185230693
2016-11-14 13:00:00,31.443768083715486,31.149262886544985,0.2945051971705013
2016-11-14 14:00:00,33.07135230068806,32.84834997885043,0.22300232183763313
2016-11-14 15:00:00,35.03776028478866,34.04590752529946,0.9918527594891984
2016-11-14 16:00:00,38.30670436312718,35.615240681976665,2.691463681150516
2016-11-14 17:00:00,34.41228472266459,37.26156399704069,-2.8492792743761015
2016-11-14 18:00:00,33.20647145669842,35.44205681711562,-2.235585360417204
2016-11-14 19:00:00,38.28941147825592,35.21955473808749,3.069856740168433
2016-11-14 20:00:00,34.27980358878909,37.434437535149065,-3.154633946359972
2016-11-14 21:00:00,35.162327719365344,34.647067713718634,0.5152600056467094
2016-11-14 22:00:00,34.640316516056394,35.222341560431836,-0.5820250443754418
2016-11-14 23:00:00,40.27926724273475,33.48669675909462,6.792570483640127
2016-11-15 00:00:00,41.71047464706364,34.44236708343562,7.268107563628021
2016-11-15 01:00:00,32.225465694058585,33.16610315907841,-0.9406374650198259
2016-11-15 02:00:00,29.344878896907062,28.309780105236715,1.0350987916703467
2016-11-15 03:00:00,24.473029356486766,25.560990898646423,-1.0879615421596576
2016-11-15 04:00:00,25.195198378420194,22.358032371097163,2.837166007323031
2016-11-15 05:00:00,22.23732138273906,22.48829153605509,-0.2509701533160289
2016-11-15 06:00:00,25.529830715305405,25.97490670372593,-0.44507598842052687
2016-11-15 07:00:00,26.361091644108,27.74284258835151,-1.3817509442435103
2016-11-15 08:00:00,26.557292796635966,27.934106565836817,-1.3768137692008509
2016-11-15 09:00:00,28.565848424776004,28.472154188596846,0.09369423617915729
2016-11-15 10:00:00,28.14410679634377,29.905451969717262,-1.761345173373492
2016-11-15 11:00:00,29.3410685912962,30.17938425305677,-0.8383156617605714
2016-11-15 12:00:00,34.0069276217393,30.835877561479236,3.1710500602600646
2016-11-15 13:00:00,30.4741931690759,33.21968628582858,-2.74549311675268
2016-11-15 14:00:00,31.671799877107293,31.826993172562254,-0.15519329545496063
2016-11-15 15:00:00,32.250086010298034,33.11307093573539,-0.8629849254373525
2016-11-15 16:00:00,36.92503127590117,33.816471062824895,3.1085602130762737
2016-11-15 17:00:00,37.41099122319396,36.51828247696401,0.8927087462299497
2016-11-15 18:00:00,37.11525300948499,36.699980993285685,0.4152720161993031
2016-11-15 19:00:00,35.18020687216721,36.58836835457834,-1.4081614824111313
2016-11-15 20:00:00,34.26983813528604,36.068070801050304,-1.7982326657642673
2016-11-15 21:00:00,34.51076635472818,35.215185322725695,-0.7044189679975119
2016-11-15 22:00:00,37.48573175736112,34.91992801758849,2.565803739772633
2016-11-15 23:00:00,36.21162580314718,35.11281640755801,1.0988093955891713
2016-11-16 00:00:00,33.131730922531254,33.341004222409566,-0.209273299878312
2016-11-16 01:00:00,30.870757444135798,30.818879860247222,0.051877583888575884
2016-11-16 02:00:00,29.681943883187355,27.546930133927347,2.1350137492600076
2016-11-16 03:00:00,24.31507768938541,25.257224815741072,-0.9421471263556604
2016-11-16 04:00:00,22.733978792460174,22.24121001189769,0.49276878056248563
2016-11-16 05:00:00,22.107067846736427,21.76664918854733,0.34041865818909756
2016-11-16 06:00:00,26.336646987984263,24.746007378943393,1.5906396090408705
2016-11-16 07:00:00,25.48747772147029,27.90374416453997,-2.416266443069677
2016-11-16 08:00:00,26.81539661065267,27.556740362869775,-0.7413437522171051
2016-11-16 09:00:00,26.910654136203675,28.34422606121332,-1.4335719250096446
2016-11-16 10:00:00,26.97742223414724,28.908210242690814,-1.9307880085435727
2016-11-16 11:00:00,28.116438217260338,29.294998077836112,-1.178559860575774
2016-11-16 12:00:00,30.584985051035666,30.030831503463535,0.5541535475721311
2016-11-16 13:00:00,34.72590172206965,31.44614931535726,3.27975240671239
2016-11-16 14:00:00,32.62789182243659,33.82913939381728,-1.2012475713806907
2016-11-16 15:00:00,29.860441772470285,33.44784876887806,-3.5874069964077755
2016-11-16 16:00:00,33.093334961898435,32.49449304647977,0.5988419154186673
2016-11-16 17:00:00,31.951124057182255,34.7985257690467,-2.8474017118644426
2016-11-16 18:00:00,32.53409996671211,33.96134837994122,-1.4272484132291083
2016-11-16 19:00:00,32.57630648534102,34.354397647750055,-1.7780911624090336
2016-11-16 20:00:00,34.406715727982444,34.01379372351067,0.39292200447177095
2016-11-16 21:00:00,34.06408195351702,34.48467712589448,-0.42059517237746036
2016-11-16 22:00:00,36.7922564574017,33.55106227207687,3.2411941853248294
2016-11-16 23:00:00,37.75772850606789,34.29964908251707,3.4580794235508208
2016-11-17 00:00:00,36.20781524515109,33.2373646929531,2.9704505521979883
2016-11-17 01:00:00,34.43280189760132,31.085574347213143,3.3472275503881797
2016-11-17 02:00:00,29.92140657046764,28.65235711597092,1.2690494544967201
2016-11-17 03:00:00,24.009784813541163,25.557782394129493,-1.54799758058833
2016-11-17 04:00:00,22.664777884512752,22.4320550910959,0.2327227934168512
2016-11-17 05:00:00,20.661117474283945,21.826750033683677,-1.1656325593997323
2016-11-17 06:00:00,25.020159038578583,25.112670368158234,-0.09251132957965069
2016-11-17 07:00:00,25.32791409288909,27.52776320464149,-2.1998491117524033
2016-11-17 08:00:00,25.267652577789708,27.304626063206168,-2.0369734854164605
2016-11-17 09:00:00,26.435978653481374,27.64206198693301,-1.2060833334516374
2016-11-17 10:00:00,30.167317516661313,28.396780010733362,1.7705375059279511
2016-11-17 11:00:00,30.456314108050478,30.331620266716893,0.12469384133358474
2016-11-17 12:00:00,31.762953894249797,31.244165390214615,0.5187885040351823
2016-11-17 13:00:00,33.103300048295715,32.51531822316589,0.5879818251298232
2016-11-17 14:00:00,32.92890571330951,33.91689468446453,-0.9879889711550192
2016-11-17 15:00:00,31.76969524124027,33.95941312063781,-2.1897178793975414
2016-11-17 16:00:00,33.712948211822166,33.4413051083501,0.27164310347206566
2016-11-17 17:00:00,31.715764832422252,34.89263957654021,-3.17687474411796
2016-11-17 18:00:00,33.34100434477816,33.42448260835158,-0.08347826357341859
2016-11-17 19:00:00,32.27118945316538,34.4428659801906,-2.1716765270252196
2016-11-17 20:00:00,33.524191964511985,33.26465307281708,0.25953889169490196
2016-11-17 21:00:00,34.177218448317,33.89659202167189,0.2806264266451066
2016-11-17 22:00:00,31.421199338127394,33.546798216073924,-2.12559887794653
2016-11-17 23:00:00,34.17135650322244,31.63684917362734,2.534507329595101
2016-11-18 00:00:00,35.250843897925876,32.399225058414025,2.8516188395118505
2016-11-18 01:00:00,30.00376766996831,31.264249533291718,-1.2604818633234096
2016-11-18 02:00:00,28.11318474228536,27.820784254327872,0.29240048795748663
2016-11-18 03:00:00,27.152461573988848,25.087578871650184,2.0648827023386644
2016-11-18 04:00:00,21.996334059266342,22.99524491684983,-0.9989108575834891
2016-11-18 05:00:00,20.9208330662276,21.592910749221343,-0.6720776829937414
2016-11-18 06:00:00,25.74719368051973,25.106681588016695,0.6405120925030339
2016-11-18 07:00:00,26.214541548320945,27.682341322585668,-1.4677997742647229
2016-11-18 08:00:00,27.019745859519954,27.678472119441228,-0.6587262599212735
2016-11-18 09:00:00,26.269087409979086,28.523189562993846,-2.2541021530147596
2016-11-18 10:00:00,28.661926592354025,28.925398846576446,-0.26347225422242104
2016-11-18 11:00:00,29.117872946201214,30.743600965453727,-1.625728019252513
2016-11-18 12:00:00,33.627655956221325,32.0899822467459,1.5376737094754276
2016-11-18 13:00:00,36.86553150529522,35.2519944074403,1.6135370978549233
2016-11-18 14:00:00,32.72695972243079,36.86032619007244,-4.13336646764165
2016-11-18 15:00:00,34.081961106318886,34.31474618534974,-0.23278507903085455
2016-11-18 16:00:00,40.99736285893363,35.0036059867062,5.993756872227429
2016-11-18 17:00:00,41.935282884601534,37.86753694223526,4.0677459423662725
2016-11-18 18:00:00,38.8161120907982,37.68611253156264,1.1299995592355572
2016-11-18 19:00:00,36.6260691392325,36.330527938958774,0.29554120027372477
2016-11-18 20:00:00,34.40994001804792,35.243261939883574,-0.8333219218356547
2016-11-18 21:00:00,33.115317256003024,33.98129127906949,-0.8659740230664639
2016-11-18 22:00:00,33.08776596721629,33.163648689833536,-0.07588272261724427
2016-11-18 23:00:00,30.538675207551147,32.12340869643527,-1.5847334888841225
2016-11-19 00:00:00,31.74273003683126,30.682126777594515,1.0606032592367463
2016-11-19 01:00:00,29.797718354233982,29.971506651113714,-0.17378829687973152
2016-11-19 02:00:00,32.06836406039074,27.126312935203085,4.942051125187657
2016-11-19 03:00:00,26.84960132459557,26.793538092380228,0.05606323221534382
2016-11-19 04:00:00,20.074917091135724,23.24895502533896,-3.1740379342032377
2016-11-19 05:00:00,18.77223415458581,20.824403922579823,-2.0521697679940125
2016-11-19 06:00:00,23.6580648039157,24.333893206663387,-0.6758284027476869
2016-11-19 07:00:00,24.47467068642901,26.27767425890976,-1.8030035724807476
2016-11-19 08:00:00,26.846318664711085,26.336500818699538,0.509817846011547
2016-11-19 09:00:00,29.985888608942886,27.99703993798711,1.9888486709557753
2016-11-19 10:00:00,27.18827843296449,30.74557376132314,-3.5572953283586486
2016-11-19 11:00:00,33.50455400791828,30.769657552465162,2.734896455453118
2016-11-19 12:00:00,35.91852561157307,35.70510181374641,0.21342379782665688
2016-11-19 13:00:00,35.529289226763595,37.241620118963674,-1.7123308922000788
2016-11-19 14:00:00,39.42429476805101,36.65272713728797,2.7715676307630446
2016-11-19 15:00:00,37.13078745767019,38.239605013401494,-1.1088175557313065
2016-11-19 16:00:00,37.52324849965092,36.22796396825333,1.2952845313975914
2016-11-19 17:00:00,39.4732424501175,37.066526569835226,2.4067158802822775
2016-11-19 18:00:00,35.93816356816677,37.52297463873906,-1.584811070572286
2016-11-19 19:00:00,32.21667277641674,35.41500234481777,-3.1983295684010287
2016-11-19 20:00:00,33.04878373865286,33.36306238504202,-0.3142786463891625
2016-11-19 21:00:00,34.033013424252395,33.55404072363836,0.47897270061403674
2016-11-19 22:00:00,38.755147568130184,33.143028358172636,5.612119209957548
2016-11-19 23:00:00,39.90322023438802,34.69485913494681,5.208361099441213
2016-11-20 00:00:00,36.09116150987322,33.7314639260465,2.3596975838267156
2016-11-20 01:00:00,30.497934266972326,31.19354437881873,-0.6956101118464026
2016-11-20 02:00:00,27.433339345724647,27.405463994310647,0.027875351413999994
2016-11-20 03:00:00,24.642382594902422,25.224390997149168,-0.5820084022467462
2016-11-20 04:00:00,21.491557738115418,22.62520632880388,-1.1336485906884626
2016-11-20 05:00:00,19.52860789046214,21.110740312526584,-1.5821324220644435
2016-11-20 06:00:00,23.903946381646975,25.014912118034065,-1.1109657363870902
2016-11-20 07:00:00,24.97537323473961,26.188841329245417,-1.2134680945058065
2016-11-20 08:00:00,25.14798013168314,26.655885417013707,-1.5079052853305654
2016-11-20 09:00:00,27.042549002148558,27.635220603617494,-0.5926716014689362
2016-11-20 10:00:00,28.03501498125105,29.833311194555435,-1.7982962133043863
2016-11-20 11:00:00,30.383918370276422,31.37672123011633,-0.9928028598399088
2016-11-20 12:00:00,34.23320061133927,33.75202576551979,0.48117484581948133
2016-11-20 13:00:00,34.82672805874991,36.40341263103961,-1.5766845722897003
2016-11-20 14:00:00,39.75901521032342,36.17279702479977,3.5862181855236486
2016-11-20 15:00:00,36.920927767492664,38.91257843449836,-1.9916506670056933
2016-11-20 16:00:00,36.7734980862568,36.27753940120356,0.4959586850532389
2016-11-20 17:00:00,39.317019851239806,36.802587303524426,2.51443254771538
2016-11-20 18:00:00,41.03487960122342,37.98421686439212,3.050662736831306
2016-11-20 19:00:00,38.81933674796946,38.36358495636163,0.4557517916078311
2016-11-20 20:00:00,38.09479328585118,37.014618057284686,1.080175228566496
2016-11-20 21:00:00,37.57454051922829,36.78881398413433,0.7857265350939642
2016-11-20 22:00:00,37.88493359567366,36.2259209022192,1.6590126934544571
2016-11-20 23:00:00,38.47846141019008,35.74182426149694,2.7366371486931413
2016-11-21 00:00:00,34.193339164432814,34.078839116397425,0.1145000480353886
2016-11-21 01:00:00,33.3272287003848,30.7359772185368,2.5912514818480012
2016-11-21 02:00:00,28.32160817698697,29.143690669718485,-0.8220824927315142
2016-11-21 03:00:00,24.640741264960177,25.181604696125095,-0.5408634311649188
2016-11-21 04:00:00,25.36455161683585,22.477945271489613,2.8866063453462374
2016-11-21 05:00:00,22.70710150988547,22.410151847102593,0.2969496627828754
2016-11-21 06:00:00,28.98187455033773,26.157642355060307,2.824232195277421
2016-11-21 07:00:00,29.568807296610924,28.626737866663984,0.9420694299469403
2016-11-21 08:00:00,28.2572727513826,29.490221956537614,-1.2329492051550126
2016-11-21 09:00:00,29.330223896506002,30.03033900046756,-0.7001151039615578
2016-11-21 10:00:00,31.004411113872514,31.494499777504036,-0.49008866363152137
2016-11-21 11:00:00,29.306717287426533,32.710894316919166,-3.404177029492633
2016-11-21 12:00:00,28.482813181398644,31.81718453441154,-3.3343713530128944
2016-11-21 13:00:00,32.77004545940273,31.266162307366105,1.5038831520366251
2016-11-21 14:00:00,34.42928465712343,33.51241949399132,0.9168651631321154
2016-11-21 15:00:00,33.63146651421741,34.75710632521005,-1.125639810992645
2016-11-21 16:00:00,40.973621393931424,34.85213447083287,6.121486923098551
2016-11-21 17:00:00,36.035179346850946,38.58174197137803,-2.546562624527084
2016-11-21 18:00:00,42.90251263574223,36.315005238158534,6.587507397583693
2016-11-21 19:00:00,51.04014058663981,39.399694030786485,11.640446555853323
2016-11-21 20:00:00,44.80443775537957,41.22963827277329,3.5747994826062737
2016-11-21 21:00:00,39.636205845327005,39.429141788032545,0.20706405729445976
2016-11-21 22:00:00,37.03963288986901,37.3836036635851,-0.3439707737160873
2016-11-21 23:00:00,32.577185703684044,35.51186296012561,-2.9346772564415673
2016-11-22 00:00:00,30.200730934095493,32.347510928373985,-2.146779994278493
2016-11-22 01:00:00,29.06165636893035,29.69283428264716,-0.6311779137168081
2016-11-22 02:00:00,30.821223677691588,27.339276443565954,3.4819472341256343
2016-11-22 03:00:00,25.96945145065128,25.968570947438025,0.0008805032132563895
2016-11-22 04:00:00,21.45084570711677,22.743853815572766,-1.2930081084559966
2016-11-22 05:00:00,21.485871269583686,21.87147404138302,-0.3856027717993342
2016-11-22 06:00:00,25.58030262057033,25.51003575980647,0.07026686076385857
2016-11-22 07:00:00,26.902505856311468,27.620860649191012,-0.7183547928795448
2016-11-22 08:00:00,26.852034134599432,28.097029854739862,-1.2449957201404303
2016-11-22 09:00:00,28.876065451055766,28.641092134774897,0.23497331628086826
2016-11-22 10:00:00,35.78340645556271,30.032556564115765,5.750849891446947
2016-11-22 11:00:00,34.554731310043145,33.539122768426324,1.015608541616821
2016-11-22 12:00:00,40.00580500775434,33.57953805558616,6.426266952168177
2016-11-22 13:00:00,37.5909545528623,36.69708722079077,0.8938673320715296
2016-11-22 14:00:00,39.68808449994078,35.896561428020284,3.791523071920494
2016-11-22 15:00:00,34.6485235328734,37.60079078513081,-2.952267252257414
2016-11-22 16:00:00,34.78598739350043,35.256876547208115,-0.470889153707688
2016-11-22 17:00:00,39.75256663019247,36.733446845662094,3.0191197845303748
2016-11-22 18:00:00,38.05024206260561,38.636951988576435,-0.5867099259708226
2016-11-22 19:00:00,37.55343781057251,37.92571439782176,-0.37227658724924595
2016-11-22 20:00:00,35.31767036568846,38.06682129384061,-2.7491509281521544
2016-11-22 21:00:00,33.898773486585064,36.5711065513298,-2.672333064744734
2016-11-22 22:00:00,40.03745980494958,34.98561670217035,5.05184310277923
2016-11-22 23:00:00,36.305417658871654,36.47907876124666,-0.1736611023750072
2016-11-23 00:00:00,28.283329323097963,32.281815452335195,-3.9984861292372322
2016-11-23 01:00:00,30.133904099227134,27.42448928194973,2.7094148172774055
2016-11-23 02:00:00,24.72052289569789,27.005234994025756,-2.2847120983278657
2016-11-23 03:00:00,20.823113912869008,23.250305729872064,-2.427191817003056
2016-11-23 04:00:00,19.951961618038887,21.338044379893898,-1.3860827618550111
2016-11-23 05:00:00,20.14247703624668,21.495065556211625,-1.352588519964943
2016-11-23 06:00:00,25.84652516246395,25.669175564764696,0.17734959769925496
2016-11-23 07:00:00,27.420325629377608,27.285719931984833,0.13460569739277517
2016-11-23 08:00:00,26.18605230426639,28.077290179252955,-1.8912378749865653
2016-11-23 09:00:00,27.268060247255093,28.258710024047446,-0.9906497767923526
2016-11-23 10:00:00,26.994510090440382,29.09809208985864,-2.1035819994182567
2016-11-23 11:00:00,29.703926406733057,29.505472823155827,0.19845358357722986
2016-11-23 12:00:00,30.773741481898735,30.975037420217564,-0.20129593831882886
2016-11-23 13:00:00,30.217730685001445,32.10579092294874,-1.8880602379472968
2016-11-23 14:00:00,30.573554111258964,32.39541407212787,-1.8218599608689061
2016-11-23 15:00:00,28.04152183942457,32.95625790839491,-4.914736068970342
2016-11-23 16:00:00,28.601665237863422,31.352730928579604,-2.7510656907161817
2016-11-23 17:00:00,29.978561085798244,31.946720133877147,-1.9681590480789026
2016-11-23 18:00:00,29.4767738775725,32.73205417170803,-3.2552802941355274
2016-11-23 19:00:00,26.833304948364045,32.05631491448057,-5.223009966116528
2016-11-23 20:00:00,24.86302822000124,30.060029078120547,-5.197000858119306
2016-11-23 21:00:00,26.934248575341005,28.129683454985948,-1.1954348796449423
2016-11-23 22:00:00,31.177047012172665,28.23196556493275,2.9450814472399145
2016-11-23 23:00:00,29.9067516159548,29.86997505069387,0.03677656526092932
2016-11-24 00:00:00,26.650117512183115,27.83350610628376,-1.183388594100645
2016-11-24 01:00:00,24.627727365060252,24.754535490949277,-0.12680812588902413
2016-11-24 02:00:00,22.148599992047526,22.933708443376617,-0.7851084513290907
2016-11-24 03:00:00,22.51576597736522,21.119511448558807,1.3962545288064128
2016-11-24 04:00:00,21.520867463588203,20.66141629838884,0.8594511651993635
2016-11-24 05:00:00,20.79951929017879,20.998583378316148,-0.19906408813735865
2016-11-24 06:00:00,25.36698442683971,25.051642152637385,0.31534227420232597
2016-11-24 07:00:00,25.56239409930606,27.004541990089617,-1.4421478907835557
2016-11-24 08:00:00,25.42478376347283,26.698007134207433,-1.273223370734602
2016-11-24 09:00:00,25.75372963182631,26.786058434481934,-1.0323288026556234
2016-11-24 10:00:00,26.767357515391602,27.10017423886553,-0.332816723473929
2016-11-24 11:00:00,29.325534303719778,27.77809668946254,1.5474376142572375
2016-11-24 12:00:00,28.08223341154099,29.242068774128104,-1.1598353625871134
2016-11-24 13:00:00,29.470325710435556,29.13471769051559,0.3356080199199667
2016-11-24 14:00:00,29.67139229941835,29.999282646877973,-0.327890347459622
2016-11-24 15:00:00,31.447285140640485,30.171847357248954,1.2754377833915314
2016-11-24 16:00:00,38.204705490585695,30.992156143988378,7.212549346597317
2016-11-24 17:00:00,35.34463575365035,34.08774363419638,1.2568921194539726
2016-11-24 18:00:00,29.901182713049103,32.70709036682712,-2.8059076537780143
2016-11-24 19:00:00,27.186637103022246,29.723831341005248,-2.5371942379830017
2016-11-24 20:00:00,24.558526457112826,27.993420642102393,-3.4348941849895667
2016-11-24 21:00:00,23.667825045287756,25.915207288759984,-2.2473822434722273
2016-11-24 22:00:00,24.162841492172404,24.882427680206558,-0.7195861880341532
2016-11-24 23:00:00,22.871589495399185,24.530345092439074,-1.6587555970398888
2016-11-25 00:00:00,22.0867265154683,23.205941485837098,-1.1192149703687981
2016-11-25 01:00:00,20.356615711395534,21.939986014150037,-1.5833703027545027
2016-11-25 02:00:00,20.381851296922214,20.522851242790498,-0.14099994586828402
2016-11-25 03:00:00,19.537547650415963,19.956488032305916,-0.41894038188995353
2016-11-25 04:00:00,19.563604084466657,19.756203439818748,-0.19259935535209038
2016-11-25 05:00:00,19.263176461524353,20.362632575129236,-1.0994561136048837
2016-11-25 06:00:00,24.568286698484883,24.320308457275605,0.24797824120927814
2016-11-25 07:00:00,25.36698442683971,26.39798663157511,-1.031002204735401
2016-11-25 08:00:00,24.642382594902422,26.28156062424942,-1.639178029346997
2016-11-25 09:00:00,24.67984060026742,26.274097057821148,-1.5942564575537297
2016-11-25 10:00:00,25.797694587141272,26.43708021555847,-0.6393856284171981
2016-11-25 11:00:00,27.443920252067826,27.175542248587107,0.26837800348071994
2016-11-25 12:00:00,26.030533447168892,28.34567713093706,-2.3151436837681665
2016-11-25 13:00:00,30.081146134493892,27.85087383484591,2.2302722996479822
2016-11-25 14:00:00,30.56388179172121,30.51122166067833,0.05266013104288092
2016-11-25 15:00:00,28.25730202806855,30.626152201425032,-2.3688501733564813
2016-11-25 16:00:00,29.044597949931937,29.193832344214233,-0.14923439428229557
2016-11-25 17:00:00,30.742965903046528,29.732113736875736,1.0108521661707925
2016-11-25 18:00:00,29.657616609136763,29.792522002510662,-0.13490539337389862
2016-11-25 19:00:00,29.104829999056445,28.42732426323195,0.6775057358244965
2016-11-25 20:00:00,24.668439028953117,27.685283247122047,-3.016844218168931
2016-11-25 21:00:00,25.251385753573466,24.96644901559714,0.28493673797632724
2016-11-25 22:00:00,24.514561501797868,24.73425179528861,-0.21969029349074276
2016-11-25 23:00:00,25.947498157903308,23.716301730638545,2.231196427264763
2016-11-26 00:00:00,24.19783768617692,23.829646619152964,0.36819106702395743
2016-11-26 01:00:00,21.280701722851056,22.283029233928726,-1.0023275110776702
2016-11-26 02:00:00,20.122135704978554,20.711454039884654,-0.5893183349060998
2016-11-26 03:00:00,19.348673929256194,19.968046969631228,-0.6193730403750344
2016-11-26 04:00:00,19.458586868202264,19.541263739858003,-0.08267687165573889
2016-11-26 05:00:00,19.298202023991266,20.671544257383832,-1.3733422333925667
2016-11-26 06:00:00,24.37615968590302,25.05622889462092,-0.6800692087178994
2016-11-26 07:00:00,24.813347794797927,25.475903426886514,-0.662555632088587
2016-11-26 08:00:00,26.338288501479397,25.622042547752894,0.7162459537265029
2016-11-26 09:00:00,25.93609658658901,26.526783797764313,-0.5906872111753039
2016-11-26 10:00:00,28.715681134559325,26.808398411984808,1.907282722574518
2016-11-26 11:00:00,26.935069240312128,28.563088508226116,-1.628019267913988
2016-11-26 12:00:00,29.235962948427055,28.17827813425285,1.0576848141742055
2016-11-26 13:00:00,28.87199135699788,29.832117205950194,-0.9601258489523126
2016-11-26 14:00:00,31.182615823301916,29.823028737563334,1.359587085738582
2016-11-26 15:00:00,37.96201920156328,31.291539595723858,6.670479605839422
2016-11-26 16:00:00,34.6370925930967,34.63207205444984,0.005020538646860473
2016-11-26 17:00:00,34.18190822465611,32.58902045981871,1.5928877648373998
2016-11-26 18:00:00,32.088001833431555,32.422590851834734,-0.3345890184031788
2016-11-26 19:00:00,28.704279540300913,30.868819064433257,-2.164539524132344
2016-11-26 20:00:00,27.657238445798445,28.76330580563499,-1.106067359836544
2016-11-26 21:00:00,26.865868332364705,27.639767942913977,-0.7738996105492717
2016-11-26 22:00:00,26.440873458398602,26.59298226990596,-0.15210881150735744
2016-11-26 23:00:00,29.896199986297574,25.609848884534006,4.286351101763568
2016-11-27 00:00:00,25.537978995197612,26.656077658073816,-1.1180986628762035
2016-11-27 01:00:00,23.03683922540634,23.942438646362742,-0.9055994209564027
2016-11-27 02:00:00,22.378185009994386,22.00045885981008,0.377726150184305
2016-11-27 03:00:00,21.669058522211724,20.977372495823868,0.6916860263878561
2016-11-27 04:00:00,20.10097352518642,20.46202034662639,-0.36104682143997024
2016-11-27 05:00:00,19.790756659515438,21.01157843345271,-1.2208217739372706
2016-11-27 06:00:00,25.124356140530526,25.214000190415717,-0.08964404988519092
2016-11-27 07:00:00,25.232656750890968,26.03799016095594,-0.8053334100649714
2016-11-27 08:00:00,25.389787569468314,26.145542487368207,-0.7557549178998926
2016-11-27 09:00:00,27.902299358558597,26.631479184628272,1.2708201739303249
2016-11-27 10:00:00,27.837993163751957,28.30288665408474,-0.46489349033278415
2016-11-27 11:00:00,27.107675953702767,28.996205872903385,-1.888529919200618
2016-11-27 12:00:00,29.036449770420216,29.02701346643882,0.00943630398139561
2016-11-27 13:00:00,31.59617994104421,30.797043184768686,0.7991367562755229
2016-11-27 14:00:00,38.70326891351641,32.342462306134955,6.3608066073814555
2016-11-27 15:00:00,33.61710460189343,36.07729665877532,-2.460192056881887
2016-11-27 16:00:00,36.17410906085739,33.09665212972624,3.0774569311311524
2016-11-27 17:00:00,42.52734521284431,34.95374066255838,7.573604550285928
2016-11-27 18:00:00,37.2530101876302,37.266626875220844,-0.013616687590641163
2016-11-27 19:00:00,42.11583138088315,34.20286653837178,7.912964842511371
2016-11-27 20:00:00,37.48983453155807,36.77881573584826,0.7110187957098049
2016-11-27 21:00:00,40.10428700692371,33.97205037000749,6.132236636916225
2016-11-27 22:00:00,36.40946791851161,35.305248362674426,1.104219555837183
2016-11-27 23:00:00,35.618977574079565,32.48620245191352,3.132775122166045
2016-11-28 00:00:00,42.98721862341245,31.186095007147284,11.80112361626517
2016-11-28 01:00:00,31.77702267260847,32.94966334253212,-1.1726406699236485
2016-11-28 02:00:00,27.195605864332688,26.71157095856576,0.4840349057669293
2016-11-28 03:00:00,23.817628432496903,24.38757777697742,-0.5699493444805164
2016-11-28 04:00:00,21.878302943102018,22.383813965287256,-0.5055110221852388
2016-11-28 05:00:00,21.05108660223024,22.239959649611112,-1.1888730473808735
2016-11-28 06:00:00,26.491345180110635,26.282692717290544,0.20865246282009053
2016-11-28 07:00:00,25.074705083789613,27.562232020600934,-2.487526936811321
2016-11-28 08:00:00,26.61022651326137,27.445665167024316,-0.8354386537629459
2016-11-28 09:00:00,27.819264069293016,28.461823388362347,-0.6425593190693313
2016-11-28 10:00:00,28.490111381969108,29.719015983897236,-1.2289046019281287
2016-11-28 11:00:00,28.950952500581334,30.530722503263217,-1.579770002681883
2016-11-28 12:00:00,38.01917316623521,30.753845694678898,7.265327471556315
2016-11-28 13:00:00,31.28021823702248,35.159322346713324,-3.879104109690843
2016-11-28 14:00:00,28.26134679955226,32.19973463809753,-3.938387838545271
2016-11-28 15:00:00,28.98676931940478,31.37896406287906,-2.392194743474281
2016-11-28 16:00:00,30.645070538913547,31.962620219419193,-1.3175496805056461
2016-11-28 17:00:00,30.782827533505877,33.308871208751626,-2.5260436752457487
2016-11-28 18:00:00,32.0097440587865,33.506275244551965,-1.4965311857654626
2016-11-28 19:00:00,36.511466791053095,34.290215320552,2.2212514705010946
2016-11-28 20:00:00,31.456957460178238,36.369053977406296,-4.912096517228058
2016-11-28 21:00:00,29.484101400717144,33.0469117439122,-3.5628103431950535
2016-11-28 22:00:00,32.43649755299155,32.04488281220224,0.3916147407893078
2016-11-28 23:00:00,33.134954845490945,32.12588678281866,1.0090680626722843
2016-11-29 00:00:00,30.878964277399913,30.52008934553069,0.3588749318692237
2016-11-29 01:00:00,28.774271813589397,28.840132961407466,-0.06586114781806884
2016-11-29 02:00:00,26.32281279021899,25.613783401915132,0.7090293883038576
2016-11-29 03:00:00,22.22105419141704,23.276023570025036,-1.0549693786079963
2016-11-29 04:00:00,20.88091324950213,21.307254239179084,-0.4263409896769552
2016-11-29 05:00:00,20.85406533538982,20.922975250822322,-0.0689099154325028
2016-11-29 06:00:00,25.849778820991823,25.195570990786862,0.6542078302049603
2016-11-29 07:00:00,27.091408945933637,27.13421433645826,-0.04280539052462373
2016-11-29 08:00:00,27.352736866462923,27.33798245687586,0.014754409587062867
2016-11-29 09:00:00,29.00388636006968,27.898778844720837,1.1051075153488412
2016-11-29 10:00:00,31.068599926606012,28.959810416978325,2.1087895096276874
2016-11-29 11:00:00,30.678777090313034,30.423936999641004,0.2548400906720296
2016-11-29 12:00:00,35.55215037210543,30.61642429595376,4.935726076151671
2016-11-29 13:00:00,28.948519770881862,33.16728095678915,-4.218761185907287
2016-11-29 14:00:00,32.33713670258493,30.726229183431926,1.6109075191530025
2016-11-29 15:00:00,31.93734841278889,32.35535579533905,-0.41800738255016157
2016-11-29 16:00:00,35.15412106965412,32.33177389898253,2.822347170671584
2016-11-29 17:00:00,33.041455940178885,34.14963889238521,-1.1081829522063273
2016-11-29 18:00:00,32.29375801520058,33.14423809408623,-0.8504800788856457
2016-11-29 19:00:00,35.12305217328372,32.78589623040167,2.337155942882049
2016-11-29 20:00:00,33.74313752274376,34.277541482972914,-0.5344039602291559
2016-11-29 21:00:00,34.23173512506563,33.14097966318322,1.0907554618824165
2016-11-29 22:00:00,38.49047825079161,32.74294889230879,5.747529358482822
2016-11-29 23:00:00,34.37242327575813,33.860585307823705,0.5118379679344258
2016-11-30 00:00:00,34.91055482807711,30.819119090847167,4.0914357372299435
2016-11-30 01:00:00,32.18882817011182,29.338424726061007,2.850403444050812
2016-11-30 02:00:00,30.857568067673043,26.66915947254304,4.188408595130003
2016-11-30 03:00:00,25.76184854325612,24.866487457765896,0.8953610854902259
2016-11-30 04:00:00,22.80400054893161,22.699981860388732,0.10401868854287954
2016-11-30 05:00:00,23.207833793764244,22.563924014898998,0.6439097788652468
2016-11-30 06:00:00,26.813755280710424,26.918608523059763,-0.10485324234933913
2016-11-30 07:00:00,27.862408451413298,28.092716147680175,-0.23030769626687686
2016-11-30 08:00:00,28.369647272248038,28.603301305956155,-0.23365403370811677
2016-11-30 09:00:00,27.86158769466573,29.1993687582584,-1.3377810635926721
2016-11-30 10:00:00,29.83025246154869,29.521059683339157,0.30919277820953184
2016-11-30 11:00:00,28.416044991678636,30.68215134308963,-2.2661063514109934
2016-11-30 12:00:00,30.62074317308651,30.579301274612988,0.04144189847352209
2016-11-30 13:00:00,31.58386978292448,31.93034648187893,-0.34647669895445077
2016-11-30 14:00:00,32.87350981821785,32.442599952371985,0.4309098658458623
2016-11-30 15:00:00,30.22828231465867,33.629222886058834,-3.400940571400163
2016-11-30 16:00:00,33.20412675208175,32.7043746406355,0.49975211144624865
2016-11-30 17:00:00,36.014662539019994,34.8052282640088,1.2094342750111977
2016-11-30 18:00:00,35.73533835894503,36.16202418331796,-0.4266858243729317
2016-11-30 19:00:00,37.3060613781052,35.86013278726232,1.4459285908428754
2016-11-30 20:00:00,35.31942953658607,36.61262254398658,-1.293193007400511
2016-11-30 21:00:00,36.67648230757263,35.31141463846058,1.3650676691120438
2016-11-30 22:00:00,34.914072068555,35.678598122487124,-0.7645260539321228
2016-11-30 23:00:00,34.2496142778675,34.23923827773384,0.010376000133661023
2016-12-01 00:00:00,36.12135082079481,32.30143737864317,3.8199134421516376
2016-12-01 01:00:00,34.72091899531812,31.547194783596012,3.17372421172211
2016-12-01 02:00:00,31.82597035467496,28.80497768058359,3.020992674091371
2016-12-01 03:00:00,27.00509099678356,26.02096189816774,0.9841290986158207
2016-12-01 04:00:00,24.428243552647793,23.343669784994287,1.0845737676535059
2016-12-01 05:00:00,21.86443956042724,22.50227753206038,-0.6378379716331395
2016-12-01 06:00:00,25.447586906101435,25.446471638741887,0.0011152673595482554
2016-12-01 07:00:00,25.689394343886608,28.178558603068748,-2.4891642591821395
2016-12-01 08:00:00,29.863665878982868,28.083839881730214,1.7798259972526544
2016-12-01 09:00:00,28.36314045996274,29.749668085190745,-1.3865276252280054
2016-12-01 10:00:00,27.039295710726467,29.935729347785866,-2.896433637059399
2016-12-01 11:00:00,28.248333174981667,29.88367665444024,-1.635343479458573
2016-12-01 12:00:00,28.549552048544477,30.539785855496294,-1.9902338069518173
2016-12-01 13:00:00,29.609548191301524,30.923540157917042,-1.313991966615518
2016-12-01 14:00:00,29.21966657219553,31.711682065490322,-2.4920154932947938
2016-12-01 15:00:00,29.68135770703319,31.82525559972136,-2.1438978926881695
2016-12-01 16:00:00,34.12240882115596,32.24085281045742,1.8815560106985387
2016-12-01 17:00:00,37.11525300948499,35.139662975615785,1.975590033869203
2016-12-01 18:00:00,39.45301859269897,36.93676617926368,2.5162524134352893
2016-12-01 19:00:00,37.93446717856499,37.80905258621672,0.1254145923482639
2016-12-01 20:00:00,33.9304282837803,36.96721662476343,-3.0367883409831293
2016-12-01 21:00:00,32.43063560789699,34.65750893631253,-2.226873328415543
2016-12-01 22:00:00,37.56574760158646,33.62362635844319,3.9421212431432693
2016-12-01 23:00:00,35.5328061001357,34.799776987913425,0.7330291122222761
2016-12-02 00:00:00,34.32845832044317,32.438588342777074,1.8898699776660948
2016-12-02 01:00:00,32.6815292808422,31.045473424969554,1.6360558558726446
2016-12-02 02:00:00,32.45906648213253,28.502965369061673,3.9561011130708543
2016-12-02 03:00:00,26.672099989840596,26.599212422097825,0.07288756774277161
2016-12-02 04:00:00,23.477309994185738,23.322728235775912,0.1545817584098259
2016-12-02 05:00:00,24.60087945094794,22.261502395728485,2.3393770552194546
2016-12-02 06:00:00,26.582528565715542,25.929946952931545,0.6525816127839974
2016-12-02 07:00:00,27.53917768584239,28.606151346975025,-1.0669736611326357
2016-12-02 08:00:00,26.559754791549334,28.90787270422221,-2.348117912672876
2016-12-02 09:00:00,25.958079064246487,29.275098680742776,-3.317019616496289
2016-12-02 10:00:00,25.629953677311242,29.321397067467743,-3.6914433901565005
2016-12-02 11:00:00,27.706918871001754,29.37845864385172,-1.6715397728499646
2016-12-02 12:00:00,30.132438612953496,30.535755523506605,-0.4033169105531087
2016-12-02 13:00:00,34.63885102978276,31.94012012261196,2.698730907170795
2016-12-02 14:00:00,31.958451672103344,34.604897171456166,-2.646445499352822
2016-12-02 15:00:00,31.68176514705746,33.54581241468612,-1.8640472676286564
2016-12-02 16:00:00,33.90199777665054,33.78346788609983,0.11852989055071106
2016-12-02 17:00:00,36.29867612832829,35.38746476131349,0.9112113670148005
2016-12-02 18:00:00,34.313803090601,36.690812159325155,-2.3770090687241563
2016-12-02 19:00:00,33.352435284554865,35.48959934062497,-2.1371640560701053
2016-12-02 20:00:00,35.81535420317036,34.91363362188512,0.9017205812852396
2016-12-02 21:00:00,33.12440349116306,35.237036437698244,-2.112632946535186
2016-12-02 22:00:00,34.72033272738751,32.98413873580346,1.7361939915840452
2016-12-02 23:00:00,34.78276310343495,33.647948340052125,1.1348147633828276
2016-12-03 00:00:00,35.87954338300963,32.82050635149425,3.0590370315153805
2016-12-03 01:00:00,30.54922674543193,31.779917729973608,-1.2306909845416776
2016-12-03 02:00:00,29.589324287994767,27.647589100964087,1.9417351870306803
2016-12-03 03:00:00,24.80848217479021,25.76855519875039,-0.9600730239601809
2016-12-03 04:00:00,20.41602737661428,22.22400767978549,-1.8079803031712096
2016-12-03 05:00:00,19.504193153459468,20.978396476212797,-1.474203322753329
2016-12-03 06:00:00,24.43803316248225,24.641871216550925,-0.20383805406867594
2016-12-03 07:00:00,25.38084780951449,26.684752412915845,-1.3039046034013566
2016-12-03 08:00:00,24.916753416688255,26.869399706415123,-1.952646289726868
2016-12-03 09:00:00,26.7331528014487,27.289465695810758,-0.5563128943620583
2016-12-03 10:00:00,29.511945915245626,28.63908927829574,0.8728566369498871
2016-12-03 11:00:00,34.37242327575813,31.008732560745727,3.363690715012403
2016-12-03 12:00:00,40.22240622847523,34.77634536018952,5.446060868285713
2016-12-03 13:00:00,40.11307992456555,38.76898965866972,1.3440902658958294
2016-12-03 14:00:00,41.196084559746865,39.13764217765911,2.0584423820877547
2016-12-03 15:00:00,35.49675484411955,39.35845948589435,-3.8617046417748
2016-12-03 16:00:00,45.15293420915112,35.95156451992738,9.201369689223739
2016-12-03 17:00:00,41.45577078322813,40.513774659716624,0.9419961235115082
2016-12-03 18:00:00,36.33472738434445,38.139561590981316,-1.804834206636869
2016-12-03 19:00:00,34.51486986313668,36.008219098369956,-1.493349235233275
2016-12-03 20:00:00,40.34287052174919,35.373424800758556,4.969445720990635
2016-12-03 21:00:00,42.40336331198668,37.92286932802699,4.48049398395969
2016-12-03 22:00:00,37.500386620097515,37.45415478659124,0.04623183350627613
2016-12-03 23:00:00,34.468559836099274,34.73012992407475,-0.2615700879754783
2016-12-04 00:00:00,36.98101343892344,33.101702587494174,3.879310851429267
2016-12-04 01:00:00,34.317027380666474,33.00715437149436,1.3098730091721151
2016-12-04 02:00:00,30.411469842616043,29.580836427608048,0.8306334150079948
2016-12-04 03:00:00,26.964379332890694,26.605865724885405,0.3585136080052891
2016-12-04 04:00:00,22.03947853316307,23.369669317649084,-1.330190784486014
2016-12-04 05:00:00,20.024445185870796,21.39086772004812,-1.3664225341773246
2016-12-04 06:00:00,25.67720129251069,24.924444894621587,0.7527563978891045
2016-12-04 07:00:00,26.01262492590463,27.39076966770291,-1.3781447417982804
2016-12-04 08:00:00,25.343389804149492,27.85832745882597,-2.5149376546764763
2016-12-04 09:00:00,25.133324901840968,28.689315153855745,-3.5559902520147766
2016-12-04 10:00:00,30.65562207679433,29.893459709906917,0.7621623668874129
2016-12-04 11:00:00,37.14221839744688,34.09571044146468,3.0465079559822
2016-12-04 12:00:00,34.129150351699316,38.3950356427432,-4.265885291043887
2016-12-04 13:00:00,34.00780684008233,36.54110886962534,-2.533302029543009
2016-12-04 14:00:00,36.026973064245496,36.400044313139794,-0.37307124889429844
2016-12-04 15:00:00,36.94701357000576,37.45616946311172,-0.5091558931059623
2016-12-04 16:00:00,35.159983014748676,37.062938722678986,-1.9029557079303103
2016-12-04 17:00:00,38.70473439979005,36.56187726728417,2.142857132505881
2016-12-04 18:00:00,39.132953747374515,38.558123609180704,0.5748301381938106
2016-12-04 19:00:00,40.01694299711862,37.91259330303408,2.10434969408454
2016-12-04 20:00:00,40.368956324262285,38.56460498409467,1.8043513401676137
2016-12-04 21:00:00,38.408410285256245,38.52338732606841,-0.11497704081216398
2016-12-04 22:00:00,37.46550716573103,37.69006454765262,-0.22455738192158492
2016-12-04 23:00:00,37.911606033223144,35.97426279267151,1.937343240551634
2016-12-05 00:00:00,34.38971616062939,34.13709549972662,0.252620660902771
2016-12-05 01:00:00,34.41550901273006,31.79150517918116,2.624003833548901
2016-12-05 02:00:00,28.269494987668025,29.971703029761887,-1.7022080420938615
2016-12-05 03:00:00,24.175855392072332,25.468496517116957,-1.292641125044625
2016-12-05 04:00:00,24.640741264960177,22.481694400451854,2.1590468645083227
2016-12-05 05:00:00,22.555686528302253,22.211517762202174,0.3441687661000792
2016-12-05 06:00:00,27.235496863254433,26.341696099697668,0.8938007635567651
2016-12-05 07:00:00,27.68898116482798,28.129300533065287,-0.4403193682373079
2016-12-05 08:00:00,28.048028605821642,28.64427283867704,-0.5962442328553976
2016-12-05 09:00:00,30.015784785899175,29.638848096694698,0.3769366892044772
2016-12-05 10:00:00,30.755862329096868,31.306755824382122,-0.5508934952852549
2016-12-05 11:00:00,29.542721402321387,32.441627244423664,-2.898905842102277
2016-12-05 12:00:00,29.40291269941303,32.08076636206124,-2.677853662648211
2016-12-05 13:00:00,34.955399001735096,32.0626704944806,2.892728507254496
2016-12-05 14:00:00,39.379743544805436,34.458829085558214,4.920914459247221
2016-12-05 15:00:00,36.76792982578622,36.88013619690835,-0.11220637112213439
2016-12-05 16:00:00,31.777608940539082,36.32427784068619,-4.546668900147111
2016-12-05 17:00:00,32.81020022382738,34.30616337458264,-1.4959631507552587
2016-12-05 18:00:00,32.45173905076433,35.58789436058375,-3.136155309819422
2016-12-05 19:00:00,35.67935619592276,35.22227083138489,0.45708536453786763
2016-12-05 20:00:00,35.71657998780013,37.02424675241892,-1.3076667646187872
2016-12-05 21:00:00,38.50190919056831,36.236066237554446,2.265842953013866
2016-12-05 22:00:00,37.119356517893486,36.98653764670042,0.13281887119306646
2016-12-05 23:00:00,34.04620280071515,35.22377523087121,-1.1775724301560615
2016-12-06 00:00:00,33.45824434798665,32.35809568932785,1.100148658658803
2016-12-06 01:00:00,32.18062152040059,30.379400980693152,1.8012205397074403
2016-12-06 02:00:00,32.64313332020938,28.09663050483555,4.546502815373831
2016-12-06 03:00:00,24.065151340170424,26.09505179852421,-2.0299004583537865
2016-12-06 04:00:00,20.66190895434556,22.260004114671833,-1.5980951603262739
2016-12-06 05:00:00,20.470572687613753,21.452727736082082,-0.9821550484683286
2016-12-06 06:00:00,25.11216308915461,25.43185795303715,-0.319694863882539
2016-12-06 07:00:00,26.26744608003684,27.478090641620298,-1.2106445615834573
2016-12-06 08:00:00,25.83187029972756,27.72200413467301,-1.890133834945452
2016-12-06 09:00:00,26.425427115600595,28.04057238150897,-1.6151452659083745
2016-12-06 10:00:00,27.949547065534496,28.70702509383716,-0.7574780283026641
2016-12-06 11:00:00,31.73364398522412,29.657430417673982,2.0762135675501376
2016-12-06 12:00:00,27.747601166432226,31.477269178246775,-3.7296680118145495
2016-12-06 13:00:00,26.455528321134995,30.083735117414985,-3.62820679627999
2016-12-06 14:00:00,28.19622003155094,29.51261850657079,-1.3163984750198487
2016-12-06 15:00:00,29.337551396706534,30.83510354953432,-1.4975521528277866
2016-12-06 16:00:00,34.71124685933326,31.907943668103385,2.8033031912298725
2016-12-06 17:00:00,36.85585973641614,35.06345976965263,1.7923999667635115
2016-12-06 18:00:00,41.197842996432925,36.07123476339927,5.126608233033657
2016-12-06 19:00:00,38.93511089779852,37.934410154800496,1.0007007429980277
2016-12-06 20:00:00,35.19222371276874,37.23127336492382,-2.039049652155086
2016-12-06 21:00:00,39.19567670672859,35.48816775045169,3.7075089562769037
2016-12-06 22:00:00,38.83662963284071,37.11572804436427,1.720901588476444
2016-12-06 23:00:00,39.12152280759782,35.72686506806895,3.394657739528867
2016-12-07 00:00:00,36.203418786330175,33.91423023071351,2.2891885556166685
2016-12-07 01:00:00,32.70996015507774,31.250342862727056,1.459617292350682
2016-12-07 02:00:00,33.55174325329872,28.040657550049925,5.511085703248792
2016-12-07 03:00:00,25.08853946510777,27.12424606847756,-2.035706603369789
2016-12-07 04:00:00,21.996334059266342,22.656684303381756,-0.6603502441154134
2016-12-07 05:00:00,20.981885694282816,21.599840482661236,-0.6179547883784196
2016-12-07 06:00:00,25.913293260407514,24.617679435125293,1.2956138252822207
2016-12-07 07:00:00,27.866482499582958,27.914781291591208,-0.04829879200825005
2016-12-07 08:00:00,27.40159662669511,28.273077052908224,-0.8714804262131146
2016-12-07 09:00:00,27.313666532512297,28.641691071678935,-1.3280245391666377
2016-12-07 10:00:00,30.648587779391438,28.9668692951724,1.6817184842190365
2016-12-07 11:00:00,31.225701560273848,30.75603551124857,0.4696660490252782
2016-12-07 12:00:00,33.01126662925729,31.62408781191188,1.3871788173454114
2016-12-07 13:00:00,28.96806953891597,32.7892056890081,-3.82113615009213
2016-12-07 14:00:00,28.860560463109405,31.11827588535566,-2.2577154222462568
2016-12-07 15:00:00,30.638036057957766,31.51096465528857,-0.8729285973308052
2016-12-07 16:00:00,34.54271446944161,32.70422106805088,1.8384934013907355
2016-12-07 17:00:00,37.270888973326294,35.57073962985435,1.7001493434719421
2016-12-07 18:00:00,31.728954208885007,37.26972010852287,-5.5407658996378615
2016-12-07 19:00:00,34.45712926342836,34.841679053482146,-0.3845497900537893
2016-12-07 20:00:00,40.50407548027264,36.51269072172351,3.991384758549131
2016-12-07 21:00:00,37.8562097710257,38.057726125773264,-0.2015163547475609
2016-12-07 22:00:00,35.900646825876976,36.62456596343211,-0.7239191375551357
2016-12-07 23:00:00,33.49957128116675,34.86827378697487,-1.3687025058081161
2016-12-08 00:00:00,31.226580962169766,32.47779799337119,-1.2512170312014241
2016-12-08 01:00:00,30.155886576884615,29.837308112271113,0.3185784646135019
2016-12-08 02:00:00,31.82245311419707,27.3674240651001,4.4550290490969715
2016-12-08 03:00:00,23.00345535998745,26.38850196427522,-3.3850466042877727
2016-12-08 04:00:00,20.84591705549761,22.161875026525607,-1.3159579710279985
2016-12-08 05:00:00,20.463245256245553,21.164104032388924,-0.7008587761433702
2016-12-08 06:00:00,25.902712537617226,24.504217439867062,1.398495097750164
2016-12-08 07:00:00,28.17259613217477,27.745749760207392,0.42684637196737896
2016-12-08 08:00:00,28.118079547202584,28.25796771321623,-0.13988816601364817
2016-12-08 09:00:00,27.70935158922917,29.037103200544475,-1.327751611315307
2016-12-08 10:00:00,27.886852923984144,29.319324617675147,-1.432471693691003
2016-12-08 11:00:00,28.498259570084873,29.789935887603477,-1.2916763175186041
2016-12-08 12:00:00,29.88652766675982,30.384174885440174,-0.49764721868035267
2016-12-08 13:00:00,32.76213176010392,31.398564452314606,1.3635673077893138
2016-12-08 14:00:00,32.548754829448505,33.02835087567693,-0.4795960462284228
2016-12-08 15:00:00,28.948490459779745,33.36822707389182,-4.419736614112079
2016-12-08 16:00:00,34.04268556023726,31.954292608353473,2.0883929518837867
2016-12-08 17:00:00,37.88083008726516,35.34382347092787,2.537006616337287
2016-12-08 18:00:00,40.6007983085444,37.21049101724536,3.390307291299038
2016-12-08 19:00:00,34.97650244460244,37.87490475523926,-2.8984023106368184
2016-12-08 20:00:00,34.64617846115095,35.18844546008129,-0.5422669989303373
2016-12-08 21:00:00,34.59723077908446,35.58107304571754,-0.9838422666330757
2016-12-08 22:00:00,35.943732562848915,34.5610753873954,1.3826571754535166
2016-12-08 23:00:00,36.10845439474447,34.24518930716434,1.8632650875801318
2016-12-09 00:00:00,33.20647145669842,32.820077449574654,0.38639400712376215
2016-12-09 01:00:00,35.09315617988032,30.08411384821132,5.009042331668997
2016-12-09 02:00:00,30.240592472778395,29.464563969922853,0.7760285028555423
2016-12-09 03:00:00,25.505386242734556,26.163607885169114,-0.6582216424345582
2016-12-09 04:00:00,22.70874320693349,22.907853672767718,-0.1991104658342273
2016-12-09 05:00:00,21.902718414316247,21.905979047853936,-0.003260633537689017
2016-12-09 06:00:00,27.246077769597612,25.925433632104006,1.3206441374936055
2016-12-09 07:00:00,27.632823158137104,28.237216546584957,-0.6043933884478534
2016-12-09 08:00:00,26.301650977532635,28.748155457168156,-2.4465044796355215
2016-12-09 09:00:00,27.679220923455922,28.89063730199766,-1.2114163785417382
2016-12-09 10:00:00,29.4767738775725,29.87131339599905,-0.3945395184265479
2016-12-09 11:00:00,34.34311318317957,31.334677645269437,3.008435537910131
2016-12-09 12:00:00,32.61792673603931,34.75612370540566,-2.138196969366355
2016-12-09 13:00:00,36.837687266096076,34.72491995884542,2.1127673072506568
2016-12-09 14:00:00,40.67084943347823,37.302988213252476,3.3678612202257554
2016-12-09 15:00:00,40.69048665586037,38.4689031993656,2.22158345649477
2016-12-09 16:00:00,36.93147912182056,38.050276325811744,-1.1187972039911855
2016-12-09 17:00:00,42.94237444975447,36.65358518586435,6.288789263890116
2016-12-09 18:00:00,40.1418037492135,39.42954070964678,0.7122630395667215
2016-12-09 19:00:00,41.903628087406304,37.86088988024595,4.042738207160355
2016-12-09 20:00:00,40.16290645786928,38.421991975429194,1.7409144824400897
2016-12-09 21:00:00,41.29925523393801,37.258726514098704,4.040528719839308
2016-12-09 22:00:00,40.861364117474466,37.246192054347425,3.6151720631270408
2016-12-09 23:00:00,35.21918910073064,36.45314543000085,-1.2339563292702138
2016-12-10 00:00:00,34.3293375387862,33.798253438493894,0.5310841002923041
2016-12-10 01:00:00,38.73404412526284,32.071747246074644,6.662296879188197
2016-12-10 02:00:00,32.05458841599738,32.52535734256213,-0.47076892656475167
2016-12-10 03:00:00,26.360270979136878,27.501818615485092,-1.1415476363482142
2016-12-10 04:00:00,22.068788992847416,23.58609432759559,-1.5173053347481726
2016-12-10 05:00:00,20.50152411013456,21.618290729688145,-1.1167666195535837
2016-12-10 06:00:00,25.639743287145695,25.383753757684435,0.2559895294612602
2016-12-10 07:00:00,29.25217137988017,27.17469698752873,2.0774743923514407
2016-12-10 08:00:00,31.034307290828803,28.93076932116003,2.1035379696687713
2016-12-10 09:00:00,29.075490687152204,31.22539927925619,-2.149908592103987
2016-12-10 10:00:00,30.63070862658957,31.986715207287514,-1.3560065806979438
2016-12-10 11:00:00,33.99227239189713,34.45958532346495,-0.46731293156781817
2016-12-10 12:00:00,35.06120806516689,37.5087297107903,-2.447521645623411
2016-12-10 13:00:00,39.995253653426445,37.77747928650464,2.217774366921809
2016-12-10 14:00:00,39.018058448782696,39.92738142366533,-0.9093229748826346
2016-12-10 15:00:00,41.52816697988441,38.823315195675576,2.7048517842088344
2016-12-10 16:00:00,42.39369080889603,39.64942605867528,2.7442647502207507
2016-12-10 17:00:00,45.89945996537398,39.47460294413807,6.424857021235908
2016-12-10 18:00:00,38.04115619455136,40.47428802781152,-2.4331318332601555
2016-12-10 19:00:00,40.53162676905937,37.21071348334802,3.320913285711349
2016-12-10 20:00:00,38.15839583065407,38.83240228741577,-0.6740064567616955
2016-12-10 21:00:00,39.8267212635348,37.247438990313384,2.5792822732214162
2016-12-10 22:00:00,34.85457266505484,37.69441426167088,-2.83984159661604
2016-12-10 23:00:00,38.42365104881747,34.35841133761106,4.065239711206409
2016-12-11 00:00:00,35.54980603459454,34.96126596394198,0.5885400706525559
2016-12-11 01:00:00,34.63152359841456,32.03087509577164,2.600648502642919
2016-12-11 02:00:00,32.31749911309701,31.125315475200214,1.1921836378967932
2016-12-11 03:00:00,27.303877106230736,27.82129355241328,-0.5174164461825441
2016-12-11 04:00:00,26.022385167276685,23.719085738505242,2.3032994287714423
2016-12-11 05:00:00,22.236529902677447,22.60664423688267,-0.37011433420522266
2016-12-11 06:00:00,26.066350306144535,25.922916326586456,0.14343397955807902
2016-12-11 07:00:00,27.617347538653142,27.51711257879227,0.10023495986087383
2016-12-11 08:00:00,27.468364724638672,28.7445619963527,-1.2761972717140289
2016-12-11 09:00:00,29.406136805925616,30.247230456547697,-0.8410936506220814
2016-12-11 10:00:00,31.64014507991206,32.654033241475354,-1.013888161563294
2016-12-11 11:00:00,35.02545012666893,35.40258083127812,-0.3771307046091934
2016-12-11 12:00:00,39.84196202709603,37.96390343316327,1.8780585939327636
2016-12-11 13:00:00,36.704326546771775,39.880188507227096,-3.1758619604553218
2016-12-11 14:00:00,41.57857941401298,37.97606075290994,3.6025186611030406
2016-12-11 15:00:00,36.47131202662844,40.27245596209319,-3.8011439354647507
2016-12-11 16:00:00,37.64547122961093,37.04030885397852,0.6051623756324105
2016-12-11 17:00:00,37.94736360461532,38.188223664750986,-0.24086006013566674
2016-12-11 18:00:00,44.662871487661384,38.24907071356942,6.413800774091968
2016-12-11 19:00:00,49.37181515375907,40.5379823490594,8.833832804699675
2016-12-11 20:00:00,41.5428218426208,41.4812026479785,0.061619194642304365
2016-12-11 21:00:00,42.46462151927868,39.007754034276125,3.4568674850025545
2016-12-11 22:00:00,39.98704663660944,39.295402460280506,0.6916441763289356
2016-12-11 23:00:00,38.70473439979005,36.99553663305341,1.7091977667366365
2016-12-12 00:00:00,38.847180987168606,35.173026283111,3.6741547040576066
2016-12-12 01:00:00,35.862543448550795,33.675294049602066,2.1872493989487296
2016-12-12 02:00:00,31.020531646435437,31.176107404928832,-0.155575758493395
2016-12-12 03:00:00,26.214541548320945,27.3605713626897,-1.146029814368756
2016-12-12 04:00:00,22.302477519202778,23.56283548432545,-1.2603579651226724
2016-12-12 05:00:00,23.29168993155384,22.26272975271952,1.0289601788343212
2016-12-12 06:00:00,27.990229360964964,26.62789610984717,1.3623332511177928
2016-12-12 07:00:00,29.4882048173492,28.772470104309523,0.7157347130396765
2016-12-12 08:00:00,28.985157270450507,30.144740021718803,-1.159582751268296
2016-12-12 09:00:00,30.411469842616043,31.12545072308799,-0.7139808804719472
2016-12-12 10:00:00,29.98647478509705,32.652344983177564,-2.665870198080512
2016-12-12 11:00:00,30.620450039121206,32.741355775592304,-2.120905736471098
2016-12-12 12:00:00,31.254425384921802,32.99037243668453,-1.7359470517627287
2016-12-12 13:00:00,31.8884007307224,33.27419366256412,-1.3857929318417241
2016-12-12 14:00:00,32.522376076522995,33.65817602945068,-1.1357999529276839
2016-12-12 15:00:00,33.156351238770704,34.40692412169688,-1.2505728829261784
2016-12-12 16:00:00,33.790326768124196,34.69640746475813,-0.9060806966339356
2016-12-12 17:00:00,34.4243019303719,35.500392862399046,-1.0760909320271494
2016-12-12 18:00:00,35.058277092619605,36.22271313191383,-1.1644360392942232
2016-12-12 19:00:00,35.24351646655768,36.77198096043678,-1.528464493879099
2016-12-12 20:00:00,35.44897969791428,37.16517254291965,-1.7161928450053665
2016-12-12 21:00:00,40.69546974971768,36.81519542916889,3.880274320548793
2016-12-12 22:00:00,38.596580631741595,38.385079733990416,0.2115008977511792
2016-12-12 23:00:00,40.725365376015304,36.102830823669706,4.6225345523455985
2016-12-13 00:00:00,35.23618903518948,35.460472800936394,-0.224283765746911
2016-12-13 01:00:00,34.91319285021197,31.494128082901813,3.4190647673101573
2016-12-13 02:00:00,30.176403568268455,30.120563628143774,0.055839940124680965
2016-12-13 03:00:00,26.57112699440124,25.977984702138087,0.5931422922631526
2016-12-13 04:00:00,23.71829695055268,23.143427042566042,0.5748699079866384
2016-12-13 05:00:00,23.419510657552618,22.026789399509823,1.3927212580427941
2016-12-13 06:00:00,26.2813098298174,26.159738223142455,0.12157160667494438
2016-12-13 07:00:00,28.886617046296823,28.16606473909829,0.7205523071985347
2016-12-13 08:00:00,29.22693545019182,29.02362531717885,0.20331013301296963
2016-12-13 09:00:00,31.97633064135232,29.83207387982012,2.1442567615322012
2016-12-13 10:00:00,30.78106891326693,31.698300998626127,-0.9172320853591955
2016-12-13 11:00:00,31.820108409580403,31.83326376757421,-0.013155357993806405
2016-12-13 12:00:00,31.121651117081004,32.747347553764385,-1.6256964366833806
2016-12-13 13:00:00,28.008958455423908,32.30632000788536,-4.297361552461453
2016-12-13 14:00:00,28.648912944839317,30.9578941003595,-2.3089811555201827
2016-12-13 15:00:00,30.584105649139747,31.57866819994379,-0.9945625508040443
2016-12-13 16:00:00,33.3799865733416,32.958719719755386,0.42126685358621074
2016-12-13 17:00:00,34.67695404000316,35.098402121476084,-0.42144808147292423
2016-12-13 18:00:00,33.92398007075513,36.05101506651291,-2.127034995757782
2016-12-13 19:00:00,35.27370577747927,35.98773337216171,-0.7140275946824417
2016-12-13 20:00:00,32.78645912593096,36.67706111101905,-3.8906019850880895
2016-12-13 21:00:00,34.37828522085269,35.18738868490936,-0.809103464056669
2016-12-13 22:00:00,35.21010323267639,36.18139855796165,-0.9712953252852614
2016-12-13 23:00:00,36.56334544566686,35.099303978008884,1.464041467657978
2016-12-14 00:00:00,33.93101455171091,34.29497239961744,-0.3639578479065335
2016-12-14 01:00:00,30.851119854647877,30.808252270285692,0.04286758436218463
2016-12-14 02:00:00,29.085280228154325,27.88515983212692,1.2001203960274047
2016-12-14 03:00:00,24.94037740784087,25.22979650739063,-0.28941909954976097
2016-12-14 04:00:00,24.10665448412491,22.646426388940654,1.460228095184256
2016-12-14 05:00:00,23.304703464347988,22.08273215984504,1.2219713045029472
2016-12-14 06:00:00,27.458575298357108,25.49963326687235,1.9589420314847565
2016-12-14 07:00:00,30.070301370871363,28.330135172379443,1.7401661984919201
2016-12-14 08:00:00,37.77003829708184,29.194173966734642,8.575864330347198
2016-12-14 09:00:00,37.55842017021826,32.64555065058618,4.912869519632082
2016-12-14 10:00:00,33.72760307455856,34.5311114794227,-0.8035084048641394
2016-12-14 11:00:00,30.173765729686483,33.79516546704138,-3.6213997373548956
2016-12-14 12:00:00,30.04597409682077,32.247492836252626,-2.2015187394318545
2016-12-14 13:00:00,32.92802649496648,32.118285062248525,0.8097414327179564
2016-12-14 14:00:00,33.27593594659586,33.15759242341279,0.1183435231830714
2016-12-14 15:00:00,36.534035720194076,33.757836682910934,2.776199037283142
2016-12-14 16:00:00,37.207579378935826,36.0718884564248,1.1356909225110243
2016-12-14 17:00:00,38.813767753287316,37.06498545977092,1.748782293516399
2016-12-14 18:00:00,38.861835849905,38.110014715174664,0.751821134730335
2016-12-14 19:00:00,35.046553202430495,37.97623843210744,-2.9296852296769487
2016-12-14 20:00:00,32.742494170616,36.63471007508142,-3.8922159044654236
2016-12-14 21:00:00,35.59552979370134,35.42236208149461,0.17316771220672678
2016-12-14 22:00:00,40.47711009231074,36.082761150678756,4.394348941631982
2016-12-14 23:00:00,40.728003398150165,36.8301138738553,3.897889524294861
2016-12-15 00:00:00,44.36302976554391,35.52361891088618,8.839410854657729
2016-12-15 01:00:00,41.33208256699447,35.063746112161006,6.268336454833467
2016-12-15 02:00:00,30.55391633821815,32.2684050781929,-1.7144887399747475
2016-12-15 03:00:00,26.378179316848254,26.829203153115845,-0.45102383626759135
2016-12-15 04:00:00,25.050289612575384,23.828460745115063,1.2218288674603208
2016-12-15 05:00:00,24.653784166216724,23.26247871279868,1.3913054534180453
2016-12-15 06:00:00,27.6898018297991,27.077766652714843,0.6120351770842589
2016-12-15 07:00:00,28.56502771391666,29.199185289496825,-0.634157575580165
2016-12-15 08:00:00,29.81559750703585,29.998276754096747,-0.18267924706089644
2016-12-15 09:00:00,30.278109306844634,31.601068566347475,-1.3229592595028414
2016-12-15 10:00:00,28.423372514823278,32.352982150550055,-3.929609635726777
2016-12-15 11:00:00,32.52266902693541,31.44206183723448,1.080607189700931
2016-12-15 12:00:00,33.637328459311966,33.279021225939324,0.35830723337264203
2016-12-15 13:00:00,38.483150819423415,34.14675906990994,4.336391749513474
2016-12-15 14:00:00,39.278624257712764,37.04401858025371,2.234605677459051
2016-12-15 15:00:00,39.9445475346739,37.5914310561647,2.3531164785092002
2016-12-15 16:00:00,42.473414436920514,38.21051212507607,4.262902311844442
2016-12-15 17:00:00,43.174508650237435,39.56872030032079,3.6057883499166437
2016-12-15 18:00:00,40.53485069201906,39.85020942554883,0.6846412664702299
2016-12-15 19:00:00,43.69564173652069,38.92731406050634,4.768327676014351
2016-12-15 20:00:00,41.07620616729774,39.531628666524206,1.544577500773535
2016-12-15 21:00:00,33.513640243078314,38.131852859076325,-4.6182126159980115
2016-12-15 22:00:00,35.45366910714762,34.867481205595915,0.5861879015517033
2016-12-15 23:00:00,36.130143738436644,35.848915625418165,0.2812281130184786
2016-12-16 00:00:00,34.194218382775844,34.6365189291312,-0.4423005463553551
2016-12-16 01:00:00,31.0076352203851,32.79272788541402,-1.785092665028916
2016-12-16 02:00:00,33.46146827094635,29.90064387059644,3.560824400349908
2016-12-16 03:00:00,29.68135770703319,28.01023527991879,1.6711224271144012
2016-12-16 04:00:00,23.915347952961277,24.586552291304468,-0.6712043383431912
2016-12-16 05:00:00,22.48320296047034,22.66497661110831,-0.18177365063797168
2016-12-16 06:00:00,27.684115636596704,25.804983900692648,1.879131735904057
2016-12-16 07:00:00,28.798716354992578,28.921913659021968,-0.12319730402938944
2016-12-16 08:00:00,32.56341005929068,29.682923325232334,2.8804867340583478
2016-12-16 09:00:00,31.057169170382203,32.15013363011129,-1.0929644597290888
2016-12-16 10:00:00,35.658252753055415,33.00339906291816,2.6548536901372515
2016-12-16 11:00:00,36.53081179723438,35.844361922954825,0.6864498742795533
2016-12-16 12:00:00,50.00110200809079,37.44247299119823,12.55862901689256
2016-12-16 13:00:00,43.33981785138094,41.34715397242254,1.9926638789584032
2016-12-16 14:00:00,38.931007389390025,39.597425035468184,-0.666417646078159
2016-12-16 15:00:00,38.08834470572023,38.13813868897815,-0.049793983257920615
2016-12-16 16:00:00,40.70748659031921,37.77600792653852,2.9314786637806947
2016-12-16 17:00:00,39.584620141125654,38.66080113794076,0.9238190031848958
2016-12-16 18:00:00,40.98358684743448,38.163777846125605,2.819809001308876
2016-12-16 19:00:00,36.856445637240974,38.407998392571116,-1.5515527553301425
2016-12-16 20:00:00,34.57847240793957,36.89394500319052,-2.315472595250945
2016-12-16 21:00:00,34.25107976414114,35.64416861743828,-1.3930888532971437
2016-12-16 22:00:00,36.14655777207065,34.37004443030393,1.776513341766723
2016-12-16 23:00:00,32.9664224555993,34.58387473659761,-1.6174522809983074
2016-12-17 00:00:00,29.07229589747777,32.26708588357258,-3.1947899860948077
2016-12-17 01:00:00,35.07263900494358,28.944401442489504,6.128237562454078
2016-12-17 02:00:00,30.56124395313924,30.37064981368575,0.19059413945349135
2016-12-17 03:00:00,24.91596193662664,26.52593217353908,-1.6099702369124387
2016-12-17 04:00:00,21.36373664501086,22.796314088110606,-1.4325774430997456
2016-12-17 05:00:00,20.91429711492102,21.756730235109732,-0.8424331201887121
2016-12-17 06:00:00,25.7805779130444,25.91198624146223,-0.13140832841783023
2016-12-17 07:00:00,27.548967295676842,26.93944397870773,0.6095233169691134
2016-12-17 08:00:00,32.7351667392478,28.241309615422836,4.4938571238249665
2016-12-17 09:00:00,28.2173818442373,32.35964242834746,-4.142260584110165
2016-12-17 10:00:00,27.120718854959314,31.50478828409347,-4.384069429134154
2016-12-17 11:00:00,31.48304344624422,32.12281490283617,-0.6397714565919479
2016-12-17 12:00:00,32.415980745160596,35.28650296260043,-2.8705222174398344
2016-12-17 13:00:00,28.056176793937407,36.222813474160354,-8.166636680222947
2016-12-17 14:00:00,32.03172653644398,32.62278599288018,-0.5910594564361986
2016-12-17 15:00:00,35.92497419170402,35.006292833909804,0.9186813577942132
2016-12-17 16:00:00,33.82549843869154,36.412957870793186,-2.587459432101646
2016-12-17 17:00:00,27.28596858496647,34.8030819188819,-7.517113333915432
2016-12-17 18:00:00,29.669926813144713,30.823899572906086,-1.1539727597613734
2016-12-17 19:00:00,29.25867819216547,32.496592402066824,-3.237914209901355
2016-12-17 20:00:00,24.613072502323856,30.86789267299751,-6.2548201706736535
2016-12-17 21:00:00,22.552433236880162,27.584110179032606,-5.031676942152444
2016-12-17 22:00:00,21.532269034902505,25.852578124932688,-4.320309090030182
2016-12-17 23:00:00,25.187870947051998,24.322376853608546,0.8654940934434521
2016-12-18 00:00:00,21.677998282165547,24.63133858461781,-2.953340302452265
2016-12-18 01:00:00,20.482795107452063,22.213838604943138,-1.7310434974910756
2016-12-18 02:00:00,20.730318382231367,21.190967120206803,-0.46064873797543626
2016-12-18 03:00:00,19.658862160676335,20.44379574728557,-0.7849335866092346
2016-12-18 04:00:00,19.63605828383617,19.663237327362015,-0.02717904352584455
2016-12-18 05:00:00,22.584175405251028,20.05727007155539,2.5269053336956375
2016-12-18 06:00:00,25.374311858207907,24.516882711644616,0.8574291465632911
2016-12-18 07:00:00,25.927127641725676,26.01391903496332,-0.08679139323764318
2016-12-18 08:00:00,25.46795723872618,26.04824550565658,-0.5802882669304026
2016-12-18 09:00:00,26.92448833396895,26.34770996540084,0.5767783685681103
2016-12-18 10:00:00,26.463676601027203,27.337329834575517,-0.873653233548314
2016-12-18 11:00:00,26.387968926682706,27.531077527399503,-1.143108600716797
2016-12-18 12:00:00,31.054824282212646,28.067810804394725,2.9870134778179214
2016-12-18 13:00:00,26.75513527910618,31.221066543880244,-4.465931264774063
2016-12-18 14:00:00,26.00690963956917,28.174508569735522,-2.1675989301663527
2016-12-18 15:00:00,25.72603186783337,27.952841717541133,-2.226809849707763
2016-12-18 16:00:00,26.38064131176162,27.422684620527548,-1.0420433087659262
2016-12-18 17:00:00,29.672271609537823,27.325138068069833,2.34713354146799
2016-12-18 18:00:00,28.41847770990605,28.446195404683625,-0.02771769477757502
2016-12-18 19:00:00,25.533084006727496,27.168280223232046,-1.63519621650455
2016-12-18 20:00:00,26.505179561428797,25.471893714004793,1.033285847424004
2016-12-18 21:00:00,21.844098229159115,25.478025359479034,-3.6339271303199183
2016-12-18 22:00:00,25.122744179050677,23.265660051487895,1.857084127562782
2016-12-18 23:00:00,25.180543515683798,23.467403399976067,1.7131401157077306
2016-12-19 00:00:00,22.749454503720578,22.965122419180194,-0.2156679154596155
2016-12-19 01:00:00,24.385919927275076,21.897313148811975,2.488606778463101
2016-12-19 02:00:00,22.08833810984237,21.72566305189964,0.36267505794272736
2016-12-19 03:00:00,19.336451509417877,21.173000718597894,-1.836549209180017
2016-12-19 04:00:00,20.07327612829926,20.474274092824594,-0.40099796452533454
2016-12-19 05:00:00,20.9094314949133,20.979658585884334,-0.0702270909710343
2016-12-19 06:00:00,25.34500176562934,25.235125292524078,0.10987647310526327
2016-12-19 07:00:00,27.74598911317593,26.5966434158496,1.149345697326332
2016-12-19 08:00:00,25.73418014772558,26.916220683513952,-1.1820405357883708
2016-12-19 09:00:00,25.450019716105295,26.700537288427284,-1.2505175723219892
2016-12-19 10:00:00,25.07634641373186,26.68772119735846,-1.6113747836266015
2016-12-19 11:00:00,26.21618287826319,26.55065638071427,-0.334473502451079
2016-12-19 12:00:00,25.598210774728813,26.997689777153585,-1.3994790024247727
2016-12-19 13:00:00,25.32301947152475,26.81791281485288,-1.4948933433281297
2016-12-19 14:00:00,25.462241768837828,26.598435871004597,-1.136194102166769
2016-12-19 15:00:00,25.077958375211704,26.468679824518116,-1.3907214493064117
2016-12-19 16:00:00,25.820498096875653,26.05048913381516,-0.22999103693950573
2016-12-19 17:00:00,26.523117267602572,26.12080359596182,0.4023136716407514
2016-12-19 18:00:00,25.86525416514645,26.120612762140535,-0.2553585969940855
2016-12-19 19:00:00,25.086927136522146,25.378889422546944,-0.29196228602479835
2016-12-19 20:00:00,21.08203802475105,24.546532988912617,-3.4644949641615668
2016-12-19 21:00:00,23.26888642181946,22.594493157934266,0.674393263885193
2016-12-19 22:00:00,24.64156174637841,22.400454870293288,2.241106876085123
2016-12-19 23:00:00,21.603931754210407,22.552768893931646,-0.9488371397212383
2016-12-20 00:00:00,19.724809042990106,21.590621722314637,-1.8658126793245309
2016-12-20 01:00:00,19.338093206465903,20.624511154328477,-1.2864179478625744
2016-12-20 02:00:00,19.463451753998424,20.15424865018719,-0.6907968961887647
2016-12-20 03:00:00,19.715870017247845,19.91387904337357,-0.19800902612572457
2016-12-20 04:00:00,20.006537031712313,19.905971829610206,0.10056520210210707
2016-12-20 05:00:00,19.502551456411446,20.223692582160954,-0.721141125749508
2016-12-20 06:00:00,24.89641245252591,22.812308152732328,2.0841042997935837
2016-12-20 07:00:00,26.113597921343985,26.744758238839477,-0.6311603174954925
2016-12-20 08:00:00,26.400982459476857,26.344629825538295,0.05635263393856249
2016-12-20 09:00:00,24.84916447022068,26.406764620248566,-1.5576001500278878
2016-12-20 10:00:00,24.688780360221244,25.98929327332146,-1.300512913100217
2016-12-20 11:00:00,25.97191344556465,25.824390152354894,0.14752329320975477
2016-12-20 12:00:00,26.880523378653987,26.216283648799788,0.6642397298541987
2016-12-20 13:00:00,23.923466864391088,26.637571916889836,-2.7141050524987484
2016-12-20 14:00:00,24.109116295485386,25.434501665311597,-1.3253853698262112
2016-12-20 15:00:00,24.19783768617692,25.257429905503482,-1.0595922193265608
2016-12-20 16:00:00,24.315898537909423,25.022600659121164,-0.706702121211741
2016-12-20 17:00:00,25.748014161937963,24.788042214435865,0.9599719475020976
2016-12-20 18:00:00,25.39550303935666,25.092796178995115,0.30270686036154615
2016-12-20 19:00:00,23.955209399867737,24.482159032497425,-0.5269496326296874
2016-12-20 20:00:00,21.831084329259184,23.41138379216424,-1.5802994629050566
2016-12-20 21:00:00,19.23794087599767,22.060627007672753,-2.822686131675084
2016-12-20 22:00:00,22.097307238258587,20.636298431448935,1.4610088068096516
2016-12-20 23:00:00,21.542029643380342,20.89143474589325,0.6505948974870925
2016-12-21 00:00:00,19.72155575156801,20.403238390188882,-0.6816826386208703
2016-12-21 01:00:00,22.63139401909386,19.745954335916366,2.885439683177495
2016-12-21 02:00:00,20.118061565032452,20.16764703220734,-0.04958546717488943
2016-12-21 03:00:00,18.473448228691524,19.936869409949953,-1.463421181258429
2016-12-21 04:00:00,18.434348526278505,19.700473356098723,-1.2661248298202175
2016-12-21 05:00:00,18.369221758277185,19.86957622837244,-1.5003544700952567
2016-12-21 06:00:00,24.185615633444385,22.570468532007112,1.6151471014372731
2016-12-21 07:00:00,26.557292796635966,26.45529337343582,0.10199942320014799
2016-12-21 08:00:00,24.8882641726337,26.338708164570203,-1.4504439919365026
2016-12-21 09:00:00,24.66111159758492,25.90316499549104,-1.242053397906119
2016-12-21 10:00:00,24.417662829857505,25.7227176368518,-1.3050548069942955
2016-12-21 11:00:00,24.89884489542399,25.524159175742057,-0.6253142803180651
2016-12-21 12:00:00,25.393040860890405,25.592055756853245,-0.19901489596283994
2016-12-21 13:00:00,29.550342013543112,25.73252376644636,3.8178182470967528
2016-12-21 14:00:00,25.658472289828193,27.556430250262142,-1.8979579604339492
2016-12-21 15:00:00,25.09100127646825,26.00093878642655,-0.9099375099582971
2016-12-21 16:00:00,25.272547566259824,25.58695531151494,-0.3144077452551173
2016-12-21 17:00:00,26.006118159507555,25.261992540874132,0.7441256186334222
2016-12-21 18:00:00,26.427859742051563,25.185606638601143,1.2422531034504196
2016-12-21 19:00:00,23.698776467808568,24.92281249758666,-1.224036029778091
2016-12-21 20:00:00,20.8149656329768,23.38961564309797,-2.574650010121168
2016-12-21 21:00:00,20.05211394850712,21.74076969948258,-1.6886557509754603
2016-12-21 22:00:00,20.02198337451032,20.739349918630186,-0.7173665441198658
2016-12-21 23:00:00,19.759013756933008,20.352151215636727,-0.593137458703719
2016-12-22 00:00:00,19.266430487158004,20.045299486282136,-0.778868999124132
2016-12-22 01:00:00,18.99534195815088,19.93054833789325,-0.9352063797423682
2016-12-22 02:00:00,19.38041683183862,19.93459653569757,-0.5541797038589493
2016-12-22 03:00:00,18.976583587005983,19.73250651698451,-0.755922929978528
2016-12-22 04:00:00,18.913098516052692,19.52807044760026,-0.6149719315475686
2016-12-22 05:00:00,19.90881714414216,19.68725167432733,0.22156546981482705
2016-12-22 06:00:00,23.70446256923452,23.027245650058394,0.677216919176125
2016-12-22 07:00:00,25.45248152746577,26.386019900912554,-0.9335383734467833
2016-12-22 08:00:00,24.64971002627062,26.116435037180185,-1.4667250109095669
2016-12-22 09:00:00,25.712197486515212,25.81845331768122,-0.10625583116600978
2016-12-22 10:00:00,24.73438664547845,26.181420591824807,-1.4470339463463588
2016-12-22 11:00:00,25.110521759212364,25.83291330843275,-0.7223915492203865
2016-12-22 12:00:00,24.122129828279533,26.036803552706484,-1.914673724426951
2016-12-22 13:00:00,23.539183470764964,25.545134131586412,-2.0059506608214477
2016-12-22 14:00:00,23.42033150607663,25.094924413570197,-1.6745929074935688
2016-12-22 15:00:00,23.897410063234613,24.646687277278346,-0.7492772140437332
2016-12-22 16:00:00,24.151439920858103,24.49411884933447,-0.34267892847636716
2016-12-22 17:00:00,25.0437830297312,24.27664636422912,0.767136665502079
2016-12-22 18:00:00,26.759209235499394,24.378686230249368,2.3805230052500264
2016-12-22 19:00:00,23.424376277560338,24.815423166140693,-1.3910468885803553
2016-12-22 20:00:00,20.55038442102542,23.19723924332291,-2.6468548222974917
2016-12-22 21:00:00,20.54713039539177,21.81674101696139,-1.2696106215696226
2016-12-22 22:00:00,20.3020696661845,21.10752642379154,-0.8054567576070397
2016-12-22 23:00:00,19.2737579185262,20.476493859107478,-1.2027359405812774
2016-12-23 00:00:00,20.024445185870796,19.931975645165767,0.09246954070502866
2016-12-23 01:00:00,20.320798668867,19.787157064974238,0.5336416038927609
2016-12-23 02:00:00,19.255849030156156,19.71609664388268,-0.4602476137265228
2016-12-23 03:00:00,18.597195181849976,19.590744948991382,-0.9935497671414062
2016-12-23 04:00:00,18.449003389014898,19.386339716492653,-0.9373363274777553
2016-12-23 05:00:00,18.706286538060475,20.098359732033032,-1.392073193972557
2016-12-23 06:00:00,24.151439920858103,24.41860408907735,-0.2671641682192458
2016-12-23 07:00:00,24.521888933166064,25.740571826460638,-1.2186828932945737
2016-12-23 08:00:00,24.366370076068566,25.487975761645117,-1.1216056855765508
2016-12-23 09:00:00,25.602284914674918,25.434568845669332,0.16771606900558567
2016-12-23 10:00:00,27.811936546148374,25.913076973918816,1.8988595722295578
2016-12-23 11:00:00,25.48179162004434,27.084547616537407,-1.602755996493066
2016-12-23 12:00:00,24.18318282344053,26.467669977701718,-2.284487154261189
2016-12-23 13:00:00,24.12620396822564,26.04269694652952,-1.9164929783038822
2016-12-23 14:00:00,23.925108194333333,25.68113115988527,-1.756022965551935
2016-12-23 15:00:00,23.861593387811862,25.21570649808102,-1.3541131102691573
2016-12-23 16:00:00,24.543871594376434,24.80591573828244,-0.2620441439060066
2016-12-23 17:00:00,25.78629301582697,24.755589818749353,1.0307031970776173
2016-12-23 18:00:00,25.47607615015599,25.019376736161473,0.4566994139945173
2016-12-23 19:00:00,23.171987749879094,24.625788557067636,-1.4538008071885429
2016-12-23 20:00:00,19.693886988931695,23.32495191785378,-3.631064928922086
2016-12-23 21:00:00,19.311215923891197,21.53773352680595,-2.226517602914754
2016-12-23 22:00:00,19.801337382305725,20.632511123485582,-0.8311737411798568
2016-12-23 23:00:00,19.313648366789273,20.22372806905302,-0.9100797022637472
2016-12-24 00:00:00,19.209451264837334,19.82483778117908,-0.6153865163417471
2016-12-24 01:00:00,19.500910493574978,19.387812789619076,0.11309770395590135
2016-12-24 02:00:00,19.154905953837865,19.270122102881377,-0.11521614904351196
2016-12-24 03:00:00,18.878893067898225,19.050458485743984,-0.17156541784575907
2016-12-24 04:00:00,18.834107631165033,18.854723068082205,-0.020615436917172048
2016-12-24 05:00:00,19.03520377216312,20.264797905818543,-1.229594133655425
2016-12-24 06:00:00,22.84796550424657,24.420823732991636,-1.5728582287450656
2016-12-24 07:00:00,23.496038996868236,24.554503956713106,-1.0584649598448692
2016-12-24 08:00:00,23.243650836292776,24.377941127884622,-1.1342902915918458
2016-12-24 09:00:00,22.48402307478279,24.272527926852234,-1.788504852069444
2016-12-24 10:00:00,22.87563426688289,23.924280248430907,-1.0486459815480167
2016-12-24 11:00:00,22.969250278938766,23.981572244876116,-1.0123219659373497
2016-12-24 12:00:00,23.141886177238913,24.027879824541653,-0.8859936473027403
2016-12-24 13:00:00,23.60105694734419,24.116450090020436,-0.5153931426762455
2016-12-24 14:00:00,23.474056702763647,24.315647437555924,-0.8415907347922769
2016-12-24 15:00:00,23.030332642562158,24.185262600052653,-1.154929957490495
2016-12-24 16:00:00,23.255052407607078,23.83198324744247,-0.5769308398353914
2016-12-24 17:00:00,23.3844850950857,23.71009727585128,-0.3256121807655781
2016-12-24 18:00:00,23.448820750131183,23.532342821661008,-0.08352207152982416
2016-12-24 19:00:00,22.7356204895082,23.094766804325264,-0.35914631481706394
2016-12-24 20:00:00,19.869747544403094,22.201123039673735,-2.331375495270642
2016-12-24 21:00:00,18.900055247690364,20.48803468588098,-1.5879794381906152
2016-12-24 22:00:00,18.404247320744105,19.551948720689804,-1.1477013999456993
2016-12-24 23:00:00,18.887041347790436,18.936057801006374,-0.049016453215937617
2016-12-25 00:00:00,19.006714161002783,18.764950531174023,0.24176362982876043
2016-12-25 01:00:00,18.966002864215696,18.660145257313264,0.3058576069024319
2016-12-25 02:00:00,18.941587393001466,18.593254668407784,0.34833272459368203
2016-12-25 03:00:00,18.9285448588507,18.61576853168177,0.31277632716892967
2016-12-25 04:00:00,18.626504907322765,18.712043490901962,-0.08553858357919708
2016-12-25 05:00:00,18.757579291849414,19.34892062434033,-0.5913413324909165
2016-12-25 06:00:00,22.777944114880917,22.518014255530346,0.2599298593505708
2016-12-25 07:00:00,23.010782791355645,24.649670501214974,-1.638887709859329
2016-12-25 08:00:00,22.57031202257625,24.14804088844136,-1.5777288658651116
2016-12-25 09:00:00,22.649302173252345,23.791105406999865,-1.1418032337475204
2016-12-25 10:00:00,22.79910556046149,23.713356808071627,-0.9142512476101352
2016-12-25 11:00:00,22.952983454722524,23.749296586299263,-0.7963131315767384
2016-12-25 12:00:00,22.503572925989303,23.84404744468962,-1.340474518700315
2016-12-25 13:00:00,22.027285481787153,23.649123453170162,-1.621837971383009
2016-12-25 14:00:00,22.498678671730744,23.414223600109494,-0.9155449283787505
2016-12-25 15:00:00,22.810507865987354,23.525415902698757,-0.7149080367114031
2016-12-25 16:00:00,22.063102524315685,23.631518406017335,-1.5684158817016502
2016-12-25 17:00:00,23.583148426079926,23.168473935721817,0.41467449035810944
2016-12-25 18:00:00,23.40646775629607,23.446605878592035,-0.04013812229596425
2016-12-25 19:00:00,22.51658682588923,22.926632968942073,-0.4100461430528419
2016-12-25 20:00:00,19.842870261828388,22.031149392489926,-2.188279130661538
2016-12-25 21:00:00,19.417053988679605,20.436370176305527,-1.0193161876259218
2016-12-25 22:00:00,20.1660716589369,19.76372763988501,0.4023440190518919
2016-12-25 23:00:00,20.38267214544623,19.49528594355147,0.8873862018947598
2016-12-26 00:00:00,21.627526376900626,19.227913259249203,2.3996131176514233
2016-12-26 01:00:00,22.58499625377504,19.496086478888994,3.0889097748860443
2016-12-26 02:00:00,18.875639776476135,19.847383460287336,-0.9717436838112015
2016-12-26 03:00:00,18.35374604701678,19.345031995181703,-0.9912859481649221
2016-12-26 04:00:00,18.196615228439434,19.259406040426878,-1.062790811987444
2016-12-26 05:00:00,18.435990223326527,19.450841915193646,-1.0148516918671184
2016-12-26 06:00:00,22.301656670678767,21.83403463604421,0.46762203463455876
2016-12-26 07:00:00,23.04416665677454,25.547646236438748,-2.5034795796642086
2016-12-26 08:00:00,22.700594927041283,25.048622095754165,-2.348027168712882
2016-12-26 09:00:00,22.618351484943094,24.4667808490059,-1.848429364062806
2016-12-26 10:00:00,22.684298367256865,24.18011002569359,-1.4958116584367254
2016-12-26 11:00:00,22.870769013980954,24.0414743634169,-1.170705349435945
2016-12-26 12:00:00,22.95705759466863,23.991396240285287,-1.034338645616657
2016-12-26 13:00:00,23.186671981077886,23.98370818867257,-0.7970362075946831
2016-12-26 14:00:00,23.797287101228775,24.043688745481678,-0.24640164425290223
2016-12-26 15:00:00,23.469982562817542,24.250864892407623,-0.7808823295900815
2016-12-26 16:00:00,24.112369586907477,24.115868349727776,-0.0034987628202998167
2016-12-26 17:00:00,23.98616082238855,24.25696863784259,-0.27080781545404164
2016-12-26 18:00:00,24.24913007286008,23.88673646268199,0.36239361017808847
2016-12-26 19:00:00,24.95095813063116,23.501507282198077,1.4494508484330844
2016-12-26 20:00:00,21.789552183948086,23.331627491725346,-1.5420753077772602
2016-12-26 21:00:00,20.133537276292856,21.865260653688438,-1.731723377395582
2016-12-26 22:00:00,20.003254371827822,20.6534738424706,-0.650219470642778
2016-12-26 23:00:00,20.152266278975354,19.983873634017286,0.16839264495806816
2016-12-27 00:00:00,19.80215823082974,19.56839652805557,0.23376170277417074
2016-12-27 01:00:00,19.21839102479116,19.302579882786002,-0.08418885799484244
2016-12-27 02:00:00,19.189110667780767,19.116281286304126,0.07282938147664098
2016-12-27 03:00:00,19.17038166509827,19.172538044449812,-0.002156379351543336
2016-12-27 04:00:00,20.539802964023572,19.404500928902127,1.1353020351214447
2016-12-27 05:00:00,19.823320410621875,20.04188540252842,-0.21856499190654333
2016-12-27 06:00:00,22.183596186052046,21.974897039613598,0.20869914643844822
2016-12-27 07:00:00,23.32179113708824,25.550434955496286,-2.2286438184080453
2016-12-27 08:00:00,21.236736400430317,25.63827468047293,-4.401538280042612
2016-12-27 09:00:00,21.994722464892273,24.48008280457451,-2.485360339682238
2016-12-27 10:00:00,21.819682757944886,24.1856319084673,-2.3659491505224146
2016-12-27 11:00:00,21.644614416746656,23.91001672045596,-2.2654023037093047
2016-12-27 12:00:00,21.30919059979983,23.642384247630066,-2.3331936478302353
2016-12-27 13:00:00,19.52371363620358,23.318264107122886,-3.7945504709193045
2016-12-27 14:00:00,22.029718658896794,22.492649081663334,-0.46293042276654006
2016-12-27 15:00:00,23.908812001654695,23.118194271517,0.7906177301376935
2016-12-27 16:00:00,23.922646015867077,23.961959863318413,-0.039313847451335704
2016-12-27 17:00:00,23.96986462970991,24.030622716560995,-0.060758086851084414
2016-12-27 18:00:00,25.074705083789613,23.790898481708552,1.2838066020810608
2016-12-27 19:00:00,22.837384414350502,23.804681835323304,-0.9672974209728018
2016-12-27 20:00:00,21.254615186126404,22.51914800054749,-1.2645328144210843
2016-12-27 21:00:00,20.820680735759368,21.426515893917866,-0.6058351581584986
2016-12-27 22:00:00,19.285980338364514,20.720132909997513,-1.4341525716329997
2016-12-27 23:00:00,19.46834674246854,19.646251832397187,-0.17790508992864673
2016-12-28 00:00:00,18.859343950903277,19.093195227487758,-0.23385127658448113
2016-12-28 01:00:00,19.398324985997107,18.704260603629415,0.6940643823676922
2016-12-28 02:00:00,19.18339483078664,18.757890842288017,0.4255039884986225
2016-12-28 03:00:00,18.91553095895077,18.92653630075989,-0.011005341809116942
2016-12-28 04:00:00,20.205991475662373,19.16462862805177,1.0413628476106034
2016-12-28 05:00:00,20.508060795652703,19.804460963018897,0.703599832633806
2016-12-28 06:00:00,21.691041550527874,21.77501577401003,-0.083974223482155
2016-12-28 07:00:00,22.076936538528066,24.895992850619404,-2.8190563120913374
2016-12-28 08:00:00,21.62101979405644,25.094490494538274,-3.4734707004818333
2016-12-28 09:00:00,21.86687200332532,24.357164409161452,-2.490292405836133
2016-12-28 10:00:00,22.0679975127858,23.999871611427455,-1.9318740986416536
2016-12-28 11:00:00,21.90597170573834,23.829350120051334,-1.9233784143129924
2016-12-28 12:00:00,21.708128856162347,23.61928962301217,-1.9111607668498216
2016-12-28 13:00:00,21.993901616368262,23.395374798574135,-1.4014731822058728
2016-12-28 14:00:00,22.359456007311888,23.360974050144723,-1.001518042832835
2016-12-28 15:00:00,21.34744008522644,23.36380149886205,-2.0163614136356074
2016-12-28 16:00:00,21.546923897638898,22.80003409334763,-1.2531101957087323
2016-12-28 17:00:00,22.654197161722465,22.628395131977285,0.02580202974517931
2016-12-28 18:00:00,22.843070882882234,22.68226827229363,0.160802610588604
2016-12-28 19:00:00,22.359456007311888,22.260942681782623,0.0985133255292645
2016-12-28 20:00:00,22.30816325352295,21.670954256459492,0.6372089970634569
2016-12-28 21:00:00,21.409313561805668,21.30310765702573,0.1062059047799373
2016-12-28 22:00:00,24.92897583652657,20.612427989949367,4.316547846577201
2016-12-28 23:00:00,21.635674656792833,21.40884489009324,0.22682976669959487
2016-12-29 00:00:00,19.078377614522246,20.091780706981602,-1.013403092459356
2016-12-29 01:00:00,19.196408730686567,19.070657869443853,0.1257508612427145
2016-12-29 02:00:00,18.780382434478017,18.883806901131717,-0.1034244666536992
2016-12-29 03:00:00,18.51090623405652,18.8689214959655,-0.35801526190897803
2016-12-29 04:00:00,19.034412292101504,18.992024790323075,0.042387501778428316
2016-12-29 05:00:00,19.489508922260676,19.487086513587247,0.0024224086734285777
2016-12-29 06:00:00,21.457353024172512,21.931869550092088,-0.4745165259195758
2016-12-29 07:00:00,21.967845182317568,24.536245338903342,-2.568400156585774
2016-12-29 08:00:00,22.396093164152873,24.767389944572106,-2.3712967804192324
2016-12-29 09:00:00,21.91411998563055,24.350263065235207,-2.4361430796046584
2016-12-29 10:00:00,21.25382444027635,23.854266568286633,-2.6004421280102825
2016-12-29 11:00:00,21.98332089357797,23.34185860744451,-1.3585377138665393
2016-12-29 12:00:00,24.54469244290045,23.351924036088317,1.1927684068121316
2016-12-29 13:00:00,24.04234819754182,24.316663586354878,-0.27431538881305784
2016-12-29 14:00:00,22.290255099364465,24.275038808018632,-1.9847837086541666
2016-12-29 15:00:00,21.69429484194997,23.538071262620253,-1.8437764206702845
2016-12-29 16:00:00,21.583561788691444,23.089814914459254,-1.5062531257678096
2016-12-29 17:00:00,22.745380363774476,22.730657953574568,0.014722410199908609
2016-12-29 18:00:00,22.770616683512717,22.77835037861075,-0.007733695098032456
2016-12-29 19:00:00,22.83981759146014,22.212879602277265,0.6269379891828741
2016-12-29 20:00:00,20.39079105687604,21.815122325208915,-1.4243312683328746
2016-12-29 21:00:00,19.916145309721912,20.55376057051521,-0.6376152607932966
2016-12-29 22:00:00,21.651941848114852,19.891423917024376,1.760517931090476
2016-12-29 23:00:00,20.013835094618113,20.08950220377392,-0.07566710915580899
2016-12-30 00:00:00,19.412159734421046,19.34516757958311,0.06699215483793708
2016-12-30 01:00:00,19.54244263888608,18.85444235452912,0.6880002843569599
2016-12-30 02:00:00,19.091390780210613,18.757529610200525,0.3338611700100884
2016-12-30 03:00:00,18.6737235211656,18.779588996518907,-0.10586547535330837
2016-12-30 04:00:00,18.760832583271508,18.884749139300304,-0.12391655602879581
2016-12-30 05:00:00,18.844688353955323,19.321770215065328,-0.4770818611100047
2016-12-30 06:00:00,21.958876053901346,21.938348967108556,0.020527086792789362
2016-12-30 07:00:00,21.680460093526026,24.722347044318564,-3.041886950792538
2016-12-30 08:00:00,21.384898090591438,24.50643463640949,-3.121536545818053
2016-12-30 09:00:00,22.15753901778979,23.830737902268215,-1.673198884478424
2016-12-30 10:00:00,22.4620407806782,23.6986952150626,-1.2366544343843984
2016-12-30 11:00:00,21.30919059979983,23.685628207193172,-2.376437607393342
2016-12-30 12:00:00,21.608797374218128,23.200663483669874,-1.5918661094517468
2016-12-30 13:00:00,21.255465403112815,23.05687475755975,-1.8014093544469354
2016-12-30 14:00:00,21.342574465218725,22.782486069959294,-1.4399116047405691
2016-12-30 15:00:00,21.87666124605399,22.70148821777254,-0.8248269717185472
2016-12-30 16:00:00,21.572160217377142,22.795910149384042,-1.2237499320068999
2016-12-30 17:00:00,24.965613360473334,22.537358160394295,2.4282552000790396
2016-12-30 18:00:00,27.754928597800422,23.757658644124007,3.9972699536764154
2016-12-30 19:00:00,23.391812893559678,24.885934886459793,-1.4941219929001157
2016-12-30 20:00:00,20.21657219845266,22.773595257442803,-2.5570230589901435
2016-12-30 21:00:00,20.78325209885677,20.97409252804843,-0.19084042919165967
2016-12-30 22:00:00,23.16548079992913,20.47213949508266,2.69334130484647
2016-12-30 23:00:00,20.809279164445066,20.849824774156797,-0.0405456097117316
2016-12-31 00:00:00,19.021369023739176,20.163022723065655,-1.1416536993264792
2016-12-31 01:00:00,18.804006425630632,19.205380551211842,-0.40137412558121
2016-12-31 02:00:00,18.341552995640864,18.751589349206238,-0.41003635356537416
2016-12-31 03:00:00,18.362715175433003,18.447829139993367,-0.0851139645603638
2016-12-31 04:00:00,18.454719226009026,18.40203685447431,0.05268237153471489
2016-12-31 05:00:00,18.51008538553251,18.826427533510877,-0.3163421479783679
2016-12-31 06:00:00,21.87502028321753,21.514378501821458,0.3606417813960725
2016-12-31 07:00:00,21.30511645985373,24.232230603016358,-2.9271141431626297
2016-12-31 08:00:00,21.052728299278265,23.694451961720528,-2.6417236624422635
2016-12-31 09:00:00,20.89231482081643,23.18639799779744,-2.294083176981008
2016-12-31 10:00:00,21.353976036533023,22.854472576565126,-1.5004965400321026
2016-12-31 11:00:00,21.742333570105252,22.881091171933548,-1.1387576018282957
2016-12-31 12:00:00,21.92226826552276,23.06115202937077,-1.1388837638480105
2016-12-31 13:00:00,27.49603339549855,23.181231473418734,4.314801922079816
2016-12-31 14:00:00,21.540417314794716,25.90924237049414,-4.368825055699425
2016-12-31 15:00:00,21.119496030116046,23.518875790860005,-2.399379760743958
2016-12-31 16:00:00,21.92552155694485,23.169427921275368,-1.2439063643305168
2016-12-31 17:00:00,23.503366428236433,23.277831933097172,0.22553449513926083
2016-12-31 18:00:00,23.308777604294093,23.740451050162296,-0.4316734458682028
2016-12-31 19:00:00,22.69895396420482,23.209067513922133,-0.5101135497173139
2016-12-31 20:00:00,20.05454712561676,22.28001040073144,-2.225463275114681
2016-12-31 21:00:00,19.29330776973271,20.594507843668733,-1.3012000739360232
2016-12-31 22:00:00,19.29412788404516,19.76288990449512,-0.4687620204499581
2016-12-31 23:00:00,19.618970978201702,19.337065555019176,0.28190542318252554
