timestamp,actual,predicted,residual
2016-11-07 02:00:00,27.10034833878168,28.463901111733627,-1.363552772951948
2016-11-07 03:00:00,27.073471056206973,26.700149512760262,0.37332154344671054
2016-11-07 04:00:00,22.88052925535301,24.68912762717176,-1.80859837181875
2016-11-07 05:00:00,22.24221563699762,24.088283175207383,-1.8460675382097627
2016-11-07 06:00:00,26.19173840569234,27.018853276454116,-0.8271148707617755
2016-11-07 07:00:00,28.92899931108186,28.029916505242383,0.8990828058394769
2016-11-07 08:00:00,29.392947291798194,29.48772715535076,-0.09477986355256718
2016-11-07 09:00:00,30.109576825176543,31.846874590358087,-1.7372977651815447
2016-11-07 10:00:00,31.27875275074884,36.16751124887133,-4.888758498122488
2016-11-07 11:00:00,29.360413207427598,37.017311980447204,-7.656898773019606
2016-11-07 12:00:00,30.11778356666421,33.97092902114057,-3.8531454544763584
2016-11-07 13:00:00,34.16578787564608,34.33965350302607,-0.173865627379989
2016-11-07 14:00:00,35.35196318501855,34.50610880936939,0.8458543756491608
2016-11-07 15:00:00,40.22709563770856,32.55062331484655,7.676472322862011
2016-11-07 16:00:00,35.081725240103616,33.577340599275985,1.504384640827631
2016-11-07 17:00:00,36.67912032970749,33.200180591695826,3.478939738011661
2016-11-07 18:00:00,37.20728642852341,35.839314613275526,1.3679718152478841
2016-11-07 19:00:00,37.462283242771335,34.8618256688384,2.6004575739329354
2016-11-07 20:00:00,34.03535812886906,33.709471736258855,0.325886392610208
2016-11-07 21:00:00,32.241000142243784,34.275561129375546,-2.034560987131762
2016-11-07 22:00:00,33.06578330600592,32.68977244381701,0.376010862188906
2016-11-07 23:00:00,36.500622486312785,33.643051376003385,2.857571110309401
2016-11-08 00:00:00,35.18812020436024,33.05715181463593,2.130968389724309
2016-11-08 01:00:00,29.99292299812222,30.46443605758113,-0.471513059458907
2016-11-08 02:00:00,27.819264069293016,27.261227774216696,0.5580362950763202
2016-11-08 03:00:00,23.415436517606512,24.799684985681722,-1.38424846807521
2016-11-08 04:00:00,22.03133025327086,22.859939811663867,-0.8286095583930084
2016-11-08 05:00:00,21.82372752942859,23.381516918794055,-1.557789389365464
2016-11-08 06:00:00,25.7993069157269,26.288359622379364,-0.4890527066524655
2016-11-08 07:00:00,26.41563750576614,29.559385801819694,-3.1437482960535554
2016-11-08 08:00:00,26.446559559824554,31.1689009509821,-4.722341391157546
2016-11-08 09:00:00,27.93975745570004,31.697254795430727,-3.757497339730687
2016-11-08 10:00:00,27.773687060721763,32.976070228913,-5.20238316819124
2016-11-08 11:00:00,28.2466917991512,36.32422244644154,-8.077530647290338
2016-11-08 12:00:00,28.61634956083866,37.908668926007365,-9.292319365168705
2016-11-08 13:00:00,27.63039043990969,35.207652668739385,-7.577262228829696
2016-11-08 14:00:00,29.33520660031342,33.50397518042982,-4.168768580116399
2016-11-08 15:00:00,29.52484229540774,33.63187488586072,-4.107032590452977
2016-11-08 16:00:00,30.047732717059716,35.04716942240783,-4.999436705348117
2016-11-08 17:00:00,32.52501373155208,37.08229228168749,-4.557278550135408
2016-11-08 18:00:00,31.988640983024936,36.203308390258826,-4.21466740723389
2016-11-08 19:00:00,34.79184933859498,32.9668568966054,1.824992441989579
2016-11-08 20:00:00,32.525893317000886,32.080013259072814,0.44588005792807195
2016-11-08 21:00:00,33.62824222415193,33.15667488642614,0.4715673377257943
2016-11-08 22:00:00,33.960617594701894,34.31379815973406,-0.35318056503216866
2016-11-08 23:00:00,34.409060799704896,34.528588207243956,-0.11952740753906
2016-11-09 00:00:00,32.0097440587865,31.414043399565962,0.5957006592205403
2016-11-09 01:00:00,31.137771649643927,28.982957366763824,2.1548142828801033
2016-11-09 02:00:00,29.12270909449804,26.0307625778533,3.0919465166447395
2016-11-09 03:00:00,24.791365133587558,23.502090399365056,1.2892747342225022
2016-11-09 04:00:00,21.70566704480187,22.854931292848807,-1.1492642480469364
2016-11-09 05:00:00,22.241395522685167,22.131259273822632,0.11013624886253481
2016-11-09 06:00:00,26.45716983463013,26.395557796497812,0.06161203813231708
2016-11-09 07:00:00,27.85264821004124,29.778080586932063,-1.9254323768908215
2016-11-09 08:00:00,28.896377276196823,30.863259845413015,-1.9668825692161924
2016-11-09 09:00:00,30.503503169878023,32.76180420244021,-2.258301032562187
2016-11-09 10:00:00,31.137771649643927,33.165739570277935,-2.0279679206340084
2016-11-09 11:00:00,32.056347036236325,34.1799730664688,-2.1236260302324723
2016-11-09 12:00:00,29.91319982897997,36.63983547792744,-6.726635648947472
2016-11-09 13:00:00,31.20283986427334,35.957136568502456,-4.754296704229116
2016-11-09 14:00:00,29.943389139901566,35.27712580048589,-5.333736660584325
2016-11-09 15:00:00,31.16297823381399,33.357955116936665,-2.194976883122674
2016-11-09 16:00:00,35.609305070988924,33.498517904301245,2.110787166687679
2016-11-09 17:00:00,32.70585664666923,33.7893324214542,-1.083475774784965
2016-11-09 18:00:00,31.594421320805264,32.55273813047867,-0.9583168096734092
2016-11-09 19:00:00,34.64354080612187,31.33187878650253,3.311662019619341
2016-11-09 20:00:00,36.30219373591196,29.067287763196973,7.234905972714991
2016-11-09 21:00:00,35.30477393963812,30.739139445013084,4.565634494625034
2016-11-09 22:00:00,36.71224061317636,31.304180956565986,5.4080596566103765
2016-11-09 23:00:00,36.70755120394303,31.631557922131645,5.075993281811382
2016-11-10 00:00:00,35.40735944721599,30.322463617267573,5.084895829948415
2016-11-10 01:00:00,30.694897439323068,29.007077474705792,1.687819964617276
2016-11-10 02:00:00,31.243580713075715,26.590023996591032,4.653556716484683
2016-11-10 03:00:00,24.902098553951863,24.00651524158738,0.895583312364483
2016-11-10 04:00:00,21.653583545162878,22.171100244071113,-0.5175166989082349
2016-11-10 05:00:00,21.929595696890956,22.32886654480376,-0.39927084791280265
2016-11-10 06:00:00,26.524729229082418,26.628575619209784,-0.10384639012736585
2016-11-10 07:00:00,26.27641502490017,28.735718845598022,-2.4593038206978513
2016-11-10 08:00:00,26.032966073619864,29.34843134283346,-3.315465269213597
2016-11-10 09:00:00,27.582351344648625,29.633349992629142,-2.050998647980517
2016-11-10 10:00:00,27.456142488353247,30.103922203544585,-2.647779715191337
2016-11-10 11:00:00,28.438027515224338,31.23622251118352,-2.7981949959591823
2016-11-10 12:00:00,29.15204840640228,31.347459145680737,-2.195410739278458
2016-11-10 13:00:00,32.61968517272537,31.855877690120924,0.7638074826044452
2016-11-10 14:00:00,29.936940926876396,29.915713004129877,0.021227922746518857
2016-11-10 15:00:00,30.96279086317422,29.621373744324266,1.3414171188499537
2016-11-10 16:00:00,31.957572270207425,33.91120717461812,-1.9536349044106949
2016-11-10 17:00:00,29.681943883187355,32.83676789402549,-3.154824010838137
2016-11-10 18:00:00,31.52290507670357,32.796825041167175,-1.2739199644636052
2016-11-10 19:00:00,32.63434003546176,32.17566981387357,0.4586702215881928
2016-11-10 20:00:00,31.615817714085022,30.868103878254267,0.7477138358307549
2016-11-10 21:00:00,39.39029489913333,31.71979444130738,7.670500457825952
2016-11-10 22:00:00,36.179091420503134,32.532977539277475,3.6461138812256593
2016-11-10 23:00:00,39.07257512553133,31.518399986359377,7.554175139171953
2016-11-11 00:00:00,37.867640710802405,31.419356598853064,6.4482841119493415
2016-11-11 01:00:00,34.23232139299625,30.22625336900994,4.006068023986309
2016-11-11 02:00:00,27.309592576119083,28.468717498553367,-1.1591249224342839
2016-11-11 03:00:00,24.473849837905,25.40252115864402,-0.9286713207390207
2016-11-11 04:00:00,21.746378341588958,23.150618879741238,-1.4042405381522798
2016-11-11 05:00:00,21.53634317484861,22.841154822394635,-1.3048116475460247
2016-11-11 06:00:00,24.62529492216217,26.551296290503164,-1.9260013683409944
2016-11-11 07:00:00,25.025845140004535,28.104633579900312,-3.078788439895778
2016-11-11 08:00:00,25.34500176562934,29.24601096126449,-3.9010091956351474
2016-11-11 09:00:00,26.877270087231896,30.0312037580392,-3.153933670807305
2016-11-11 10:00:00,26.0761397324261,31.910885222435923,-5.834745490009823
2016-11-11 11:00:00,35.16877593239051,31.377973046737143,3.790802885653367
2016-11-11 12:00:00,36.71224061317636,33.42031983309039,3.2919207800859738
2016-11-11 13:00:00,31.750057468199458,34.29460522450269,-2.5445477563032313
2016-11-11 14:00:00,38.599804554701294,32.377216606761394,6.2225879479399
2016-11-11 15:00:00,38.80145722806181,35.68563231494059,3.115824913121216
2016-11-11 16:00:00,35.65649431636936,34.44185589275186,1.214638423617501
2016-11-11 17:00:00,34.409060799704896,35.782644667695465,-1.3735838679905683
2016-11-11 18:00:00,33.9116699126354,34.74314937325019,-0.8314794606147871
2016-11-11 19:00:00,39.74523919882427,35.619231714768496,4.126007484055776
2016-11-11 20:00:00,32.7351667392478,37.713769889312914,-4.978603150065112
2016-11-11 21:00:00,37.44264602038919,36.34341865992763,1.0992273604615619
2016-11-11 22:00:00,38.253653172652186,35.69568478963254,2.5579683830196487
2016-11-11 23:00:00,35.3886010760711,35.46991348553602,-0.08131240946492113
2016-11-12 00:00:00,32.49335893435685,33.42646021853375,-0.9331012841768995
2016-11-12 01:00:00,34.640316516056394,31.921316868804386,2.7189996472520086
2016-11-12 02:00:00,32.392532597676585,33.11593995317729,-0.7234073555007043
2016-11-12 03:00:00,27.46754405966755,28.161119095334016,-0.6935750356664663
2016-11-12 04:00:00,21.8921369573144,24.393357850643383,-2.501220893328984
2016-11-12 05:00:00,21.810714363740225,21.75725966552821,0.05345469821201476
2016-11-12 06:00:00,24.665185737531026,25.732210987173147,-1.0670252496421213
2016-11-12 07:00:00,25.660084251308042,25.264771269809117,0.39531298149892535
2016-11-12 08:00:00,25.689394343886608,26.940370697763058,-1.2509763538764496
2016-11-12 09:00:00,28.05860951216482,27.110328624276036,0.9482808878887852
2016-11-12 10:00:00,32.25243108202048,29.31853800308957,2.9338930789309074
2016-11-12 11:00:00,38.61504605247407,33.840004819040146,4.7750412334339245
2016-11-12 12:00:00,36.88839338484862,36.09504526920005,0.7933481156485698
2016-11-12 13:00:00,38.59570104629279,35.67652471729279,2.9191763289999955
2016-11-12 14:00:00,38.78445729360297,35.24518802513305,3.5392692684699227
2016-11-12 15:00:00,43.86886280143411,38.09385814874087,5.775004652693241
2016-11-12 16:00:00,45.016056616454705,42.701434471643275,2.3146221448114304
2016-11-12 17:00:00,45.87337342864933,39.983166538931066,5.8902068897182644
2016-11-12 18:00:00,37.02497802713262,40.45811208876256,-3.433134061629943
2016-11-12 19:00:00,37.68621189486042,37.498269426836416,0.18794246802400494
2016-11-12 20:00:00,33.64700059529683,38.78935106725054,-5.142350471953712
2016-11-12 21:00:00,35.76787200737751,34.841675890797106,0.9261961165804067
2016-11-12 22:00:00,36.26379740817336,35.69794575828703,0.5658516498863335
2016-11-12 23:00:00,32.00651995227392,35.88445049300588,-3.8779305407319598
2016-11-13 00:00:00,33.53884682724838,31.375833488953926,2.1630133382944514
2016-11-13 01:00:00,31.121651117081004,30.466705134639213,0.6549459824417916
2016-11-13 02:00:00,30.305660687407812,33.1036128531997,-2.7979521657918873
2016-11-13 03:00:00,32.850061670733844,28.556218041506735,4.2938436292271085
2016-11-13 04:00:00,21.99879660483838,26.157173327516208,-4.158376722677829
2016-11-13 05:00:00,20.223079515508406,22.726341779157018,-2.5032622636486117
2016-11-13 06:00:00,24.455120835222502,26.063745234096025,-1.6086243988735234
2016-11-13 07:00:00,26.253611882271567,26.39648547004319,-0.1428735877716214
2016-11-13 08:00:00,26.71199098876234,27.86941696351967,-1.1574259747573272
2016-11-13 09:00:00,26.79910023442114,28.91206429416144,-2.1129640597402997
2016-11-13 10:00:00,28.898868628100534,31.34461271461643,-2.445744086515898
2016-11-13 11:00:00,29.05432886872982,34.395937182263026,-5.341608313533207
2016-11-13 12:00:00,31.643369186424643,34.4028163245443,-2.759447138119654
2016-11-13 13:00:00,32.61968517272537,36.80021937427869,-4.180534201553321
2016-11-13 14:00:00,40.60578066819015,35.44073363231903,5.165047035871119
2016-11-13 15:00:00,40.369542225087116,37.23143920385147,3.1381030212356436
2016-11-13 16:00:00,37.932708741878926,38.239275851566404,-0.306567109687478
2016-11-13 17:00:00,37.92626089595954,36.51727626460828,1.4089846313512595
2016-11-13 18:00:00,38.646993800081724,40.21327746137885,-1.5662836612971276
2016-11-13 19:00:00,40.212440774972166,39.292014237470966,0.9204265375012
2016-11-13 20:00:00,35.44135858192211,37.99378004745723,-2.5524214655351187
2016-11-13 21:00:00,39.21765900083318,33.82804980766598,5.389609193167203
2016-11-13 22:00:00,36.16766048072644,34.90181609489636,1.2658443858300785
2016-11-13 23:00:00,33.3190216835678,34.15654004509199,-0.8375183615241895
2016-11-14 00:00:00,33.68451733758663,31.919501573676378,1.7650157639102488
2016-11-14 01:00:00,36.00645552220299,29.890154902423202,6.116300619779789
2016-11-14 02:00:00,30.227403004539198,31.492575511260014,-1.2651725067208162
2016-11-14 03:00:00,23.443925761661067,29.925098338420494,-6.481172576759427
2016-11-14 04:00:00,22.444132626519718,27.26629621049067,-4.822163583970951
2016-11-14 05:00:00,22.903303029519215,25.598983319396837,-2.6956802898776218
2016-11-14 06:00:00,27.298190821251893,28.377243575058934,-1.0790527538070407
2016-11-14 07:00:00,26.747807664185093,29.63077011767638,-2.882962453491288
2016-11-14 08:00:00,27.544893155730737,30.936580057769376,-3.3916869020386393
2016-11-14 09:00:00,31.86407336489536,32.00652460289753,-0.14245123800216675
2016-11-14 10:00:00,32.95088837451988,35.39901398737928,-2.4481256128594
2016-11-14 11:00:00,29.98911271545547,37.71274690685933,-7.72363419140386
2016-11-14 12:00:00,28.308565229842202,37.371943398334714,-9.063378168492513
2016-11-14 13:00:00,31.443768083715486,33.95027875700549,-2.5065106732900055
2016-11-14 14:00:00,33.07135230068806,35.512287709548445,-2.4409354088603834
2016-11-14 15:00:00,35.03776028478866,34.649783556928384,0.38797672786027704
2016-11-14 16:00:00,38.30670436312718,33.857222198447445,4.449482164679736
2016-11-14 17:00:00,34.41228472266459,34.47660229627032,-0.06431757360573442
2016-11-14 18:00:00,33.20647145669842,34.98993705092401,-1.7834655942255964
2016-11-14 19:00:00,38.28941147825592,34.63081769372078,3.6585937845351424
2016-11-14 20:00:00,34.27980358878909,33.452803719155845,0.8269998696332479
2016-11-14 21:00:00,35.162327719365344,32.43433987527352,2.727987844091821
2016-11-14 22:00:00,34.640316516056394,32.89751508783023,1.7428014282261657
2016-11-14 23:00:00,40.27926724273475,33.66318609143337,6.61608115130138
2016-11-15 00:00:00,41.71047464706364,31.77848885913712,9.931985787926521
2016-11-15 01:00:00,32.225465694058585,31.51433107326931,0.7111346207892737
2016-11-15 02:00:00,29.344878896907062,29.117328185359703,0.22755071154735873
2016-11-15 03:00:00,24.473029356486766,25.201577577728955,-0.728548221242189
2016-11-15 04:00:00,25.195198378420194,22.3543994886249,2.8407988897952947
2016-11-15 05:00:00,22.23732138273906,24.040321059765503,-1.8029996770264418
2016-11-15 06:00:00,25.529830715305405,27.71195711843765,-2.1821264031322443
2016-11-15 07:00:00,26.361091644108,30.01321846666556,-3.652126822557559
2016-11-15 08:00:00,26.557292796635966,30.462921011646397,-3.905628215010431
2016-11-15 09:00:00,28.565848424776004,31.7642346855108,-3.1983862607347966
2016-11-15 10:00:00,28.14410679634377,35.17538752894578,-7.031280732602006
2016-11-15 11:00:00,29.3410685912962,36.77259357144377,-7.431524980147572
2016-11-15 12:00:00,34.0069276217393,36.79446171751961,-2.787534095780309
2016-11-15 13:00:00,30.4741931690759,38.46704320095106,-7.992850031875161
2016-11-15 14:00:00,31.671799877107293,36.88664362488354,-5.214843747776246
2016-11-15 15:00:00,32.250086010298034,36.28088300806666,-4.0307969977686255
2016-11-15 16:00:00,36.92503127590117,35.93071829821601,0.994312977685162
2016-11-15 17:00:00,37.41099122319396,36.71423371736205,0.6967575058319113
2016-11-15 18:00:00,37.11525300948499,38.67345820676414,-1.5582051972791504
2016-11-15 19:00:00,35.18020687216721,35.95906219145735,-0.7788553192901375
2016-11-15 20:00:00,34.26983813528604,32.12003846611898,2.1497996691670593
2016-11-15 21:00:00,34.51076635472818,33.973056053406026,0.5377103013221571
2016-11-15 22:00:00,37.48573175736112,33.18915259499749,4.296579162363635
2016-11-15 23:00:00,36.21162580314718,33.53059938207154,2.681026421075636
2016-11-16 00:00:00,33.131730922531254,32.11907784946527,1.0126530730659837
2016-11-16 01:00:00,30.870757444135798,29.389578157089822,1.4811792870459755
2016-11-16 02:00:00,29.681943883187355,26.870536907109965,2.8114069760773894
2016-11-16 03:00:00,24.31507768938541,24.17844741933222,0.1366302700531925
2016-11-16 04:00:00,22.733978792460174,22.696926076422216,0.03705271603795879
2016-11-16 05:00:00,22.107067846736427,22.071875546286677,0.035192300449750746
2016-11-16 06:00:00,26.336646987984263,25.988454293294115,0.34819269469014813
2016-11-16 07:00:00,25.48747772147029,29.064947311219907,-3.577469589749615
2016-11-16 08:00:00,26.81539661065267,30.577750333914445,-3.762353723261775
2016-11-16 09:00:00,26.910654136203675,33.24650420827938,-6.335850072075708
2016-11-16 10:00:00,26.97742223414724,33.0108798989982,-6.033457664850957
2016-11-16 11:00:00,28.116438217260338,33.907717367989,-5.791279150728663
2016-11-16 12:00:00,30.584985051035666,35.445448160787954,-4.860463109752288
2016-11-16 13:00:00,34.72590172206965,37.45931544296026,-2.73341372089061
2016-11-16 14:00:00,32.62789182243659,37.27333471724542,-4.645442894808831
2016-11-16 15:00:00,29.860441772470285,36.40961471513573,-6.549172942665447
2016-11-16 16:00:00,33.093334961898435,36.53326438233035,-3.439929420431916
2016-11-16 17:00:00,31.951124057182255,36.905869097934456,-4.954745040752201
2016-11-16 18:00:00,32.53409996671211,35.32293438280058,-2.78883441608847
2016-11-16 19:00:00,32.57630648534102,35.264402390152206,-2.6880959048111848
2016-11-16 20:00:00,34.406715727982444,32.64302503073614,1.7636906972463038
2016-11-16 21:00:00,34.06408195351702,32.1919171621702,1.872164791346819
2016-11-16 22:00:00,36.7922564574017,33.021902315481015,3.7703541419206843
2016-11-16 23:00:00,37.75772850606789,34.38419291235956,3.3735355937083327
2016-11-17 00:00:00,36.20781524515109,32.704791641663405,3.5030236034876836
2016-11-17 01:00:00,34.43280189760132,28.898596641028693,5.53420525657263
2016-11-17 02:00:00,29.92140657046764,26.91269231366526,3.008714256802378
2016-11-17 03:00:00,24.009784813541163,24.975677133045703,-0.9658923195045404
2016-11-17 04:00:00,22.664777884512752,23.10090445608057,-0.43612657156781864
2016-11-17 05:00:00,20.661117474283945,22.886855260327344,-2.2257377860434
2016-11-17 06:00:00,25.020159038578583,26.573824792710557,-1.5536657541319734
2016-11-17 07:00:00,25.32791409288909,28.768902813488566,-3.440988720599478
2016-11-17 08:00:00,25.267652577789708,29.823325081717698,-4.55567250392799
2016-11-17 09:00:00,26.435978653481374,30.305918868204326,-3.869940214722952
2016-11-17 10:00:00,30.167317516661313,31.200317931489995,-1.033000414828681
2016-11-17 11:00:00,30.456314108050478,33.271129388637874,-2.8148152805873963
2016-11-17 12:00:00,31.762953894249797,34.14406829423821,-2.3811143999884123
2016-11-17 13:00:00,33.103300048295715,34.31688645178965,-1.2135864034939345
2016-11-17 14:00:00,32.92890571330951,33.65807698939625,-0.7291712760867384
2016-11-17 15:00:00,31.76969524124027,34.26973831458773,-2.500043073347456
2016-11-17 16:00:00,33.712948211822166,35.69705396048741,-1.9841057486652431
2016-11-17 17:00:00,31.715764832422252,36.73921434513943,-5.023449512717178
2016-11-17 18:00:00,33.34100434477816,34.98294064045132,-1.6419362956731547
2016-11-17 19:00:00,32.27118945316538,33.76552010785324,-1.4943306546878645
2016-11-17 20:00:00,33.524191964511985,31.21862710054711,2.305564863964875
2016-11-17 21:00:00,34.177218448317,32.174936784141586,2.0022816641754133
2016-11-17 22:00:00,31.421199338127394,29.618979163053318,1.8022201750740763
2016-11-17 23:00:00,34.17135650322244,28.53258777629726,5.638768726925182
2016-11-18 00:00:00,35.250843897925876,30.10922367412735,5.141620223798526
2016-11-18 01:00:00,30.00376766996831,30.631119478180924,-0.6273518082126159
2016-11-18 02:00:00,28.11318474228536,28.619499480850582,-0.5063147385652229
2016-11-18 03:00:00,27.152461573988848,25.81730893149861,1.3351526424902396
2016-11-18 04:00:00,21.996334059266342,24.731076256769118,-2.7347421975027757
2016-11-18 05:00:00,20.9208330662276,22.658486925295932,-1.737653859068331
2016-11-18 06:00:00,25.74719368051973,26.059416681743656,-0.3122230012239271
2016-11-18 07:00:00,26.214541548320945,28.138001802428544,-1.9234602541075994
2016-11-18 08:00:00,27.019745859519954,28.281421786009936,-1.261675926489982
2016-11-18 09:00:00,26.269087409979086,28.529309557303087,-2.2602221473240007
2016-11-18 10:00:00,28.661926592354025,29.488944332888924,-0.8270177405348988
2016-11-18 11:00:00,29.117872946201214,33.46596756560519,-4.348094619403977
2016-11-18 12:00:00,33.627655956221325,33.57806824694695,0.049587709274376834
2016-11-18 13:00:00,36.86553150529522,35.814658054389525,1.0508734509056978
2016-11-18 14:00:00,32.72695972243079,34.907996211254925,-2.181036488824134
2016-11-18 15:00:00,34.081961106318886,35.17455128339778,-1.0925901770788968
2016-11-18 16:00:00,40.99736285893363,37.89191007579791,3.1054527831357177
2016-11-18 17:00:00,41.935282884601534,38.66878298783814,3.266499896763392
2016-11-18 18:00:00,38.8161120907982,36.60396289717043,2.2121491936277664
2016-11-18 19:00:00,36.6260691392325,33.90462453917209,2.7214446000604084
2016-11-18 20:00:00,34.40994001804792,31.159720113402713,3.2502199046452063
2016-11-18 21:00:00,33.115317256003024,30.733856764627784,2.3814604913752397
2016-11-18 22:00:00,33.08776596721629,31.57057278966999,1.5171931775463037
2016-11-18 23:00:00,30.538675207551147,33.183745520184345,-2.645070312633198
2016-11-19 00:00:00,31.74273003683126,32.1571241850761,-0.41439414824483833
2016-11-19 01:00:00,29.797718354233982,32.035883720745694,-2.238165366511712
2016-11-19 02:00:00,32.06836406039074,31.52700786687815,0.5413561935125912
2016-11-19 03:00:00,26.84960132459557,27.634265046812974,-0.7846637222174024
2016-11-19 04:00:00,20.074917091135724,24.326001827050675,-4.251084735914951
2016-11-19 05:00:00,18.77223415458581,21.664836571383006,-2.892602416797196
2016-11-19 06:00:00,23.6580648039157,24.80213901923549,-1.1440742153197903
2016-11-19 07:00:00,24.47467068642901,26.958606924236342,-2.483936237807331
2016-11-19 08:00:00,26.846318664711085,26.1851144892971,0.6612041754139852
2016-11-19 09:00:00,29.985888608942886,27.39543366060332,2.5904549483395662
2016-11-19 10:00:00,27.18827843296449,27.56257686995477,-0.37429843699028
2016-11-19 11:00:00,33.50455400791828,28.031293793353992,5.473260214564288
2016-11-19 12:00:00,35.91852561157307,32.77298387523832,3.1455417363347493
2016-11-19 13:00:00,35.529289226763595,33.461948109194246,2.067341117569349
2016-11-19 14:00:00,39.42429476805101,32.61132582438972,6.812968943661289
2016-11-19 15:00:00,37.13078745767019,35.855163186751355,1.2756242709188328
2016-11-19 16:00:00,37.52324849965092,37.83377773304902,-0.3105292333980998
2016-11-19 17:00:00,39.4732424501175,38.24958697773868,1.223655472378823
2016-11-19 18:00:00,35.93816356816677,37.68249920315367,-1.7443356349868964
2016-11-19 19:00:00,32.21667277641674,37.66362885681743,-5.446956080400689
2016-11-19 20:00:00,33.04878373865286,36.72149801659191,-3.6727142779390505
2016-11-19 21:00:00,34.033013424252395,34.20634428915019,-0.17333086489779248
2016-11-19 22:00:00,38.755147568130184,33.53476905021388,5.220378517916302
2016-11-19 23:00:00,39.90322023438802,33.97377419475055,5.929446039637476
2016-11-20 00:00:00,36.09116150987322,32.26509254278705,3.826068967086165
2016-11-20 01:00:00,30.497934266972326,31.44616759322304,-0.9482333262507154
2016-11-20 02:00:00,27.433339345724647,30.186398367938484,-2.7530590222138365
2016-11-20 03:00:00,24.642382594902422,28.860664661771434,-4.218282066869012
2016-11-20 04:00:00,21.491557738115418,24.92253724266664,-3.430979504551221
2016-11-20 05:00:00,19.52860789046214,24.166659195660934,-4.638051305198793
2016-11-20 06:00:00,23.903946381646975,27.712920444709145,-3.80897406306217
2016-11-20 07:00:00,24.97537323473961,27.09944878630044,-2.1240755515608285
2016-11-20 08:00:00,25.14798013168314,26.033022447914437,-0.8850423162312957
2016-11-20 09:00:00,27.042549002148558,25.963655213478255,1.0788937886703032
2016-11-20 10:00:00,28.03501498125105,28.048120921220935,-0.013105939969886293
2016-11-20 11:00:00,30.383918370276422,31.076619827436744,-0.6927014571603216
2016-11-20 12:00:00,34.23320061133927,33.79559602606613,0.4376045852731423
2016-11-20 13:00:00,34.82672805874991,35.78886937072506,-0.9621413119751523
2016-11-20 14:00:00,39.75901521032342,34.99671267713842,4.762302533185
2016-11-20 15:00:00,36.920927767492664,35.64180838544391,1.279119382048755
2016-11-20 16:00:00,36.7734980862568,34.95157697379595,1.8219211124608492
2016-11-20 17:00:00,39.317019851239806,35.22686865868265,4.090151192557158
2016-11-20 18:00:00,41.03487960122342,35.52916110081197,5.505718500411454
2016-11-20 19:00:00,38.81933674796946,36.77359361880389,2.045743129165565
2016-11-20 20:00:00,38.09479328585118,36.128939915388294,1.965853370462888
2016-11-20 21:00:00,37.57454051922829,34.17099681950472,3.4035436997235706
2016-11-20 22:00:00,37.88493359567366,34.172463587981674,3.7124700076919837
2016-11-20 23:00:00,38.47846141019008,35.30044419197934,3.1780172182107407
2016-11-21 00:00:00,34.193339164432814,32.117413788973415,2.0759253754593985
2016-11-21 01:00:00,33.3272287003848,31.425743619515167,1.9014850808696337
2016-11-21 02:00:00,28.32160817698697,30.200787650953682,-1.8791794739667118
2016-11-21 03:00:00,24.640741264960177,26.272960292459626,-1.632219027499449
2016-11-21 04:00:00,25.36455161683585,24.982729328306757,0.3818222885290936
2016-11-21 05:00:00,22.70710150988547,24.05829271057598,-1.3511912006905114
2016-11-21 06:00:00,28.98187455033773,27.348618144277832,1.6332564060598962
2016-11-21 07:00:00,29.568807296610924,29.784536151399095,-0.21572885478817128
2016-11-21 08:00:00,28.2572727513826,31.375584538606464,-3.1183117872238633
2016-11-21 09:00:00,29.330223896506002,32.04151630193825,-2.71129240543225
2016-11-21 10:00:00,31.004411113872514,32.37880216287289,-1.3743910490003728
2016-11-21 11:00:00,29.306717287426533,35.47314556736734,-6.166428279940806
2016-11-21 12:00:00,28.482813181398644,36.55326260505762,-8.070449423658975
2016-11-21 13:00:00,32.77004545940273,34.76756774700314,-1.997522287600411
2016-11-21 14:00:00,34.42928465712343,36.756735181045904,-2.3274505239224723
2016-11-21 15:00:00,33.63146651421741,34.36538055045389,-0.7339140362364844
2016-11-21 16:00:00,40.973621393931424,33.31031567045634,7.663305723475084
2016-11-21 17:00:00,36.035179346850946,36.38199067594709,-0.3468113290961412
2016-11-21 18:00:00,42.90251263574223,35.04452756410972,7.8579850716325055
2016-11-21 19:00:00,51.04014058663981,35.78119839304308,15.25894219359673
2016-11-21 20:00:00,44.80443775537957,36.94190120887998,7.862536546499584
2016-11-21 21:00:00,39.636205845327005,37.76368527748873,1.8725205678382721
2016-11-21 22:00:00,37.03963288986901,37.03096971383377,0.008663176035241804
2016-11-21 23:00:00,32.577185703684044,37.48122780379871,-4.9040421001146655
2016-11-22 00:00:00,30.200730934095493,32.31079948257006,-2.110068548474569
2016-11-22 01:00:00,29.06165636893035,29.887869421666757,-0.8262130527364064
2016-11-22 02:00:00,30.821223677691588,28.430379966784272,2.3908437109073155
2016-11-22 03:00:00,25.96945145065128,24.711873641924115,1.2575778087271665
2016-11-22 04:00:00,21.45084570711677,22.880900535525335,-1.430054828408565
2016-11-22 05:00:00,21.485871269583686,22.153960303058458,-0.6680890334747716
2016-11-22 06:00:00,25.58030262057033,27.310937518070517,-1.7306348975001882
2016-11-22 07:00:00,26.902505856311468,30.092704049156858,-3.19019819284539
2016-11-22 08:00:00,26.852034134599432,31.373477671402135,-4.521443536802703
2016-11-22 09:00:00,28.876065451055766,33.20262366652529,-4.326558215469525
2016-11-22 10:00:00,35.78340645556271,34.35661335633435,1.4267930992283624
2016-11-22 11:00:00,34.554731310043145,37.193425493681175,-2.63869418363803
2016-11-22 12:00:00,40.00580500775434,38.17009880768646,1.8357062000678823
2016-11-22 13:00:00,37.5909545528623,37.102395765401994,0.4885587874603061
2016-11-22 14:00:00,39.68808449994078,36.97011042930917,2.7179740706316053
2016-11-22 15:00:00,34.6485235328734,36.75066159452727,-2.102138061653875
2016-11-22 16:00:00,34.78598739350043,37.16206610606845,-2.376078712568024
2016-11-22 17:00:00,39.75256663019247,38.02879598986643,1.7237706403260376
2016-11-22 18:00:00,38.05024206260561,38.9907295383157,-0.9404874757100856
2016-11-22 19:00:00,37.55343781057251,37.75239829964764,-0.19896048907512665
2016-11-22 20:00:00,35.31767036568846,35.54886208357213,-0.2311917178836751
2016-11-22 21:00:00,33.898773486585064,36.727104877679125,-2.8283313910940606
2016-11-22 22:00:00,40.03745980494958,34.82849963346278,5.208960171486794
2016-11-22 23:00:00,36.305417658871654,33.67445860186203,2.630959057009626
2016-11-23 00:00:00,28.283329323097963,31.16880175239675,-2.885472429298787
2016-11-23 01:00:00,30.133904099227134,27.30902381750145,2.824880281725683
2016-11-23 02:00:00,24.72052289569789,26.172663543103987,-1.4521406474060967
2016-11-23 03:00:00,20.823113912869008,22.985387680125438,-2.16227376725643
2016-11-23 04:00:00,19.951961618038887,22.258321490755627,-2.3063598727167403
2016-11-23 05:00:00,20.14247703624668,23.821107572358546,-3.6786305361118643
2016-11-23 06:00:00,25.84652516246395,27.224031163004845,-1.377506000540894
2016-11-23 07:00:00,27.420325629377608,29.597580704176075,-2.1772550747984667
2016-11-23 08:00:00,26.18605230426639,31.86317058970072,-5.677118285434329
2016-11-23 09:00:00,27.268060247255093,32.17480939965179,-4.906749152396699
2016-11-23 10:00:00,26.994510090440382,32.52177430620039,-5.52726421576001
2016-11-23 11:00:00,29.703926406733057,34.487399478808456,-4.783473072075399
2016-11-23 12:00:00,30.773741481898735,35.26022801374764,-4.486486531848907
2016-11-23 13:00:00,30.217730685001445,37.44685623586276,-7.2291255508613155
2016-11-23 14:00:00,30.573554111258964,39.94823698944235,-9.374682878183386
2016-11-23 15:00:00,28.04152183942457,40.69508924481738,-12.653567405392813
2016-11-23 16:00:00,28.601665237863422,38.260335008112335,-9.658669770248913
2016-11-23 17:00:00,29.978561085798244,39.410754996040254,-9.43219391024201
2016-11-23 18:00:00,29.4767738775725,38.25435840397726,-8.777584526404755
2016-11-23 19:00:00,26.833304948364045,35.89717904561992,-9.063874097255876
2016-11-23 20:00:00,24.86302822000124,32.15829759266907,-7.295269372667832
2016-11-23 21:00:00,26.934248575341005,28.63423767063844,-1.6999890952974361
2016-11-23 22:00:00,31.177047012172665,26.910757635084185,4.26628937708848
2016-11-23 23:00:00,29.9067516159548,26.50704417355942,3.3997074423953784
2016-11-24 00:00:00,26.650117512183115,26.914873457232,-0.26475594504888633
2016-11-24 01:00:00,24.627727365060252,25.737596596548325,-1.109869231488073
2016-11-24 02:00:00,22.148599992047526,23.348038165061997,-1.199438173014471
2016-11-24 03:00:00,22.51576597736522,21.275591461059463,1.240174516305757
2016-11-24 04:00:00,21.520867463588203,21.630228922615572,-0.10936145902736882
2016-11-24 05:00:00,20.79951929017879,21.77101861072288,-0.9714993205440905
2016-11-24 06:00:00,25.36698442683971,28.060665201991302,-2.6936807751515914
2016-11-24 07:00:00,25.56239409930606,28.620187606526116,-3.0577935072200546
2016-11-24 08:00:00,25.42478376347283,29.14029987540741,-3.71551611193458
2016-11-24 09:00:00,25.75372963182631,29.49263778204403,-3.7389081502177213
2016-11-24 10:00:00,26.767357515391602,30.57894146341233,-3.811583948020729
2016-11-24 11:00:00,29.325534303719778,34.3552949186791,-5.029760614959322
2016-11-24 12:00:00,28.08223341154099,36.10570789709647,-8.023474485555482
2016-11-24 13:00:00,29.470325710435556,33.94915878371466,-4.478833073279102
2016-11-24 14:00:00,29.67139229941835,33.756750298403155,-4.085357998984804
2016-11-24 15:00:00,31.447285140640485,32.59373627187407,-1.1464511312335866
2016-11-24 16:00:00,38.204705490585695,35.21981057749875,2.984894913086947
2016-11-24 17:00:00,35.34463575365035,36.41288951942965,-1.0682537657792963
2016-11-24 18:00:00,29.901182713049103,32.264591159831824,-2.3634084467827208
2016-11-24 19:00:00,27.186637103022246,28.290856302587375,-1.1042191995651294
2016-11-24 20:00:00,24.558526457112826,24.661329502383442,-0.10280304527061546
2016-11-24 21:00:00,23.667825045287756,25.26371070686319,-1.5958856615754335
2016-11-24 22:00:00,24.162841492172404,24.829786202620717,-0.6669447104483126
2016-11-24 23:00:00,22.871589495399185,24.38217652269094,-1.5105870272917556
2016-11-25 00:00:00,22.0867265154683,24.3538358184365,-2.2671093029682012
2016-11-25 01:00:00,20.356615711395534,21.84797325057518,-1.4913575391796456
2016-11-25 02:00:00,20.381851296922214,21.210732252398884,-0.8288809554766701
2016-11-25 03:00:00,19.537547650415963,20.89316959867764,-1.3556219482616783
2016-11-25 04:00:00,19.563604084466657,21.258674797827695,-1.6950707133610372
2016-11-25 05:00:00,19.263176461524353,21.729381311304348,-2.466204849779995
2016-11-25 06:00:00,24.568286698484883,26.77761570507255,-2.209329006587666
2016-11-25 07:00:00,25.36698442683971,27.044016678689935,-1.6770322518502248
2016-11-25 08:00:00,24.642382594902422,27.13096638390845,-2.4885837890060287
2016-11-25 09:00:00,24.67984060026742,26.49167884903248,-1.81183824876506
2016-11-25 10:00:00,25.797694587141272,27.80077309116371,-2.0030785040224366
2016-11-25 11:00:00,27.443920252067826,29.971765489713754,-2.527845237645927
2016-11-25 12:00:00,26.030533447168892,30.456702366302196,-4.426168919133303
2016-11-25 13:00:00,30.081146134493892,30.889333431554807,-0.8081872970609147
2016-11-25 14:00:00,30.56388179172121,30.50107582068467,0.06280597103654273
2016-11-25 15:00:00,28.25730202806855,30.092156701413845,-1.8348546733452942
2016-11-25 16:00:00,29.044597949931937,32.07510810251552,-3.0305101525835845
2016-11-25 17:00:00,30.742965903046528,30.476511963453785,0.26645393959274344
2016-11-25 18:00:00,29.657616609136763,28.858499181795278,0.7991174273414856
2016-11-25 19:00:00,29.104829999056445,27.103420564375636,2.0014094346808093
2016-11-25 20:00:00,24.668439028953117,27.155865133040876,-2.48742610408776
2016-11-25 21:00:00,25.251385753573466,27.800825618944643,-2.549439865371177
2016-11-25 22:00:00,24.514561501797868,26.643190646021946,-2.128629144224078
2016-11-25 23:00:00,25.947498157903308,25.023539639871185,0.9239585180321228
2016-11-26 00:00:00,24.19783768617692,24.424825178875075,-0.22698749269815366
2016-11-26 01:00:00,21.280701722851056,21.581828368306414,-0.3011266454553585
2016-11-26 02:00:00,20.122135704978554,20.53566931417698,-0.41353360919842785
2016-11-26 03:00:00,19.348673929256194,20.022926940747865,-0.6742530114916718
2016-11-26 04:00:00,19.458586868202264,20.430912175207176,-0.9723253070049118
2016-11-26 05:00:00,19.298202023991266,20.82375121251287,-1.5255491885216053
2016-11-26 06:00:00,24.37615968590302,25.576843568288545,-1.2006838823855261
2016-11-26 07:00:00,24.813347794797927,25.815562506808476,-1.0022147120105487
2016-11-26 08:00:00,26.338288501479397,27.137437868819053,-0.7991493673396555
2016-11-26 09:00:00,25.93609658658901,26.60664292729512,-0.6705463407061103
2016-11-26 10:00:00,28.715681134559325,26.532456562661384,2.1832245718979415
2016-11-26 11:00:00,26.935069240312128,27.5231608123798,-0.5880915720676718
2016-11-26 12:00:00,29.235962948427055,26.820740663260654,2.4152222851664007
2016-11-26 13:00:00,28.87199135699788,27.832618278247477,1.0393730787504047
2016-11-26 14:00:00,31.182615823301916,27.17509038034696,4.007525442954957
2016-11-26 15:00:00,37.96201920156328,29.05740119335973,8.904618008203549
2016-11-26 16:00:00,34.6370925930967,30.28956458953991,4.347528003556793
2016-11-26 17:00:00,34.18190822465611,27.19637184998005,6.985536374676062
2016-11-26 18:00:00,32.088001833431555,29.22970698847274,2.8582948449588166
2016-11-26 19:00:00,28.704279540300913,27.867868777307685,0.8364107629932285
2016-11-26 20:00:00,27.657238445798445,28.994188346458756,-1.3369499006603114
2016-11-26 21:00:00,26.865868332364705,30.51627759977606,-3.650409267411355
2016-11-26 22:00:00,26.440873458398602,29.36003229619284,-2.919158837794239
2016-11-26 23:00:00,29.896199986297574,28.894516056878818,1.001683929418757
2016-11-27 00:00:00,25.537978995197612,26.60711783236093,-1.0691388371633188
2016-11-27 01:00:00,23.03683922540634,23.946597793206113,-0.9097585677997735
2016-11-27 02:00:00,22.378185009994386,23.840049788318765,-1.4618647783243794
2016-11-27 03:00:00,21.669058522211724,23.26699764167691,-1.5979391194651846
2016-11-27 04:00:00,20.10097352518642,22.02413565639326,-1.9231621312068405
2016-11-27 05:00:00,19.790756659515438,21.715631870623394,-1.9248752111079561
2016-11-27 06:00:00,25.124356140530526,25.37250609896675,-0.24814995843622256
2016-11-27 07:00:00,25.232656750890968,25.986423998999896,-0.7537672481089288
2016-11-27 08:00:00,25.389787569468314,26.16949028255611,-0.7797027130877972
2016-11-27 09:00:00,27.902299358558597,25.1824074104606,2.719891948097999
2016-11-27 10:00:00,27.837993163751957,25.323150366622304,2.5148427971296528
2016-11-27 11:00:00,27.107675953702767,25.831674901714354,1.2760010519884126
2016-11-27 12:00:00,29.036449770420216,27.91421904684814,1.122230723572077
2016-11-27 13:00:00,31.59617994104421,27.4464890977997,4.14969084324451
2016-11-27 14:00:00,38.70326891351641,28.040118338665497,10.663150574850913
2016-11-27 15:00:00,33.61710460189343,31.092100562083445,2.5250040398099856
2016-11-27 16:00:00,36.17410906085739,29.414947988858543,6.759161071998847
2016-11-27 17:00:00,42.52734521284431,29.958238014574906,12.569107198269403
2016-11-27 18:00:00,37.2530101876302,33.25917527534861,3.993834912281592
2016-11-27 19:00:00,42.11583138088315,32.16675101371568,9.949080367167468
2016-11-27 20:00:00,37.48983453155807,32.499507683588625,4.990326847969442
2016-11-27 21:00:00,40.10428700692371,31.972137340885627,8.132149666038085
2016-11-27 22:00:00,36.40946791851161,32.305167474572386,4.104300443939223
2016-11-27 23:00:00,35.618977574079565,30.202039176764913,5.416938397314652
2016-11-28 00:00:00,42.98721862341245,28.07495304077119,14.912265582641261
2016-11-28 01:00:00,31.77702267260847,27.31493536189311,4.462087310715361
2016-11-28 02:00:00,27.195605864332688,25.6039651813908,1.591640682941886
2016-11-28 03:00:00,23.817628432496903,24.15467615177254,-0.33704771927563826
2016-11-28 04:00:00,21.878302943102018,24.012651790259536,-2.1343488471575185
2016-11-28 05:00:00,21.05108660223024,22.983553941937885,-1.932467339707646
2016-11-28 06:00:00,26.491345180110635,27.37544684213259,-0.8841016620219548
2016-11-28 07:00:00,25.074705083789613,29.026563076311493,-3.95185799252188
2016-11-28 08:00:00,26.61022651326137,28.854385804510876,-2.244159291249506
2016-11-28 09:00:00,27.819264069293016,28.943089533596495,-1.1238254643034793
2016-11-28 10:00:00,28.490111381969108,31.19056084405301,-2.7004494620839026
2016-11-28 11:00:00,28.950952500581334,31.91844620492172,-2.967493704340388
2016-11-28 12:00:00,38.01917316623521,31.573616997936895,6.445556168298317
2016-11-28 13:00:00,31.28021823702248,35.24134028668154,-3.9611220496590605
2016-11-28 14:00:00,28.26134679955226,34.43713774288303,-6.175790943330771
2016-11-28 15:00:00,28.98676931940478,30.7083059261847,-1.721536606779921
2016-11-28 16:00:00,30.645070538913547,30.87580676421077,-0.23073622529722115
2016-11-28 17:00:00,30.782827533505877,32.048983278789386,-1.266155745283509
2016-11-28 18:00:00,32.0097440587865,34.761760267735966,-2.7520162089494633
2016-11-28 19:00:00,36.511466791053095,30.116397265199637,6.395069525853458
2016-11-28 20:00:00,31.456957460178238,29.68488783863404,1.7720696215441976
2016-11-28 21:00:00,29.484101400717144,29.184353496450974,0.2997479042661695
2016-11-28 22:00:00,32.43649755299155,31.105108286596124,1.3313892663954228
2016-11-28 23:00:00,33.134954845490945,31.976953992199096,1.158000853291849
2016-11-29 00:00:00,30.878964277399913,27.22175918056383,3.6572050968360834
2016-11-29 01:00:00,28.774271813589397,27.577688618189033,1.1965831954003647
2016-11-29 02:00:00,26.32281279021899,27.05682743075996,-0.7340146405409698
2016-11-29 03:00:00,22.22105419141704,23.375209205066998,-1.1541550136499588
2016-11-29 04:00:00,20.88091324950213,22.65095356643206,-1.7700403169299328
2016-11-29 05:00:00,20.85406533538982,23.495906447894736,-2.641841112504917
2016-11-29 06:00:00,25.849778820991823,28.063767718541207,-2.2139888975493847
2016-11-29 07:00:00,27.091408945933637,28.95951056832105,-1.8681016223874138
2016-11-29 08:00:00,27.352736866462923,30.570876036011498,-3.218139169548575
2016-11-29 09:00:00,29.00388636006968,31.928617024829475,-2.924730664759796
2016-11-29 10:00:00,31.068599926606012,31.059455371661432,0.009144554944580108
2016-11-29 11:00:00,30.678777090313034,31.39914189322385,-0.7203648029108152
2016-11-29 12:00:00,35.55215037210543,34.07289802048617,1.4792523516192588
2016-11-29 13:00:00,28.948519770881862,34.40861126353345,-5.460091492651589
2016-11-29 14:00:00,32.33713670258493,34.936397820633175,-2.599261118048247
2016-11-29 15:00:00,31.93734841278889,35.6811254340094,-3.743777021220513
2016-11-29 16:00:00,35.15412106965412,35.774949116838016,-0.620828047183899
2016-11-29 17:00:00,33.041455940178885,36.336971725299364,-3.295515785120479
2016-11-29 18:00:00,32.29375801520058,35.91863642783768,-3.624878412637102
2016-11-29 19:00:00,35.12305217328372,33.639253068831685,1.4837991044520322
2016-11-29 20:00:00,33.74313752274376,30.918809005319655,2.824328517424103
2016-11-29 21:00:00,34.23173512506563,30.50578813563269,3.7259469894329413
2016-11-29 22:00:00,38.49047825079161,29.54315483671815,8.947323414073463
2016-11-29 23:00:00,34.37242327575813,30.640700874500094,3.731722401258036
2016-11-30 00:00:00,34.91055482807711,28.554197203177537,6.356357624899573
2016-11-30 01:00:00,32.18882817011182,26.97894625900298,5.2098819111088375
2016-11-30 02:00:00,30.857568067673043,25.4592354925459,5.398332575127142
2016-11-30 03:00:00,25.76184854325612,23.212577586696447,2.549270956559674
2016-11-30 04:00:00,22.80400054893161,23.548788676863886,-0.7447881279322743
2016-11-30 05:00:00,23.207833793764244,23.694198503646383,-0.48636470988213887
2016-11-30 06:00:00,26.813755280710424,29.261710019377865,-2.447954738667441
2016-11-30 07:00:00,27.862408451413298,29.39321946407225,-1.5308110126589511
2016-11-30 08:00:00,28.369647272248038,29.376185425743426,-1.0065381534953879
2016-11-30 09:00:00,27.86158769466573,30.726739466265958,-2.865151771600228
2016-11-30 10:00:00,29.83025246154869,30.12785899278243,-0.2976065312337397
2016-11-30 11:00:00,28.416044991678636,32.53887548333471,-4.122830491656071
2016-11-30 12:00:00,30.62074317308651,31.787577599498583,-1.1668344264120734
2016-11-30 13:00:00,31.58386978292448,33.51707086489548,-1.9332010819709993
2016-11-30 14:00:00,32.87350981821785,33.7036570446683,-0.8301472264504497
2016-11-30 15:00:00,30.22828231465867,33.78705762590967,-3.558775311250997
2016-11-30 16:00:00,33.20412675208175,34.02842471155384,-0.8242979594720907
2016-11-30 17:00:00,36.014662539019994,35.61762055147752,0.39704198754247244
2016-11-30 18:00:00,35.73533835894503,34.387785906779705,1.3475524521653242
2016-11-30 19:00:00,37.3060613781052,32.57839711835574,4.72766425974946
2016-11-30 20:00:00,35.31942953658607,31.969419209131644,3.3500103274544273
2016-11-30 21:00:00,36.67648230757263,31.369296634631663,5.307185672940964
2016-11-30 22:00:00,34.914072068555,31.390207218592717,3.5238648499622833
2016-11-30 23:00:00,34.2496142778675,31.73118036734772,2.518433910519782
2016-12-01 00:00:00,36.12135082079481,30.85221100301872,5.2691398177760895
2016-12-01 01:00:00,34.72091899531812,29.38720011582762,5.333718879490501
2016-12-01 02:00:00,31.82597035467496,28.929914152761413,2.8960562019135487
2016-12-01 03:00:00,27.00509099678356,25.145365736465735,1.859725260317827
2016-12-01 04:00:00,24.428243552647793,23.648761243148407,0.7794823094993859
2016-12-01 05:00:00,21.86443956042724,22.83276160900429,-0.9683220485770505
2016-12-01 06:00:00,25.447586906101435,26.544566546579755,-1.0969796404783203
2016-12-01 07:00:00,25.689394343886608,28.34992057464318,-2.6605262307565702
2016-12-01 08:00:00,29.863665878982868,29.207924208507553,0.6557416704753152
2016-12-01 09:00:00,28.36314045996274,31.599657678581494,-3.2365172186187543
2016-12-01 10:00:00,27.039295710726467,32.500950236356374,-5.461654525629907
2016-12-01 11:00:00,28.248333174981667,33.40315175903711,-5.154818584055441
2016-12-01 12:00:00,28.549552048544477,31.445100465560575,-2.895548417016098
2016-12-01 13:00:00,29.609548191301524,31.556943917131512,-1.9473957258299883
2016-12-01 14:00:00,29.21966657219553,30.836388204596876,-1.6167216324013474
2016-12-01 15:00:00,29.68135770703319,31.699572966335758,-2.0182152593025684
2016-12-01 16:00:00,34.12240882115596,32.85229368609504,1.2701151350609194
2016-12-01 17:00:00,37.11525300948499,33.53792477532669,3.5773282341583013
2016-12-01 18:00:00,39.45301859269897,34.72902419895423,4.723994393744739
2016-12-01 19:00:00,37.93446717856499,36.15831869270702,1.7761484858579664
2016-12-01 20:00:00,33.9304282837803,35.85049511039928,-1.920066826618978
2016-12-01 21:00:00,32.43063560789699,34.27926161203914,-1.8486260041421545
2016-12-01 22:00:00,37.56574760158646,32.14916279786814,5.416584803718322
2016-12-01 23:00:00,35.5328061001357,32.84533353846707,2.687472561668635
2016-12-02 00:00:00,34.32845832044317,32.02936657854687,2.299091741896298
2016-12-02 01:00:00,32.6815292808422,30.036725722927994,2.644803557914205
2016-12-02 02:00:00,32.45906648213253,27.701178988460512,4.7578874936720155
2016-12-02 03:00:00,26.672099989840596,26.799640218722775,-0.12754022888217875
2016-12-02 04:00:00,23.477309994185738,23.45924889098848,0.018061103197258177
2016-12-02 05:00:00,24.60087945094794,21.545958799698987,3.0549206512489526
2016-12-02 06:00:00,26.582528565715542,26.070536924542225,0.5119916411733172
2016-12-02 07:00:00,27.53917768584239,28.29943912867673,-0.7602614428343415
2016-12-02 08:00:00,26.559754791549334,29.38558655756547,-2.8258317660161367
2016-12-02 09:00:00,25.958079064246487,28.920700916992768,-2.962621852746281
2016-12-02 10:00:00,25.629953677311242,29.01014249032546,-3.380188813014218
2016-12-02 11:00:00,27.706918871001754,30.12845628743127,-2.4215374164295156
2016-12-02 12:00:00,30.132438612953496,31.40511820131902,-1.2726795883655235
2016-12-02 13:00:00,34.63885102978276,32.47068431959776,2.168166710184998
2016-12-02 14:00:00,31.958451672103344,31.428969999565336,0.529481672538008
2016-12-02 15:00:00,31.68176514705746,31.472977427911054,0.20878771914640737
2016-12-02 16:00:00,33.90199777665054,33.106322561103305,0.7956752155472344
2016-12-02 17:00:00,36.29867612832829,33.557375766690136,2.741300361638153
2016-12-02 18:00:00,34.313803090601,36.29864498948828,-1.9848418988872822
2016-12-02 19:00:00,33.352435284554865,36.99277558928299,-3.6403403047281273
2016-12-02 20:00:00,35.81535420317036,35.72092248791954,0.0944317152508205
2016-12-02 21:00:00,33.12440349116306,36.31714173435711,-3.19273824319405
2016-12-02 22:00:00,34.72033272738751,34.908781402284504,-0.18844867489699624
2016-12-02 23:00:00,34.78276310343495,35.69947839684494,-0.916715293409986
2016-12-03 00:00:00,35.87954338300963,34.1672369191778,1.7123064638318297
2016-12-03 01:00:00,30.54922674543193,32.659778924382664,-2.1105521789507335
2016-12-03 02:00:00,29.589324287994767,30.179251835423695,-0.5899275474289283
2016-12-03 03:00:00,24.80848217479021,26.429466533521147,-1.6209843587309365
2016-12-03 04:00:00,20.41602737661428,23.21030384620567,-2.794276469591388
2016-12-03 05:00:00,19.504193153459468,21.871693840491844,-2.3675006870323756
2016-12-03 06:00:00,24.43803316248225,26.20247505945062,-1.7644418969683713
2016-12-03 07:00:00,25.38084780951449,27.40975883528384,-2.02891102576935
2016-12-03 08:00:00,24.916753416688255,27.046503122741143,-2.1297497060528876
2016-12-03 09:00:00,26.7331528014487,26.940559278037874,-0.2074064765891741
2016-12-03 10:00:00,29.511945915245626,28.512159059683434,0.999786855562192
2016-12-03 11:00:00,34.37242327575813,31.174157916857574,3.1982653589005565
2016-12-03 12:00:00,40.22240622847523,34.48688392411269,5.73552230436254
2016-12-03 13:00:00,40.11307992456555,35.704702771837695,4.4083771527278515
2016-12-03 14:00:00,41.196084559746865,34.48847885779315,6.707605701953717
2016-12-03 15:00:00,35.49675484411955,37.32109594509968,-1.8243411009801278
2016-12-03 16:00:00,45.15293420915112,39.17533455992235,5.977599649228772
2016-12-03 17:00:00,41.45577078322813,41.15352406483893,0.30224671838919903
2016-12-03 18:00:00,36.33472738434445,38.66951620245938,-2.33478881811493
2016-12-03 19:00:00,34.51486986313668,39.93108783683523,-5.416217973698551
2016-12-03 20:00:00,40.34287052174919,39.61865382446147,0.7242166972877229
2016-12-03 21:00:00,42.40336331198668,42.64363427255026,-0.24027096056357777
2016-12-03 22:00:00,37.500386620097515,39.05586194656365,-1.5554753264661372
2016-12-03 23:00:00,34.468559836099274,36.615933196395396,-2.147373360296122
2016-12-04 00:00:00,36.98101343892344,33.41700155086702,3.56401188805642
2016-12-04 01:00:00,34.317027380666474,33.66407308097322,0.6529542996932562
2016-12-04 02:00:00,30.411469842616043,32.43620525483994,-2.0247354122238974
2016-12-04 03:00:00,26.964379332890694,29.37985650225768,-2.415477169366987
2016-12-04 04:00:00,22.03947853316307,25.122672764764065,-3.083194231600995
2016-12-04 05:00:00,20.024445185870796,22.285803079552053,-2.2613578936812573
2016-12-04 06:00:00,25.67720129251069,24.99406007402264,0.6831412184880499
2016-12-04 07:00:00,26.01262492590463,26.28484927131804,-0.272224345413413
2016-12-04 08:00:00,25.343389804149492,26.736648789035225,-1.3932589848857333
2016-12-04 09:00:00,25.133324901840968,28.154581019178245,-3.021256117337277
2016-12-04 10:00:00,30.65562207679433,30.71487956066363,-0.059257483869298966
2016-12-04 11:00:00,37.14221839744688,35.64204383417844,1.5001745632684447
2016-12-04 12:00:00,34.129150351699316,38.04341519231212,-3.9142648406128018
2016-12-04 13:00:00,34.00780684008233,39.66752612036672,-5.659719280284392
2016-12-04 14:00:00,36.026973064245496,38.13698070421461,-2.110007639969112
2016-12-04 15:00:00,36.94701357000576,37.95190246778651,-1.0048888977807522
2016-12-04 16:00:00,35.159983014748676,38.17731925206502,-3.017336237316343
2016-12-04 17:00:00,38.70473439979005,37.04044036122346,1.664294038566588
2016-12-04 18:00:00,39.132953747374515,37.32028497373402,1.812668773640496
2016-12-04 19:00:00,40.01694299711862,38.151905511653595,1.8650374854650238
2016-12-04 20:00:00,40.368956324262285,37.572376672526715,2.79657965173557
2016-12-04 21:00:00,38.408410285256245,37.86851926128832,0.5398910239679253
2016-12-04 22:00:00,37.46550716573103,37.64394005408302,-0.1784328883519848
2016-12-04 23:00:00,37.911606033223144,39.44898341379784,-1.5373773805746964
2016-12-05 00:00:00,34.38971616062939,34.64422794008213,-0.2545117794527414
2016-12-05 01:00:00,34.41550901273006,31.875437875760404,2.540071136969658
2016-12-05 02:00:00,28.269494987668025,31.858158259818047,-3.588663272150022
2016-12-05 03:00:00,24.175855392072332,29.951626324887105,-5.775770932814773
2016-12-05 04:00:00,24.640741264960177,25.14840993208734,-0.5076686671271631
2016-12-05 05:00:00,22.555686528302253,23.99624881780498,-1.4405622895027257
2016-12-05 06:00:00,27.235496863254433,28.06736576950175,-0.831868906247319
2016-12-05 07:00:00,27.68898116482798,29.16839990273418,-1.479418737906201
2016-12-05 08:00:00,28.048028605821642,30.615072431560343,-2.5670438257387005
2016-12-05 09:00:00,30.015784785899175,32.07538795954899,-2.0596031736498155
2016-12-05 10:00:00,30.755862329096868,35.34996080402075,-4.594098474923886
2016-12-05 11:00:00,29.542721402321387,37.18546319920081,-7.642741796879424
2016-12-05 12:00:00,29.40291269941303,38.78043951119789,-9.377526811784861
2016-12-05 13:00:00,34.955399001735096,35.5099386467747,-0.5545396450396041
2016-12-05 14:00:00,39.379743544805436,38.050525968667856,1.3292175761375802
2016-12-05 15:00:00,36.76792982578622,36.27611652834349,0.4918132974427252
2016-12-05 16:00:00,31.777608940539082,35.08100631166877,-3.303397371129691
2016-12-05 17:00:00,32.81020022382738,33.827955390952404,-1.0177551671250242
2016-12-05 18:00:00,32.45173905076433,34.77897135307992,-2.3272323023155863
2016-12-05 19:00:00,35.67935619592276,37.05949260052008,-1.380136404597323
2016-12-05 20:00:00,35.71657998780013,35.158231922802806,0.5583480649973254
2016-12-05 21:00:00,38.50190919056831,32.536569166213546,5.9653400243547665
2016-12-05 22:00:00,37.119356517893486,34.897001148861364,2.2223553690321225
2016-12-05 23:00:00,34.04620280071515,37.57244545396905,-3.5262426532539024
2016-12-06 00:00:00,33.45824434798665,32.562194622443705,0.8960497255429445
2016-12-06 01:00:00,32.18062152040059,31.452989007505202,0.72763251289539
2016-12-06 02:00:00,32.64313332020938,28.79102664752644,3.8521066726829396
2016-12-06 03:00:00,24.065151340170424,24.624887464158768,-0.559736123988344
2016-12-06 04:00:00,20.66190895434556,24.18728303546672,-3.5253740811211607
2016-12-06 05:00:00,20.470572687613753,24.115733085946033,-3.64516039833228
2016-12-06 06:00:00,25.11216308915461,28.007303151028776,-2.895140061874166
2016-12-06 07:00:00,26.26744608003684,28.388452225280833,-2.1210061452439923
2016-12-06 08:00:00,25.83187029972756,30.32073610352398,-4.488865803796422
2016-12-06 09:00:00,26.425427115600595,31.942164975314004,-5.516737859713409
2016-12-06 10:00:00,27.949547065534496,33.91841905356381,-5.9688719880293135
2016-12-06 11:00:00,31.73364398522412,35.85385488628857,-4.120210901064453
2016-12-06 12:00:00,27.747601166432226,37.3319571276054,-9.584355961173173
2016-12-06 13:00:00,26.455528321134995,33.19132864267381,-6.7358003215388145
2016-12-06 14:00:00,28.19622003155094,35.10157611239381,-6.905356080842868
2016-12-06 15:00:00,29.337551396706534,35.7123430088296,-6.374791612123065
2016-12-06 16:00:00,34.71124685933326,36.1776443224475,-1.466397463114241
2016-12-06 17:00:00,36.85585973641614,37.720421604400286,-0.8645618679841434
2016-12-06 18:00:00,41.197842996432925,39.68196269967477,1.515880296758155
2016-12-06 19:00:00,38.93511089779852,36.929761407622166,2.005349490176357
2016-12-06 20:00:00,35.19222371276874,34.14578878508023,1.0464349276885088
2016-12-06 21:00:00,39.19567670672859,35.76828401267495,3.427392694053644
2016-12-06 22:00:00,38.83662963284071,36.00482206482133,2.8318075680193786
2016-12-06 23:00:00,39.12152280759782,35.75439737185824,3.367125435739581
2016-12-07 00:00:00,36.203418786330175,31.765144910656137,4.438273875674039
2016-12-07 01:00:00,32.70996015507774,29.44987913140168,3.260081023676058
2016-12-07 02:00:00,33.55174325329872,26.722364336521593,6.829378916777124
2016-12-07 03:00:00,25.08853946510777,24.559693606330733,0.5288458587770393
2016-12-07 04:00:00,21.996334059266342,22.383491518050537,-0.38715745878419483
2016-12-07 05:00:00,20.981885694282816,21.135629709216886,-0.15374401493406964
2016-12-07 06:00:00,25.913293260407514,26.121417999250944,-0.20812473884343063
2016-12-07 07:00:00,27.866482499582958,28.041774129803986,-0.17529163022102878
2016-12-07 08:00:00,27.40159662669511,30.560409471203076,-3.158812844507967
2016-12-07 09:00:00,27.313666532512297,31.35405821144236,-4.040391678930064
2016-12-07 10:00:00,30.648587779391438,32.78261932474632,-2.1340315453548833
2016-12-07 11:00:00,31.225701560273848,34.15236078601802,-2.9266592257441744
2016-12-07 12:00:00,33.01126662925729,36.71936422599126,-3.708097596733964
2016-12-07 13:00:00,28.96806953891597,37.74588624235914,-8.777816703443172
2016-12-07 14:00:00,28.860560463109405,35.783429901468075,-6.922869438358671
2016-12-07 15:00:00,30.638036057957766,35.56904329201973,-4.931007234061962
2016-12-07 16:00:00,34.54271446944161,35.78691857963806,-1.2442041101964492
2016-12-07 17:00:00,37.270888973326294,35.870292637695684,1.4005963356306097
2016-12-07 18:00:00,31.728954208885007,38.62102025017883,-6.892066041293823
2016-12-07 19:00:00,34.45712926342836,37.61130668052067,-3.1541774170923134
2016-12-07 20:00:00,40.50407548027264,33.243123707251925,7.2609517730207145
2016-12-07 21:00:00,37.8562097710257,33.306999393279355,4.549210377746348
2016-12-07 22:00:00,35.900646825876976,33.21112205462636,2.6895247712506176
2016-12-07 23:00:00,33.49957128116675,33.26300336230104,0.23656791886570971
2016-12-08 00:00:00,31.226580962169766,31.526093435258588,-0.29951247308882145
2016-12-08 01:00:00,30.155886576884615,28.45912498784598,1.696761589038637
2016-12-08 02:00:00,31.82245311419707,26.390819973826357,5.431633140370714
2016-12-08 03:00:00,23.00345535998745,23.655395721572866,-0.6519403615854173
2016-12-08 04:00:00,20.84591705549761,22.030154439999574,-1.1842373845019658
2016-12-08 05:00:00,20.463245256245553,21.883355210546984,-1.4201099543014308
2016-12-08 06:00:00,25.902712537617226,25.155749200464662,0.7469633371525646
2016-12-08 07:00:00,28.17259613217477,28.076542015098244,0.09605411707652678
2016-12-08 08:00:00,28.118079547202584,29.66927360895854,-1.5511940617559574
2016-12-08 09:00:00,27.70935158922917,30.566506631471796,-2.8571550422426277
2016-12-08 10:00:00,27.886852923984144,31.037994286471516,-3.1511413624873725
2016-12-08 11:00:00,28.498259570084873,31.940505456043198,-3.442245885958325
2016-12-08 12:00:00,29.88652766675982,32.87141946562871,-2.9848917988688903
2016-12-08 13:00:00,32.76213176010392,33.23196837546374,-0.46983661535981724
2016-12-08 14:00:00,32.548754829448505,32.255432568990415,0.2933222604580905
2016-12-08 15:00:00,28.948490459779745,34.20057725927666,-5.252086799496919
2016-12-08 16:00:00,34.04268556023726,36.64954260443028,-2.6068570441930206
2016-12-08 17:00:00,37.88083008726516,38.055057653790946,-0.17422756652578641
2016-12-08 18:00:00,40.6007983085444,37.23839558412915,3.3624027244152472
2016-12-08 19:00:00,34.97650244460244,36.77590305298715,-1.7994006083847083
2016-12-08 20:00:00,34.64617846115095,33.74152038599375,0.9046580751572009
2016-12-08 21:00:00,34.59723077908446,32.95510699003487,1.6421237890495917
2016-12-08 22:00:00,35.943732562848915,33.30171744106924,2.6420151217796715
2016-12-08 23:00:00,36.10845439474447,33.61491432246481,2.4935400722796572
2016-12-09 00:00:00,33.20647145669842,32.84550133283929,0.36097012385912564
2016-12-09 01:00:00,35.09315617988032,29.933543727456225,5.159612452424092
2016-12-09 02:00:00,30.240592472778395,28.74534238132201,1.4952500914563842
2016-12-09 03:00:00,25.505386242734556,26.09834078221847,-0.592954539483916
2016-12-09 04:00:00,22.70874320693349,23.551336310697256,-0.8425931037637646
2016-12-09 05:00:00,21.902718414316247,22.197437219567455,-0.2947188052512075
2016-12-09 06:00:00,27.246077769597612,26.06837233704745,1.1777054325501624
2016-12-09 07:00:00,27.632823158137104,27.309540354265856,0.32328280387124764
2016-12-09 08:00:00,26.301650977532635,29.643199944369048,-3.341548966836413
2016-12-09 09:00:00,27.679220923455922,30.659984824139332,-2.98076390068341
2016-12-09 10:00:00,29.4767738775725,31.72367755058565,-2.246903673013147
2016-12-09 11:00:00,34.34311318317957,33.78057543315536,0.5625377500242053
2016-12-09 12:00:00,32.61792673603931,34.21816325344612,-1.6002365174068132
2016-12-09 13:00:00,36.837687266096076,33.906888881982546,2.9307983841135297
2016-12-09 14:00:00,40.67084943347823,35.53905856159298,5.131790871885251
2016-12-09 15:00:00,40.69048665586037,38.15770862460414,2.5327780312562282
2016-12-09 16:00:00,36.93147912182056,37.965212209499626,-1.0337330876790674
2016-12-09 17:00:00,42.94237444975447,38.30146366020931,4.64091078954516
2016-12-09 18:00:00,40.1418037492135,38.02701338076582,2.1147903684476788
2016-12-09 19:00:00,41.903628087406304,37.935161582569165,3.9684665048371386
2016-12-09 20:00:00,40.16290645786928,36.00874989096532,4.154156566903964
2016-12-09 21:00:00,41.29925523393801,34.829749368060426,6.469505865877586
2016-12-09 22:00:00,40.861364117474466,33.56144347661284,7.299920640861629
2016-12-09 23:00:00,35.21918910073064,33.45086922405898,1.7683198766716615
2016-12-10 00:00:00,34.3293375387862,34.497651293490364,-0.16831375470416532
2016-12-10 01:00:00,38.73404412526284,32.190214998921036,6.543829126341805
2016-12-10 02:00:00,32.05458841599738,31.301676827041867,0.7529115889555129
2016-12-10 03:00:00,26.360270979136878,27.29832659343016,-0.9380556142932832
2016-12-10 04:00:00,22.068788992847416,23.487064486939186,-1.4182754940917697
2016-12-10 05:00:00,20.50152411013456,23.55282110895434,-3.0512969988197796
2016-12-10 06:00:00,25.639743287145695,26.53967828109813,-0.899934993952435
2016-12-10 07:00:00,29.25217137988017,26.446584034486268,2.805587345393903
2016-12-10 08:00:00,31.034307290828803,27.14841066431962,3.885896626509183
2016-12-10 09:00:00,29.075490687152204,27.10639713188387,1.9690935552683335
2016-12-10 10:00:00,30.63070862658957,29.63799200677432,0.9927166198152513
2016-12-10 11:00:00,33.99227239189713,32.767521999282685,1.224750392614446
2016-12-10 12:00:00,35.06120806516689,34.0599337374174,1.0012743277494849
2016-12-10 13:00:00,39.995253653426445,33.147633673719895,6.8476199797065505
2016-12-10 14:00:00,39.018058448782696,34.92698510313048,4.0910733456522195
2016-12-10 15:00:00,41.52816697988441,34.27841199130066,7.249754988583753
2016-12-10 16:00:00,42.39369080889603,39.4354039140915,2.95828689480453
2016-12-10 17:00:00,45.89945996537398,39.480275504742636,6.419184460631342
2016-12-10 18:00:00,38.04115619455136,42.54636393063834,-4.50520773608698
2016-12-10 19:00:00,40.53162676905937,37.69180651165182,2.8398202574075526
2016-12-10 20:00:00,38.15839583065407,37.24741363498233,0.9109821956717425
2016-12-10 21:00:00,39.8267212635348,36.61496107724482,3.211760186289979
2016-12-10 22:00:00,34.85457266505484,35.94320805599848,-1.0886353909436437
2016-12-10 23:00:00,38.42365104881747,35.119904670780606,3.3037463780368626
2016-12-11 00:00:00,35.54980603459454,34.70786953027218,0.8419365043223621
2016-12-11 01:00:00,34.63152359841456,32.37733779550391,2.254185802910648
2016-12-11 02:00:00,32.31749911309701,30.151962208306088,2.165536904790919
2016-12-11 03:00:00,27.303877106230736,28.488013875358288,-1.1841367691275515
2016-12-11 04:00:00,26.022385167276685,25.197765477730353,0.8246196895463314
2016-12-11 05:00:00,22.236529902677447,24.219495869355846,-1.9829659666783996
2016-12-11 06:00:00,26.066350306144535,27.555550346388156,-1.4892000402436203
2016-12-11 07:00:00,27.617347538653142,28.38511514962707,-0.7677676109739267
2016-12-11 08:00:00,27.468364724638672,29.298307817703314,-1.8299430930646423
2016-12-11 09:00:00,29.406136805925616,29.747172808314335,-0.34103600238871934
2016-12-11 10:00:00,31.64014507991206,32.67950157852758,-1.0393564986155184
2016-12-11 11:00:00,35.02545012666893,32.79479238376953,2.230657742899396
2016-12-11 12:00:00,39.84196202709603,37.16414061978042,2.677821407315612
2016-12-11 13:00:00,36.704326546771775,38.560378404027155,-1.8560518572553804
2016-12-11 14:00:00,41.57857941401298,35.26656876755268,6.312010646460301
2016-12-11 15:00:00,36.47131202662844,35.82722389263279,0.6440881339956519
2016-12-11 16:00:00,37.64547122961093,36.944889875178006,0.7005813544329271
2016-12-11 17:00:00,37.94736360461532,36.15820618179643,1.7891574228188887
2016-12-11 18:00:00,44.662871487661384,36.87135479938091,7.791516688280474
2016-12-11 19:00:00,49.37181515375907,40.81111048163395,8.56070467212512
2016-12-11 20:00:00,41.5428218426208,41.66720223527993,-0.12438039265912693
2016-12-11 21:00:00,42.46462151927868,33.24702893000025,9.217592589278432
2016-12-11 22:00:00,39.98704663660944,38.01508687484037,1.971959761769071
2016-12-11 23:00:00,38.70473439979005,39.10796899889739,-0.4032345991073427
2016-12-12 00:00:00,38.847180987168606,34.062146608613865,4.785034378554741
2016-12-12 01:00:00,35.862543448550795,31.461619846832626,4.400923601718169
2016-12-12 02:00:00,31.020531646435437,31.943029593352875,-0.9224979469174386
2016-12-12 03:00:00,26.214541548320945,28.405456286298893,-2.1909147379779483
2016-12-12 04:00:00,22.302477519202778,26.639579610761785,-4.337102091559007
2016-12-12 05:00:00,23.29168993155384,24.0184256516747,-0.7267357201208604
2016-12-12 06:00:00,27.990229360964964,28.68691687739953,-0.6966875164345652
2016-12-12 07:00:00,29.4882048173492,31.127727676011325,-1.6395228586621258
2016-12-12 08:00:00,28.985157270450507,31.26165661210094,-2.2764993416504318
2016-12-12 09:00:00,30.411469842616043,32.56196511910231,-2.150495276486268
2016-12-12 10:00:00,29.98647478509705,34.82685278138309,-4.840377996286037
2016-12-12 11:00:00,30.620450039121206,38.13166784698485,-7.511217807863641
2016-12-12 12:00:00,31.254425384921802,38.969881231618196,-7.715455846696393
2016-12-12 13:00:00,31.8884007307224,38.72969152076893,-6.841290790046532
2016-12-12 14:00:00,32.522376076522995,37.25079487219742,-4.728418795674422
2016-12-12 15:00:00,33.156351238770704,34.893887447368485,-1.7375362085977812
2016-12-12 16:00:00,33.790326768124196,31.660528763193618,2.129798004930578
2016-12-12 17:00:00,34.4243019303719,31.833969639379955,2.5903322909919417
2016-12-12 18:00:00,35.058277092619605,35.88598756699723,-0.8277104743776249
2016-12-12 19:00:00,35.24351646655768,36.03458179634248,-0.7910653297848
2016-12-12 20:00:00,35.44897969791428,34.685806965287206,0.7631727326270763
2016-12-12 21:00:00,40.69546974971768,36.85584017816124,3.8396295715564435
2016-12-12 22:00:00,38.596580631741595,36.449577997571026,2.147002634170569
2016-12-12 23:00:00,40.725365376015304,36.8473034589433,3.878061917072003
2016-12-13 00:00:00,35.23618903518948,35.431323108090474,-0.19513407290099138
2016-12-13 01:00:00,34.91319285021197,32.900362748622534,2.0128301015894365
2016-12-13 02:00:00,30.176403568268455,30.195620079400356,-0.01921651113190137
2016-12-13 03:00:00,26.57112699440124,24.648124667651075,1.923002326750165
2016-12-13 04:00:00,23.71829695055268,23.527521862053725,0.19077508849895608
2016-12-13 05:00:00,23.419510657552618,24.922306239984508,-1.5027955824318902
2016-12-13 06:00:00,26.2813098298174,29.110774950427786,-2.8294651206103865
2016-12-13 07:00:00,28.886617046296823,30.612789269895785,-1.7261722235989616
2016-12-13 08:00:00,29.22693545019182,32.155911993240274,-2.928976543048453
2016-12-13 09:00:00,31.97633064135232,34.09275767804829,-2.116427036695967
2016-12-13 10:00:00,30.78106891326693,36.3048647146116,-5.523795801344665
2016-12-13 11:00:00,31.820108409580403,38.04651481742554,-6.226406407845136
2016-12-13 12:00:00,31.121651117081004,38.335102889465446,-7.213451772384442
2016-12-13 13:00:00,28.008958455423908,38.15376774561529,-10.144809290191382
2016-12-13 14:00:00,28.648912944839317,36.85677442922351,-8.207861484384196
2016-12-13 15:00:00,30.584105649139747,36.26482769760217,-5.680722048462425
2016-12-13 16:00:00,33.3799865733416,36.14803927048473,-2.7680526971431334
2016-12-13 17:00:00,34.67695404000316,37.37702281163281,-2.7000687716296525
2016-12-13 18:00:00,33.92398007075513,38.15387839309335,-4.229898322338222
2016-12-13 19:00:00,35.27370577747927,37.618623702928986,-2.344917925449714
2016-12-13 20:00:00,32.78645912593096,33.83090020006751,-1.0444410741365502
2016-12-13 21:00:00,34.37828522085269,32.615608687943265,1.762676532909424
2016-12-13 22:00:00,35.21010323267639,35.65376985295002,-0.4436666202736319
2016-12-13 23:00:00,36.56334544566686,36.21127062172748,0.3520748239393825
2016-12-14 00:00:00,33.93101455171091,33.88243954966809,0.04857500204281706
2016-12-14 01:00:00,30.851119854647877,29.848284664403515,1.0028351902443617
2016-12-14 02:00:00,29.085280228154325,27.51106456540917,1.5742156627451536
2016-12-14 03:00:00,24.94037740784087,24.479095256418475,0.46128215142239526
2016-12-14 04:00:00,24.10665448412491,23.737965009996664,0.3686894741282458
2016-12-14 05:00:00,23.304703464347988,23.797497000659128,-0.4927935363111402
2016-12-14 06:00:00,27.458575298357108,28.06013276935523,-0.6015574709981237
2016-12-14 07:00:00,30.070301370871363,30.52817282665127,-0.45787145577990884
2016-12-14 08:00:00,37.77003829708184,31.75750305716366,6.012535239918179
2016-12-14 09:00:00,37.55842017021826,34.49533311890764,3.0630870513106245
2016-12-14 10:00:00,33.72760307455856,35.77407523592968,-2.0464721613711205
2016-12-14 11:00:00,30.173765729686483,34.7536351729799,-4.579869443293415
2016-12-14 12:00:00,30.04597409682077,36.03768412126966,-5.991710024448892
2016-12-14 13:00:00,32.92802649496648,35.70115239702337,-2.77312590205689
2016-12-14 14:00:00,33.27593594659586,36.69200756843662,-3.4160716218407643
2016-12-14 15:00:00,36.534035720194076,36.8139823571508,-0.2799466369567227
2016-12-14 16:00:00,37.207579378935826,38.587266144730734,-1.379686765794908
2016-12-14 17:00:00,38.813767753287316,37.38469257359387,1.4290751796934487
2016-12-14 18:00:00,38.861835849905,37.676986089058346,1.184849760846653
2016-12-14 19:00:00,35.046553202430495,36.78390984969649,-1.7373566472659974
2016-12-14 20:00:00,32.742494170616,34.1248343794607,-1.3823402088447025
2016-12-14 21:00:00,35.59552979370134,32.28544269450223,3.3100870991991087
2016-12-14 22:00:00,40.47711009231074,33.52495628136886,6.95215381094188
2016-12-14 23:00:00,40.728003398150165,36.59967648492101,4.128326913229152
2016-12-15 00:00:00,44.36302976554391,37.52915206746493,6.833877698078979
2016-12-15 01:00:00,41.33208256699447,34.38741819580455,6.944664371189923
2016-12-15 02:00:00,30.55391633821815,28.56036878164353,1.9935475565746223
2016-12-15 03:00:00,26.378179316848254,25.399881554373458,0.9782977624747957
2016-12-15 04:00:00,25.050289612575384,25.250689931993527,-0.20040031941814362
2016-12-15 05:00:00,24.653784166216724,25.089844032046894,-0.4360598658301704
2016-12-15 06:00:00,27.6898018297991,27.610000576077038,0.07980125372206359
2016-12-15 07:00:00,28.56502771391666,30.90362253491027,-2.3385948209936096
2016-12-15 08:00:00,29.81559750703585,32.34141985010945,-2.525822343073603
2016-12-15 09:00:00,30.278109306844634,34.741190340077004,-4.4630810332323705
2016-12-15 10:00:00,28.423372514823278,35.19325232876106,-6.769879813937784
2016-12-15 11:00:00,32.52266902693541,32.492602804347335,0.030066222588075675
2016-12-15 12:00:00,33.637328459311966,33.08603522966454,0.5512932296474276
2016-12-15 13:00:00,38.483150819423415,34.02872755566928,4.454423263754137
2016-12-15 14:00:00,39.278624257712764,34.54182903313036,4.736795224582401
2016-12-15 15:00:00,39.9445475346739,35.01259756077806,4.93194997389584
2016-12-15 16:00:00,42.473414436920514,34.30288106384854,8.170533373071976
2016-12-15 17:00:00,43.174508650237435,35.109260846489946,8.06524780374749
2016-12-15 18:00:00,40.53485069201906,36.72066183989152,3.8141888521275433
2016-12-15 19:00:00,43.69564173652069,37.02542325701554,6.670218479505152
2016-12-15 20:00:00,41.07620616729774,35.45301718027405,5.623188987023688
2016-12-15 21:00:00,33.513640243078314,35.80650720774656,-2.2928669646682494
2016-12-15 22:00:00,35.45366910714762,33.927193526172914,1.5264755809747044
2016-12-15 23:00:00,36.130143738436644,33.39778020636305,2.7323635320735917
2016-12-16 00:00:00,34.194218382775844,33.144226564955545,1.049991817820299
2016-12-16 01:00:00,31.0076352203851,32.60352533753587,-1.5958901171507698
2016-12-16 02:00:00,33.46146827094635,29.741268539912802,3.7201997310335457
2016-12-16 03:00:00,29.68135770703319,29.220902783175465,0.4604549238577249
2016-12-16 04:00:00,23.915347952961277,28.234410908479862,-4.319062955518586
2016-12-16 05:00:00,22.48320296047034,25.366946202257285,-2.883743241786945
2016-12-16 06:00:00,27.684115636596704,27.081331428481885,0.6027842081148194
2016-12-16 07:00:00,28.798716354992578,29.33377145951511,-0.5350551045225309
2016-12-16 08:00:00,32.56341005929068,31.530823260839103,1.0325867984515789
2016-12-16 09:00:00,31.057169170382203,33.15418322471356,-2.0970140543313605
2016-12-16 10:00:00,35.658252753055415,35.499990915129644,0.15826183792577098
2016-12-16 11:00:00,36.53081179723438,37.53488715702464,-1.0040753597902636
2016-12-16 12:00:00,50.00110200809079,35.63809089126621,14.36301111682458
2016-12-16 13:00:00,43.33981785138094,37.68514578254972,5.654672068831225
2016-12-16 14:00:00,38.931007389390025,34.41805074807716,4.5129566413128686
2016-12-16 15:00:00,38.08834470572023,35.595624291044295,2.4927204146759365
2016-12-16 16:00:00,40.70748659031921,38.21489624780571,2.492590342513502
2016-12-16 17:00:00,39.584620141125654,37.516231763625285,2.0683883775003693
2016-12-16 18:00:00,40.98358684743448,36.87588243874083,4.10770440869365
2016-12-16 19:00:00,36.856445637240974,37.40566781389883,-0.5492221766578567
2016-12-16 20:00:00,34.57847240793957,36.83163285285312,-2.253160444913547
2016-12-16 21:00:00,34.25107976414114,35.00697743599219,-0.7558976718510522
2016-12-16 22:00:00,36.14655777207065,34.34540874751797,1.8011490245526787
2016-12-16 23:00:00,32.9664224555993,34.086024187203705,-1.119601731604405
2016-12-17 00:00:00,29.07229589747777,31.284115963234836,-2.211820065757067
2016-12-17 01:00:00,35.07263900494358,28.566721480623013,6.505917524320569
2016-12-17 02:00:00,30.56124395313924,30.949216662476584,-0.38797270933734396
2016-12-17 03:00:00,24.91596193662664,27.29269768486292,-2.3767357482362783
2016-12-17 04:00:00,21.36373664501086,24.32433618947515,-2.9605995444642907
2016-12-17 05:00:00,20.91429711492102,23.71778074545211,-2.8034836305310904
2016-12-17 06:00:00,25.7805779130444,27.97248617079095,-2.191908257746551
2016-12-17 07:00:00,27.548967295676842,29.86961245459899,-2.3206451589221473
2016-12-17 08:00:00,32.7351667392478,27.261363684934942,5.47380305431286
2016-12-17 09:00:00,28.2173818442373,29.094188470064587,-0.8768066258272889
2016-12-17 10:00:00,27.120718854959314,26.19893389360175,0.921784961357563
2016-12-17 11:00:00,31.48304344624422,29.77474317161548,1.7083002746287406
2016-12-17 12:00:00,32.415980745160596,33.633632943463454,-1.2176521983028579
2016-12-17 13:00:00,28.056176793937407,35.552106148495874,-7.495929354558466
2016-12-17 14:00:00,32.03172653644398,34.468451298049544,-2.4367247616055607
2016-12-17 15:00:00,35.92497419170402,34.45736880698132,1.4676053847226953
2016-12-17 16:00:00,33.82549843869154,38.665099868301,-4.839601429609459
2016-12-17 17:00:00,27.28596858496647,40.747916850976615,-13.461948266010147
2016-12-17 18:00:00,29.669926813144713,36.303369166153374,-6.633442353008661
2016-12-17 19:00:00,29.25867819216547,34.03445368290677,-4.775775490741303
2016-12-17 20:00:00,24.613072502323856,31.266571130280497,-6.65349862795664
2016-12-17 21:00:00,22.552433236880162,28.55631512643104,-6.003881889550879
2016-12-17 22:00:00,21.532269034902505,25.370003853973202,-3.837734819070697
2016-12-17 23:00:00,25.187870947051998,25.17626998567574,0.011600961376256436
2016-12-18 00:00:00,21.677998282165547,25.077429292865713,-3.399431010700166
2016-12-18 01:00:00,20.482795107452063,24.268658702294662,-3.785863594842599
2016-12-18 02:00:00,20.730318382231367,24.08282931149137,-3.352510929260003
2016-12-18 03:00:00,19.658862160676335,23.77841363321351,-4.119551472537175
2016-12-18 04:00:00,19.63605828383617,22.030324127585253,-2.394265843749082
2016-12-18 05:00:00,22.584175405251028,24.05587570275566,-1.4717002975046327
2016-12-18 06:00:00,25.374311858207907,28.890202686283917,-3.51589082807601
2016-12-18 07:00:00,25.927127641725676,29.82410212183966,-3.8969744801139825
2016-12-18 08:00:00,25.46795723872618,26.85329985867068,-1.3853426199445025
2016-12-18 09:00:00,26.92448833396895,25.993787410276052,0.9307009236928963
2016-12-18 10:00:00,26.463676601027203,25.486203301197442,0.9774732998297608
2016-12-18 11:00:00,26.387968926682706,27.99463565725613,-1.6066667305734228
2016-12-18 12:00:00,31.054824282212646,27.623325062598187,3.4314992196144587
2016-12-18 13:00:00,26.75513527910618,27.86493475561005,-1.10979947650387
2016-12-18 14:00:00,26.00690963956917,25.94288722965909,0.06402240991008057
2016-12-18 15:00:00,25.72603186783337,26.680014701004893,-0.9539828331715228
2016-12-18 16:00:00,26.38064131176162,28.280709233772704,-1.9000679220110825
2016-12-18 17:00:00,29.672271609537823,27.82903345466768,1.8432381548701429
2016-12-18 18:00:00,28.41847770990605,27.96596487323402,0.45251283667202813
2016-12-18 19:00:00,25.533084006727496,23.57035861004543,1.962725396682064
2016-12-18 20:00:00,26.505179561428797,22.315637598116723,4.189541963312074
2016-12-18 21:00:00,21.844098229159115,21.614008086095964,0.23009014306315123
2016-12-18 22:00:00,25.122744179050677,20.670842482086766,4.451901696963912
2016-12-18 23:00:00,25.180543515683798,23.20963133032268,1.9709121853611187
2016-12-19 00:00:00,22.749454503720578,22.78664903960772,-0.037194535887142166
2016-12-19 01:00:00,24.385919927275076,20.62991106670444,3.7560088605706348
2016-12-19 02:00:00,22.08833810984237,20.48464848596126,1.6036896238811096
2016-12-19 03:00:00,19.336451509417877,20.312011961429015,-0.9755604520111376
2016-12-19 04:00:00,20.07327612829926,22.397104141374832,-2.3238280130755733
2016-12-19 05:00:00,20.9094314949133,23.49402571774086,-2.584594222827562
2016-12-19 06:00:00,25.34500176562934,26.332860591435214,-0.9878588258058727
2016-12-19 07:00:00,27.74598911317593,27.36896525004104,0.377023863134891
2016-12-19 08:00:00,25.73418014772558,26.8581111226668,-1.1239309749412172
2016-12-19 09:00:00,25.450019716105295,26.308678849060346,-0.8586591329550508
2016-12-19 10:00:00,25.07634641373186,26.018010454276563,-0.9416640405447048
2016-12-19 11:00:00,26.21618287826319,26.243869593017887,-0.027686714754697306
2016-12-19 12:00:00,25.598210774728813,26.515821960721382,-0.9176111859925697
2016-12-19 13:00:00,25.32301947152475,26.66863935842523,-1.345619886900483
2016-12-19 14:00:00,25.462241768837828,27.781505053176303,-2.3192632843384757
2016-12-19 15:00:00,25.077958375211704,26.646659225291263,-1.5687008500795585
2016-12-19 16:00:00,25.820498096875653,26.4784236815668,-0.6579255846911458
2016-12-19 17:00:00,26.523117267602572,27.578798385167367,-1.055681117564795
2016-12-19 18:00:00,25.86525416514645,25.241949490143625,0.6233046750028244
2016-12-19 19:00:00,25.086927136522146,22.637439875836797,2.4494872606853484
2016-12-19 20:00:00,21.08203802475105,20.658961192853003,0.42307683189804735
2016-12-19 21:00:00,23.26888642181946,19.730736890434464,3.5381495313849953
2016-12-19 22:00:00,24.64156174637841,20.612534944819487,4.029026801558924
2016-12-19 23:00:00,21.603931754210407,19.46293204960083,2.140999704609577
2016-12-20 00:00:00,19.724809042990106,18.064954245980786,1.65985479700932
2016-12-20 01:00:00,19.338093206465903,18.51362278600006,0.8244704204658433
2016-12-20 02:00:00,19.463451753998424,18.236937996695328,1.2265137573030955
2016-12-20 03:00:00,19.715870017247845,18.82990598219392,0.8859640350539237
2016-12-20 04:00:00,20.006537031712313,19.74342746146816,0.26310957024415416
2016-12-20 05:00:00,19.502551456411446,21.341979317546805,-1.8394278611353592
2016-12-20 06:00:00,24.89641245252591,24.644635672616904,0.25177677990900804
2016-12-20 07:00:00,26.113597921343985,25.970007732312936,0.14359018903104825
2016-12-20 08:00:00,26.400982459476857,25.60907647255321,0.7919059869236484
2016-12-20 09:00:00,24.84916447022068,26.048002286707884,-1.198837816487206
2016-12-20 10:00:00,24.688780360221244,25.44589576211744,-0.757115401896197
2016-12-20 11:00:00,25.97191344556465,26.23626939084654,-0.264355945281892
2016-12-20 12:00:00,26.880523378653987,25.892026616164934,0.9884967624890528
2016-12-20 13:00:00,23.923466864391088,25.22579111121223,-1.3023242468211436
2016-12-20 14:00:00,24.109116295485386,25.904532254853148,-1.7954159593677623
2016-12-20 15:00:00,24.19783768617692,26.456831068419536,-2.2589933822426147
2016-12-20 16:00:00,24.315898537909423,25.90685512044589,-1.5909565825364673
2016-12-20 17:00:00,25.748014161937963,26.468384655085014,-0.7203704931470511
2016-12-20 18:00:00,25.39550303935666,24.90395949400835,0.4915435453483106
2016-12-20 19:00:00,23.955209399867737,23.3242530788863,0.6309563209814364
2016-12-20 20:00:00,21.831084329259184,20.026510346029283,1.8045739832299006
2016-12-20 21:00:00,19.23794087599767,20.05249847833961,-0.8145576023419423
2016-12-20 22:00:00,22.097307238258587,19.26980380991357,2.827503428345018
2016-12-20 23:00:00,21.542029643380342,19.01931909295864,2.522710550421703
2016-12-21 00:00:00,19.72155575156801,18.53056088634344,1.190994865224571
2016-12-21 01:00:00,22.63139401909386,17.991906521871048,4.639487497222813
2016-12-21 02:00:00,20.118061565032452,18.741178014237384,1.3768835507950676
2016-12-21 03:00:00,18.473448228691524,19.295162314861514,-0.8217140861699903
2016-12-21 04:00:00,18.434348526278505,19.608767359907517,-1.1744188336290122
2016-12-21 05:00:00,18.369221758277185,20.643187062386467,-2.273965304109282
2016-12-21 06:00:00,24.185615633444385,23.5809899029316,0.6046257305127867
2016-12-21 07:00:00,26.557292796635966,25.70167868480456,0.8556141118314073
2016-12-21 08:00:00,24.8882641726337,24.443641532950448,0.4446226396832529
2016-12-21 09:00:00,24.66111159758492,25.27631061032673,-0.6151990127418081
2016-12-21 10:00:00,24.417662829857505,25.762217914991087,-1.3445550851335817
2016-12-21 11:00:00,24.89884489542399,26.061640838939304,-1.162795943515313
2016-12-21 12:00:00,25.393040860890405,25.360684961371295,0.032355899519110665
2016-12-21 13:00:00,29.550342013543112,24.64860612860754,4.901735884935572
2016-12-21 14:00:00,25.658472289828193,25.222580841894054,0.43589144793413936
2016-12-21 15:00:00,25.09100127646825,25.374051788153988,-0.2830505116857367
2016-12-21 16:00:00,25.272547566259824,25.689187045853483,-0.416639479593659
2016-12-21 17:00:00,26.006118159507555,24.967969116474936,1.0381490430326181
2016-12-21 18:00:00,26.427859742051563,22.967092495087982,3.460767246963581
2016-12-21 19:00:00,23.698776467808568,21.243078694749297,2.4556977730592706
2016-12-21 20:00:00,20.8149656329768,20.532807460106618,0.28215817287018297
2016-12-21 21:00:00,20.05211394850712,19.950713930598514,0.10140001790860609
2016-12-21 22:00:00,20.02198337451032,19.6296489562474,0.39233441826291937
2016-12-21 23:00:00,19.759013756933008,19.097484730595646,0.6615290263373623
2016-12-22 00:00:00,19.266430487158004,20.026065957940617,-0.7596354707826123
2016-12-22 01:00:00,18.99534195815088,19.725227291578275,-0.7298853334273936
2016-12-22 02:00:00,19.38041683183862,20.454961904618298,-1.074545072779678
2016-12-22 03:00:00,18.976583587005983,20.47221985577243,-1.4956362687664466
2016-12-22 04:00:00,18.913098516052692,20.479585417682998,-1.5664869016303058
2016-12-22 05:00:00,19.90881714414216,20.422149002206783,-0.5133318580646247
2016-12-22 06:00:00,23.70446256923452,23.75470091356113,-0.050238344326611895
2016-12-22 07:00:00,25.45248152746577,25.509157501857914,-0.056675974392142336
2016-12-22 08:00:00,24.64971002627062,26.22864334108777,-1.578933314817153
2016-12-22 09:00:00,25.712197486515212,25.887122117374552,-0.17492463085934062
2016-12-22 10:00:00,24.73438664547845,26.50478595831381,-1.7703993128353623
2016-12-22 11:00:00,25.110521759212364,26.138513826075773,-1.0279920668634084
2016-12-22 12:00:00,24.122129828279533,26.00136785908783,-1.8792380308082954
2016-12-22 13:00:00,23.539183470764964,26.34952610436234,-2.810342633597376
2016-12-22 14:00:00,23.42033150607663,26.313996764554616,-2.893665258477988
2016-12-22 15:00:00,23.897410063234613,25.626504049920573,-1.7290939866859603
2016-12-22 16:00:00,24.151439920858103,27.458166863141788,-3.306726942283685
2016-12-22 17:00:00,25.0437830297312,27.324061155562507,-2.280278125831309
2016-12-22 18:00:00,26.759209235499394,24.695628100247685,2.0635811352517095
2016-12-22 19:00:00,23.424376277560338,23.224840227020053,0.199536050540285
2016-12-22 20:00:00,20.55038442102542,21.400436829513183,-0.8500524084877625
2016-12-22 21:00:00,20.54713039539177,23.22375537329186,-2.67662497790009
2016-12-22 22:00:00,20.3020696661845,22.472884971394222,-2.1708153052097217
2016-12-22 23:00:00,19.2737579185262,21.75115726218797,-2.4773993436617694
2016-12-23 00:00:00,20.024445185870796,20.591580348457164,-0.5671351625863679
2016-12-23 01:00:00,20.320798668867,19.847061613593507,0.4737370552734923
2016-12-23 02:00:00,19.255849030156156,19.61620657874831,-0.3603575485921553
2016-12-23 03:00:00,18.597195181849976,19.824285532307297,-1.2270903504573205
2016-12-23 04:00:00,18.449003389014898,20.255329929131015,-1.8063265401161175
2016-12-23 05:00:00,18.706286538060475,21.169267945285597,-2.462981407225122
2016-12-23 06:00:00,24.151439920858103,24.554546357448658,-0.403106436590555
2016-12-23 07:00:00,24.521888933166064,27.147410971437527,-2.6255220382714626
2016-12-23 08:00:00,24.366370076068566,27.355963730673363,-2.9895936546047963
2016-12-23 09:00:00,25.602284914674918,27.749171903582766,-2.1468869889078483
2016-12-23 10:00:00,27.811936546148374,27.07095157180478,0.7409849743435934
2016-12-23 11:00:00,25.48179162004434,27.21256387791653,-1.7307722578721894
2016-12-23 12:00:00,24.18318282344053,26.896087011033906,-2.7129041875933773
2016-12-23 13:00:00,24.12620396822564,27.225993623665445,-3.099789655439807
2016-12-23 14:00:00,23.925108194333333,26.683603086074402,-2.758494891741069
2016-12-23 15:00:00,23.861593387811862,25.773335708099506,-1.9117423202876438
2016-12-23 16:00:00,24.543871594376434,26.17692547786501,-1.633053883488575
2016-12-23 17:00:00,25.78629301582697,26.557638988188632,-0.7713459723616616
2016-12-23 18:00:00,25.47607615015599,25.778631546103277,-0.3025553959472873
2016-12-23 19:00:00,23.171987749879094,22.324715021193725,0.8472727286853683
2016-12-23 20:00:00,19.693886988931695,22.197225319069595,-2.5033383301379004
2016-12-23 21:00:00,19.311215923891197,22.222647350796798,-2.911431426905601
2016-12-23 22:00:00,19.801337382305725,23.915855028932395,-4.11451764662667
2016-12-23 23:00:00,19.313648366789273,23.258245099809333,-3.9445967330200595
2016-12-24 00:00:00,19.209451264837334,23.113851904975935,-3.9044006401386007
2016-12-24 01:00:00,19.500910493574978,20.67215599561693,-1.1712455020419519
2016-12-24 02:00:00,19.154905953837865,21.270195889626184,-2.1152899357883186
2016-12-24 03:00:00,18.878893067898225,21.318051014504356,-2.43915794660613
2016-12-24 04:00:00,18.834107631165033,20.916698087068315,-2.082590455903283
2016-12-24 05:00:00,19.03520377216312,21.040821810932705,-2.0056180387695868
2016-12-24 06:00:00,22.84796550424657,25.206252661174133,-2.358287156927563
2016-12-24 07:00:00,23.496038996868236,26.23114657700787,-2.7351075801396334
2016-12-24 08:00:00,23.243650836292776,26.65167518090489,-3.4080243446121123
2016-12-24 09:00:00,22.48402307478279,26.10241433072705,-3.6183912559442604
2016-12-24 10:00:00,22.87563426688289,25.978663916159906,-3.1030296492770155
2016-12-24 11:00:00,22.969250278938766,25.656940762628917,-2.687690483690151
2016-12-24 12:00:00,23.141886177238913,24.863062398240594,-1.7211762210016808
2016-12-24 13:00:00,23.60105694734419,24.476146215906446,-0.875089268562256
2016-12-24 14:00:00,23.474056702763647,24.214380980130024,-0.7403242773663763
2016-12-24 15:00:00,23.030332642562158,24.15766282930416,-1.1273301867420038
2016-12-24 16:00:00,23.255052407607078,24.09580332801802,-0.8407509204109438
2016-12-24 17:00:00,23.3844850950857,24.103874224066217,-0.7193891289805165
2016-12-24 18:00:00,23.448820750131183,23.924540187351603,-0.47571943722041965
2016-12-24 19:00:00,22.7356204895082,23.80076268925316,-1.0651421997449582
2016-12-24 20:00:00,19.869747544403094,23.322861156451324,-3.453113612048231
2016-12-24 21:00:00,18.900055247690364,22.31713016378951,-3.4170749160991463
2016-12-24 22:00:00,18.404247320744105,22.105897275208328,-3.701649954464223
2016-12-24 23:00:00,18.887041347790436,21.563870233715992,-2.6768288859255556
2016-12-25 00:00:00,19.006714161002783,20.646692978710206,-1.6399788177074228
2016-12-25 01:00:00,18.966002864215696,20.206939813118012,-1.2409369489023163
2016-12-25 02:00:00,18.941587393001466,20.44659518771575,-1.5050077947142846
2016-12-25 03:00:00,18.9285448588507,19.87731337668982,-0.9487685178391203
2016-12-25 04:00:00,18.626504907322765,19.535167383242243,-0.9086624759194777
2016-12-25 05:00:00,18.757579291849414,20.4431112956893,-1.685532003839885
2016-12-25 06:00:00,22.777944114880917,24.989973371296262,-2.212029256415345
2016-12-25 07:00:00,23.010782791355645,26.087065422428594,-3.0762826310729494
2016-12-25 08:00:00,22.57031202257625,26.48628224429659,-3.9159702217203396
2016-12-25 09:00:00,22.649302173252345,26.005505582973594,-3.3562034097212496
2016-12-25 10:00:00,22.79910556046149,25.68402330431335,-2.884917743851858
2016-12-25 11:00:00,22.952983454722524,26.1744117873851,-3.221428332662576
2016-12-25 12:00:00,22.503572925989303,26.610642271061373,-4.10706934507207
2016-12-25 13:00:00,22.027285481787153,26.478118290374603,-4.45083280858745
2016-12-25 14:00:00,22.498678671730744,25.1909812073779,-2.692302535647155
2016-12-25 15:00:00,22.810507865987354,25.736696872136235,-2.9261890061488813
2016-12-25 16:00:00,22.063102524315685,25.854157214878633,-3.791054690562948
2016-12-25 17:00:00,23.583148426079926,24.2692050864988,-0.686056660418874
2016-12-25 18:00:00,23.40646775629607,23.66532061425545,-0.2588528579593792
2016-12-25 19:00:00,22.51658682588923,22.114119155322076,0.40246767056715527
2016-12-25 20:00:00,19.842870261828388,21.40539359941789,-1.5625233375895036
2016-12-25 21:00:00,19.417053988679605,20.954723341767455,-1.5376693530878498
2016-12-25 22:00:00,20.1660716589369,21.17950051989809,-1.0134288609611914
2016-12-25 23:00:00,20.38267214544623,20.41052072950771,-0.027848584061480608
2016-12-26 00:00:00,21.627526376900626,19.81533131015665,1.8121950667439748
2016-12-26 01:00:00,22.58499625377504,19.131686220621482,3.4533100331535564
2016-12-26 02:00:00,18.875639776476135,19.52314932531435,-0.6475095488382152
2016-12-26 03:00:00,18.35374604701678,19.595414591467804,-1.2416685444510236
2016-12-26 04:00:00,18.196615228439434,20.179680771229627,-1.983065542790193
2016-12-26 05:00:00,18.435990223326527,21.51409899884331,-3.0781087755167817
2016-12-26 06:00:00,22.301656670678767,24.169378109454914,-1.8677214387761474
2016-12-26 07:00:00,23.04416665677454,26.0595627059466,-3.015396049172061
2016-12-26 08:00:00,22.700594927041283,26.221163671760014,-3.52056874471873
2016-12-26 09:00:00,22.618351484943094,26.47216559418133,-3.853814109238236
2016-12-26 10:00:00,22.684298367256865,27.049463881642815,-4.36516551438595
2016-12-26 11:00:00,22.870769013980954,26.185086881252,-3.314317867271047
2016-12-26 12:00:00,22.95705759466863,26.868936031268873,-3.9118784366002437
2016-12-26 13:00:00,23.186671981077886,26.81779381804867,-3.6311218369707845
2016-12-26 14:00:00,23.797287101228775,26.353052869662758,-2.5557657684339823
2016-12-26 15:00:00,23.469982562817542,25.851856287994146,-2.381873725176604
2016-12-26 16:00:00,24.112369586907477,24.486925586362368,-0.37455599945489126
2016-12-26 17:00:00,23.98616082238855,23.606295867296886,0.3798649550916622
2016-12-26 18:00:00,24.24913007286008,22.94727487965767,1.3018551932024103
2016-12-26 19:00:00,24.95095813063116,21.367416409112344,3.5835417215188166
2016-12-26 20:00:00,21.789552183948086,19.399861162303893,2.389691021644193
2016-12-26 21:00:00,20.133537276292856,19.79605436005363,0.33748291623922455
2016-12-26 22:00:00,20.003254371827822,20.25112052313424,-0.2478661513064182
2016-12-26 23:00:00,20.152266278975354,20.284879812490615,-0.1326135335152614
2016-12-27 00:00:00,19.80215823082974,19.922564898477418,-0.12040666764767849
2016-12-27 01:00:00,19.21839102479116,20.2396641796623,-1.021273154871139
2016-12-27 02:00:00,19.189110667780767,19.576355177524626,-0.3872445097438586
2016-12-27 03:00:00,19.17038166509827,19.78944718418113,-0.6190655190828629
2016-12-27 04:00:00,20.539802964023572,20.484693500292195,0.05510946373137671
2016-12-27 05:00:00,19.823320410621875,21.820706838689766,-1.997386428067891
2016-12-27 06:00:00,22.183596186052046,24.932269414165173,-2.7486732281131268
2016-12-27 07:00:00,23.32179113708824,26.394564957354063,-3.072773820265823
2016-12-27 08:00:00,21.236736400430317,26.526704295883164,-5.289967895452847
2016-12-27 09:00:00,21.994722464892273,26.577771888139786,-4.5830494232475125
2016-12-27 10:00:00,21.819682757944886,26.252201090359453,-4.432518332414567
2016-12-27 11:00:00,21.644614416746656,25.826346079372858,-4.181731662626202
2016-12-27 12:00:00,21.30919059979983,25.330504025433584,-4.021313425633753
2016-12-27 13:00:00,19.52371363620358,24.700963012460253,-5.177249376256672
2016-12-27 14:00:00,22.029718658896794,24.637230767798712,-2.6075121089019184
2016-12-27 15:00:00,23.908812001654695,24.34229129990406,-0.43347929824936315
2016-12-27 16:00:00,23.922646015867077,24.25277546005628,-0.330129444189204
2016-12-27 17:00:00,23.96986462970991,24.007095878684016,-0.03723124897410557
2016-12-27 18:00:00,25.074705083789613,23.865007883450513,1.2096972003391002
2016-12-27 19:00:00,22.837384414350502,22.792237895881435,0.04514651846906759
2016-12-27 20:00:00,21.254615186126404,20.837956097684575,0.4166590884418291
2016-12-27 21:00:00,20.820680735759368,20.673347761650156,0.14733297410921153
2016-12-27 22:00:00,19.285980338364514,21.039914840477586,-1.7539345021130721
2016-12-27 23:00:00,19.46834674246854,21.319272044554644,-1.8509253020861038
2016-12-28 00:00:00,18.859343950903277,20.717237455841502,-1.8578935049382252
2016-12-28 01:00:00,19.398324985997107,19.97574758247392,-0.5774225964768149
2016-12-28 02:00:00,19.18339483078664,20.026829899805108,-0.8434350690184687
2016-12-28 03:00:00,18.91553095895077,20.57279369649625,-1.65726273754548
2016-12-28 04:00:00,20.205991475662373,21.167472672462253,-0.9614811967998804
2016-12-28 05:00:00,20.508060795652703,21.706182306681654,-1.1981215110289511
2016-12-28 06:00:00,21.691041550527874,24.60212825970349,-2.911086709175617
2016-12-28 07:00:00,22.076936538528066,26.102400086039424,-4.025463547511357
2016-12-28 08:00:00,21.62101979405644,26.339730425058196,-4.7187106310017555
2016-12-28 09:00:00,21.86687200332532,26.275409725918525,-4.408537722593206
2016-12-28 10:00:00,22.0679975127858,26.213909529589795,-4.145912016803994
2016-12-28 11:00:00,21.90597170573834,25.805826955515737,-3.8998552497773957
2016-12-28 12:00:00,21.708128856162347,25.527757878019248,-3.819629021856901
2016-12-28 13:00:00,21.993901616368262,25.00580935058866,-3.0119077342203973
2016-12-28 14:00:00,22.359456007311888,24.596213868065085,-2.2367578607531975
2016-12-28 15:00:00,21.34744008522644,23.73148116375347,-2.38404107852703
2016-12-28 16:00:00,21.546923897638898,22.924342004369013,-1.377418106730115
2016-12-28 17:00:00,22.654197161722465,23.597624316357596,-0.9434271546351312
2016-12-28 18:00:00,22.843070882882234,23.530489091581597,-0.6874182086993628
2016-12-28 19:00:00,22.359456007311888,22.42785544033481,-0.06839943302292184
2016-12-28 20:00:00,22.30816325352295,20.683534472374514,1.6246287811484343
2016-12-28 21:00:00,21.409313561805668,21.036427474613227,0.3728860871924411
2016-12-28 22:00:00,24.92897583652657,21.1529373738992,3.776038462627369
2016-12-28 23:00:00,21.635674656792833,21.946108431999082,-0.31043377520624915
2016-12-29 00:00:00,19.078377614522246,21.284491335909593,-2.2061137213873465
2016-12-29 01:00:00,19.196408730686567,20.6727399230516,-1.4763311923650342
2016-12-29 02:00:00,18.780382434478017,20.460638313023182,-1.6802558785451644
2016-12-29 03:00:00,18.51090623405652,20.83779299049954,-2.3268867564430202
2016-12-29 04:00:00,19.034412292101504,21.572609195788985,-2.5381969036874814
2016-12-29 05:00:00,19.489508922260676,23.175171335461364,-3.6856624132006885
2016-12-29 06:00:00,21.457353024172512,26.069795257041143,-4.612442232868631
2016-12-29 07:00:00,21.967845182317568,27.819289500739053,-5.8514443184214855
2016-12-29 08:00:00,22.396093164152873,27.473348659417297,-5.077255495264424
2016-12-29 09:00:00,21.91411998563055,27.768108546533718,-5.8539885609031685
2016-12-29 10:00:00,21.25382444027635,27.213163492509945,-5.959339052233595
2016-12-29 11:00:00,21.98332089357797,26.025121815492422,-4.041800921914451
2016-12-29 12:00:00,24.54469244290045,25.591184401583817,-1.0464919586833688
2016-12-29 13:00:00,24.04234819754182,25.891504675102475,-1.8491564775606548
2016-12-29 14:00:00,22.290255099364465,25.263009492483572,-2.972754393119107
2016-12-29 15:00:00,21.69429484194997,24.966758236789484,-3.272463394839516
2016-12-29 16:00:00,21.583561788691444,25.191951038404596,-3.6083892497131522
2016-12-29 17:00:00,22.745380363774476,25.27772388284938,-2.532343519074903
2016-12-29 18:00:00,22.770616683512717,25.144116784301982,-2.373500100789265
2016-12-29 19:00:00,22.83981759146014,24.359805639951013,-1.5199880484908732
2016-12-29 20:00:00,20.39079105687604,22.90511017599644,-2.514319119120401
2016-12-29 21:00:00,19.916145309721912,22.07683359053135,-2.1606882808094383
2016-12-29 22:00:00,21.651941848114852,22.00203843353958,-0.35009658542472977
2016-12-29 23:00:00,20.013835094618113,21.865712205731317,-1.851877111113204
2016-12-30 00:00:00,19.412159734421046,21.083559583653795,-1.671399849232749
2016-12-30 01:00:00,19.54244263888608,20.46893963268348,-0.9264969937974001
2016-12-30 02:00:00,19.091390780210613,20.967785773101788,-1.876394992891175
2016-12-30 03:00:00,18.6737235211656,21.21061267596019,-2.53688915479459
2016-12-30 04:00:00,18.760832583271508,21.986312118585516,-3.225479535314008
2016-12-30 05:00:00,18.844688353955323,23.58100065887516,-4.736312304919835
2016-12-30 06:00:00,21.958876053901346,26.178006920632406,-4.21913086673106
2016-12-30 07:00:00,21.680460093526026,27.73550960736518,-6.055049513839155
2016-12-30 08:00:00,21.384898090591438,27.87716671889217,-6.492268628300732
2016-12-30 09:00:00,22.15753901778979,28.113279647123374,-5.955740629333583
2016-12-30 10:00:00,22.4620407806782,28.220591832221128,-5.758551051542927
2016-12-30 11:00:00,21.30919059979983,28.236026722576202,-6.926836122776372
2016-12-30 12:00:00,21.608797374218128,27.639131505147166,-6.030334130929038
2016-12-30 13:00:00,21.255465403112815,27.58042948833585,-6.3249640852230335
2016-12-30 14:00:00,21.342574465218725,26.8264490833458,-5.483874618127075
2016-12-30 15:00:00,21.87666124605399,26.415637014306476,-4.5389757682524845
2016-12-30 16:00:00,21.572160217377142,26.922279246688156,-5.3501190293110135
2016-12-30 17:00:00,24.965613360473334,26.317368524137752,-1.3517551636644178
2016-12-30 18:00:00,27.754928597800422,26.7309037891983,1.024024808602121
2016-12-30 19:00:00,23.391812893559678,26.563106789153416,-3.171293895593738
2016-12-30 20:00:00,20.21657219845266,24.980419830413783,-4.763847631961124
2016-12-30 21:00:00,20.78325209885677,24.84963150803453,-4.06637940917776
2016-12-30 22:00:00,23.16548079992913,23.76333816575349,-0.5978573658243569
2016-12-30 23:00:00,20.809279164445066,23.076219375568016,-2.26694021112295
2016-12-31 00:00:00,19.021369023739176,22.552562609022797,-3.5311935852836207
2016-12-31 01:00:00,18.804006425630632,21.45813952870219,-2.6541331030715583
2016-12-31 02:00:00,18.341552995640864,21.462465961266254,-3.12091296562539
2016-12-31 03:00:00,18.362715175433003,20.913879600957742,-2.551164425524739
2016-12-31 04:00:00,18.454719226009026,21.120433245055683,-2.665714019046657
2016-12-31 05:00:00,18.51008538553251,22.485011613706185,-3.9749262281736755
2016-12-31 06:00:00,21.87502028321753,25.96429310019056,-4.089272816973029
2016-12-31 07:00:00,21.30511645985373,26.91979359278491,-5.614677132931181
2016-12-31 08:00:00,21.052728299278265,27.281270096972815,-6.22854179769455
2016-12-31 09:00:00,20.89231482081643,28.335000517009895,-7.442685696193465
2016-12-31 10:00:00,21.353976036533023,28.94589793059743,-7.591921894064406
2016-12-31 11:00:00,21.742333570105252,29.299292195452917,-7.556958625347665
2016-12-31 12:00:00,21.92226826552276,28.178042060905383,-6.255773795382623
2016-12-31 13:00:00,27.49603339549855,27.32625535159976,0.16977804389879125
2016-12-31 14:00:00,21.540417314794716,28.929856417189626,-7.38943910239491
2016-12-31 15:00:00,21.119496030116046,27.27427246070645,-6.1547764305904025
2016-12-31 16:00:00,21.92552155694485,28.10528469293205,-6.179763135987198
2016-12-31 17:00:00,23.503366428236433,27.02199220915394,-3.5186257809175068
2016-12-31 18:00:00,23.308777604294093,26.997711785291404,-3.688934180997311
2016-12-31 19:00:00,22.69895396420482,25.84600291649925,-3.14704895229443
2016-12-31 20:00:00,20.05454712561676,24.920110873426296,-4.865563747809535
2016-12-31 21:00:00,19.29330776973271,24.453804882917506,-5.160497113184796
2016-12-31 22:00:00,19.29412788404516,24.71234890050535,-5.4182210164601905
2016-12-31 23:00:00,19.618970978201702,23.166209341568482,-3.5472383633667803
