timestamp,actual,predicted,residual
2016-11-07 02:00:00,27.10034833878168,28.66747722230585,-1.5671288835241697
2016-11-07 03:00:00,27.073471056206973,24.33687706775746,2.7365939884495134
2016-11-07 04:00:00,22.88052925535301,25.145093657629207,-2.2645644022761964
2016-11-07 05:00:00,22.24221563699762,21.78341434664627,0.4588012903513494
2016-11-07 06:00:00,26.19173840569234,22.034599220648833,4.157139185043508
2016-11-07 07:00:00,28.92899931108186,26.537615773636674,2.3913835374451864
2016-11-07 08:00:00,29.392947291798194,29.38104044609271,0.011906845705482283
2016-11-07 09:00:00,30.109576825176543,29.76398846294117,0.3455883622353717
2016-11-07 10:00:00,31.27875275074884,30.362263615252104,0.9164891354967359
2016-11-07 11:00:00,29.360413207427598,31.35271962141171,-1.9923064139841102
2016-11-07 12:00:00,30.11778356666421,29.316730652028568,0.801052914635644
2016-11-07 13:00:00,34.16578787564608,30.050602926218776,4.115184949427306
2016-11-07 14:00:00,35.35196318501855,33.87110672091197,1.48085646410658
2016-11-07 15:00:00,40.22709563770856,34.624374478404405,5.602721159304153
2016-11-07 16:00:00,35.081725240103616,38.90234676504733,-3.8206215249437108
2016-11-07 17:00:00,36.67912032970749,33.26798722544486,3.4111331042626247
2016-11-07 18:00:00,37.20728642852341,34.69484351634506,2.5124429121783507
2016-11-07 19:00:00,37.462283242771335,34.996116292026784,2.466166950744551
2016-11-07 20:00:00,34.03535812886906,35.04849073302762,-1.0131326041585567
2016-11-07 21:00:00,32.241000142243784,31.60789626791383,0.6331038743299544
2016-11-07 22:00:00,33.06578330600592,30.06679881666615,2.998984489339769
2016-11-07 23:00:00,36.500622486312785,31.154920783853324,5.345701702459461
2016-11-08 00:00:00,35.18812020436024,34.61450955658337,0.5736106477768672
2016-11-08 01:00:00,29.99292299812222,33.20807273057027,-3.215149732448051
2016-11-08 02:00:00,27.819264069293016,28.236395298708985,-0.41713122941596836
2016-11-08 03:00:00,23.415436517606512,26.60299900679686,-3.1875624891903485
2016-11-08 04:00:00,22.03133025327086,22.919328100945155,-0.8879978476742956
2016-11-08 05:00:00,21.82372752942859,22.37851925639288,-0.5547917269642895
2016-11-08 06:00:00,25.7993069157269,22.899867450942914,2.8994394647839847
2016-11-08 07:00:00,26.41563750576614,27.275772544461248,-0.860135038695109
2016-11-08 08:00:00,26.446559559824554,27.96287805360047,-1.5163184937759162
2016-11-08 09:00:00,27.93975745570004,28.00803178616635,-0.06827433046630915
2016-11-08 10:00:00,27.773687060721763,29.440348926932252,-1.6666618662104895
2016-11-08 11:00:00,28.2466917991512,29.150252299028175,-0.9035604998769742
2016-11-08 12:00:00,28.61634956083866,29.509769530004878,-0.8934199691662172
2016-11-08 13:00:00,27.63039043990969,29.74598838542224,-2.115597945512551
2016-11-08 14:00:00,29.33520660031342,28.674297976321444,0.6609086239919755
2016-11-08 15:00:00,29.52484229540774,30.28709910921956,-0.7622568138118204
2016-11-08 16:00:00,30.047732717059716,30.305359522790383,-0.2576268057306663
2016-11-08 17:00:00,32.52501373155208,30.66058604102191,1.8644276905301673
2016-11-08 18:00:00,31.988640983024936,32.874284369077536,-0.8856433860525996
2016-11-08 19:00:00,34.79184933859498,32.02778595557914,2.764063383015838
2016-11-08 20:00:00,32.525893317000886,34.5011302548145,-1.9752369378136123
2016-11-08 21:00:00,33.62824222415193,31.93301616459714,1.6952260595547912
2016-11-08 22:00:00,33.960617594701894,32.87552565276826,1.0850919419336336
2016-11-08 23:00:00,34.409060799704896,33.017272871663124,1.3917879280417722
2016-11-09 00:00:00,32.0097440587865,33.28706354797284,-1.2773194891863398
2016-11-09 01:00:00,31.137771649643927,30.833213376626013,0.30455827301791416
2016-11-09 02:00:00,29.12270909449804,30.085225787722703,-0.9625166932246643
2016-11-09 03:00:00,24.791365133587558,28.30064549770732,-3.5092803641197605
2016-11-09 04:00:00,21.70566704480187,24.437441619815477,-2.731774575013606
2016-11-09 05:00:00,22.241395522685167,22.067977594919665,0.17341792776550236
2016-11-09 06:00:00,26.45716983463013,23.29103243154003,3.1661374030900973
2016-11-09 07:00:00,27.85264821004124,27.82668249891607,0.025965711125170543
2016-11-09 08:00:00,28.896377276196823,29.18615515512501,-0.28977787892818796
2016-11-09 09:00:00,30.503503169878023,30.07987650847851,0.42362666139951344
2016-11-09 10:00:00,31.137771649643927,31.44416860197512,-0.3063969523311947
2016-11-09 11:00:00,32.056347036236325,31.777087807070167,0.27925922916615775
2016-11-09 12:00:00,29.91319982897997,32.38879884914725,-2.47559902016728
2016-11-09 13:00:00,31.20283986427334,30.050356266126894,1.1524835981464463
2016-11-09 14:00:00,29.943389139901566,31.244924579980935,-1.3015354400793697
2016-11-09 15:00:00,31.16297823381399,29.89850486940199,1.2644733644120016
2016-11-09 16:00:00,35.609305070988924,31.06479260659957,4.544512464389353
2016-11-09 17:00:00,32.70585664666923,35.220144183973666,-2.5142875373044333
2016-11-09 18:00:00,31.594421320805264,31.987100049313423,-0.39267872850815877
2016-11-09 19:00:00,34.64354080612187,30.82144954706093,3.82209125906094
2016-11-09 20:00:00,36.30219373591196,33.761196290521305,2.5409974453906585
2016-11-09 21:00:00,35.30477393963812,35.11242377953352,0.1923501601045956
2016-11-09 22:00:00,36.71224061317636,33.83994697412045,2.8722936390559113
2016-11-09 23:00:00,36.70755120394303,35.03426562221618,1.6732855817268444
2016-11-10 00:00:00,35.40735944721599,34.80063935912393,0.6067200880920609
2016-11-10 01:00:00,30.694897439323068,33.38786076109985,-2.6929633217767837
2016-11-10 02:00:00,31.243580713075715,28.863735928986046,2.37984478408967
2016-11-10 03:00:00,24.902098553951863,29.78624738828653,-4.884148834334667
2016-11-10 04:00:00,21.653583545162878,23.978916553039966,-2.325333007877088
2016-11-10 05:00:00,21.929595696890956,21.61077981137133,0.31881588551962636
2016-11-10 06:00:00,26.524729229082418,22.721968264149456,3.8027609649329612
2016-11-10 07:00:00,26.27641502490017,27.749627668485616,-1.4732126435854447
2016-11-10 08:00:00,26.032966073619864,27.602586729633327,-1.5696206560134627
2016-11-10 09:00:00,27.582351344648625,27.454098961781046,0.12825238286757923
2016-11-10 10:00:00,27.456142488353247,29.017313288298347,-1.5611707999450992
2016-11-10 11:00:00,28.438027515224338,28.820430502588053,-0.38240298736371514
2016-11-10 12:00:00,29.15204840640228,29.70653027739514,-0.5544818709928592
2016-11-10 13:00:00,32.61968517272537,30.25997413757307,2.359711035152298
2016-11-10 14:00:00,29.936940926876396,33.41556886190752,-3.4786279350311275
2016-11-10 15:00:00,30.96279086317422,30.422606650689357,0.5401842124848635
2016-11-10 16:00:00,31.957572270207425,31.302066277517156,0.6555059926902693
2016-11-10 17:00:00,29.681943883187355,32.08749650225439,-2.405552619067034
2016-11-10 18:00:00,31.52290507670357,29.694386544097327,1.8285185326062425
2016-11-10 19:00:00,32.63434003546176,31.484474526354482,1.1498655091072791
2016-11-10 20:00:00,31.615817714085022,32.41503582996023,-0.7992181158752096
2016-11-10 21:00:00,39.39029489913333,31.24363016676566,8.146664732367672
2016-11-10 22:00:00,36.179091420503134,38.62678921946352,-2.447697798960384
2016-11-10 23:00:00,39.07257512553133,34.85163454167895,4.220940583852382
2016-11-11 00:00:00,37.867640710802405,37.3600728892412,0.507567821561203
2016-11-11 01:00:00,34.23232139299625,35.767711605773215,-1.5353902127769672
2016-11-11 02:00:00,27.309592576119083,32.058809950115354,-4.74921737399627
2016-11-11 03:00:00,24.473849837905,25.568848390720134,-1.0949985528151345
2016-11-11 04:00:00,21.746378341588958,23.551709713014684,-1.8053313714257264
2016-11-11 05:00:00,21.53634317484861,21.721194678081993,-0.18485150323338218
2016-11-11 06:00:00,24.62529492216217,22.352646554259863,2.272648367902306
2016-11-11 07:00:00,25.025845140004535,25.967437659022444,-0.9415925190179095
2016-11-11 08:00:00,25.34500176562934,26.59103401766604,-1.2460322520366987
2016-11-11 09:00:00,26.877270087231896,27.040765892857426,-0.16349580562553
2016-11-11 10:00:00,26.0761397324261,28.584742037633262,-2.5086023052071624
2016-11-11 11:00:00,35.16877593239051,27.73935406438567,7.429421868004841
2016-11-11 12:00:00,36.71224061317636,36.44813104606189,0.264109567114474
2016-11-11 13:00:00,31.750057468199458,37.15540816112026,-5.4053506929208055
2016-11-11 14:00:00,38.599804554701294,31.675732960883437,6.924071593817857
2016-11-11 15:00:00,38.80145722806181,38.09396363703966,0.7074935910221498
2016-11-11 16:00:00,35.65649431636936,37.60330666170607,-1.9468123453367099
2016-11-11 17:00:00,34.409060799704896,34.05214794661235,0.3569128530925454
2016-11-11 18:00:00,33.9116699126354,32.71376369273393,1.1979062199014763
2016-11-11 19:00:00,39.74523919882427,32.23949259131182,7.5057466075124495
2016-11-11 20:00:00,32.7351667392478,37.87851551312384,-5.143348773876035
2016-11-11 21:00:00,37.44264602038919,30.72168141865147,6.72096460173772
2016-11-11 22:00:00,38.253653172652186,35.488622161500516,2.7650310111516703
2016-11-11 23:00:00,35.3886010760711,36.07762974248261,-0.6890286664115095
2016-11-12 00:00:00,32.49335893435685,33.13048126259505,-0.637122328238199
2016-11-12 01:00:00,34.640316516056394,30.452345147562916,4.1879713684934785
2016-11-12 02:00:00,32.392532597676585,32.835192906951605,-0.44266030927501987
2016-11-12 03:00:00,27.46754405966755,30.761804325763567,-3.2942602660960176
2016-11-12 04:00:00,21.8921369573144,26.30251712356851,-4.410380166254111
2016-11-12 05:00:00,21.810714363740225,21.58083273048579,0.22988163325443622
2016-11-12 06:00:00,24.665185737531026,22.450389044288787,2.2147966932422385
2016-11-12 07:00:00,25.660084251308042,25.919227450415477,-0.25914319910743444
2016-11-12 08:00:00,25.689394343886608,27.192910265701695,-1.5035159218150866
2016-11-12 09:00:00,28.05860951216482,27.377493929896566,0.6811155822682551
2016-11-12 10:00:00,32.25243108202048,29.757178224290083,2.495252857730396
2016-11-12 11:00:00,38.61504605247407,33.65211805838531,4.9629279940887585
2016-11-12 12:00:00,36.88839338484862,39.29311468455906,-2.404721299710438
2016-11-12 13:00:00,38.59570104629279,36.75125286889772,1.8444481773950656
2016-11-12 14:00:00,38.78445729360297,37.847551135572715,0.9369061580302542
2016-11-12 15:00:00,43.86886280143411,37.472520461866395,6.396342339567717
2016-11-12 16:00:00,45.016056616454705,41.90419475897206,3.111861857482644
2016-11-12 17:00:00,45.87337342864933,42.24651561810671,3.6268578105426172
2016-11-12 18:00:00,37.02497802713262,42.400718792649634,-5.3757407655170155
2016-11-12 19:00:00,37.68621189486042,33.35503610545054,4.331175789409883
2016-11-12 20:00:00,33.64700059529683,34.30991282244129,-0.6629122271444601
2016-11-12 21:00:00,35.76787200737751,30.649163585483,5.118708421894514
2016-11-12 22:00:00,36.26379740817336,33.19498004337656,3.0688173647968
2016-11-12 23:00:00,32.00651995227392,33.90041819530217,-1.8938982430282536
2016-11-13 00:00:00,33.53884682724838,29.96968124012455,3.569165587123827
2016-11-13 01:00:00,31.121651117081004,31.91845460746696,-0.7968034903859547
2016-11-13 02:00:00,30.305660687407812,29.852896647984096,0.452764039423716
2016-11-13 03:00:00,32.850061670733844,29.47316260160947,3.3768990691243737
2016-11-13 04:00:00,21.99879660483838,32.292798975626184,-10.294002370787805
2016-11-13 05:00:00,20.223079515508406,21.982550266771778,-1.7594707512633718
2016-11-13 06:00:00,24.455120835222502,21.2588214642169,3.196299371005601
2016-11-13 07:00:00,26.253611882271567,26.21061894390043,0.04299293837113893
2016-11-13 08:00:00,26.71199098876234,28.261891452236565,-1.5499004634742235
2016-11-13 09:00:00,26.79910023442114,28.793718260065777,-1.9946180256446375
2016-11-13 10:00:00,28.898868628100534,28.900393530463507,-0.0015249023629735348
2016-11-13 11:00:00,29.05432886872982,30.912397925295124,-1.8580690565653057
2016-11-13 12:00:00,31.643369186424643,30.875847465261135,0.7675217211635079
2016-11-13 13:00:00,32.61968517272537,33.19110050942996,-0.5714153367045895
2016-11-13 14:00:00,40.60578066819015,33.77427435567045,6.8315063125197
2016-11-13 15:00:00,40.369542225087116,41.06475227774568,-0.6952100526585667
2016-11-13 16:00:00,37.932708741878926,39.887814863552244,-1.9551061216733174
2016-11-13 17:00:00,37.92626089595954,36.84258714496276,1.0836737509967733
2016-11-13 18:00:00,38.646993800081724,36.49798498058221,2.149008819499514
2016-11-13 19:00:00,40.212440774972166,36.93455722746741,3.277883547504757
2016-11-13 20:00:00,35.44135858192211,38.18570383366122,-2.7443452517391123
2016-11-13 21:00:00,39.21765900083318,33.30205400509591,5.915604995737269
2016-11-13 22:00:00,36.16766048072644,37.08852485311918,-0.9208643723927423
2016-11-13 23:00:00,33.3190216835678,33.99010574993571,-0.6710840663679107
2016-11-14 00:00:00,33.68451733758663,31.391744728695866,2.292772608890761
2016-11-14 01:00:00,36.00645552220299,32.090866009608,3.915589512594991
2016-11-14 02:00:00,30.227403004539198,34.5608791789524,-4.3334761744131995
2016-11-14 03:00:00,23.443925761661067,29.026618209812213,-5.582692448151146
2016-11-14 04:00:00,22.444132626519718,23.021623903787976,-0.5774912772682583
2016-11-14 05:00:00,22.903303029519215,23.01632869000608,-0.11302566048686558
2016-11-14 06:00:00,27.298190821251893,24.27208469788443,3.0261061233674624
2016-11-14 07:00:00,26.747807664185093,29.06602126445869,-2.318213600273598
2016-11-14 08:00:00,27.544893155730737,28.61160624200306,-1.0667130862723226
2016-11-14 09:00:00,31.86407336489536,29.46876381894988,2.39530954594548
2016-11-14 10:00:00,32.95088837451988,33.602081828791455,-0.6511934542715778
2016-11-14 11:00:00,29.98911271545547,34.2687670879174,-4.279654372461927
2016-11-14 12:00:00,28.308565229842202,31.045538857722605,-2.7369736278804027
2016-11-14 13:00:00,31.443768083715486,29.382003157152464,2.061764926563022
2016-11-14 14:00:00,33.07135230068806,32.479839002767555,0.5915132979205069
2016-11-14 15:00:00,35.03776028478866,33.84340446997675,1.1943558148119138
2016-11-14 16:00:00,38.30670436312718,35.43571006197864,2.870994301148542
2016-11-14 17:00:00,34.41228472266459,38.175020563849664,-3.7627358411850764
2016-11-14 18:00:00,33.20647145669842,33.86822916974259,-0.6617577130441745
2016-11-14 19:00:00,38.28941147825592,32.59863579160939,5.690775686646532
2016-11-14 20:00:00,34.27980358878909,37.483195957970274,-3.2033923691811808
2016-11-14 21:00:00,35.162327719365344,33.23114973845439,1.9311779809109524
2016-11-14 22:00:00,34.640316516056394,34.10124906940814,0.5390674466482537
2016-11-14 23:00:00,40.27926724273475,33.551108041906325,6.728159200828422
2016-11-15 00:00:00,41.71047464706364,38.96272269127557,2.7477519557880683
2016-11-15 01:00:00,32.225465694058585,39.873541915405546,-7.648076221346962
2016-11-15 02:00:00,29.344878896907062,30.321735334733987,-0.9768564378269247
2016-11-15 03:00:00,24.473029356486766,28.009278115174293,-3.5362487586875275
2016-11-15 04:00:00,25.195198378420194,23.935833695205233,1.2593646832149616
2016-11-15 05:00:00,22.23732138273906,25.49721082767344,-3.2598894449343803
2016-11-15 06:00:00,25.529830715305405,23.27260821974979,2.257222495555613
2016-11-15 07:00:00,26.361091644108,27.13963997982429,-0.778548335716291
2016-11-15 08:00:00,26.557292796635966,28.20158449636516,-1.6442916997291945
2016-11-15 09:00:00,28.565848424776004,28.515923734653875,0.04992469012212908
2016-11-15 10:00:00,28.14410679634377,30.511629244949646,-2.3675224486058752
2016-11-15 11:00:00,29.3410685912962,29.985009223499247,-0.6439406322030479
2016-11-15 12:00:00,34.0069276217393,31.06374865715083,2.9431789645884727
2016-11-15 13:00:00,30.4741931690759,35.37193153043215,-4.89773836135625
2016-11-15 14:00:00,31.671799877107293,31.465126256031972,0.20667362107532128
2016-11-15 15:00:00,32.250086010298034,32.50133206871668,-0.2512460584186442
2016-11-15 16:00:00,36.92503127590117,32.86508457426472,4.0599467016364486
2016-11-15 17:00:00,37.41099122319396,37.14479835351301,0.2661928696809497
2016-11-15 18:00:00,37.11525300948499,37.063239249599135,0.05201375988585255
2016-11-15 19:00:00,35.18020687216721,36.31880662021513,-1.1385997480479162
2016-11-15 20:00:00,34.26983813528604,34.13823993136549,0.13159820392054655
2016-11-15 21:00:00,34.51076635472818,33.18158659118748,1.3291797635407008
2016-11-15 22:00:00,37.48573175736112,33.428729174521486,4.057002582839637
2016-11-15 23:00:00,36.21162580314718,36.275741342212285,-0.06411553906510647
2016-11-16 00:00:00,33.131730922531254,34.808855921628975,-1.677124999097721
2016-11-16 01:00:00,30.870757444135798,31.78239564007542,-0.9116381959396236
2016-11-16 02:00:00,29.681943883187355,29.82314720264395,-0.1412033194565936
2016-11-16 03:00:00,24.31507768938541,29.03871052340476,-4.723632834019348
2016-11-16 04:00:00,22.733978792460174,24.274291653645776,-1.5403128611856012
2016-11-16 05:00:00,22.107067846736427,23.50154979282101,-1.394481946084582
2016-11-16 06:00:00,26.336646987984263,23.602503705973273,2.73414328201099
2016-11-16 07:00:00,25.48747772147029,28.24053010050306,-2.75305237903277
2016-11-16 08:00:00,26.81539661065267,27.51506091602249,-0.6996643053698222
2016-11-16 09:00:00,26.910654136203675,28.9167121871611,-2.0060580509574244
2016-11-16 10:00:00,26.97742223414724,28.986462838885764,-2.009040604738523
2016-11-16 11:00:00,28.116438217260338,29.016091774434624,-0.8996535571742861
2016-11-16 12:00:00,30.584985051035666,30.065445769372964,0.519539281662702
2016-11-16 13:00:00,34.72590172206965,32.29288792208084,2.4330137999888137
2016-11-16 14:00:00,32.62789182243659,35.93794864107086,-3.3100568186342727
2016-11-16 15:00:00,29.860441772470285,33.326615874388295,-3.4661741019180106
2016-11-16 16:00:00,33.093334961898435,30.384843449803775,2.7084915120946604
2016-11-16 17:00:00,31.951124057182255,33.48732357880251,-1.5361995216202544
2016-11-16 18:00:00,32.53409996671211,32.1240463255454,0.41005364116671217
2016-11-16 19:00:00,32.57630648534102,32.5700557527001,0.006250732640921797
2016-11-16 20:00:00,34.406715727982444,32.47459951431722,1.9321162136652248
2016-11-16 21:00:00,34.06408195351702,34.11998023350622,-0.055898279989200716
2016-11-16 22:00:00,36.7922564574017,33.55599674991513,3.2362597074865675
2016-11-16 23:00:00,37.75772850606789,36.018514682318184,1.739213823749708
2016-11-17 00:00:00,36.20781524515109,36.601284395843535,-0.3934691506924466
2016-11-17 01:00:00,34.43280189760132,34.77714438964546,-0.3443424920441345
2016-11-17 02:00:00,29.92140657046764,32.95210462793569,-3.030698057468051
2016-11-17 03:00:00,24.009784813541163,28.690791283333944,-4.681006469792781
2016-11-17 04:00:00,22.664777884512752,23.459729410805213,-0.7949515262924614
2016-11-17 05:00:00,20.661117474283945,23.00386740106817,-2.342749926784226
2016-11-17 06:00:00,25.020159038578583,21.838242771204946,3.181916267373637
2016-11-17 07:00:00,25.32791409288909,26.757764099506055,-1.4298500066169666
2016-11-17 08:00:00,25.267652577789708,27.251818341883514,-1.984165764093806
2016-11-17 09:00:00,26.435978653481374,27.3128864565644,-0.8769078030830251
2016-11-17 10:00:00,30.167317516661313,28.51906277291684,1.6482547437444737
2016-11-17 11:00:00,30.456314108050478,32.05227908515307,-1.5959649771025894
2016-11-17 12:00:00,31.762953894249797,31.974953108219513,-0.21199921396971533
2016-11-17 13:00:00,33.103300048295715,32.9219451218818,0.18135492641391693
2016-11-17 14:00:00,32.92890571330951,33.85556098224897,-0.9266552689394558
2016-11-17 15:00:00,31.76969524124027,33.30213625771208,-1.5324410164718074
2016-11-17 16:00:00,33.712948211822166,31.906689033747778,1.806259178074388
2016-11-17 17:00:00,31.715764832422252,33.64498557650453,-1.9292207440822793
2016-11-17 18:00:00,33.34100434477816,31.473973313468242,1.8670310313099208
2016-11-17 19:00:00,32.27118945316538,33.00080054578053,-0.7296110926151513
2016-11-17 20:00:00,33.524191964511985,31.81792767175725,1.7062642927547351
2016-11-17 21:00:00,34.177218448317,32.98823132561194,1.1889871227050577
2016-11-17 22:00:00,31.421199338127394,33.4878240268995,-2.0666246887721087
2016-11-17 23:00:00,34.17135650322244,30.69917329045886,3.472183212763582
2016-11-18 00:00:00,35.250843897925876,33.453806900872536,1.7970369970533397
2016-11-18 01:00:00,30.00376766996831,34.35274036342972,-4.348972693461409
2016-11-18 02:00:00,28.11318474228536,29.136091327111274,-1.0229065848259147
2016-11-18 03:00:00,27.152461573988848,27.623415407080202,-0.47095383309135386
2016-11-18 04:00:00,21.996334059266342,27.09448951878691,-5.098155459520569
2016-11-18 05:00:00,20.9208330662276,22.53856407439694,-1.61773100816934
2016-11-18 06:00:00,25.74719368051973,22.23477078259051,3.51242289792922
2016-11-18 07:00:00,26.214541548320945,27.502232168724383,-1.2876906204034384
2016-11-18 08:00:00,27.019745859519954,28.03288763543678,-1.013141775916825
2016-11-18 09:00:00,26.269087409979086,28.82034243934291,-2.5512550293638228
2016-11-18 10:00:00,28.661926592354025,28.037648926262168,0.6242776660918565
2016-11-18 11:00:00,29.117872946201214,30.33535073493371,-1.217477788732495
2016-11-18 12:00:00,33.627655956221325,30.567410925165504,3.060245031055821
2016-11-18 13:00:00,36.86553150529522,34.684107217227094,2.181424288068129
2016-11-18 14:00:00,32.72695972243079,37.24472157174486,-4.51776184931407
2016-11-18 15:00:00,34.081961106318886,32.58941121972402,1.4925498865948654
2016-11-18 16:00:00,40.99736285893363,33.70288683692631,7.294476022007316
2016-11-18 17:00:00,41.935282884601534,40.07239926710895,1.8628836174925851
2016-11-18 18:00:00,38.8161120907982,40.19734092524726,-1.381228834449061
2016-11-18 19:00:00,36.6260691392325,36.54236762567331,0.0837015135591912
2016-11-18 20:00:00,34.40994001804792,34.20294888108185,0.2069911369660673
2016-11-18 21:00:00,33.115317256003024,32.08936141340554,1.025955842597483
2016-11-18 22:00:00,33.08776596721629,31.053605393506892,2.0341605737094
2016-11-18 23:00:00,30.538675207551147,31.303334170552564,-0.7646589630014162
2016-11-19 00:00:00,31.74273003683126,29.08534192414904,2.65738811268222
2016-11-19 01:00:00,29.797718354233982,30.632337544181404,-0.8346191899474213
2016-11-19 02:00:00,32.06836406039074,28.976909274947097,3.091454785443645
2016-11-19 03:00:00,26.84960132459557,31.479389476567103,-4.629788151971532
2016-11-19 04:00:00,20.074917091135724,26.54503316491369,-6.470116073777966
2016-11-19 05:00:00,18.77223415458581,20.545907727577973,-1.7736735729921627
2016-11-19 06:00:00,23.6580648039157,20.24359013829811,3.4144746656175897
2016-11-19 07:00:00,24.47467068642901,25.755357464177933,-1.2806867777489224
2016-11-19 08:00:00,26.846318664711085,26.75843867170209,0.0878799930089933
2016-11-19 09:00:00,29.985888608942886,29.12111003839993,0.8647785705429563
2016-11-19 10:00:00,27.18827843296449,31.988407717143474,-4.800129284178983
2016-11-19 11:00:00,33.50455400791828,28.92735882185445,4.577195186063829
2016-11-19 12:00:00,35.91852561157307,34.910381885058236,1.008143726514831
2016-11-19 13:00:00,35.529289226763595,36.63313810605508,-1.1038488792914833
2016-11-19 14:00:00,39.42429476805101,35.59929739038572,3.824997377665291
2016-11-19 15:00:00,37.13078745767019,38.85270533605993,-1.721917878389739
2016-11-19 16:00:00,37.52324849965092,35.9627586411173,1.5604898585336215
2016-11-19 17:00:00,39.4732424501175,36.00244436078336,3.4707980893341457
2016-11-19 18:00:00,35.93816356816677,37.58504363464028,-1.646880066473507
2016-11-19 19:00:00,32.21667277641674,33.8238608284379,-1.6071880520211579
2016-11-19 20:00:00,33.04878373865286,30.277120009311425,2.7716637293414337
2016-11-19 21:00:00,34.033013424252395,31.410020392622567,2.6229930316298287
2016-11-19 22:00:00,38.755147568130184,32.549522909974385,6.205624658155799
2016-11-19 23:00:00,39.90322023438802,37.148567759524276,2.7546524748637466
2016-11-20 00:00:00,36.09116150987322,37.91724757642505,-1.8260860665518308
2016-11-20 01:00:00,30.497934266972326,33.923333446994846,-3.42539918002252
2016-11-20 02:00:00,27.433339345724647,28.63241650267668,-1.1990771569520327
2016-11-20 03:00:00,24.642382594902422,26.227451271395054,-1.5850686764926323
2016-11-20 04:00:00,21.491557738115418,24.226648368785963,-2.7350906306705447
2016-11-20 05:00:00,19.52860789046214,21.96399471219369,-2.435386821731548
2016-11-20 06:00:00,23.903946381646975,20.929146474167922,2.9747999074790528
2016-11-20 07:00:00,24.97537323473961,25.93059517397709,-0.9552219392374788
2016-11-20 08:00:00,25.14798013168314,27.20455710775657,-2.05657697607343
2016-11-20 09:00:00,27.042549002148558,27.460372596269814,-0.4178235941212556
2016-11-20 10:00:00,28.03501498125105,29.319513079291724,-1.2844980980406753
2016-11-20 11:00:00,30.383918370276422,30.134404637140225,0.2495137331361974
2016-11-20 12:00:00,34.23320061133927,32.186294877858145,2.0469057334811254
2016-11-20 13:00:00,34.82672805874991,35.51462050687278,-0.6878924481228736
2016-11-20 14:00:00,39.75901521032342,35.476737611236594,4.282277599086825
2016-11-20 15:00:00,36.920927767492664,39.6804629099538,-2.7595351424611394
2016-11-20 16:00:00,36.7734980862568,36.14599277354654,0.6275053127102623
2016-11-20 17:00:00,39.317019851239806,35.617708037378975,3.699311813860831
2016-11-20 18:00:00,41.03487960122342,37.7732990129834,3.2615805882400224
2016-11-20 19:00:00,38.81933674796946,38.99557271235902,-0.17623596438956213
2016-11-20 20:00:00,38.09479328585118,36.41212043982665,1.6826728460245306
2016-11-20 21:00:00,37.57454051922829,35.559937165098596,2.0146033541296973
2016-11-20 22:00:00,37.88493359567366,35.01243368954444,2.872499906129221
2016-11-20 23:00:00,38.47846141019008,35.32758262590142,3.1508787842886576
2016-11-21 00:00:00,34.193339164432814,35.89574599800866,-1.7024068335758429
2016-11-21 01:00:00,33.3272287003848,31.753173596210544,1.5740551041742563
2016-11-21 02:00:00,28.32160817698697,31.266020369832464,-2.944412192845494
2016-11-21 03:00:00,24.640741264960177,26.81801950798812,-2.177278243027942
2016-11-21 04:00:00,25.36455161683585,23.9876645245414,1.3768870922944494
2016-11-21 05:00:00,22.70710150988547,25.529907642380653,-2.8228061324951845
2016-11-21 06:00:00,28.98187455033773,23.577602230796707,5.404272319541022
2016-11-21 07:00:00,29.568807296610924,30.26477472216888,-0.6959674255579564
2016-11-21 08:00:00,28.2572727513826,30.815333041465873,-2.5580602900832723
2016-11-21 09:00:00,29.330223896506002,29.494897934250133,-0.16467403774413114
2016-11-21 10:00:00,31.004411113872514,30.57761244265965,0.42679867121286463
2016-11-21 11:00:00,29.306717287426533,32.12756195993704,-2.820844672510507
2016-11-21 12:00:00,28.482813181398644,30.313966331842057,-1.8311531504434129
2016-11-21 13:00:00,32.77004545940273,29.518249397844862,3.2517960615578687
2016-11-21 14:00:00,34.42928465712343,33.68416340366106,0.7451212534623721
2016-11-21 15:00:00,33.63146651421741,34.95444073305294,-1.3229742188355331
2016-11-21 16:00:00,40.973621393931424,33.80218866396935,7.171432729962071
2016-11-21 17:00:00,36.035179346850946,40.60186087904537,-4.566681532194423
2016-11-21 18:00:00,42.90251263574223,35.076142932069736,7.826369703672491
2016-11-21 19:00:00,51.04014058663981,41.460320253334245,9.579820333305562
2016-11-21 20:00:00,44.80443775537957,48.53479845259781,-3.730360697218245
2016-11-21 21:00:00,39.636205845327005,41.33388541717547,-1.697679571848468
2016-11-21 22:00:00,37.03963288986901,35.97699582947987,1.062637060389143
2016-11-21 23:00:00,32.577185703684044,33.628137174937706,-1.0509514712536614
2016-11-22 00:00:00,30.200730934095493,29.694792155165054,0.5059387789304388
2016-11-22 01:00:00,29.06165636893035,28.070321580744114,0.9913347881862364
2016-11-22 02:00:00,30.821223677691588,27.691845048656603,3.129378629034985
2016-11-22 03:00:00,25.96945145065128,30.02907704028465,-4.05962558963337
2016-11-22 04:00:00,21.45084570711677,25.74029657273336,-4.28945086561659
2016-11-22 05:00:00,21.485871269583686,22.09774185004726,-0.6118705804635738
2016-11-22 06:00:00,25.58030262057033,23.037047851578606,2.543254768991723
2016-11-22 07:00:00,26.902505856311468,27.647280619300894,-0.7447747629894259
2016-11-22 08:00:00,26.852034134599432,29.090670625526826,-2.2386364909273944
2016-11-22 09:00:00,28.876065451055766,29.057322756781215,-0.18125730572544896
2016-11-22 10:00:00,35.78340645556271,31.001508458133276,4.781897997429436
2016-11-22 11:00:00,34.554731310043145,37.44174046421665,-2.887009154173505
2016-11-22 12:00:00,40.00580500775434,35.54046717538844,4.465337832365897
2016-11-22 13:00:00,37.5909545528623,40.301772493468164,-2.710817940605864
2016-11-22 14:00:00,39.68808449994078,37.17410065858304,2.513983841357735
2016-11-22 15:00:00,34.6485235328734,38.75957695517109,-4.111053422297694
2016-11-22 16:00:00,34.78598739350043,33.43396685619565,1.3520205373047745
2016-11-22 17:00:00,39.75256663019247,33.610684076000936,6.1418825541915325
2016-11-22 18:00:00,38.05024206260561,38.396622913022384,-0.3463808504167716
2016-11-22 19:00:00,37.55343781057251,36.37687298236078,1.1765648282117311
2016-11-22 20:00:00,35.31767036568846,35.751849407513085,-0.43417904182462763
2016-11-22 21:00:00,33.898773486585064,33.54550479364067,0.3532686929443969
2016-11-22 22:00:00,40.03745980494958,32.33275654191941,7.704703263030169
2016-11-22 23:00:00,36.305417658871654,38.452244639850456,-2.146826980978801
2016-11-23 00:00:00,28.283329323097963,34.55345750126939,-6.270128178171429
2016-11-23 01:00:00,30.133904099227134,26.941630617271542,3.192273481955592
2016-11-23 02:00:00,24.72052289569789,29.450765965588495,-4.730243069890605
2016-11-23 03:00:00,20.823113912869008,24.68123606575768,-3.858122152888672
2016-11-23 04:00:00,19.951961618038887,21.724141680229167,-1.7721800621902801
2016-11-23 05:00:00,20.14247703624668,21.81179375698292,-1.6693167207362372
2016-11-23 06:00:00,25.84652516246395,22.77001066853241,3.0765144939315405
2016-11-23 07:00:00,27.420325629377608,28.803603940287893,-1.3832783109102849
2016-11-23 08:00:00,26.18605230426639,30.257117200417124,-4.071064896150734
2016-11-23 09:00:00,27.268060247255093,28.887595922906073,-1.6195356756509796
2016-11-23 10:00:00,26.994510090440382,29.87068196338356,-2.8761718729431784
2016-11-23 11:00:00,29.703926406733057,29.464337436213025,0.2395889705200318
2016-11-23 12:00:00,30.773741481898735,31.959656071229688,-1.1859145893309524
2016-11-23 13:00:00,30.217730685001445,32.66889465452797,-2.4511639695265224
2016-11-23 14:00:00,30.573554111258964,31.794131339514582,-1.2205772282556175
2016-11-23 15:00:00,28.04152183942457,31.91039409962211,-3.8688722601975414
2016-11-23 16:00:00,28.601665237863422,29.275687541240483,-0.6740223033770611
2016-11-23 17:00:00,29.978561085798244,29.857860223204273,0.12070086259397073
2016-11-23 18:00:00,29.4767738775725,31.158922627591007,-1.6821487500185057
2016-11-23 19:00:00,26.833304948364045,30.543228590411257,-3.7099236420472117
2016-11-23 20:00:00,24.86302822000124,27.944208044714077,-3.0811798247128372
2016-11-23 21:00:00,26.934248575341005,26.222417460838827,0.7118311145021785
2016-11-23 22:00:00,31.177047012172665,28.493256186857735,2.6837908253149294
2016-11-23 23:00:00,29.9067516159548,32.59702505241502,-2.6902734364602203
2016-11-24 00:00:00,26.650117512183115,31.047504786983975,-4.39738727480086
2016-11-24 01:00:00,24.627727365060252,27.7729519464985,-3.1452245814382493
2016-11-24 02:00:00,22.148599992047526,25.984717025084326,-3.8361170330367997
2016-11-24 03:00:00,22.51576597736522,23.88864822862935,-1.37288225126413
2016-11-24 04:00:00,21.520867463588203,24.655516857428523,-3.13464939384032
2016-11-24 05:00:00,20.79951929017879,23.981860429549524,-3.1823411393707346
2016-11-24 06:00:00,25.36698442683971,23.578466793554185,1.788517633285526
2016-11-24 07:00:00,25.56239409930606,28.222827596764425,-2.6604334974583637
2016-11-24 08:00:00,25.42478376347283,28.2202904822866,-2.795506718813769
2016-11-24 09:00:00,25.75372963182631,27.913256679108525,-2.1595270472822143
2016-11-24 10:00:00,26.767357515391602,28.09308862665523,-1.3257311112636287
2016-11-24 11:00:00,29.325534303719778,28.92103871062573,0.4044955930940475
2016-11-24 12:00:00,28.08223341154099,31.165785242730713,-3.083551831189723
2016-11-24 13:00:00,29.470325710435556,29.592541255719787,-0.12221554528423084
2016-11-24 14:00:00,29.67139229941835,30.7246976242963,-1.0533053248779503
2016-11-24 15:00:00,31.447285140640485,30.642396406723954,0.8048887339165312
2016-11-24 16:00:00,38.204705490585695,32.10995004376426,6.094755446821438
2016-11-24 17:00:00,35.34463575365035,38.250008243912774,-2.9053724902624225
2016-11-24 18:00:00,29.901182713049103,34.68551465654824,-4.78433194349914
2016-11-24 19:00:00,27.186637103022246,29.07881916022098,-1.8921820571987347
2016-11-24 20:00:00,24.558526457112826,26.637452601572953,-2.0789261444601266
2016-11-24 21:00:00,23.667825045287756,24.473427762785395,-0.8056027174976386
2016-11-24 22:00:00,24.162841492172404,24.11418942679114,0.04865206538126543
2016-11-24 23:00:00,22.871589495399185,25.042108745937607,-2.1705192505384225
2016-11-25 00:00:00,22.0867265154683,24.109514827107127,-2.022788311638827
2016-11-25 01:00:00,20.356615711395534,23.695167584211813,-3.3385518728162786
2016-11-25 02:00:00,20.381851296922214,22.356699031238442,-1.9748477343162278
2016-11-25 03:00:00,19.537547650415963,22.76281003583603,-3.2252623854200664
2016-11-25 04:00:00,19.563604084466657,22.235387376945003,-2.671783292478345
2016-11-25 05:00:00,19.263176461524353,22.535652634839586,-3.2724761733152334
2016-11-25 06:00:00,24.568286698484883,22.444096278935895,2.124190419548988
2016-11-25 07:00:00,25.36698442683971,27.6872756093951,-2.3202911825553905
2016-11-25 08:00:00,24.642382594902422,28.11623522917693,-3.4738526342745075
2016-11-25 09:00:00,24.67984060026742,27.082900203885174,-2.4030596036177556
2016-11-25 10:00:00,25.797694587141272,26.906588029255815,-1.1088934421145424
2016-11-25 11:00:00,27.443920252067826,27.800067988497283,-0.3561477364294561
2016-11-25 12:00:00,26.030533447168892,29.136788223896733,-3.106254776727841
2016-11-25 13:00:00,30.081146134493892,27.45139100139054,2.6297551331033517
2016-11-25 14:00:00,30.56388179172121,31.18772088440638,-0.62383909268517
2016-11-25 15:00:00,28.25730202806855,31.193555753162197,-2.9362537250936462
2016-11-25 16:00:00,29.044597949931937,28.58851109652225,0.4560868534096869
2016-11-25 17:00:00,30.742965903046528,29.22985586109628,1.5131100419502488
2016-11-25 18:00:00,29.657616609136763,30.70258446794611,-1.044967858809347
2016-11-25 19:00:00,29.104829999056445,29.401524042090927,-0.2966940430344813
2016-11-25 20:00:00,24.668439028953117,28.762852508739137,-4.09441347978602
2016-11-25 21:00:00,25.251385753573466,24.47733156084132,0.7740541927321445
2016-11-25 22:00:00,24.514561501797868,25.381828979408454,-0.8672674776105858
2016-11-25 23:00:00,25.947498157903308,24.89338626169475,1.054111896208557
2016-11-26 00:00:00,24.19783768617692,26.493733153813842,-2.295895467636921
2016-11-26 01:00:00,21.280701722851056,24.87045836829817,-3.589756645447114
2016-11-26 02:00:00,20.122135704978554,22.260862297730203,-2.138726592751649
2016-11-26 03:00:00,19.348673929256194,21.534221069511737,-2.1855471402555438
2016-11-26 04:00:00,19.458586868202264,21.17964256382211,-1.721055695619846
2016-11-26 05:00:00,19.298202023991266,21.639314343617094,-2.3411123196258288
2016-11-26 06:00:00,24.37615968590302,21.7395561541642,2.6366035317388175
2016-11-26 07:00:00,24.813347794797927,26.80132038887863,-1.987972594080702
2016-11-26 08:00:00,26.338288501479397,26.93425764871827,-0.595969147238872
2016-11-26 09:00:00,25.93609658658901,28.127754682801832,-2.191658096212823
2016-11-26 10:00:00,28.715681134559325,27.399813865638038,1.3158672689212878
2016-11-26 11:00:00,26.935069240312128,29.824874933391037,-2.889805693078909
2016-11-26 12:00:00,29.235962948427055,27.697280218231153,1.5386827301959016
2016-11-26 13:00:00,28.87199135699788,29.72184892112454,-0.8498575641266584
2016-11-26 14:00:00,31.182615823301916,29.039115943366422,2.1434998799354936
2016-11-26 15:00:00,37.96201920156328,31.024483600159446,6.937535601403834
2016-11-26 16:00:00,34.6370925930967,37.14881449946005,-2.5117219063633485
2016-11-26 17:00:00,34.18190822465611,33.112865832034345,1.0690423926217676
2016-11-26 18:00:00,32.088001833431555,32.30713613655255,-0.21913430312099536
2016-11-26 19:00:00,28.704279540300913,30.063390642706324,-1.3591111024054108
2016-11-26 20:00:00,27.657238445798445,26.82423700386579,0.8330014419326552
2016-11-26 21:00:00,26.865868332364705,26.116208335243524,0.7496599971211815
2016-11-26 22:00:00,26.440873458398602,25.680914134397007,0.7599593240015956
2016-11-26 23:00:00,29.896199986297574,25.594853520817395,4.301346465480179
2016-11-27 00:00:00,25.537978995197612,29.191849997910005,-3.6538710027123926
2016-11-27 01:00:00,23.03683922540634,24.951647805695416,-1.9148085802890762
2016-11-27 02:00:00,22.378185009994386,22.874535318832443,-0.496350308838057
2016-11-27 03:00:00,21.669058522211724,22.70047891111695,-1.0314203889052251
2016-11-27 04:00:00,20.10097352518642,22.427473993436774,-2.326500468250355
2016-11-27 05:00:00,19.790756659515438,21.294883041330415,-1.5041263818149773
2016-11-27 06:00:00,25.124356140530526,21.408926192738654,3.715429947791872
2016-11-27 07:00:00,25.232656750890968,26.853357549153507,-1.6207007982625399
2016-11-27 08:00:00,25.389787569468314,26.759321035420804,-1.3695334659524896
2016-11-27 09:00:00,27.902299358558597,26.74101978991938,1.161279568639216
2016-11-27 10:00:00,27.837993163751957,28.997876885399474,-1.1598837216475175
2016-11-27 11:00:00,27.107675953702767,28.604344472590835,-1.4966685188880682
2016-11-27 12:00:00,29.036449770420216,27.65060290028017,1.3858468701400461
2016-11-27 13:00:00,31.59617994104421,29.360883066489503,2.235296874554706
2016-11-27 14:00:00,38.70326891351641,31.54317821571646,7.160090697799951
2016-11-27 15:00:00,33.61710460189343,37.927794780025586,-4.310690178132155
2016-11-27 16:00:00,36.17410906085739,32.13577691638066,4.038332144476733
2016-11-27 17:00:00,42.52734521284431,34.30991643450152,8.217428778342793
2016-11-27 18:00:00,37.2530101876302,39.9769033489349,-2.7238931613046944
2016-11-27 19:00:00,42.11583138088315,34.07980103048743,8.03603035039572
2016-11-27 20:00:00,37.48983453155807,38.544296508517476,-1.0544619769594092
2016-11-27 21:00:00,40.10428700692371,33.57195207751607,6.532334929407639
2016-11-27 22:00:00,36.40946791851161,36.06609307873813,0.3433748397734817
2016-11-27 23:00:00,35.618977574079565,32.318285585109194,3.300691988970371
2016-11-28 00:00:00,42.98721862341245,31.73004081457361,11.257177808838843
2016-11-28 01:00:00,31.77702267260847,39.00272741434051,-7.2257047417320415
2016-11-28 02:00:00,27.195605864332688,27.829920015931318,-0.6343141515986304
2016-11-28 03:00:00,23.817628432496903,24.06726230425948,-0.24963387176257612
2016-11-28 04:00:00,21.878302943102018,21.714183077501083,0.1641198656009344
2016-11-28 05:00:00,21.05108660223024,20.831220931873368,0.21986567035687088
2016-11-28 06:00:00,26.491345180110635,20.958590665437598,5.532754514673037
2016-11-28 07:00:00,25.074705083789613,26.948916010748146,-1.8742109269585328
2016-11-28 08:00:00,26.61022651326137,25.733454037088347,0.8767724761730236
2016-11-28 09:00:00,27.819264069293016,27.42941132447327,0.38985274481974486
2016-11-28 10:00:00,28.490111381969108,28.628175156204094,-0.13806377423498617
2016-11-28 11:00:00,28.950952500581334,29.196657218148555,-0.24570471756722156
2016-11-28 12:00:00,38.01917316623521,29.52119930779884,8.49797385843637
2016-11-28 13:00:00,31.28021823702248,38.07562528230611,-6.795407045283632
2016-11-28 14:00:00,28.26134679955226,30.75635976373279,-2.4950129641805283
2016-11-28 15:00:00,28.98676931940478,27.767244906309333,1.2195244130954457
2016-11-28 16:00:00,30.645070538913547,28.643094927772296,2.001975611141251
2016-11-28 17:00:00,30.782827533505877,30.311712748850756,0.47111478465512135
2016-11-28 18:00:00,32.0097440587865,30.36763732650303,1.642106732283473
2016-11-28 19:00:00,36.511466791053095,31.4745647290866,5.036902061966494
2016-11-28 20:00:00,31.456957460178238,35.6332135661032,-4.176256105924963
2016-11-28 21:00:00,29.484101400717144,30.2990279567574,-0.8149265560402554
2016-11-28 22:00:00,32.43649755299155,28.459794542985648,3.976703010005899
2016-11-28 23:00:00,33.134954845490945,31.49739001996528,1.637564825525665
2016-11-29 00:00:00,30.878964277399913,32.08422087594028,-1.2052565985403696
2016-11-29 01:00:00,28.774271813589397,29.806120113048145,-1.0318482994587477
2016-11-29 02:00:00,26.32281279021899,27.89449874957343,-1.5716859593544399
2016-11-29 03:00:00,22.22105419141704,25.807983250297593,-3.5869290588805534
2016-11-29 04:00:00,20.88091324950213,22.28946769799969,-1.4085544484975614
2016-11-29 05:00:00,20.85406533538982,21.66693958865137,-0.8128742532615512
2016-11-29 06:00:00,25.849778820991823,22.26015811410462,3.589620706887203
2016-11-29 07:00:00,27.091408945933637,27.51834569042928,-0.42693674449564156
2016-11-29 08:00:00,27.352736866462923,28.644543771042592,-1.2918069045796692
2016-11-29 09:00:00,29.00388636006968,28.734487211567654,0.26939914850202484
2016-11-29 10:00:00,31.068599926606012,30.1638914615539,0.9047084650521136
2016-11-29 11:00:00,30.678777090313034,31.879928872953478,-1.2011517826404443
2016-11-29 12:00:00,35.55215037210543,31.127287384603676,4.424862987501754
2016-11-29 13:00:00,28.948519770881862,35.533418599091036,-6.584898828209173
2016-11-29 14:00:00,32.33713670258493,28.596431731456192,3.7407049711287357
2016-11-29 15:00:00,31.93734841278889,31.927420183439665,0.009928229349224438
2016-11-29 16:00:00,35.15412106965412,31.327147280661244,3.8269737889928734
2016-11-29 17:00:00,33.041455940178885,34.277189312149645,-1.2357333719707597
2016-11-29 18:00:00,32.29375801520058,31.886015138965078,0.40774287623550265
2016-11-29 19:00:00,35.12305217328372,31.069426962654457,4.05362521062926
2016-11-29 20:00:00,33.74313752274376,33.7706488944915,-0.02751137174774243
2016-11-29 21:00:00,34.23173512506563,32.210504770605446,2.0212303544601866
2016-11-29 22:00:00,38.49047825079161,32.617874691353414,5.872603559438197
2016-11-29 23:00:00,34.37242327575813,36.61682931162861,-2.244406035870476
2016-11-30 00:00:00,34.91055482807711,32.261068748074,2.6494860800031077
2016-11-30 01:00:00,32.18882817011182,32.81552144077398,-0.6266932706621589
2016-11-30 02:00:00,30.857568067673043,30.203169617718306,0.6543984499547371
2016-11-30 03:00:00,25.76184854325612,29.16210187252437,-3.4002533292682493
2016-11-30 04:00:00,22.80400054893161,24.581616233819823,-1.777615684888211
2016-11-30 05:00:00,23.207833793764244,22.414244760539166,0.7935890332250786
2016-11-30 06:00:00,26.813755280710424,23.565158872302227,3.248596408408197
2016-11-30 07:00:00,27.862408451413298,27.57280039805009,0.2896080533632066
2016-11-30 08:00:00,28.369647272248038,28.697516604040953,-0.32786933179291466
2016-11-30 09:00:00,27.86158769466573,29.18402779466741,-1.3224401000016819
2016-11-30 10:00:00,29.83025246154869,28.651408311032963,1.1788441505157259
2016-11-30 11:00:00,28.416044991678636,30.540656381065872,-2.124611389387237
2016-11-30 12:00:00,30.62074317308651,29.01991326451773,1.6008299085687803
2016-11-30 13:00:00,31.58386978292448,31.11963690504128,0.46423287788320167
2016-11-30 14:00:00,32.87350981821785,31.845128028120197,1.0283817900976508
2016-11-30 15:00:00,30.22828231465867,32.84621395055614,-2.6179316358974702
2016-11-30 16:00:00,33.20412675208175,30.023521453456624,3.1806052986251245
2016-11-30 17:00:00,36.014662539019994,32.87447877678886,3.140183762231132
2016-11-30 18:00:00,35.73533835894503,35.3182592523941,0.41707910655092917
2016-11-30 19:00:00,37.3060613781052,34.62611274487349,2.67994863323171
2016-11-30 20:00:00,35.31942953658607,35.8318377027949,-0.5124081662088287
2016-11-30 21:00:00,36.67648230757263,33.573308424373806,3.1031738831988207
2016-11-30 22:00:00,34.914072068555,34.77412624496762,0.13994582358738228
2016-11-30 23:00:00,34.2496142778675,32.90441542006252,1.3451988578049807
2016-12-01 00:00:00,36.12135082079481,32.28554943837821,3.835801382416598
2016-12-01 01:00:00,34.72091899531812,34.15704890415768,0.5638700911604388
2016-12-01 02:00:00,31.82597035467496,32.72811876483105,-0.9021484101560908
2016-12-01 03:00:00,27.00509099678356,30.014802561460886,-3.0097115646773247
2016-12-01 04:00:00,24.428243552647793,25.695050126326144,-1.2668065736783518
2016-12-01 05:00:00,21.86443956042724,23.868170790336656,-2.003731229909416
2016-12-01 06:00:00,25.447586906101435,22.126431972350588,3.3211549337508472
2016-12-01 07:00:00,25.689394343886608,26.323633495130803,-0.6342391512441949
2016-12-01 08:00:00,29.863665878982868,26.83990917981378,3.0237566991690876
2016-12-01 09:00:00,28.36314045996274,31.032061069263495,-2.6689206093007556
2016-12-01 10:00:00,27.039295710726467,29.38775315685556,-2.3484574461290926
2016-12-01 11:00:00,28.248333174981667,28.081410874134466,0.16692230084720094
2016-12-01 12:00:00,28.549552048544477,29.316392354236083,-0.7668403056916056
2016-12-01 13:00:00,29.609548191301524,29.557544278066963,0.05200391323456088
2016-12-01 14:00:00,29.21966657219553,30.50626556914604,-1.286598996950513
2016-12-01 15:00:00,29.68135770703319,29.988103280808826,-0.30674557377563616
2016-12-01 16:00:00,34.12240882115596,30.347900802837458,3.7745080183184996
2016-12-01 17:00:00,37.11525300948499,34.496230599242736,2.619022410242252
2016-12-01 18:00:00,39.45301859269897,36.90630016214026,2.5467184305587054
2016-12-01 19:00:00,37.93446717856499,38.54262982122496,-0.6081626426599769
2016-12-01 20:00:00,33.9304282837803,36.430745957013464,-2.5003176732331625
2016-12-01 21:00:00,32.43063560789699,32.223234544862905,0.20740106303408368
2016-12-01 22:00:00,37.56574760158646,30.844286349142884,6.721461252443575
2016-12-01 23:00:00,35.5328061001357,35.94097423990651,-0.4081681397708081
2016-12-02 00:00:00,34.32845832044317,33.70680009100529,0.6216582294378767
2016-12-02 01:00:00,32.6815292808422,32.51144549692191,0.17008378392029044
2016-12-02 02:00:00,32.45906648213253,31.011522703086676,1.4475437790458514
2016-12-02 03:00:00,26.672099989840596,31.004615328042977,-4.332515338202381
2016-12-02 04:00:00,23.477309994185738,25.646121278258644,-2.1688112840729055
2016-12-02 05:00:00,24.60087945094794,23.2198123352893,1.381067115658638
2016-12-02 06:00:00,26.582528565715542,25.05476419567026,1.5277643700452828
2016-12-02 07:00:00,27.53917768584239,27.441479489678937,0.09769819616345288
2016-12-02 08:00:00,26.559754791549334,28.56397315050886,-2.004218358959527
2016-12-02 09:00:00,25.958079064246487,27.699588499787403,-1.741509435540916
2016-12-02 10:00:00,25.629953677311242,27.25717963299273,-1.6272259556814888
2016-12-02 11:00:00,27.706918871001754,27.090670016784895,0.6162488542168596
2016-12-02 12:00:00,30.132438612953496,29.21481985812382,0.9176187548296753
2016-12-02 13:00:00,34.63885102978276,31.460280097912513,3.1785709318702438
2016-12-02 14:00:00,31.958451672103344,35.50651718248861,-3.548065510385264
2016-12-02 15:00:00,31.68176514705746,32.347622906445814,-0.6658577593883521
2016-12-02 16:00:00,33.90199777665054,31.84998862814263,2.05200914850791
2016-12-02 17:00:00,36.29867612832829,33.819708915093905,2.478967213234384
2016-12-02 18:00:00,34.313803090601,35.80800192887533,-1.494198838274329
2016-12-02 19:00:00,33.352435284554865,33.47046999950695,-0.1180347149520884
2016-12-02 20:00:00,35.81535420317036,32.38397076911651,3.431383434053849
2016-12-02 21:00:00,33.12440349116306,34.70070425009477,-1.5763007589317155
2016-12-02 22:00:00,34.72033272738751,31.88859742385982,2.8317353035276867
2016-12-02 23:00:00,34.78276310343495,33.46842881002215,1.3143342934128057
2016-12-03 00:00:00,35.87954338300963,33.43935474886848,2.440188634141151
2016-12-03 01:00:00,30.54922674543193,34.422411269354996,-3.873184523923065
2016-12-03 02:00:00,29.589324287994767,29.17930618567567,0.4100181023190963
2016-12-03 03:00:00,24.80848217479021,28.608530484602152,-3.8000483098119417
2016-12-03 04:00:00,20.41602737661428,24.38344755789072,-3.967420181276438
2016-12-03 05:00:00,19.504193153459468,20.85340723523714,-1.3492140817776708
2016-12-03 06:00:00,24.43803316248225,20.86972119606635,3.568311966415898
2016-12-03 07:00:00,25.38084780951449,26.3521078752855,-0.9712600657710126
2016-12-03 08:00:00,24.916753416688255,27.4147706090754,-2.4980171923871453
2016-12-03 09:00:00,26.7331528014487,27.004496628050234,-0.2713438266015338
2016-12-03 10:00:00,29.511945915245626,28.79999462264925,0.7119512925963747
2016-12-03 11:00:00,34.37242327575813,31.342143790616475,3.030279485141655
2016-12-03 12:00:00,40.22240622847523,35.663298014157526,4.559108214317703
2016-12-03 13:00:00,40.11307992456555,40.593939159578625,-0.48085923501307803
2016-12-03 14:00:00,41.196084559746865,39.47661465361666,1.7194699061302074
2016-12-03 15:00:00,35.49675484411955,39.74513717590646,-4.248382331786907
2016-12-03 16:00:00,45.15293420915112,33.60876624848192,11.5441679606692
2016-12-03 17:00:00,41.45577078322813,42.82372612715495,-1.3679553439268162
2016-12-03 18:00:00,36.33472738434445,38.454879498810264,-2.1201521144658173
2016-12-03 19:00:00,34.51486986313668,33.23642573325314,1.278444129883539
2016-12-03 20:00:00,40.34287052174919,31.696856121656197,8.646014400092994
2016-12-03 21:00:00,42.40336331198668,37.602494112444255,4.800869199542426
2016-12-03 22:00:00,37.500386620097515,39.348225220581384,-1.8478386004838683
2016-12-03 23:00:00,34.468559836099274,34.31717012357263,0.1513897125266439
2016-12-04 00:00:00,36.98101343892344,31.58221096908286,5.398802469840582
2016-12-04 01:00:00,34.317027380666474,34.38767986314592,-0.07065248247944567
2016-12-04 02:00:00,30.411469842616043,31.944534935745818,-1.5330650931297747
2016-12-04 03:00:00,26.964379332890694,28.52248383365952,-1.5581045007688274
2016-12-04 04:00:00,22.03947853316307,25.80394793379227,-3.764469400629199
2016-12-04 05:00:00,20.024445185870796,21.831825334081763,-1.8073801482109673
2016-12-04 06:00:00,25.67720129251069,20.891628893862524,4.785572398648167
2016-12-04 07:00:00,26.01262492590463,27.235017603431466,-1.2223926775268374
2016-12-04 08:00:00,25.343389804149492,27.790064694750956,-2.4466748906014644
2016-12-04 09:00:00,25.133324901840968,27.292789210656657,-2.1594643088156893
2016-12-04 10:00:00,30.65562207679433,27.249588632613285,3.4060334441810447
2016-12-04 11:00:00,37.14221839744688,32.668734004719354,4.473484392727528
2016-12-04 12:00:00,34.129150351699316,38.50804087998539,-4.378890528286071
2016-12-04 13:00:00,34.00780684008233,34.78169192727766,-0.7738850871953318
2016-12-04 14:00:00,36.026973064245496,34.267690592130045,1.7592824721154514
2016-12-04 15:00:00,36.94701357000576,35.90393709201281,1.0430764779929476
2016-12-04 16:00:00,35.159983014748676,36.386270908844345,-1.2262878940956696
2016-12-04 17:00:00,38.70473439979005,34.29213139703848,4.412603002751567
2016-12-04 18:00:00,39.132953747374515,37.546862370635004,1.5860913767395104
2016-12-04 19:00:00,40.01694299711862,37.55591041906207,2.461032578056546
2016-12-04 20:00:00,40.368956324262285,38.064645121245434,2.3043112030168516
2016-12-04 21:00:00,38.408410285256245,38.075946397269554,0.332463887986691
2016-12-04 22:00:00,37.46550716573103,35.9278458706513,1.5376612950797295
2016-12-04 23:00:00,37.911606033223144,34.992802256019495,2.9188037772036495
2016-12-05 00:00:00,34.38971616062939,35.486400566839436,-1.096684406210045
2016-12-05 01:00:00,34.41550901273006,32.13795682567368,2.2775521870563793
2016-12-05 02:00:00,28.269494987668025,32.4886869039571,-4.219191916289077
2016-12-05 03:00:00,24.175855392072332,26.860053237651766,-2.6841978455794333
2016-12-05 04:00:00,24.640741264960177,23.66167540531726,0.9790658596429154
2016-12-05 05:00:00,22.555686528302253,25.01106484340438,-2.455378315102127
2016-12-05 06:00:00,27.235496863254433,23.670383790399235,3.5651130728551976
2016-12-05 07:00:00,27.68898116482798,28.829404233732856,-1.1404230689048767
2016-12-05 08:00:00,28.048028605821642,29.384489538679237,-1.3364609328575945
2016-12-05 09:00:00,30.015784785899175,29.775419587339556,0.24036519855961913
2016-12-05 10:00:00,30.755862329096868,31.658201150899274,-0.902338821802406
2016-12-05 11:00:00,29.542721402321387,32.19232916389436,-2.6496077615729696
2016-12-05 12:00:00,29.40291269941303,30.826557529228875,-1.4236448298158457
2016-12-05 13:00:00,34.955399001735096,30.631478922362913,4.323920079372183
2016-12-05 14:00:00,39.379743544805436,35.90875113871393,3.4709924060915043
2016-12-05 15:00:00,36.76792982578622,39.64343299502599,-2.875503169239771
2016-12-05 16:00:00,31.777608940539082,36.380298897833235,-4.602689957294153
2016-12-05 17:00:00,32.81020022382738,31.23451480209153,1.575685421735848
2016-12-05 18:00:00,32.45173905076433,32.36365939208892,0.08807965867541157
2016-12-05 19:00:00,35.67935619592276,32.04360401248712,3.6357521834356348
2016-12-05 20:00:00,35.71657998780013,35.18520772165273,0.5313722661474003
2016-12-05 21:00:00,38.50190919056831,34.99033568983989,3.5115735007284243
2016-12-05 22:00:00,37.119356517893486,37.480738329930354,-0.3613818120368677
2016-12-05 23:00:00,34.04620280071515,35.79008854638918,-1.743885745674028
2016-12-06 00:00:00,33.45824434798665,32.68639189571827,0.7718524522683765
2016-12-06 01:00:00,32.18062152040059,32.2645718532703,-0.08395033286970488
2016-12-06 02:00:00,32.64313332020938,31.204871798841737,1.438261521367643
2016-12-06 03:00:00,24.065151340170424,31.88645701400002,-7.821305673829595
2016-12-06 04:00:00,20.66190895434556,23.818691339390643,-3.1567823850450836
2016-12-06 05:00:00,20.470572687613753,21.396087734823304,-0.9255150472095508
2016-12-06 06:00:00,25.11216308915461,22.141293826286343,2.9708692628682662
2016-12-06 07:00:00,26.26744608003684,27.311622538966635,-1.044176458929794
2016-12-06 08:00:00,25.83187029972756,28.576257939638158,-2.744387639910599
2016-12-06 09:00:00,26.425427115600595,28.17295530308772,-1.7475281874871236
2016-12-06 10:00:00,27.949547065534496,28.77787403299455,-0.828326967460054
2016-12-06 11:00:00,31.73364398522412,30.204861237831672,1.528782747392448
2016-12-06 12:00:00,27.747601166432226,33.66533822911427,-5.917737062682043
2016-12-06 13:00:00,26.455528321134995,29.3934275553254,-2.9378992341904038
2016-12-06 14:00:00,28.19622003155094,28.13323548931574,0.06298454223519911
2016-12-06 15:00:00,29.337551396706534,29.883931270126833,-0.5463798734202996
2016-12-06 16:00:00,34.71124685933326,30.887157931295125,3.824088928038133
2016-12-06 17:00:00,36.85585973641614,35.861689016544446,0.9941707198716969
2016-12-06 18:00:00,41.197842996432925,37.32542562521996,3.8724173712129684
2016-12-06 19:00:00,38.93511089779852,40.84640650351738,-1.9112956057188555
2016-12-06 20:00:00,35.19222371276874,37.82347405816788,-2.6312503453991454
2016-12-06 21:00:00,39.19567670672859,33.77395472227944,5.4217219844491495
2016-12-06 22:00:00,38.83662963284071,37.571899727248756,1.264729905591956
2016-12-06 23:00:00,39.12152280759782,36.87057022564602,2.2509525819518004
2016-12-07 00:00:00,36.203418786330175,36.907201603801305,-0.7037828174711294
2016-12-07 01:00:00,32.70996015507774,33.91630307821751,-1.206342923139772
2016-12-07 02:00:00,33.55174325329872,30.675210957371917,2.8765322959268005
2016-12-07 03:00:00,25.08853946510777,31.865924208763964,-6.777384743656192
2016-12-07 04:00:00,21.996334059266342,23.993049018486467,-1.9967149592201245
2016-12-07 05:00:00,20.981885694282816,21.928224900657163,-0.946339206374347
2016-12-07 06:00:00,25.913293260407514,21.90878151638162,4.004511744025894
2016-12-07 07:00:00,27.866482499582958,27.447755379874273,0.41872711970868437
2016-12-07 08:00:00,27.40159662669511,29.525633532048936,-2.124036905353826
2016-12-07 09:00:00,27.313666532512297,29.067971210863124,-1.7543046783508274
2016-12-07 10:00:00,30.648587779391438,29.005483946925615,1.6431038324658225
2016-12-07 11:00:00,31.225701560273848,32.21606344514871,-0.990361884874865
2016-12-07 12:00:00,33.01126662925729,32.49355672602775,0.5177099032295445
2016-12-07 13:00:00,28.96806953891597,33.937047605751474,-4.968978066835504
2016-12-07 14:00:00,28.860560463109405,29.703975007294652,-0.8434145441852472
2016-12-07 15:00:00,30.638036057957766,29.65967302368804,0.9783630342697265
2016-12-07 16:00:00,34.54271446944161,31.412777530920028,3.1299369385215847
2016-12-07 17:00:00,37.270888973326294,35.03874938805426,2.23213958527203
2016-12-07 18:00:00,31.728954208885007,37.23321161721574,-5.50425740833073
2016-12-07 19:00:00,34.45712926342836,31.372656755503797,3.084472507924559
2016-12-07 20:00:00,40.50407548027264,34.027655780475335,6.4764196997973045
2016-12-07 21:00:00,37.8562097710257,39.62456285434004,-1.768353083314338
2016-12-07 22:00:00,35.900646825876976,36.43337392787281,-0.5327271019958317
2016-12-07 23:00:00,33.49957128116675,34.28444662959027,-0.7848753484235189
2016-12-08 00:00:00,31.226580962169766,31.943899014092693,-0.717318051922927
2016-12-08 01:00:00,30.155886576884615,29.944560400566825,0.21132617631779027
2016-12-08 02:00:00,31.82245311419707,29.2533314241355,2.5691216900615714
2016-12-08 03:00:00,23.00345535998745,31.201799208291146,-8.198343848303697
2016-12-08 04:00:00,20.84591705549761,22.888882754323426,-2.0429656988258174
2016-12-08 05:00:00,20.463245256245553,21.668103366155716,-1.2048581099101625
2016-12-08 06:00:00,25.902712537617226,22.131519021753434,3.771193515863793
2016-12-08 07:00:00,28.17259613217477,28.006209548357614,0.16638658381715743
2016-12-08 08:00:00,28.118079547202584,30.225628619290312,-2.1075490720877283
2016-12-08 09:00:00,27.70935158922917,30.007759356992388,-2.2984077677632193
2016-12-08 10:00:00,27.886852923984144,29.484214430016337,-1.5973615060321933
2016-12-08 11:00:00,28.498259570084873,29.57843606046667,-1.080176490381799
2016-12-08 12:00:00,29.88652766675982,30.082747249758082,-0.19621958299826048
2016-12-08 13:00:00,32.76213176010392,31.290925388392907,1.4712063717110127
2016-12-08 14:00:00,32.548754829448505,33.828217853167715,-1.2794630237192095
2016-12-08 15:00:00,28.948490459779745,33.20955299030692,-4.261062530527173
2016-12-08 16:00:00,34.04268556023726,29.456350297667825,4.586335262569435
2016-12-08 17:00:00,37.88083008726516,34.40121328209926,3.4796168051658967
2016-12-08 18:00:00,40.6007983085444,37.69792694894902,2.9028713595953803
2016-12-08 19:00:00,34.97650244460244,39.688508597446706,-4.712006152844268
2016-12-08 20:00:00,34.64617846115095,33.60266899657088,1.043509464580076
2016-12-08 21:00:00,34.59723077908446,33.22686989817671,1.3703608809077537
2016-12-08 22:00:00,35.943732562848915,33.168609086327436,2.775123476521479
2016-12-08 23:00:00,36.10845439474447,34.46039994914878,1.6480544455956903
2016-12-09 00:00:00,33.20647145669842,34.51347776787191,-1.3070063111734953
2016-12-09 01:00:00,35.09315617988032,31.646685905872385,3.4464702740079325
2016-12-09 02:00:00,30.240592472778395,33.63801260772953,-3.3974201349511333
2016-12-09 03:00:00,25.505386242734556,28.980188676782927,-3.474802434048371
2016-12-09 04:00:00,22.70874320693349,24.85101177493081,-2.14226856799732
2016-12-09 05:00:00,21.902718414316247,22.88701583879888,-0.9842974244826337
2016-12-09 06:00:00,27.246077769597612,22.900611565723953,4.345466203873659
2016-12-09 07:00:00,27.632823158137104,28.687816668957325,-1.0549935108202213
2016-12-09 08:00:00,26.301650977532635,29.118183105685087,-2.8165321281524527
2016-12-09 09:00:00,27.679220923455922,27.84984442488188,-0.1706235014259576
2016-12-09 10:00:00,29.4767738775725,29.279222267304604,0.19755161026789736
2016-12-09 11:00:00,34.34311318317957,30.962397770600983,3.380715412578585
2016-12-09 12:00:00,32.61792673603931,35.43570569306167,-2.8177789570223624
2016-12-09 13:00:00,36.837687266096076,33.22392748144678,3.6137597846492966
2016-12-09 14:00:00,40.67084943347823,36.97667882152973,3.6941706119485005
2016-12-09 15:00:00,40.69048665586037,40.069737870137416,0.6207487857229523
2016-12-09 16:00:00,36.93147912182056,39.322791678911706,-2.3913125570911475
2016-12-09 17:00:00,42.94237444975447,35.13636813630375,7.806006313450716
2016-12-09 18:00:00,40.1418037492135,40.76658260160187,-0.6247788523883671
2016-12-09 19:00:00,41.903628087406304,37.49056142214665,4.413066665259656
2016-12-09 20:00:00,40.16290645786928,38.96832554804553,1.194580909823756
2016-12-09 21:00:00,41.29925523393801,37.00476451409169,4.294490719846323
2016-12-09 22:00:00,40.861364117474466,38.025956108894974,2.835408008579492
2016-12-09 23:00:00,35.21918910073064,37.474436296477364,-2.255247195746726
2016-12-10 00:00:00,34.3293375387862,32.02091302042271,2.3084245183634877
2016-12-10 01:00:00,38.73404412526284,31.62014029849505,7.1139038267677925
2016-12-10 02:00:00,32.05458841599738,36.27502708783605,-4.2204386718386715
2016-12-10 03:00:00,26.360270979136878,29.854377117446543,-3.4941061383096645
2016-12-10 04:00:00,22.068788992847416,24.954581566382963,-2.8857925735355465
2016-12-10 05:00:00,20.50152411013456,21.75713764203883,-1.2556135319042703
2016-12-10 06:00:00,25.639743287145695,21.32260121390483,4.317142073240866
2016-12-10 07:00:00,29.25217137988017,27.194908385902593,2.0572629939775773
2016-12-10 08:00:00,31.034307290828803,30.948908937752144,0.0853983530766591
2016-12-10 09:00:00,29.075490687152204,32.570808042238774,-3.49531735508657
2016-12-10 10:00:00,30.63070862658957,30.47182218411333,0.15888644247624129
2016-12-10 11:00:00,33.99227239189713,31.947876765451458,2.0443956264456737
2016-12-10 12:00:00,35.06120806516689,35.02028664734008,0.04092141782680869
2016-12-10 13:00:00,39.995253653426445,35.64290969783567,4.352343955590776
2016-12-10 14:00:00,39.018058448782696,39.966879114825495,-0.9488206660427991
2016-12-10 15:00:00,41.52816697988441,38.30592602157483,3.222240958309584
2016-12-10 16:00:00,42.39369080889603,40.236610313281055,2.157080495614977
2016-12-10 17:00:00,45.89945996537398,40.495318446133346,5.404141519240632
2016-12-10 18:00:00,38.04115619455136,43.34954532609885,-5.308389131547486
2016-12-10 19:00:00,40.53162676905937,35.15104510695374,5.380581662105634
2016-12-10 20:00:00,38.15839583065407,37.693098806774216,0.46529702387985594
2016-12-10 21:00:00,39.8267212635348,35.34452339695434,4.482197866580464
2016-12-10 22:00:00,34.85457266505484,37.0971742396967,-2.24260157464186
2016-12-10 23:00:00,38.42365104881747,32.32637896841177,6.097272080405702
2016-12-11 00:00:00,35.54980603459454,36.16868356310829,-0.6188775285137496
2016-12-11 01:00:00,34.63152359841456,33.45316525339046,1.178358345024101
2016-12-11 02:00:00,32.31749911309701,32.85379316358065,-0.5362940504836402
2016-12-11 03:00:00,27.303877106230736,30.93898686727998,-3.635109761049243
2016-12-11 04:00:00,26.022385167276685,26.57043984000115,-0.5480546727244651
2016-12-11 05:00:00,22.236529902677447,26.102581331815813,-3.8660514291383663
2016-12-11 06:00:00,26.066350306144535,23.169577427422073,2.8967728787224623
2016-12-11 07:00:00,27.617347538653142,27.686693912430968,-0.06934637377782593
2016-12-11 08:00:00,27.468364724638672,29.497251952602916,-2.028887227964244
2016-12-11 09:00:00,29.406136805925616,29.465915298338434,-0.05977849241281774
2016-12-11 10:00:00,31.64014507991206,31.41106562233436,0.22907945757770065
2016-12-11 11:00:00,35.02545012666893,33.447233163215216,1.5782169634537127
2016-12-11 12:00:00,39.84196202709603,36.413533687340816,3.4284283397552144
2016-12-11 13:00:00,36.704326546771775,40.52270888906242,-3.818382342290647
2016-12-11 14:00:00,41.57857941401298,36.7200970697086,4.858482344304377
2016-12-11 15:00:00,36.47131202662844,41.03780077558415,-4.566488748955713
2016-12-11 16:00:00,37.64547122961093,35.46762858769991,2.1778426419110204
2016-12-11 17:00:00,37.94736360461532,36.5034406196318,1.4439229849835158
2016-12-11 18:00:00,44.662871487661384,36.63068948611904,8.032182001542346
2016-12-11 19:00:00,49.37181515375907,42.91904341121773,6.452771742541344
2016-12-11 20:00:00,41.5428218426208,46.76179620894824,-5.218974366327437
2016-12-11 21:00:00,42.46462151927868,38.36402699612287,4.100594523155813
2016-12-11 22:00:00,39.98704663660944,39.22706947117149,0.7599771654379524
2016-12-11 23:00:00,38.70473439979005,36.77623933455027,1.9284950652397796
2016-12-12 00:00:00,38.847180987168606,35.71147610034421,3.1357048868243993
2016-12-12 01:00:00,35.862543448550795,36.09590472562655,-0.23336127707575827
2016-12-12 02:00:00,31.020531646435437,33.4292646073347,-2.4087329608992647
2016-12-12 03:00:00,26.214541548320945,29.201992318949568,-2.987450770628623
2016-12-12 04:00:00,22.302477519202778,25.331031245942174,-3.0285537267393963
2016-12-12 05:00:00,23.29168993155384,22.557108917886836,0.7345810136670039
2016-12-12 06:00:00,27.990229360964964,24.58308247897212,3.407146881992844
2016-12-12 07:00:00,29.4882048173492,29.82613670898403,-0.33793189163483106
2016-12-12 08:00:00,28.985157270450507,31.429955957868835,-2.444798687418327
2016-12-12 09:00:00,30.411469842616043,30.943362771877972,-0.5318929292619288
2016-12-12 10:00:00,29.98647478509705,32.33901284120605,-2.3525380561089975
2016-12-12 11:00:00,30.620450039121206,31.82565988700526,-1.2052098478840527
2016-12-12 12:00:00,31.254425384921802,32.37806037128815,-1.1236349863663477
2016-12-12 13:00:00,31.8884007307224,32.88144607506568,-0.9930453443432832
2016-12-12 14:00:00,32.522376076522995,33.34763974583508,-0.8252636693120863
2016-12-12 15:00:00,33.156351238770704,33.785934627322774,-0.6295833885520707
2016-12-12 16:00:00,33.790326768124196,34.20362938567688,-0.41330261755268083
2016-12-12 17:00:00,34.4243019303719,34.60645004968039,-0.1821481193084935
2016-12-12 18:00:00,35.058277092619605,34.99888282659652,0.05939426602308373
2016-12-12 19:00:00,35.24351646655768,35.3844366159702,-0.14092014941252273
2016-12-12 20:00:00,35.44897969791428,35.3360279341082,0.11295176380608041
2016-12-12 21:00:00,40.69546974971768,35.34263054568384,5.352839204033842
2016-12-12 22:00:00,38.596580631741595,40.20450447009814,-1.6079238383565482
2016-12-12 23:00:00,40.725365376015304,37.629083437113266,3.096281938902038
2016-12-13 00:00:00,35.23618903518948,39.41341132332332,-4.177222288133834
2016-12-13 01:00:00,34.91319285021197,33.786259949259076,1.1269329009528946
2016-12-13 02:00:00,30.176403568268455,33.66043187747487,-3.4840283092064155
2016-12-13 03:00:00,26.57112699440124,29.297908821225455,-2.726781826824215
2016-12-13 04:00:00,23.71829695055268,26.381738810058483,-2.6634418595058023
2016-12-13 05:00:00,23.419510657552618,24.367529331861945,-0.9480186743093277
2016-12-13 06:00:00,26.2813098298174,24.872280811964043,1.4090290178533564
2016-12-13 07:00:00,28.886617046296823,28.24181618955984,0.6448008567369818
2016-12-13 08:00:00,29.22693545019182,30.97209466221036,-1.7451592120185389
2016-12-13 09:00:00,31.97633064135232,31.250274549628088,0.7260560917242316
2016-12-13 10:00:00,30.78106891326693,33.80880986440335,-3.027740951136419
2016-12-13 11:00:00,31.820108409580403,32.36628954542717,-0.5461811358467692
2016-12-13 12:00:00,31.121651117081004,33.22504971115119,-2.103398594070189
2016-12-13 13:00:00,28.008958455423908,32.356792509633244,-4.347834054209336
2016-12-13 14:00:00,28.648912944839317,29.27457021390184,-0.625657269062522
2016-12-13 15:00:00,30.584105649139747,30.065690342139952,0.5184153069997954
2016-12-13 16:00:00,33.3799865733416,31.996248830580356,1.383737742761241
2016-12-13 17:00:00,34.67695404000316,34.564255147306895,0.11269889269626532
2016-12-13 18:00:00,33.92398007075513,35.481011794597315,-1.5570317238421865
2016-12-13 19:00:00,35.27370577747927,34.39584356648326,0.8778622109960139
2016-12-13 20:00:00,32.78645912593096,35.46909078471493,-2.6826316587839685
2016-12-13 21:00:00,34.37828522085269,32.80289008348143,1.5753951373712596
2016-12-13 22:00:00,35.21010323267639,34.317828832207844,0.8922744004685441
2016-12-13 23:00:00,36.56334544566686,34.97344939494796,1.5898960507188988
2016-12-14 00:00:00,33.93101455171091,36.09195351365524,-2.160938961944332
2016-12-14 01:00:00,30.851119854647877,33.32192342969207,-2.4708035750441937
2016-12-14 02:00:00,29.085280228154325,30.40429013372487,-1.319009905570546
2016-12-14 03:00:00,24.94037740784087,28.999009437351567,-4.058632029510697
2016-12-14 04:00:00,24.10665448412491,25.398406651674854,-1.2917521675499444
2016-12-14 05:00:00,23.304703464347988,25.23131316763881,-1.926609703290822
2016-12-14 06:00:00,27.458575298357108,25.01506254788643,2.4435127504706777
2016-12-14 07:00:00,30.070301370871363,29.478943119450886,0.5913582514204769
2016-12-14 08:00:00,37.77003829708184,31.995929428426074,5.774108868655766
2016-12-14 09:00:00,37.55842017021826,39.15429036757614,-1.5958701973578755
2016-12-14 10:00:00,33.72760307455856,38.130332665697765,-4.402729591139206
2016-12-14 11:00:00,30.173765729686483,33.842666481216106,-3.6689007515296232
2016-12-14 12:00:00,30.04597409682077,30.28333873460178,-0.2373646377810097
2016-12-14 13:00:00,32.92802649496648,30.33951711463196,2.5885093803345214
2016-12-14 14:00:00,33.27593594659586,33.247202266410724,0.028733680185133892
2016-12-14 15:00:00,36.534035720194076,33.45004410993628,3.0839916102577973
2016-12-14 16:00:00,37.207579378935826,36.4401628303089,0.767416548626926
2016-12-14 17:00:00,38.813767753287316,36.71099043072323,2.102777322564087
2016-12-14 18:00:00,38.861835849905,37.90645068933667,0.9553851605683263
2016-12-14 19:00:00,35.046553202430495,37.55710028152907,-2.510547079098572
2016-12-14 20:00:00,32.742494170616,33.59974504316851,-0.8572508725525125
2016-12-14 21:00:00,35.59552979370134,31.486827989201544,4.108701804499795
2016-12-14 22:00:00,40.47711009231074,34.491785838190395,5.985324254120343
2016-12-14 23:00:00,40.728003398150165,39.14278477577198,1.5852186223781857
2016-12-15 00:00:00,44.36302976554391,38.959690720992356,5.403339044551551
2016-12-15 01:00:00,41.33208256699447,42.10212449615672,-0.7700419291622467
2016-12-15 02:00:00,30.55391633821815,38.64208370206343,-8.08816736384528
2016-12-15 03:00:00,26.378179316848254,28.156231705223686,-1.778052388375432
2016-12-15 04:00:00,25.050289612575384,24.949220985990408,0.10106862658497562
2016-12-15 05:00:00,24.653784166216724,24.64658827087874,0.007195895337982705
2016-12-15 06:00:00,27.6898018297991,25.12796177068379,2.561840059115312
2016-12-15 07:00:00,28.56502771391666,28.731343226873765,-0.16631551295710523
2016-12-15 08:00:00,29.81559750703585,29.845775819917343,-0.03017831288149253
2016-12-15 09:00:00,30.278109306844634,31.176974204220798,-0.8988648973761642
2016-12-15 10:00:00,28.423372514823278,31.611279895198216,-3.187907380374938
2016-12-15 11:00:00,32.52266902693541,29.782850426569034,2.7398186003663767
2016-12-15 12:00:00,33.637328459311966,33.818957780481895,-0.18162932116992891
2016-12-15 13:00:00,38.483150819423415,34.620345706616135,3.86280511280728
2016-12-15 14:00:00,39.278624257712764,38.95818270813294,0.32044154957982585
2016-12-15 15:00:00,39.9445475346739,39.07611270019962,0.8684348344742787
2016-12-15 16:00:00,42.473414436920514,39.15129860882171,3.322115828098802
2016-12-15 17:00:00,43.174508650237435,41.08731317500827,2.0871954752291657
2016-12-15 18:00:00,40.53485069201906,41.177641635613085,-0.6427909435940222
2016-12-15 19:00:00,43.69564173652069,38.151364447943244,5.544277288577447
2016-12-15 20:00:00,41.07620616729774,41.028087570599176,0.048118596698564886
2016-12-15 21:00:00,33.513640243078314,38.14941971573808,-4.635779472659763
2016-12-15 22:00:00,35.45366910714762,30.85452602424316,4.599143082904458
2016-12-15 23:00:00,36.130143738436644,33.321842171523414,2.8083015669132294
2016-12-16 00:00:00,34.194218382775844,34.286415668533856,-0.09219728575801156
2016-12-16 01:00:00,31.0076352203851,32.62804777044449,-1.6204125500593882
2016-12-16 02:00:00,33.46146827094635,29.897070576519216,3.5643976944271323
2016-12-16 03:00:00,29.68135770703319,32.7684771133428,-3.0871194063096077
2016-12-16 04:00:00,23.915347952961277,29.346430938954267,-5.43108298599299
2016-12-16 05:00:00,22.48320296047034,24.29620310404708,-1.8130001435767404
2016-12-16 06:00:00,27.684115636596704,23.772163001155768,3.9119526354409366
2016-12-16 07:00:00,28.798716354992578,29.52210704301376,-0.7233906880211833
2016-12-16 08:00:00,32.56341005929068,30.736268211379915,1.8271418479107666
2016-12-16 09:00:00,31.057169170382203,34.35248405355254,-3.2953148831703345
2016-12-16 10:00:00,35.658252753055415,32.592608456895995,3.0656442961594195
2016-12-16 11:00:00,36.53081179723438,36.87463298508424,-0.34382118784986204
2016-12-16 12:00:00,50.00110200809079,37.221263678148894,12.779838329941896
2016-12-16 13:00:00,43.33981785138094,49.669893555602165,-6.330075704221223
2016-12-16 14:00:00,38.931007389390025,41.808042749927026,-2.8770353605370005
2016-12-16 15:00:00,38.08834470572023,37.00989733606496,1.0784473696552723
2016-12-16 16:00:00,40.70748659031921,36.138911853220286,4.568574737098928
2016-12-16 17:00:00,39.584620141125654,38.67842835572218,0.9061917854034718
2016-12-16 18:00:00,40.98358684743448,37.41588080457539,3.5677060428590934
2016-12-16 19:00:00,36.856445637240974,38.71624562788455,-1.8597999906435732
2016-12-16 20:00:00,34.57847240793957,34.62547834311356,-0.047005935173991986
2016-12-16 21:00:00,34.25107976414114,32.694948088070916,1.5561316760702226
2016-12-16 22:00:00,36.14655777207065,32.775684065323794,3.370873706746856
2016-12-16 23:00:00,32.9664224555993,34.929864700077104,-1.963442244477804
2016-12-17 00:00:00,29.07229589747777,31.991231026314864,-2.918935128837095
2016-12-17 01:00:00,35.07263900494358,28.616135968468356,6.456503036475226
2016-12-17 02:00:00,30.56124395313924,34.96691895850374,-4.4056750053645
2016-12-17 03:00:00,24.91596193662664,30.6069228790609,-5.690960942434259
2016-12-17 04:00:00,21.36373664501086,25.54887466101988,-4.18513801600902
2016-12-17 05:00:00,20.91429711492102,22.8875559853085,-1.973258870387479
2016-12-17 06:00:00,25.7805779130444,23.320308772488037,2.4602691405563633
2016-12-17 07:00:00,27.548967295676842,28.673803696642633,-1.1248364009657905
2016-12-17 08:00:00,32.7351667392478,30.478830694011826,2.256336045235976
2016-12-17 09:00:00,28.2173818442373,35.36972256923018,-7.152340724992879
2016-12-17 10:00:00,27.120718854959314,30.53469199695476,-3.413973141995445
2016-12-17 11:00:00,31.48304344624422,29.46175289498435,2.0212905512598702
2016-12-17 12:00:00,32.415980745160596,33.7040977190138,-1.2881169738532066
2016-12-17 13:00:00,28.056176793937407,34.26971418006242,-6.213537386125015
2016-12-17 14:00:00,32.03172653644398,29.753538873258503,2.2781876631854807
2016-12-17 15:00:00,35.92497419170402,33.65786101289518,2.2671131788088346
2016-12-17 16:00:00,33.82549843869154,37.11935754821633,-3.2938591095247887
2016-12-17 17:00:00,27.28596858496647,34.56892429100777,-7.2829557060412995
2016-12-17 18:00:00,29.669926813144713,28.062030517549736,1.6078962955949763
2016-12-17 19:00:00,29.25867819216547,30.704393146257893,-1.4457149540924235
2016-12-17 20:00:00,24.613072502323856,30.38194907663371,-5.768876574309854
2016-12-17 21:00:00,22.552433236880162,26.016592859162216,-3.464159622282054
2016-12-17 22:00:00,21.532269034902505,24.492031233627024,-2.959762198724519
2016-12-17 23:00:00,25.187870947051998,24.025542197147903,1.1623287499040948
2016-12-18 00:00:00,21.677998282165547,27.995037895737994,-6.317039613572447
2016-12-18 01:00:00,20.482795107452063,24.67345730439833,-4.190662196946267
2016-12-18 02:00:00,20.730318382231367,23.840871321960304,-3.1105529397289366
2016-12-18 03:00:00,19.658862160676335,24.403548675743927,-4.744686515067592
2016-12-18 04:00:00,19.63605828383617,23.59032883494298,-3.9542705511068093
2016-12-18 05:00:00,22.584175405251028,23.80449276074567,-1.2203173554946432
2016-12-18 06:00:00,25.374311858207907,26.792740829155502,-1.4184289709475948
2016-12-18 07:00:00,25.927127641725676,29.324399529230195,-3.3972718875045196
2016-12-18 08:00:00,25.46795723872618,29.49208816695888,-4.024130928232701
2016-12-18 09:00:00,26.92448833396895,28.709984807371768,-1.7854964734028194
2016-12-18 10:00:00,26.463676601027203,29.86452763019654,-3.4008510291693383
2016-12-18 11:00:00,26.387968926682706,29.101287867266592,-2.7133189405838856
2016-12-18 12:00:00,31.054824282212646,28.80691010505956,2.247914177153085
2016-12-18 13:00:00,26.75513527910618,33.100960306782326,-6.345825027676145
2016-12-18 14:00:00,26.00690963956917,28.444611298629308,-2.4377016590601386
2016-12-18 15:00:00,25.72603186783337,27.6667175714648,-1.9406857036314307
2016-12-18 16:00:00,26.38064131176162,27.405608527625432,-1.0249672158638106
2016-12-18 17:00:00,29.672271609537823,28.054484726127946,1.6177868834098774
2016-12-18 18:00:00,28.41847770990605,31.16133106877638,-2.742853358870331
2016-12-18 19:00:00,25.533084006727496,29.641070819540264,-4.107986812812769
2016-12-18 20:00:00,26.505179561428797,26.730716186990133,-0.22553662556133602
2016-12-18 21:00:00,21.844098229159115,27.785817178341283,-5.941718949182167
2016-12-18 22:00:00,25.122744179050677,23.329063902004556,1.7936802770461213
2016-12-18 23:00:00,25.180543515683798,26.860598799535502,-1.6800552838517042
2016-12-19 00:00:00,22.749454503720578,26.93372452270617,-4.184270018985593
2016-12-19 01:00:00,24.385919927275076,24.605719977328604,-0.21980005005352865
2016-12-19 02:00:00,22.08833810984237,26.369421930442268,-4.2810838205999
2016-12-19 03:00:00,19.336451509417877,24.17309329180143,-4.836641782383552
2016-12-19 04:00:00,20.07327612829926,21.724038452999864,-1.6507623247006045
2016-12-19 05:00:00,20.9094314949133,22.794138675385977,-1.8847071804726774
2016-12-19 06:00:00,25.34500176562934,23.801329239549936,1.5436725260794049
2016-12-19 07:00:00,27.74598911317593,28.12515941680502,-0.3791703036290883
2016-12-19 08:00:00,25.73418014772558,30.096902246749984,-4.362722099024403
2016-12-19 09:00:00,25.450019716105295,27.703929260861685,-2.2539095447563895
2016-12-19 10:00:00,25.07634641373186,27.23230110305652,-2.1559546893246626
2016-12-19 11:00:00,26.21618287826319,26.736084167706103,-0.5199012894429131
2016-12-19 12:00:00,25.598210774728813,27.74485125984455,-2.1466404851157357
2016-12-19 13:00:00,25.32301947152475,26.985861750945418,-1.6628422794206692
2016-12-19 14:00:00,25.462241768837828,26.638873719614836,-1.1766319507770078
2016-12-19 15:00:00,25.077958375211704,26.72487573725034,-1.6469173620386357
2016-12-19 16:00:00,25.820498096875653,26.302636008946738,-0.48213791207108514
2016-12-19 17:00:00,26.523117267602572,26.998681620450935,-0.4755643528483624
2016-12-19 18:00:00,25.86525416514645,27.591993207472928,-1.7267390423264786
2016-12-19 19:00:00,25.086927136522146,26.836290504922733,-1.7493633684005871
2016-12-19 20:00:00,21.08203802475105,26.044688668646007,-4.962650643894957
2016-12-19 21:00:00,23.26888642181946,22.234023332715047,1.0348630891044124
2016-12-19 22:00:00,24.64156174637841,24.679696943823505,-0.03813519744509364
2016-12-19 23:00:00,21.603931754210407,26.074712738914698,-4.470780984704291
2016-12-20 00:00:00,19.724809042990106,23.104812992494622,-3.380003949504516
2016-12-20 01:00:00,19.338093206465903,21.50679556712676,-2.1687023606608555
2016-12-20 02:00:00,19.463451753998424,21.441772255113925,-1.9783205011155012
2016-12-20 03:00:00,19.715870017247845,21.82004703701019,-2.1041770197623464
2016-12-20 04:00:00,20.006537031712313,22.239375308504524,-2.2328382767922115
2016-12-20 05:00:00,19.502551456411446,22.621668223634426,-3.1191167672229803
2016-12-20 06:00:00,24.89641245252591,22.182333025342842,2.7140794271830693
2016-12-20 07:00:00,26.113597921343985,27.412137872716514,-1.298539951372529
2016-12-20 08:00:00,26.400982459476857,28.161430020643763,-1.760447561166906
2016-12-20 09:00:00,24.84916447022068,28.003422004537953,-3.1542575343172743
2016-12-20 10:00:00,24.688780360221244,26.15114271030816,-1.4623623500869165
2016-12-20 11:00:00,25.97191344556465,25.839721647764886,0.13219179779976287
2016-12-20 12:00:00,26.880523378653987,26.955152921583746,-0.07462954292975965
2016-12-20 13:00:00,23.923466864391088,27.625313061678195,-3.7018461972871073
2016-12-20 14:00:00,24.109116295485386,24.55861413477249,-0.44949783928710474
2016-12-20 15:00:00,24.19783768617692,24.80143906037662,-0.6036013741996982
2016-12-20 16:00:00,24.315898537909423,24.917694856057675,-0.6017963181482529
2016-12-20 17:00:00,25.748014161937963,25.04406261344274,0.7039515484952226
2016-12-20 18:00:00,25.39550303935666,26.412716566082885,-1.0172135267262234
2016-12-20 19:00:00,23.955209399867737,25.949118845572922,-1.9939094457051851
2016-12-20 20:00:00,21.831084329259184,24.49944111802895,-2.668356788769767
2016-12-20 21:00:00,19.23794087599767,22.52935625510935,-3.2914153791116796
2016-12-20 22:00:00,22.097307238258587,20.270623676258037,1.8266835620005502
2016-12-20 23:00:00,21.542029643380342,23.39632591357815,-1.854296270197807
2016-12-21 00:00:00,19.72155575156801,22.91627470730654,-3.1947189557385265
2016-12-21 01:00:00,22.63139401909386,21.252753382762027,1.3786406363318342
2016-12-21 02:00:00,20.118061565032452,24.247729264740464,-4.129667699708012
2016-12-21 03:00:00,18.473448228691524,21.748305678754065,-3.274857450062541
2016-12-21 04:00:00,18.434348526278505,20.305747575671198,-1.8713990493926929
2016-12-21 05:00:00,18.369221758277185,20.500384836074648,-2.1311630777974635
2016-12-21 06:00:00,24.185615633444385,20.610607182822207,3.575008450622178
2016-12-21 07:00:00,26.557292796635966,26.309933592823157,0.24735920381280962
2016-12-21 08:00:00,24.8882641726337,28.181336908521928,-3.2930727358882272
2016-12-21 09:00:00,24.66111159758492,26.06683379061456,-1.4057221930296393
2016-12-21 10:00:00,24.417662829857505,25.586237006152697,-1.1685741762951913
2016-12-21 11:00:00,24.89884489542399,25.164948509978615,-0.2661036145546234
2016-12-21 12:00:00,25.393040860890405,25.497736454084254,-0.10469559319384913
2016-12-21 13:00:00,29.550342013543112,25.829014907677614,3.721327105865498
2016-12-21 14:00:00,25.658472289828193,29.657892156670705,-3.999419866842512
2016-12-21 15:00:00,25.09100127646825,25.46178456480144,-0.37078328833318963
2016-12-21 16:00:00,25.272547566259824,24.885269444674506,0.38727812158531805
2016-12-21 17:00:00,26.006118159507555,25.08242709622472,0.9236910632828348
2016-12-21 18:00:00,26.427859742051563,25.788645635757245,0.6392141062943182
2016-12-21 19:00:00,23.698776467808568,26.13469199749796,-2.4359155296893924
2016-12-21 20:00:00,20.8149656329768,23.441873686898642,-2.6269080539218415
2016-12-21 21:00:00,20.05211394850712,20.84957535671054,-0.7974614082034215
2016-12-21 22:00:00,20.02198337451032,20.492323750586245,-0.4703403760759244
2016-12-21 23:00:00,19.759013756933008,20.813586578561665,-1.054572821628657
2016-12-22 00:00:00,19.266430487158004,20.830568649341128,-1.5641381621831236
2016-12-22 01:00:00,18.99534195815088,20.583209872912143,-1.5878679147612615
2016-12-22 02:00:00,19.38041683183862,20.53192156529096,-1.1515047334523416
2016-12-22 03:00:00,18.976583587005983,21.07707170443545,-2.1004881174294674
2016-12-22 04:00:00,18.913098516052692,20.785900454967845,-1.8728019389151527
2016-12-22 05:00:00,19.90881714414216,20.824330919659857,-0.9155137755176987
2016-12-22 06:00:00,23.70446256923452,21.85099735492045,1.8534652143140669
2016-12-22 07:00:00,25.45248152746577,25.450050164892303,0.0024313625734677657
2016-12-22 08:00:00,24.64971002627062,26.768766523418797,-2.119056497148179
2016-12-22 09:00:00,25.712197486515212,25.572364104493957,0.13983338202125495
2016-12-22 10:00:00,24.73438664547845,26.323549075012444,-1.589162429533996
2016-12-22 11:00:00,25.110521759212364,25.089169068840256,0.021352690372108185
2016-12-22 12:00:00,24.122129828279533,25.300339234481925,-1.1782094062023916
2016-12-22 13:00:00,23.539183470764964,24.20607738069306,-0.6668939099280955
2016-12-22 14:00:00,23.42033150607663,23.616639574064596,-0.1963080679879674
2016-12-22 15:00:00,23.897410063234613,23.527499636298987,0.3699104269356255
2016-12-22 16:00:00,24.151439920858103,24.01301508230928,0.13842483854882204
2016-12-22 17:00:00,25.0437830297312,24.237691263777844,0.8060917659533544
2016-12-22 18:00:00,26.759209235499394,25.056273058634783,1.7029361768646112
2016-12-22 19:00:00,23.424376277560338,26.59641193183729,-3.1720356542769537
2016-12-22 20:00:00,20.55038442102542,23.17921223237093,-2.6288278113455092
2016-12-22 21:00:00,20.54713039539177,20.536013262612947,0.011117132778821315
2016-12-22 22:00:00,20.3020696661845,20.85923388132269,-0.5571642151381901
2016-12-22 23:00:00,19.2737579185262,20.875012218668605,-1.6012543001424042
2016-12-23 00:00:00,20.024445185870796,20.10118005606643,-0.07673487019563296
2016-12-23 01:00:00,20.320798668867,21.065670812402704,-0.7448721435357051
2016-12-23 02:00:00,19.255849030156156,21.47082709089074,-2.214978060734584
2016-12-23 03:00:00,18.597195181849976,20.514000304175358,-1.916805122325382
2016-12-23 04:00:00,18.449003389014898,20.015537546568197,-1.5665341575532992
2016-12-23 05:00:00,18.706286538060475,20.024471145243982,-1.3181846071835075
2016-12-23 06:00:00,24.151439920858103,20.392353130147107,3.7590867907109953
2016-12-23 07:00:00,24.521888933166064,25.672118142521427,-1.1502292093553628
2016-12-23 08:00:00,24.366370076068566,25.611357337602985,-1.244987261534419
2016-12-23 09:00:00,25.602284914674918,25.10558422111301,0.49670069356190893
2016-12-23 10:00:00,27.811936546148374,26.023813171478285,1.7881233746700893
2016-12-23 11:00:00,25.48179162004434,27.82956646581088,-2.3477748457665406
2016-12-23 12:00:00,24.18318282344053,25.172040524373344,-0.9888577009328152
2016-12-23 13:00:00,24.12620396822564,23.797319967076223,0.3288840011494152
2016-12-23 14:00:00,23.925108194333333,23.752840303729357,0.17226789060397607
2016-12-23 15:00:00,23.861593387811862,23.574551649430678,0.2870417383811841
2016-12-23 16:00:00,24.543871594376434,23.54332345246219,1.0005481419142441
2016-12-23 17:00:00,25.78629301582697,24.226515901966657,1.5597771138603136
2016-12-23 18:00:00,25.47607615015599,25.383567284863197,0.09250886529279256
2016-12-23 19:00:00,23.171987749879094,24.958376744492128,-1.7863889946130342
2016-12-23 20:00:00,19.693886988931695,22.681158108991745,-2.9872711200600506
2016-12-23 21:00:00,19.311215923891197,19.491545752573998,-0.180329828682801
2016-12-23 22:00:00,19.801337382305725,19.527886287108682,0.2734510951970428
2016-12-23 23:00:00,19.313648366789273,20.33925417164593,-1.0256058048566565
2016-12-24 00:00:00,19.209451264837334,20.092087576288435,-0.8826363114511011
2016-12-24 01:00:00,19.500910493574978,20.19930186596158,-0.6983913723866024
2016-12-24 02:00:00,19.154905953837865,20.642267036937067,-1.4873610830992021
2016-12-24 03:00:00,18.878893067898225,20.407312244162746,-1.5284191762645207
2016-12-24 04:00:00,18.834107631165033,20.24055961605288,-1.4064519848878483
2016-12-24 05:00:00,19.03520377216312,20.289783568741395,-1.2545797965782768
2016-12-24 06:00:00,22.84796550424657,20.55039383918965,2.297571665056921
2016-12-24 07:00:00,23.496038996868236,24.230871228679568,-0.7348322318113318
2016-12-24 08:00:00,23.243650836292776,24.546422121951856,-1.3027712856590803
2016-12-24 09:00:00,22.48402307478279,24.009840606591755,-1.5258175318089648
2016-12-24 10:00:00,22.87563426688289,23.07246146935456,-0.1968272024716704
2016-12-24 11:00:00,22.969250278938766,23.346894450090794,-0.37764417115202775
2016-12-24 12:00:00,23.141886177238913,23.3237737047339,-0.18188752749498605
2016-12-24 13:00:00,23.60105694734419,23.392602566616738,0.20845438072745281
2016-12-24 14:00:00,23.474056702763647,23.742271956634326,-0.2682152538706788
2016-12-24 15:00:00,23.030332642562158,23.511817842072567,-0.48148519951040925
2016-12-24 16:00:00,23.255052407607078,23.013377895262916,0.24167451234416149
2016-12-24 17:00:00,23.3844850950857,23.20939401549185,0.17509107959385162
2016-12-24 18:00:00,23.448820750131183,23.299854138531813,0.14896661159936997
2016-12-24 19:00:00,22.7356204895082,23.32513844248799,-0.58951795297979
2016-12-24 20:00:00,19.869747544403094,22.60914072804727,-2.739393183644175
2016-12-24 21:00:00,18.900055247690364,19.899290029038802,-0.9992347813484379
2016-12-24 22:00:00,18.404247320744105,19.23851215592926,-0.8342648351851558
2016-12-24 23:00:00,18.887041347790436,19.05030068478729,-0.16325933699685535
2016-12-25 00:00:00,19.006714161002783,19.772538396269457,-0.765824235266674
2016-12-25 01:00:00,18.966002864215696,20.04278752707669,-1.0767846628609945
2016-12-25 02:00:00,18.941587393001466,20.108896205007706,-1.1673088120062403
2016-12-25 03:00:00,18.9285448588507,20.164638332555402,-1.2360934737047025
2016-12-25 04:00:00,18.626504907322765,20.209491848573226,-1.5829869412504607
2016-12-25 05:00:00,18.757579291849414,19.959501928479817,-1.2019226366304032
2016-12-25 06:00:00,22.777944114880917,20.134525104356513,2.643419010524404
2016-12-25 07:00:00,23.010782791355645,24.006110088360135,-0.99532729700449
2016-12-25 08:00:00,22.57031202257625,23.901221840432314,-1.3309098178560639
2016-12-25 09:00:00,22.649302173252345,23.20264260258374,-0.5533404293313957
2016-12-25 10:00:00,22.79910556046149,23.098983266596235,-0.29987770613474396
2016-12-25 11:00:00,22.952983454722524,23.095412123958024,-0.14242866923549968
2016-12-25 12:00:00,22.503572925989303,23.11538951537944,-0.6118165893901377
2016-12-25 13:00:00,22.027285481787153,22.57294582183277,-0.5456603400456181
2016-12-25 14:00:00,22.498678671730744,22.067836077165975,0.43084259456476914
2016-12-25 15:00:00,22.810507865987354,22.521509626905644,0.2889982390817103
2016-12-25 16:00:00,22.063102524315685,22.782103771604596,-0.7190012472889116
2016-12-25 17:00:00,23.583148426079926,22.010731308178272,1.5724171179016544
2016-12-25 18:00:00,23.40646775629607,23.48702443479962,-0.08055667850354808
2016-12-25 19:00:00,22.51658682588923,23.206080772867047,-0.6894939469778159
2016-12-25 20:00:00,19.842870261828388,22.283345247055788,-2.4404749852274
2016-12-25 21:00:00,19.417053988679605,19.743984121300667,-0.32693013262106163
2016-12-25 22:00:00,20.1660716589369,19.578136822775935,0.5879348361609651
2016-12-25 23:00:00,20.38267214544623,20.517305351887263,-0.13463320644103405
2016-12-26 00:00:00,21.627526376900626,20.83115139896131,0.7963749779393154
2016-12-26 01:00:00,22.58499625377504,22.085262436874626,0.4997338169004131
2016-12-26 02:00:00,18.875639776476135,22.943149319389086,-4.067509542912951
2016-12-26 03:00:00,18.35374604701678,19.262259607444076,-0.9085135604272949
2016-12-26 04:00:00,18.196615228439434,18.973860666556646,-0.7772454381172125
2016-12-26 05:00:00,18.435990223326527,19.027459160517722,-0.5914689371911948
2016-12-26 06:00:00,22.301656670678767,19.423486410004152,2.878170260674615
2016-12-26 07:00:00,23.04416665677454,23.230060917125364,-0.18589426035082468
2016-12-26 08:00:00,22.700594927041283,23.69192381111729,-0.9913288840760082
2016-12-26 09:00:00,22.618351484943094,23.105030072068043,-0.48667858712494905
2016-12-26 10:00:00,22.684298367256865,22.854407493008935,-0.17010912575207016
2016-12-26 11:00:00,22.870769013980954,22.7908417963913,0.0799272175896526
2016-12-26 12:00:00,22.95705759466863,22.8656582575711,0.09139933709753123
2016-12-26 13:00:00,23.186671981077886,22.85259690521364,0.334075075864245
2016-12-26 14:00:00,23.797287101228775,22.99194426452975,0.8053428366990261
2016-12-26 15:00:00,23.469982562817542,23.496268522715066,-0.02628595989752469
2016-12-26 16:00:00,24.112369586907477,23.070690455253555,1.0416791316539218
2016-12-26 17:00:00,23.98616082238855,23.628962023612857,0.3571987987756913
2016-12-26 18:00:00,24.24913007286008,23.412323937751985,0.8368061351080947
2016-12-26 19:00:00,24.95095813063116,23.60366470373772,1.3472934268934402
2016-12-26 20:00:00,21.789552183948086,24.210126678723324,-2.420574494775238
2016-12-26 21:00:00,20.133537276292856,21.075687320717066,-0.9421500444242099
2016-12-26 22:00:00,20.003254371827822,19.676708036876736,0.326546334951086
2016-12-26 23:00:00,20.152266278975354,19.83773771151216,0.3145285674631957
2016-12-27 00:00:00,19.80215823082974,20.212653027666374,-0.4104947968366339
2016-12-27 01:00:00,19.21839102479116,20.043568608148146,-0.8251775833569859
2016-12-27 02:00:00,19.189110667780767,19.640957116790922,-0.451846449010155
2016-12-27 03:00:00,19.17038166509827,19.780766917525952,-0.6103852524276832
2016-12-27 04:00:00,20.539802964023572,19.89198015374774,0.6478228102758337
2016-12-27 05:00:00,19.823320410621875,21.30148604295868,-1.478165632336804
2016-12-27 06:00:00,22.183596186052046,20.571901270001717,1.6116949160503289
2016-12-27 07:00:00,23.32179113708824,22.856037038392053,0.46575409869618767
2016-12-27 08:00:00,21.236736400430317,23.762617726407598,-2.5258813259772808
2016-12-27 09:00:00,21.994722464892273,21.526020527411987,0.46870193748028655
2016-12-27 10:00:00,21.819682757944886,22.241379448318575,-0.4216966903736896
2016-12-27 11:00:00,21.644614416746656,22.000580747634885,-0.35596633088822927
2016-12-27 12:00:00,21.30919059979983,21.790352739667387,-0.48116213986755696
2016-12-27 13:00:00,19.52371363620358,21.450296532081186,-1.9265828958776048
2016-12-27 14:00:00,22.029718658896794,19.753144635812376,2.276574023084418
2016-12-27 15:00:00,23.908812001654695,22.312678856739147,1.596133144915548
2016-12-27 16:00:00,23.922646015867077,24.023251198739082,-0.10060518287200537
2016-12-27 17:00:00,23.96986462970991,23.80904984941541,0.16081478029450125
2016-12-27 18:00:00,25.074705083789613,23.67821548775163,1.3964895960379842
2016-12-27 19:00:00,22.837384414350502,24.598089417723138,-1.7607050033726352
2016-12-27 20:00:00,21.254615186126404,22.257648305289642,-1.0030331191632378
2016-12-27 21:00:00,20.820680735759368,20.780192117905123,0.04048861785424407
2016-12-27 22:00:00,19.285980338364514,20.529650728486228,-1.2436703901217143
2016-12-27 23:00:00,19.46834674246854,19.224836654874384,0.2435100875941565
2016-12-28 00:00:00,18.859343950903277,19.65628398685664,-0.7969400359533623
2016-12-28 01:00:00,19.398324985997107,19.25477397911709,0.14355100688001698
2016-12-28 02:00:00,19.18339483078664,19.960637061292474,-0.7772422305058342
2016-12-28 03:00:00,18.91553095895077,19.853037786977044,-0.9375068280262724
2016-12-28 04:00:00,20.205991475662373,19.68719365785889,0.5187978178034811
2016-12-28 05:00:00,20.508060795652703,21.012147619425072,-0.5040868237723686
2016-12-28 06:00:00,21.691041550527874,21.2577359197585,0.4333056307693752
2016-12-28 07:00:00,22.076936538528066,22.328192312971876,-0.2512557744438091
2016-12-28 08:00:00,21.62101979405644,22.5470179167142,-0.9259981226577594
2016-12-28 09:00:00,21.86687200332532,21.95934568790672,-0.0924736845813996
2016-12-28 10:00:00,22.0679975127858,22.115146249323143,-0.04714873653734131
2016-12-28 11:00:00,21.90597170573834,22.22449063778076,-0.3185189320424193
2016-12-28 12:00:00,21.708128856162347,21.987394966706333,-0.2792661105439862
2016-12-28 13:00:00,21.993901616368262,21.747967113053512,0.24593450331474997
2016-12-28 14:00:00,22.359456007311888,21.999639319261597,0.3598166880502909
2016-12-28 15:00:00,21.34744008522644,22.30871540766213,-0.9612753224356894
2016-12-28 16:00:00,21.546923897638898,21.277174606766895,0.26974929087200294
2016-12-28 17:00:00,22.654197161722465,21.50572738790131,1.1484697738211551
2016-12-28 18:00:00,22.843070882882234,22.578652691467262,0.2644181914149719
2016-12-28 19:00:00,22.359456007311888,22.676306579099272,-0.3168505717873842
2016-12-28 20:00:00,22.30816325352295,22.133757592301034,0.1744056612219147
2016-12-28 21:00:00,21.409313561805668,22.06517888256999,-0.6558653207643239
2016-12-28 22:00:00,24.92897583652657,21.19466830529155,3.734307531235018
2016-12-28 23:00:00,21.635674656792833,24.635212373175474,-2.9995377163826404
2016-12-29 00:00:00,19.078377614522246,21.23950808329281,-2.1611304687705655
2016-12-29 01:00:00,19.196408730686567,18.882766765171155,0.3136419655154121
2016-12-29 02:00:00,18.780382434478017,19.283351495402705,-0.5029690609246877
2016-12-29 03:00:00,18.51090623405652,19.096294600667417,-0.5853883666108963
2016-12-29 04:00:00,19.034412292101504,19.03475816415138,-0.00034587204987701625
2016-12-29 05:00:00,19.489508922260676,19.708024608252828,-0.218515685992152
2016-12-29 06:00:00,21.457353024172512,20.229281697237045,1.228071326935467
2016-12-29 07:00:00,21.967845182317568,22.13826400906231,-0.1704188267447435
2016-12-29 08:00:00,22.396093164152873,22.47713019265795,-0.08103702850507588
2016-12-29 09:00:00,21.91411998563055,22.72623068794095,-0.8121107023104024
2016-12-29 10:00:00,21.25382444027635,22.102756065806524,-0.8489316255301738
2016-12-29 11:00:00,21.98332089357797,21.38513181836938,0.598189075208591
2016-12-29 12:00:00,24.54469244290045,22.073110345930502,2.4715820969699465
2016-12-29 13:00:00,24.04234819754182,24.456445290185865,-0.41409709264404526
2016-12-29 14:00:00,22.290255099364465,23.706236926303784,-1.4159818269393192
2016-12-29 15:00:00,21.69429484194997,21.864309283287206,-0.1700144413372371
2016-12-29 16:00:00,21.583561788691444,21.3165635307233,0.2669982579681438
2016-12-29 17:00:00,22.745380363774476,21.280200892300194,1.4651794714742827
2016-12-29 18:00:00,22.770616683512717,22.457546770315204,0.31306991319751276
2016-12-29 19:00:00,22.83981759146014,22.43511001751721,0.4047075739429289
2016-12-29 20:00:00,20.39079105687604,22.464896710159472,-2.074105653283432
2016-12-29 21:00:00,19.916145309721912,20.086884474683075,-0.17073916496116226
2016-12-29 22:00:00,21.651941848114852,19.814780770086525,1.837161078028327
2016-12-29 23:00:00,20.013835094618113,21.65859496363123,-1.644759869013118
2016-12-30 00:00:00,19.412159734421046,20.08327043049436,-0.6711106960733133
2016-12-30 01:00:00,19.54244263888608,19.639557707705762,-0.0971150688196829
2016-12-30 02:00:00,19.091390780210613,19.916156617895087,-0.824765837684474
2016-12-30 03:00:00,18.6737235211656,19.588494669240756,-0.9147711480751575
2016-12-30 04:00:00,18.760832583271508,19.30453738106903,-0.5437047977975205
2016-12-30 05:00:00,18.844688353955323,19.509691590039655,-0.6650032360843312
2016-12-30 06:00:00,21.958876053901346,19.673053266075144,2.285822787826202
2016-12-30 07:00:00,21.680460093526026,22.709089825038696,-1.0286297315126696
2016-12-30 08:00:00,21.384898090591438,22.217960858088876,-0.833062767497438
2016-12-30 09:00:00,22.15753901778979,21.782634057752773,0.3749049600370178
2016-12-30 10:00:00,22.4620407806782,22.42829075298608,0.033750027692121876
2016-12-30 11:00:00,21.30919059979983,22.58088762368849,-1.2716970238886596
2016-12-30 12:00:00,21.608797374218128,21.34320080803883,0.2655965661792976
2016-12-30 13:00:00,21.255465403112815,21.624058392725132,-0.368592989612317
2016-12-30 14:00:00,21.342574465218725,21.255630533198516,0.08694393202020834
2016-12-30 15:00:00,21.87666124605399,21.34565159784507,0.5310096482089222
2016-12-30 16:00:00,21.572160217377142,21.854964618155208,-0.28280440077806546
2016-12-30 17:00:00,24.965613360473334,21.516739578291975,3.4488737821813586
2016-12-30 18:00:00,27.754928597800422,24.757118443069746,2.9978101547306757
2016-12-30 19:00:00,23.391812893559678,27.136720705048553,-3.7449078114888756
2016-12-30 20:00:00,20.21657219845266,22.500506984052166,-2.283934785599506
2016-12-30 21:00:00,20.78325209885677,19.477725259951384,1.3055268389053865
2016-12-30 22:00:00,23.16548079992913,20.30537685991886,2.860103940010273
2016-12-30 23:00:00,20.809279164445066,22.761489834832393,-1.952210670387327
2016-12-31 00:00:00,19.021369023739176,20.440589713710054,-1.419220689970878
2016-12-31 01:00:00,18.804006425630632,18.878545961267776,-0.07453953563714322
2016-12-31 02:00:00,18.341552995640864,18.937456341636203,-0.5959033459953389
2016-12-31 03:00:00,18.362715175433003,18.71816941793107,-0.355454242498066
2016-12-31 04:00:00,18.454719226009026,18.948081011133777,-0.49336178512475115
2016-12-31 05:00:00,18.51008538553251,19.19337624358527,-0.6832908580527608
2016-12-31 06:00:00,21.87502028321753,19.35642986010299,2.518590423114542
2016-12-31 07:00:00,21.30511645985373,22.655765905501582,-1.3506494456478535
2016-12-31 08:00:00,21.052728299278265,21.882038066915563,-0.829309767637298
2016-12-31 09:00:00,20.89231482081643,21.50977331134325,-0.6174584905268183
2016-12-31 10:00:00,21.353976036533023,21.274537491164438,0.07943854536858552
2016-12-31 11:00:00,21.742333570105252,21.66551311986843,0.07682045023682349
2016-12-31 12:00:00,21.92226826552276,21.957704752626228,-0.035436487103467584
2016-12-31 13:00:00,27.49603339549855,22.034838337970655,5.461195057527895
2016-12-31 14:00:00,21.540417314794716,27.284573413617984,-5.744156098823268
2016-12-31 15:00:00,21.119496030116046,21.0435189387545,0.07597709136154762
2016-12-31 16:00:00,21.92552155694485,20.72974775243411,1.1957738045107398
2016-12-31 17:00:00,23.503366428236433,21.607985269606814,1.8953811586296183
2016-12-31 18:00:00,23.308777604294093,23.134931151041183,0.17384645325291004
2016-12-31 19:00:00,22.69895396420482,22.829617560455905,-0.13066359625108603
2016-12-31 20:00:00,20.05454712561676,22.17238272005878,-2.1178355944420204
2016-12-31 21:00:00,19.29330776973271,19.636797699768657,-0.34348993003594686
2016-12-31 22:00:00,19.29412788404516,19.12995441054811,0.16417347349705125
2016-12-31 23:00:00,19.618970978201702,19.3669901964608,0.251980781740901
