timestamp,actual,predicted,residual
2016-11-07 02:00:00,27.10034833878168,27.62912031509529,-0.5287719763136103
2016-11-07 03:00:00,27.073471056206973,23.620233941446845,3.453237114760128
2016-11-07 04:00:00,22.88052925535301,23.72705438130245,-0.8465251259494408
2016-11-07 05:00:00,22.24221563699762,21.630861900017432,0.6113537369801882
2016-11-07 06:00:00,26.19173840569234,26.901376914261615,-0.7096385085692738
2016-11-07 07:00:00,28.92899931108186,27.275310525225205,1.6536887858566551
2016-11-07 08:00:00,29.392947291798194,29.295208207654955,0.09773908414323884
2016-11-07 09:00:00,30.109576825176543,29.746524734301715,0.36305209087482737
2016-11-07 10:00:00,31.27875275074884,30.482330802900492,0.7964219478483479
2016-11-07 11:00:00,29.360413207427598,31.416897776150602,-2.056484568723004
2016-11-07 12:00:00,30.11778356666421,30.090475760786045,0.02730780587816639
2016-11-07 13:00:00,34.16578787564608,30.905295979601288,3.260491896044794
2016-11-07 14:00:00,35.35196318501855,33.50495403084985,1.8470091541686955
2016-11-07 15:00:00,40.22709563770856,34.244787693441054,5.982307944267504
2016-11-07 16:00:00,35.081725240103616,37.41470119420633,-2.3329759541027144
2016-11-07 17:00:00,36.67912032970749,34.60672450166026,2.0723958280472274
2016-11-07 18:00:00,37.20728642852341,36.317350309880986,0.8899361186424244
2016-11-07 19:00:00,37.462283242771335,36.85029563647773,0.6119876062936029
2016-11-07 20:00:00,34.03535812886906,36.91513826460535,-2.87978013573629
2016-11-07 21:00:00,32.241000142243784,34.07850761987812,-1.8375074776343325
2016-11-07 22:00:00,33.06578330600592,32.57320896913823,0.4925743368676905
2016-11-07 23:00:00,36.500622486312785,32.98021498685855,3.5204074994542367
2016-11-08 00:00:00,35.18812020436024,35.04042877670326,0.14769142765698007
2016-11-08 01:00:00,29.99292299812222,32.23361507526813,-2.240692077145912
2016-11-08 02:00:00,27.819264069293016,26.759053949754463,1.060210119538553
2016-11-08 03:00:00,23.415436517606512,24.485198545986986,-1.0697620283804739
2016-11-08 04:00:00,22.03133025327086,21.4094413146171,0.6218889386537576
2016-11-08 05:00:00,21.82372752942859,21.4832574764303,0.3404700529982918
2016-11-08 06:00:00,25.7993069157269,26.668274288731084,-0.8689673730041854
2016-11-08 07:00:00,26.41563750576614,27.120546682348508,-0.704909176582369
2016-11-08 08:00:00,26.446559559824554,27.297350485529392,-0.8507909257048389
2016-11-08 09:00:00,27.93975745570004,27.59968987300519,0.34006758269485005
2016-11-08 10:00:00,27.773687060721763,28.823678255512252,-1.0499911947904899
2016-11-08 11:00:00,28.2466917991512,28.765261446957226,-0.5185696478060251
2016-11-08 12:00:00,28.61634956083866,29.26660192760094,-0.650252366762281
2016-11-08 13:00:00,27.63039043990969,29.68372993693532,-2.053339497025629
2016-11-08 14:00:00,29.33520660031342,29.257882643348125,0.07732395696529437
2016-11-08 15:00:00,29.52484229540774,30.775320403858387,-1.2504781084506469
2016-11-08 16:00:00,30.047732717059716,31.086695059975096,-1.0389623429153794
2016-11-08 17:00:00,32.52501373155208,31.706097713549713,0.8189160180023656
2016-11-08 18:00:00,31.988640983024936,33.46842468073959,-1.4797836977146517
2016-11-08 19:00:00,34.79184933859498,33.08951742889253,1.7023319097024512
2016-11-08 20:00:00,32.525893317000886,34.803872052889,-2.2779787358881123
2016-11-08 21:00:00,33.62824222415193,32.709215542187366,0.9190266819645672
2016-11-08 22:00:00,33.960617594701894,33.311914515667574,0.6487030790343198
2016-11-08 23:00:00,34.409060799704896,32.96096298080818,1.4480978188967129
2016-11-09 00:00:00,32.0097440587865,32.59612603692722,-0.5863819781407145
2016-11-09 01:00:00,31.137771649643927,29.568956494518336,1.5688151551255913
2016-11-09 02:00:00,29.12270909449804,27.227571967229334,1.895137127268704
2016-11-09 03:00:00,24.791365133587558,24.45426988402453,0.3370952495630277
2016-11-09 04:00:00,21.70566704480187,21.60516278225924,0.100504262542632
2016-11-09 05:00:00,22.241395522685167,20.54748330641491,1.693912216270256
2016-11-09 06:00:00,26.45716983463013,26.82050008461366,-0.36333024998353025
2016-11-09 07:00:00,27.85264821004124,27.439640288147746,0.4130079218934952
2016-11-09 08:00:00,28.896377276196823,28.000026037585684,0.896351238611139
2016-11-09 09:00:00,30.503503169878023,28.55804901774336,1.945454152134662
2016-11-09 10:00:00,31.137771649643927,29.5552989511136,1.582472698530328
2016-11-09 11:00:00,32.056347036236325,29.953636943637644,2.102710092598681
2016-11-09 12:00:00,29.91319982897997,30.683136563226622,-0.7699367342466523
2016-11-09 13:00:00,31.20283986427334,29.503410981190665,1.6994288830826747
2016-11-09 14:00:00,29.943389139901566,30.728295132393004,-0.7849059924914386
2016-11-09 15:00:00,31.16297823381399,30.11250036383178,1.0504778699822097
2016-11-09 16:00:00,35.609305070988924,31.287221513986964,4.32208355700196
2016-11-09 17:00:00,32.70585664666923,33.31488550274488,-0.6090288560756463
2016-11-09 18:00:00,31.594421320805264,32.10378933986775,-0.5093680190624887
2016-11-09 19:00:00,34.64354080612187,31.918170011447412,2.7253707946744576
2016-11-09 20:00:00,36.30219373591196,34.09397109427919,2.208222641632773
2016-11-09 21:00:00,35.30477393963812,34.49843771895086,0.8063362206872569
2016-11-09 22:00:00,36.71224061317636,34.225069340681536,2.4871712724948267
2016-11-09 23:00:00,36.70755120394303,34.6614921563938,2.046059047549228
2016-11-10 00:00:00,35.40735944721599,32.932433844592204,2.4749256026237845
2016-11-10 01:00:00,30.694897439323068,31.22576549786386,-0.5308680585407934
2016-11-10 02:00:00,31.243580713075715,27.586402922885338,3.657177790190378
2016-11-10 03:00:00,24.902098553951863,26.286586547114386,-1.384487993162523
2016-11-10 04:00:00,21.653583545162878,21.776386546992438,-0.12280300182955983
2016-11-10 05:00:00,21.929595696890956,20.672718995879737,1.256876701011219
2016-11-10 06:00:00,26.524729229082418,26.40991120625728,0.11481802282513698
2016-11-10 07:00:00,26.27641502490017,27.53137466893624,-1.2549596440360702
2016-11-10 08:00:00,26.032966073619864,27.26371567271774,-1.2307495990978765
2016-11-10 09:00:00,27.582351344648625,27.614073628123077,-0.031722283474451274
2016-11-10 10:00:00,27.456142488353247,28.925957275652078,-1.46981478729883
2016-11-10 11:00:00,28.438027515224338,28.952834191121003,-0.514806675896665
2016-11-10 12:00:00,29.15204840640228,29.80113650674343,-0.6490881003411495
2016-11-10 13:00:00,32.61968517272537,30.33181654594058,2.287868626784789
2016-11-10 14:00:00,29.936940926876396,32.69961070892883,-2.762669782052434
2016-11-10 15:00:00,30.96279086317422,30.887687016653476,0.07510384652074364
2016-11-10 16:00:00,31.957572270207425,32.014965159557825,-0.057392889350399656
2016-11-10 17:00:00,29.681943883187355,32.65986991745538,-2.9779260342680267
2016-11-10 18:00:00,31.52290507670357,31.31047142434979,0.21243365235378064
2016-11-10 19:00:00,32.63434003546176,32.54143192571826,0.0929081097435045
2016-11-10 20:00:00,31.615817714085022,32.93074833958777,-1.3149306255027504
2016-11-10 21:00:00,39.39029489913333,32.088737391046024,7.301557508087306
2016-11-10 22:00:00,36.179091420503134,36.506603863154425,-0.3275124426512903
2016-11-10 23:00:00,39.07257512553133,33.70170058019826,5.370874545333066
2016-11-11 00:00:00,37.867640710802405,35.24667100652496,2.6209697042774422
2016-11-11 01:00:00,34.23232139299625,33.03637213696927,1.195949256026978
2016-11-11 02:00:00,27.309592576119083,29.369683722041135,-2.0600911459220512
2016-11-11 03:00:00,24.473849837905,23.943961034032274,0.5298888038727263
2016-11-11 04:00:00,21.746378341588958,21.644077952833527,0.10230038875543102
2016-11-11 05:00:00,21.53634317484861,20.615028812031856,0.921314362816755
2016-11-11 06:00:00,24.62529492216217,26.071490337722782,-1.446195415560613
2016-11-11 07:00:00,25.025845140004535,26.04978337295317,-1.023938232948634
2016-11-11 08:00:00,25.34500176562934,26.368845958314008,-1.0238441926846669
2016-11-11 09:00:00,26.877270087231896,27.12855705283604,-0.25128696560414454
2016-11-11 10:00:00,26.0761397324261,28.56057386422547,-2.4844341317993717
2016-11-11 11:00:00,35.16877593239051,28.27532683008862,6.89344910230189
2016-11-11 12:00:00,36.71224061317636,35.12228112877719,1.5899594843991736
2016-11-11 13:00:00,31.750057468199458,35.784175419803155,-4.034117951603697
2016-11-11 14:00:00,38.599804554701294,32.089475273663766,6.510329281037528
2016-11-11 15:00:00,38.80145722806181,36.94475954051674,1.856697687545065
2016-11-11 16:00:00,35.65649431636936,36.54607899241176,-0.8895846760423964
2016-11-11 17:00:00,34.409060799704896,34.67478542379229,-0.2657246240873903
2016-11-11 18:00:00,33.9116699126354,34.082531955806736,-0.1708620431713328
2016-11-11 19:00:00,39.74523919882427,33.84277027616474,5.90246892265953
2016-11-11 20:00:00,32.7351667392478,37.241596624193754,-4.506429884945952
2016-11-11 21:00:00,37.44264602038919,32.620255410370255,4.822390610018935
2016-11-11 22:00:00,38.253653172652186,36.730738094480294,1.5229150781718914
2016-11-11 23:00:00,35.3886010760711,36.00018951601328,-0.6115884399421816
2016-11-12 00:00:00,32.49335893435685,34.43213963877425,-1.938780704417404
2016-11-12 01:00:00,34.640316516056394,30.705274999656293,3.9350415164001014
2016-11-12 02:00:00,32.392532597676585,31.29207538660972,1.100457211066864
2016-11-12 03:00:00,27.46754405966755,27.679038150665722,-0.21149409099817262
2016-11-12 04:00:00,21.8921369573144,23.618867696102388,-1.7267307387879889
2016-11-12 05:00:00,21.810714363740225,20.010269518545858,1.8004448451943666
2016-11-12 06:00:00,24.665185737531026,26.056704173485752,-1.3915184359547261
2016-11-12 07:00:00,25.660084251308042,26.268344877354803,-0.6082606260467607
2016-11-12 08:00:00,25.689394343886608,27.00576714444597,-1.3163728005593605
2016-11-12 09:00:00,28.05860951216482,27.739416818397135,0.3191926937676861
2016-11-12 10:00:00,32.25243108202048,29.94123872601895,2.3111923560015306
2016-11-12 11:00:00,38.61504605247407,33.30829938031503,5.3067466721590435
2016-11-12 12:00:00,36.88839338484862,38.46211443454521,-1.5737210496965872
2016-11-12 13:00:00,38.59570104629279,36.676246870399076,1.919454175893712
2016-11-12 14:00:00,38.78445729360297,37.92671292554328,0.8577443680596915
2016-11-12 15:00:00,43.86886280143411,38.22198369122575,5.64687911020836
2016-11-12 16:00:00,45.016056616454705,41.6309886588474,3.385067957607305
2016-11-12 17:00:00,45.87337342864933,42.33602240665777,3.5373510219915616
2016-11-12 18:00:00,37.02497802713262,43.07770726132876,-6.052729234196143
2016-11-12 19:00:00,37.68621189486042,36.986663931088735,0.6995479637716855
2016-11-12 20:00:00,33.64700059529683,37.707169719101714,-4.060169123804883
2016-11-12 21:00:00,35.76787200737751,33.963912124339934,1.803959883037578
2016-11-12 22:00:00,36.26379740817336,35.737908588879186,0.525888819294174
2016-11-12 23:00:00,32.00651995227392,35.792805587215874,-3.7862856349419545
2016-11-13 00:00:00,33.53884682724838,31.559774550318977,1.9790722769294007
2016-11-13 01:00:00,31.121651117081004,31.688991257230384,-0.5673401401493798
2016-11-13 02:00:00,30.305660687407812,28.739699427911777,1.565961259496035
2016-11-13 03:00:00,32.850061670733844,26.90284200283732,5.947219667896523
2016-11-13 04:00:00,21.99879660483838,27.76512369126492,-5.766327086426543
2016-11-13 05:00:00,20.223079515508406,19.83878755608075,0.3842919594276566
2016-11-13 06:00:00,24.455120835222502,24.926031648171215,-0.47091081294871273
2016-11-13 07:00:00,26.253611882271567,26.109709598106843,0.1439022841647244
2016-11-13 08:00:00,26.71199098876234,27.410501633968426,-0.6985106452060847
2016-11-13 09:00:00,26.79910023442114,28.512149740009534,-1.713049505588394
2016-11-13 10:00:00,28.898868628100534,29.15768284151372,-0.258814213413185
2016-11-13 11:00:00,29.05432886872982,31.34792526918261,-2.293596400452792
2016-11-13 12:00:00,31.643369186424643,31.78536759883015,-0.14199841240550626
2016-11-13 13:00:00,32.61968517272537,33.80919649468901,-1.1895113219636428
2016-11-13 14:00:00,40.60578066819015,34.40215872156709,6.203621946623059
2016-11-13 15:00:00,40.369542225087116,39.26663825399675,1.1029039710903632
2016-11-13 16:00:00,37.932708741878926,38.949193564992534,-1.0164848231136077
2016-11-13 17:00:00,37.92626089595954,37.96147196921394,-0.03521107325440198
2016-11-13 18:00:00,38.646993800081724,38.14207161556755,0.5049221845141716
2016-11-13 19:00:00,40.212440774972166,38.31637368463439,1.8960670903377732
2016-11-13 20:00:00,35.44135858192211,39.171335146144735,-3.729976564222625
2016-11-13 21:00:00,39.21765900083318,35.384767268042275,3.8328917327909053
2016-11-13 22:00:00,36.16766048072644,38.1878056536362,-2.020145172909757
2016-11-13 23:00:00,33.3190216835678,35.142356430723424,-1.8233347471556272
2016-11-14 00:00:00,33.68451733758663,32.00614984846341,1.678367489123218
2016-11-14 01:00:00,36.00645552220299,31.332827065032607,4.673628457170384
2016-11-14 02:00:00,30.227403004539198,31.289458228320026,-1.0620552237808276
2016-11-14 03:00:00,23.443925761661067,26.326905652559873,-2.882979890898806
2016-11-14 04:00:00,22.444132626519718,20.831220342702302,1.6129122838174155
2016-11-14 05:00:00,22.903303029519215,21.374085601685398,1.5292174278338173
2016-11-14 06:00:00,27.298190821251893,27.345218922490997,-0.04702810123910339
2016-11-14 07:00:00,26.747807664185093,28.03507032244738,-1.2872626582622857
2016-11-14 08:00:00,27.544893155730737,27.550697465217837,-0.005804309487100312
2016-11-14 09:00:00,31.86407336489536,28.685028050493056,3.1790453144023054
2016-11-14 10:00:00,32.95088837451988,31.990088542299656,0.9607998322202214
2016-11-14 11:00:00,29.98911271545547,32.51030894242961,-2.5211962269741406
2016-11-14 12:00:00,28.308565229842202,30.548425537067146,-2.2398603072249443
2016-11-14 13:00:00,31.443768083715486,29.797022948814202,1.646745134901284
2016-11-14 14:00:00,33.07135230068806,32.30509179431419,0.7662605063738752
2016-11-14 15:00:00,35.03776028478866,33.711248512060905,1.3265117727277556
2016-11-14 16:00:00,38.30670436312718,35.103235803280946,3.203468559846236
2016-11-14 17:00:00,34.41228472266459,36.164856282041846,-1.7525715593772588
2016-11-14 18:00:00,33.20647145669842,34.594568283230934,-1.388096826532518
2016-11-14 19:00:00,38.28941147825592,34.12709945407522,4.1623120241807
2016-11-14 20:00:00,34.27980358878909,37.47694397920021,-3.197140390411114
2016-11-14 21:00:00,35.162327719365344,34.347896449123986,0.8144312702413572
2016-11-14 22:00:00,34.640316516056394,35.12693811033329,-0.48662159427689744
2016-11-14 23:00:00,40.27926724273475,34.33568895825405,5.943578284480694
2016-11-15 00:00:00,41.71047464706364,36.621584330287206,5.088890316776435
2016-11-15 01:00:00,32.225465694058585,36.38075682019737,-4.155291126138785
2016-11-15 02:00:00,29.344878896907062,28.173319024639827,1.1715598722672347
2016-11-15 03:00:00,24.473029356486766,25.500767195442382,-1.0277378389556162
2016-11-15 04:00:00,25.195198378420194,21.935239581152214,3.2599587972679807
2016-11-15 05:00:00,22.23732138273906,23.515962806495946,-1.2786414237568842
2016-11-15 06:00:00,25.529830715305405,26.870411052246794,-1.3405803369413896
2016-11-15 07:00:00,26.361091644108,27.14452811216222,-0.7834364680542194
2016-11-15 08:00:00,26.557292796635966,27.482063766292615,-0.9247709696566488
2016-11-15 09:00:00,28.565848424776004,27.915962408550033,0.6498860162259703
2016-11-15 10:00:00,28.14410679634377,29.49083392952086,-1.3467271331770903
2016-11-15 11:00:00,29.3410685912962,29.192007239588932,0.14906135170726742
2016-11-15 12:00:00,34.0069276217393,30.134487828009437,3.872439793729864
2016-11-15 13:00:00,30.4741931690759,32.814423898194526,-2.340230729118627
2016-11-15 14:00:00,31.671799877107293,30.77962214938807,0.892177727719222
2016-11-15 15:00:00,32.250086010298034,32.09571839692652,0.1543676133715124
2016-11-15 16:00:00,36.92503127590117,32.66454390824597,4.260487367655202
2016-11-15 17:00:00,37.41099122319396,35.25618748965912,2.154803733534841
2016-11-15 18:00:00,37.11525300948499,35.45770971809915,1.657543291385835
2016-11-15 19:00:00,35.18020687216721,35.938083539106735,-0.7578766669395236
2016-11-15 20:00:00,34.26983813528604,35.29208688625095,-1.0222487509649127
2016-11-15 21:00:00,34.51076635472818,34.61318225943571,-0.10241590470752726
2016-11-15 22:00:00,37.48573175736112,34.70212905307615,2.7836027042849736
2016-11-15 23:00:00,36.21162580314718,36.210236674875766,0.0013891282714126874
2016-11-16 00:00:00,33.131730922531254,35.16812848016323,-2.036397557631979
2016-11-16 01:00:00,30.870757444135798,31.693196943414318,-0.82243949927852
2016-11-16 02:00:00,29.681943883187355,28.183709632524312,1.4982342506630424
2016-11-16 03:00:00,24.31507768938541,25.619362981480595,-1.3042852920951837
2016-11-16 04:00:00,22.733978792460174,21.88363062691813,0.8503481655420444
2016-11-16 05:00:00,22.107067846736427,21.895858430974545,0.211209415761882
2016-11-16 06:00:00,26.336646987984263,26.767101122596443,-0.4304541346121802
2016-11-16 07:00:00,25.48747772147029,27.56532042034352,-2.07784269887323
2016-11-16 08:00:00,26.81539661065267,26.806735545170138,0.008661065482531427
2016-11-16 09:00:00,26.910654136203675,27.981167920741157,-1.0705137845374821
2016-11-16 10:00:00,26.97742223414724,28.224445555990812,-1.247023321843571
2016-11-16 11:00:00,28.116438217260338,28.433761076857845,-0.31732285959750683
2016-11-16 12:00:00,30.584985051035666,29.408353124855783,1.1766319261798834
2016-11-16 13:00:00,34.72590172206965,31.162676228125665,3.5632254939439854
2016-11-16 14:00:00,32.62789182243659,33.38727056385916,-0.759378741422573
2016-11-16 15:00:00,29.860441772470285,32.164049631281195,-2.30360785881091
2016-11-16 16:00:00,33.093334961898435,31.080244827868132,2.0130901340303033
2016-11-16 17:00:00,31.951124057182255,33.78471188521956,-1.8335878280373024
2016-11-16 18:00:00,32.53409996671211,33.011831237946886,-0.47773127123477366
2016-11-16 19:00:00,32.57630648534102,33.636492069976605,-1.0601855846355832
2016-11-16 20:00:00,34.406715727982444,33.65001110742977,0.7567046205526751
2016-11-16 21:00:00,34.06408195351702,34.67901203500567,-0.6149300814886516
2016-11-16 22:00:00,36.7922564574017,34.18463398507239,2.607622472329311
2016-11-16 23:00:00,37.75772850606789,35.878856895201096,1.8788716108667955
2016-11-17 00:00:00,36.20781524515109,34.35880463027,1.849010614881088
2016-11-17 01:00:00,34.43280189760132,31.485701965118466,2.947099932482857
2016-11-17 02:00:00,29.92140657046764,28.87202509248945,1.0493814779781871
2016-11-17 03:00:00,24.009784813541163,25.19257302143474,-1.1827882078935765
2016-11-17 04:00:00,22.664777884512752,21.260632294597297,1.404145589915455
2016-11-17 05:00:00,20.661117474283945,21.529606783786164,-0.8684893095022197
2016-11-17 06:00:00,25.020159038578583,25.454343855087558,-0.43418481650897434
2016-11-17 07:00:00,25.32791409288909,26.548959189509173,-1.2210450966200845
2016-11-17 08:00:00,25.267652577789708,26.676175108735446,-1.4085225309457385
2016-11-17 09:00:00,26.435978653481374,27.18249137744905,-0.7465127239676761
2016-11-17 10:00:00,30.167317516661313,28.261296628428994,1.9060208882323195
2016-11-17 11:00:00,30.456314108050478,30.751087996059766,-0.2947738880092885
2016-11-17 12:00:00,31.762953894249797,30.90761761773811,0.8553362765116859
2016-11-17 13:00:00,33.103300048295715,32.044205807959685,1.0590942403360302
2016-11-17 14:00:00,32.92890571330951,33.204498630236856,-0.27559291692734433
2016-11-17 15:00:00,31.76969524124027,32.91212738837317,-1.1424321471329009
2016-11-17 16:00:00,33.712948211822166,32.303733013453915,1.4092151983682513
2016-11-17 17:00:00,31.715764832422252,33.60144472590008,-1.8856798934778283
2016-11-17 18:00:00,33.34100434477816,32.31766296464347,1.0233413801346956
2016-11-17 19:00:00,32.27118945316538,33.58363226398157,-1.3124428108161936
2016-11-17 20:00:00,33.524191964511985,32.84114087791198,0.6830510866000026
2016-11-17 21:00:00,34.177218448317,33.72451693863494,0.4527015096820577
2016-11-17 22:00:00,31.421199338127394,34.27529100217311,-2.8540916640457183
2016-11-17 23:00:00,34.17135650322244,32.22952753596106,1.9418289672613795
2016-11-18 00:00:00,35.250843897925876,33.93590513491167,1.3149387630142044
2016-11-18 01:00:00,30.00376766996831,33.101540755029504,-3.0977730850611955
2016-11-18 02:00:00,28.11318474228536,27.564205413017238,0.5489793292681213
2016-11-18 03:00:00,27.152461573988848,24.832238691129394,2.320222882859454
2016-11-18 04:00:00,21.996334059266342,23.04936193777267,-1.0530278785063274
2016-11-18 05:00:00,20.9208330662276,20.41092999049081,0.5099030757367906
2016-11-18 06:00:00,25.74719368051973,25.67362617168816,0.07356750883156948
2016-11-18 07:00:00,26.214541548320945,26.892877528283012,-0.6783359799620676
2016-11-18 08:00:00,27.019745859519954,27.074758373808734,-0.05501251428878007
2016-11-18 09:00:00,26.269087409979086,28.00637560622856,-1.737288196249473
2016-11-18 10:00:00,28.661926592354025,27.968605744503478,0.693320847850547
2016-11-18 11:00:00,29.117872946201214,30.077221987851058,-0.959349041649844
2016-11-18 12:00:00,33.627655956221325,30.71048040665552,2.9171755495658047
2016-11-18 13:00:00,36.86553150529522,34.149980056023395,2.7155514492718282
2016-11-18 14:00:00,32.72695972243079,35.92417757216148,-3.1972178497306913
2016-11-18 15:00:00,34.081961106318886,32.933782835965005,1.1481782703538812
2016-11-18 16:00:00,40.99736285893363,34.10553590529698,6.891826953636645
2016-11-18 17:00:00,41.935282884601534,38.31492435101507,3.6203585335864616
2016-11-18 18:00:00,38.8161120907982,38.886369773917565,-0.07025768311936531
2016-11-18 19:00:00,36.6260691392325,36.42860245071238,0.19746668852011595
2016-11-18 20:00:00,34.40994001804792,35.79798593924562,-1.3880459211977012
2016-11-18 21:00:00,33.115317256003024,34.28915414011071,-1.1738368841076863
2016-11-18 22:00:00,33.08776596721629,33.4302241427503,-0.3424581755340057
2016-11-18 23:00:00,30.538675207551147,33.0489718191808,-2.510296611629652
2016-11-19 00:00:00,31.74273003683126,30.526911608753498,1.215818428077764
2016-11-19 01:00:00,29.797718354233982,30.23490571362126,-0.43718735938727704
2016-11-19 02:00:00,32.06836406039074,27.593435445943623,4.474928614447119
2016-11-19 03:00:00,26.84960132459557,27.913382756234185,-1.0637814316386134
2016-11-19 04:00:00,20.074917091135724,23.362179992631923,-3.2872629014961987
2016-11-19 05:00:00,18.77223415458581,18.72541739920345,0.046816755382359077
2016-11-19 06:00:00,23.6580648039157,23.71357633732805,-0.055511533412349934
2016-11-19 07:00:00,24.47467068642901,25.34082471369625,-0.866154027267239
2016-11-19 08:00:00,26.846318664711085,25.900652156427146,0.9456665082839386
2016-11-19 09:00:00,29.985888608942886,28.250069952426703,1.7358186565161837
2016-11-19 10:00:00,27.18827843296449,31.062392534972503,-3.8741141020080114
2016-11-19 11:00:00,33.50455400791828,29.455938599741398,4.048615408176882
2016-11-19 12:00:00,35.91852561157307,34.805038592689144,1.113487018883923
2016-11-19 13:00:00,35.529289226763595,36.249081361140306,-0.7197921343767106
2016-11-19 14:00:00,39.42429476805101,35.87721324025558,3.5470815277954344
2016-11-19 15:00:00,37.13078745767019,38.22732508032431,-1.0965376226541252
2016-11-19 16:00:00,37.52324849965092,36.58164689248429,0.941601607166632
2016-11-19 17:00:00,39.4732424501175,37.57324781740843,1.899994632709074
2016-11-19 18:00:00,35.93816356816677,39.05291049258428,-3.11474692441751
2016-11-19 19:00:00,32.21667277641674,36.14539943096626,-3.9287266545495143
2016-11-19 20:00:00,33.04878373865286,33.20777896511808,-0.15899522646522257
2016-11-19 21:00:00,34.033013424252395,33.719728043735245,0.3132853805171507
2016-11-19 22:00:00,38.755147568130184,33.843845896100056,4.9113016720301275
2016-11-19 23:00:00,39.90322023438802,36.161377098196475,3.741843136191548
2016-11-20 00:00:00,36.09116150987322,35.67951135929909,0.41165015057412546
2016-11-20 01:00:00,30.497934266972326,32.65895447800873,-2.161020211036405
2016-11-20 02:00:00,27.433339345724647,27.697480229589022,-0.26414088386437484
2016-11-20 03:00:00,24.642382594902422,24.450815541003607,0.19156705389881523
2016-11-20 04:00:00,21.491557738115418,21.910239432799084,-0.41868169468366645
2016-11-20 05:00:00,19.52860789046214,20.118808747663284,-0.5902008572011432
2016-11-20 06:00:00,23.903946381646975,24.512183757661003,-0.6082373760140278
2016-11-20 07:00:00,24.97537323473961,25.680709294159783,-0.7053360594201727
2016-11-20 08:00:00,25.14798013168314,26.21059161249706,-1.062611480813917
2016-11-20 09:00:00,27.042549002148558,26.990025159126493,0.052523843022065364
2016-11-20 10:00:00,28.03501498125105,29.056883708901363,-1.0218687276503147
2016-11-20 11:00:00,30.383918370276422,30.10530405041133,0.2786143198650919
2016-11-20 12:00:00,34.23320061133927,32.35794976478031,1.8752508465589628
2016-11-20 13:00:00,34.82672805874991,35.209876728410144,-0.38314866966023686
2016-11-20 14:00:00,39.75901521032342,35.189672327597954,4.569342882725465
2016-11-20 15:00:00,36.920927767492664,38.557107949856125,-1.6361801823634607
2016-11-20 16:00:00,36.7734980862568,36.361073587224126,0.4124244990326744
2016-11-20 17:00:00,39.317019851239806,36.5119670338626,2.8050528173772094
2016-11-20 18:00:00,41.03487960122342,38.21806471465599,2.8168148865674354
2016-11-20 19:00:00,38.81933674796946,39.0819373018693,-0.26260055389984416
2016-11-20 20:00:00,38.09479328585118,37.82978353908599,0.2650097467651946
2016-11-20 21:00:00,37.57454051922829,37.397411980392874,0.17712853883541868
2016-11-20 22:00:00,37.88493359567366,36.91792680011,0.9670067955636554
2016-11-20 23:00:00,38.47846141019008,36.93528870086789,1.5431727093221852
2016-11-21 00:00:00,34.193339164432814,36.10220674384376,-1.9088675794109449
2016-11-21 01:00:00,33.3272287003848,31.35828670745367,1.968941992931132
2016-11-21 02:00:00,28.32160817698697,29.511078895521745,-1.1894707185347748
2016-11-21 03:00:00,24.640741264960177,24.65180216211067,-0.011060897150493076
2016-11-21 04:00:00,25.36455161683585,21.927390370102085,3.4371612467337656
2016-11-21 05:00:00,22.70710150988547,23.393399157634928,-0.6862976477494591
2016-11-21 06:00:00,28.98187455033773,27.096471609968756,1.885402940368973
2016-11-21 07:00:00,29.568807296610924,29.50130876523774,0.0674985313731824
2016-11-21 08:00:00,28.2572727513826,29.652848516897922,-1.3955757655153214
2016-11-21 09:00:00,29.330223896506002,28.87051056317802,0.4597133333279828
2016-11-21 10:00:00,31.004411113872514,30.055041854323207,0.9493692595493073
2016-11-21 11:00:00,29.306717287426533,31.51388901993181,-2.2071717325052767
2016-11-21 12:00:00,28.482813181398644,30.369197642644675,-1.8863844612460312
2016-11-21 13:00:00,32.77004545940273,30.10755037067896,2.6624950887237695
2016-11-21 14:00:00,34.42928465712343,33.24193155004023,1.1873531070832044
2016-11-21 15:00:00,33.63146651421741,34.282721345528294,-0.6512548313108866
2016-11-21 16:00:00,40.973621393931424,34.0460937702985,6.927527623632926
2016-11-21 17:00:00,36.035179346850946,38.001456396556684,-1.966277049705738
2016-11-21 18:00:00,42.90251263574223,35.58925081644073,7.313261819301495
2016-11-21 19:00:00,51.04014058663981,40.060019923551835,10.980120663087973
2016-11-21 20:00:00,44.80443775537957,46.792935228472494,-1.9884974730929272
2016-11-21 21:00:00,39.636205845327005,41.22723103780544,-1.5910251924784333
2016-11-21 22:00:00,37.03963288986901,38.71531389889441,-1.6756810090253964
2016-11-21 23:00:00,32.577185703684044,36.6444278545516,-4.067242150867557
2016-11-22 00:00:00,30.200730934095493,32.32916432754562,-2.128433393450127
2016-11-22 01:00:00,29.06165636893035,28.82344919680163,0.2382071721287211
2016-11-22 02:00:00,30.821223677691588,26.658323182945594,4.162900494745994
2016-11-22 03:00:00,25.96945145065128,26.363426987527276,-0.3939755368759954
2016-11-22 04:00:00,21.45084570711677,23.045361708456934,-1.594516001340164
2016-11-22 05:00:00,21.485871269583686,20.8264386675496,0.6594326020340873
2016-11-22 06:00:00,25.58030262057033,26.390383259028976,-0.810080638458647
2016-11-22 07:00:00,26.902505856311468,26.88633325591208,0.016172600399386283
2016-11-22 08:00:00,26.852034134599432,27.761933006674393,-0.9098988720749617
2016-11-22 09:00:00,28.876065451055766,28.093181989618884,0.7828834614368816
2016-11-22 10:00:00,35.78340645556271,29.652064807241985,6.131341648320728
2016-11-22 11:00:00,34.554731310043145,34.3480133111306,0.20671799891254494
2016-11-22 12:00:00,40.00580500775434,32.92861802474661,7.077186983007728
2016-11-22 13:00:00,37.5909545528623,37.20363054442928,0.3873240084330192
2016-11-22 14:00:00,39.68808449994078,35.197753549501016,4.490330950439763
2016-11-22 15:00:00,34.6485235328734,37.03489624635865,-2.386372713485251
2016-11-22 16:00:00,34.78598739350043,33.995496192488226,0.7904912010122018
2016-11-22 17:00:00,39.75256663019247,35.00677239642704,4.74579423376543
2016-11-22 18:00:00,38.05024206260561,37.52029011653874,0.5299519460668733
2016-11-22 19:00:00,37.55343781057251,37.365761588467,0.18767622210550883
2016-11-22 20:00:00,35.31767036568846,37.72596039555524,-2.4082900298667838
2016-11-22 21:00:00,33.898773486585064,36.00169416023678,-2.1029206736517168
2016-11-22 22:00:00,40.03745980494958,34.68628697024733,5.351172834702247
2016-11-22 23:00:00,36.305417658871654,37.585627603257755,-1.280209944386101
2016-11-23 00:00:00,28.283329323097963,33.72631000563291,-5.442980682534948
2016-11-23 01:00:00,30.133904099227134,26.602716875057713,3.5311872241694218
2016-11-23 02:00:00,24.72052289569789,27.169328554971045,-2.4488056592731553
2016-11-23 03:00:00,20.823113912869008,22.42343985265157,-1.6003259397825609
2016-11-23 04:00:00,19.951961618038887,19.96138448919915,-0.009422871160264634
2016-11-23 05:00:00,20.14247703624668,19.98487901438003,0.15759802186665084
2016-11-23 06:00:00,25.84652516246395,25.31532334358487,0.531201818879083
2016-11-23 07:00:00,27.420325629377608,27.003346754854334,0.41697887452327365
2016-11-23 08:00:00,26.18605230426639,27.973162674438466,-1.7871103701720763
2016-11-23 09:00:00,27.268060247255093,27.458194946176913,-0.19013469892182044
2016-11-23 10:00:00,26.994510090440382,28.545269870517668,-1.5507597800772857
2016-11-23 11:00:00,29.703926406733057,28.50659298218672,1.1973334245463363
2016-11-23 12:00:00,30.773741481898735,30.410088454158167,0.3636530277405683
2016-11-23 13:00:00,30.217730685001445,31.3687528932406,-1.151022208239155
2016-11-23 14:00:00,30.573554111258964,31.238784537244708,-0.6652304259857438
2016-11-23 15:00:00,28.04152183942457,31.807441547011138,-3.765919707586569
2016-11-23 16:00:00,28.601665237863422,30.22972724300863,-1.6280620051452068
2016-11-23 17:00:00,29.978561085798244,30.95607711030154,-0.977516024503295
2016-11-23 18:00:00,29.4767738775725,32.06201998303849,-2.5852461054659877
2016-11-23 19:00:00,26.833304948364045,31.727651656393377,-4.894346708029332
2016-11-23 20:00:00,24.86302822000124,29.41133798356034,-4.5483097635591
2016-11-23 21:00:00,26.934248575341005,27.467113842285574,-0.5328652669445688
2016-11-23 22:00:00,31.177047012172665,29.052577726359132,2.1244692858135323
2016-11-23 23:00:00,29.9067516159548,31.662880369155662,-1.756128753200862
2016-11-24 00:00:00,26.650117512183115,29.17094603109437,-2.520828518911255
2016-11-24 01:00:00,24.627727365060252,25.62522608907679,-0.9974987240165376
2016-11-24 02:00:00,22.148599992047526,23.03588107932062,-0.8872810872730952
2016-11-24 03:00:00,22.51576597736522,20.833365219406073,1.6824007579591473
2016-11-24 04:00:00,21.520867463588203,21.683841871971108,-0.16297440838290456
2016-11-24 05:00:00,20.79951929017879,21.44118250403922,-0.6416632138604292
2016-11-24 06:00:00,25.36698442683971,25.73917076725138,-0.37218634041166965
2016-11-24 07:00:00,25.56239409930606,26.50153267142628,-0.9391385721202177
2016-11-24 08:00:00,25.42478376347283,26.175003827528126,-0.750220064055295
2016-11-24 09:00:00,25.75372963182631,26.152628730238963,-0.39889909841265236
2016-11-24 10:00:00,26.767357515391602,26.566350887019535,0.20100662837206684
2016-11-24 11:00:00,29.325534303719778,27.445221886795007,1.8803124169247702
2016-11-24 12:00:00,28.08223341154099,29.525075874108285,-1.4428424625672953
2016-11-24 13:00:00,29.470325710435556,28.59446114256524,0.8758645678703161
2016-11-24 14:00:00,29.67139229941835,29.85101036610064,-0.17961806668228775
2016-11-24 15:00:00,31.447285140640485,30.01328263879112,1.4340025018493634
2016-11-24 16:00:00,38.204705490585695,31.07976459232364,7.124940898262054
2016-11-24 17:00:00,35.34463575365035,35.23640807497153,0.10822767867882277
2016-11-24 18:00:00,29.901182713049103,32.615559026127094,-2.7143763130779917
2016-11-24 19:00:00,27.186637103022246,29.79362520126769,-2.606988098245445
2016-11-24 20:00:00,24.558526457112826,27.69894848445209,-3.1404220273392625
2016-11-24 21:00:00,23.667825045287756,25.610693900855207,-1.9428688555674505
2016-11-24 22:00:00,24.162841492172404,24.96651240252848,-0.8036709103560753
2016-11-24 23:00:00,22.871589495399185,24.714560853093996,-1.842971357694811
2016-11-25 00:00:00,22.0867265154683,22.932489040344155,-0.8457625248758553
2016-11-25 01:00:00,20.356615711395534,21.671891110409973,-1.315275399014439
2016-11-25 02:00:00,20.381851296922214,19.793859927042114,0.5879913698801005
2016-11-25 03:00:00,19.537547650415963,19.94936104069358,-0.41181339027761865
2016-11-25 04:00:00,19.563604084466657,19.337080239250373,0.22652384521628477
2016-11-25 05:00:00,19.263176461524353,19.815225483436354,-0.5520490219120013
2016-11-25 06:00:00,24.568286698484883,24.603005727625526,-0.03471902914064273
2016-11-25 07:00:00,25.36698442683971,25.74442564175446,-0.37744121491475013
2016-11-25 08:00:00,24.642382594902422,25.933317779387526,-1.2909351844851038
2016-11-25 09:00:00,24.67984060026742,25.59554564795053,-0.9157050476831117
2016-11-25 10:00:00,25.797694587141272,25.905513921824177,-0.10781933468290461
2016-11-25 11:00:00,27.443920252067826,26.92604981840405,0.5178704336637772
2016-11-25 12:00:00,26.030533447168892,28.352921856432243,-2.3223884092633504
2016-11-25 13:00:00,30.081146134493892,27.330133215233587,2.7510129192603046
2016-11-25 14:00:00,30.56388179172121,30.777132866278393,-0.2132510745571814
2016-11-25 15:00:00,28.25730202806855,30.825768936721985,-2.568466908653434
2016-11-25 16:00:00,29.044597949931937,29.162999003561964,-0.11840105363002706
2016-11-25 17:00:00,30.742965903046528,29.85474094092491,0.8882249621216189
2016-11-25 18:00:00,29.657616609136763,30.508089177650003,-0.8504725685132399
2016-11-25 19:00:00,29.104829999056445,29.083166310704666,0.021663688351779342
2016-11-25 20:00:00,24.668439028953117,28.4987585586163,-3.830319529663182
2016-11-25 21:00:00,25.251385753573466,24.40751198793556,0.8438737656379054
2016-11-25 22:00:00,24.514561501797868,24.90693358181125,-0.39237208001338075
2016-11-25 23:00:00,25.947498157903308,23.96624729172268,1.981250866180627
2016-11-26 00:00:00,24.19783768617692,24.775702320747957,-0.5778646345710357
2016-11-26 01:00:00,21.280701722851056,22.78686955770932,-1.5061678348582639
2016-11-26 02:00:00,20.122135704978554,20.38172036252736,-0.2595846575488068
2016-11-26 03:00:00,19.348673929256194,19.57787446508283,-0.22920053582663513
2016-11-26 04:00:00,19.458586868202264,19.06978684979658,0.3888000184056857
2016-11-26 05:00:00,19.298202023991266,19.62953187727987,-0.3313298532886044
2016-11-26 06:00:00,24.37615968590302,24.66067547591832,-0.2845157900153019
2016-11-26 07:00:00,24.813347794797927,25.536852164005996,-0.7235043692080687
2016-11-26 08:00:00,26.338288501479397,25.456159560275292,0.8821289412041047
2016-11-26 09:00:00,25.93609658658901,26.82552903610132,-0.8894324495123094
2016-11-26 10:00:00,28.715681134559325,26.73931020551184,1.9763709290474871
2016-11-26 11:00:00,26.935069240312128,29.11833043648343,-2.1832611961713013
2016-11-26 12:00:00,29.235962948427055,27.899183578843253,1.3367793695838017
2016-11-26 13:00:00,28.87199135699788,30.045772800484755,-1.1737814434868739
2016-11-26 14:00:00,31.182615823301916,29.821373472897523,1.3612423504043925
2016-11-26 15:00:00,37.96201920156328,31.80437547953683,6.1576437220264495
2016-11-26 16:00:00,34.6370925930967,36.39388329920315,-1.7567907061064432
2016-11-26 17:00:00,34.18190822465611,33.22409069860807,0.9578175260480393
2016-11-26 18:00:00,32.088001833431555,33.187906305562386,-1.0999044721308309
2016-11-26 19:00:00,28.704279540300913,31.263167703150298,-2.558888162849385
2016-11-26 20:00:00,27.657238445798445,28.076951952461012,-0.4197135066625677
2016-11-26 21:00:00,26.865868332364705,27.085565906786744,-0.21969757442203885
2016-11-26 22:00:00,26.440873458398602,26.26119965282206,0.17967380557654167
2016-11-26 23:00:00,29.896199986297574,25.618187325220244,4.27801266107733
2016-11-27 00:00:00,25.537978995197612,28.218707822666513,-2.6807288274689007
2016-11-27 01:00:00,23.03683922540634,23.89691655069774,-0.8600773252913996
2016-11-27 02:00:00,22.378185009994386,21.739237399956988,0.6389476100373983
2016-11-27 03:00:00,21.669058522211724,21.51473899969739,0.154319522514335
2016-11-27 04:00:00,20.10097352518642,21.176512941963463,-1.075539416777044
2016-11-27 05:00:00,19.790756659515438,20.005936446656282,-0.21517978714084407
2016-11-27 06:00:00,25.124356140530526,25.07375060876169,0.050605531768837864
2016-11-27 07:00:00,25.232656750890968,26.155505004025027,-0.9228482531340596
2016-11-27 08:00:00,25.389787569468314,25.96316531482797,-0.5733777453596574
2016-11-27 09:00:00,27.902299358558597,26.44454121224628,1.4577581463123188
2016-11-27 10:00:00,27.837993163751957,28.600500128246207,-0.7625069644942499
2016-11-27 11:00:00,27.107675953702767,28.772415336715977,-1.6647393830132096
2016-11-27 12:00:00,29.036449770420216,28.42730210686852,0.6091476635516955
2016-11-27 13:00:00,31.59617994104421,30.280630436380722,1.3155495046634869
2016-11-27 14:00:00,38.70326891351641,32.21802727437624,6.48524163914017
2016-11-27 15:00:00,33.61710460189343,37.277743327712706,-3.6606387258192754
2016-11-27 16:00:00,36.17410906085739,33.26874140752002,2.905367653337372
2016-11-27 17:00:00,42.52734521284431,35.11939677866396,7.407948434180348
2016-11-27 18:00:00,37.2530101876302,39.568712468730816,-2.315702281100613
2016-11-27 19:00:00,42.11583138088315,35.10482353577931,7.0110078451038405
2016-11-27 20:00:00,37.48983453155807,38.634475737721935,-1.1446412061638682
2016-11-27 21:00:00,40.10428700692371,35.0950973128762,5.009189694047514
2016-11-27 22:00:00,36.40946791851161,36.6611700807529,-0.25170216224129405
2016-11-27 23:00:00,35.618977574079565,33.533096971785305,2.08588060229426
2016-11-28 00:00:00,42.98721862341245,32.07316250004073,10.914056123371722
2016-11-28 01:00:00,31.77702267260847,36.70804924411785,-4.931026571509381
2016-11-28 02:00:00,27.195605864332688,26.433446786101218,0.7621590782314698
2016-11-28 03:00:00,23.817628432496903,23.41448901758841,0.4031394149084946
2016-11-28 04:00:00,21.878302943102018,21.465887499345254,0.412415443756764
2016-11-28 05:00:00,21.05108660223024,21.077901721559538,-0.026815119329299364
2016-11-28 06:00:00,26.491345180110635,25.900327634917655,0.5910175451929796
2016-11-28 07:00:00,25.074705083789613,27.316910401552704,-2.2422053177630907
2016-11-28 08:00:00,26.61022651326137,26.310859826023176,0.2993666872381944
2016-11-28 09:00:00,27.819264069293016,28.010133561025594,-0.1908694917325775
2016-11-28 10:00:00,28.490111381969108,29.18295612612719,-0.6928447441580836
2016-11-28 11:00:00,28.950952500581334,29.856554917656258,-0.905602417074924
2016-11-28 12:00:00,38.01917316623521,30.313201162496984,7.705972003738228
2016-11-28 13:00:00,31.28021823702248,36.574475358703985,-5.294257121681504
2016-11-28 14:00:00,28.26134679955226,31.5063088362341,-3.244962036681841
2016-11-28 15:00:00,28.98676931940478,30.126544408438523,-1.1397750890337441
2016-11-28 16:00:00,30.645070538913547,31.15606141026069,-0.5109908713471434
2016-11-28 17:00:00,30.782827533505877,32.731678316573635,-1.9488507830677584
2016-11-28 18:00:00,32.0097440587865,33.04530663507358,-1.0355625762870773
2016-11-28 19:00:00,36.511466791053095,34.15294798388586,2.3585188071672363
2016-11-28 20:00:00,31.456957460178238,37.47344325848241,-6.016485798304174
2016-11-28 21:00:00,29.484101400717144,33.266479668809616,-3.7823782680924722
2016-11-28 22:00:00,32.43649755299155,31.46781742809849,0.9686801248930585
2016-11-28 23:00:00,33.134954845490945,33.73492903750363,-0.599974192012688
2016-11-29 00:00:00,30.878964277399913,33.018416136690796,-2.139451859290883
2016-11-29 01:00:00,28.774271813589397,29.225889573472724,-0.45161775988332664
2016-11-29 02:00:00,26.32281279021899,26.024440225432954,0.29837256478603535
2016-11-29 03:00:00,22.22105419141704,23.320658615757036,-1.0996044243399972
2016-11-29 04:00:00,20.88091324950213,21.143786440627903,-0.2628731911257738
2016-11-29 05:00:00,20.85406533538982,20.963758989816654,-0.10969365442683454
2016-11-29 06:00:00,25.849778820991823,25.92040520068287,-0.07062637969104557
2016-11-29 07:00:00,27.091408945933637,26.752657682197164,0.3387512637364729
2016-11-29 08:00:00,27.352736866462923,27.33757356222127,0.015163304241653464
2016-11-29 09:00:00,29.00388636006968,27.57256773087524,1.4313186291944398
2016-11-29 10:00:00,31.068599926606012,28.881996459837186,2.186603466768826
2016-11-29 11:00:00,30.678777090313034,30.40587964757511,0.27289744273792493
2016-11-29 12:00:00,35.55215037210543,30.048057728043577,5.504092644061853
2016-11-29 13:00:00,28.948519770881862,33.77387749233531,-4.825357721453447
2016-11-29 14:00:00,32.33713670258493,28.992181276941505,3.3449554256434233
2016-11-29 15:00:00,31.93734841278889,31.7416077332776,0.19574067951128882
2016-11-29 16:00:00,35.15412106965412,31.17059243598064,3.983528633673476
2016-11-29 17:00:00,33.041455940178885,33.024438507011205,0.01701743316768045
2016-11-29 18:00:00,32.29375801520058,32.53306876657618,-0.23931075137559787
2016-11-29 19:00:00,35.12305217328372,32.65683964279463,2.466212530489088
2016-11-29 20:00:00,33.74313752274376,34.94311747786621,-1.1999799551224513
2016-11-29 21:00:00,34.23173512506563,33.67044543882883,0.5612896862368046
2016-11-29 22:00:00,38.49047825079161,33.680869162713876,4.809609088077735
2016-11-29 23:00:00,34.37242327575813,35.5277219298203,-1.1552986540621717
2016-11-30 00:00:00,34.91055482807711,32.483592452186535,2.426962375890575
2016-11-30 01:00:00,32.18882817011182,30.412279922703846,1.7765482474079732
2016-11-30 02:00:00,30.857568067673043,26.8970381828246,3.9605298848484445
2016-11-30 03:00:00,25.76184854325612,25.34040425520959,0.4214442880465299
2016-11-30 04:00:00,22.80400054893161,22.192850678027895,0.6111498709037164
2016-11-30 05:00:00,23.207833793764244,21.634295807483266,1.5735379862809786
2016-11-30 06:00:00,26.813755280710424,27.625454259111844,-0.8116989784014201
2016-11-30 07:00:00,27.862408451413298,27.80093233624874,0.06147611516455953
2016-11-30 08:00:00,28.369647272248038,28.267999184575388,0.10164808767265043
2016-11-30 09:00:00,27.86158769466573,28.622066682703018,-0.7604789880372884
2016-11-30 10:00:00,29.83025246154869,28.434588651830467,1.3956638097182221
2016-11-30 11:00:00,28.416044991678636,29.982840499059648,-1.5667955073810127
2016-11-30 12:00:00,30.62074317308651,29.091958861240723,1.5287843118457864
2016-11-30 13:00:00,31.58386978292448,30.97004077403855,0.6138290088859293
2016-11-30 14:00:00,32.87350981821785,31.404599977258798,1.46890984095905
2016-11-30 15:00:00,30.22828231465867,32.4214918594981,-2.1932095448394264
2016-11-30 16:00:00,33.20412675208175,31.10759812427087,2.09652862781088
2016-11-30 17:00:00,36.014662539019994,33.3472002337639,2.6674623052560946
2016-11-30 18:00:00,35.73533835894503,34.342365266337175,1.3929730926078534
2016-11-30 19:00:00,37.3060613781052,34.439102166997166,2.866959211108032
2016-11-30 20:00:00,35.31942953658607,35.82387154674003,-0.5044420101539586
2016-11-30 21:00:00,36.67648230757263,34.695188918305824,1.9812933892668028
2016-11-30 22:00:00,34.914072068555,35.67625757840263,-0.762185509847626
2016-11-30 23:00:00,34.2496142778675,34.32268484784159,-0.07307056997409234
2016-12-01 00:00:00,36.12135082079481,33.06681964562278,3.0545311751720305
2016-12-01 01:00:00,34.72091899531812,32.40071416182618,2.3202048334919425
2016-12-01 02:00:00,31.82597035467496,29.56422859271436,2.2617417619606
2016-12-01 03:00:00,27.00509099678356,26.53313882710567,0.4719521696778912
2016-12-01 04:00:00,24.428243552647793,23.00875073849492,1.4194928141528713
2016-12-01 05:00:00,21.86443956042724,22.395219574765136,-0.5307800143378962
2016-12-01 06:00:00,25.447586906101435,26.36099374923334,-0.9134068431319058
2016-12-01 07:00:00,25.689394343886608,27.199296256370133,-1.5099019124835245
2016-12-01 08:00:00,29.863665878982868,27.228729696490763,2.6349361824921047
2016-12-01 09:00:00,28.36314045996274,30.233787922409473,-1.8706474624467333
2016-12-01 10:00:00,27.039295710726467,29.150048593841877,-2.11075288311541
2016-12-01 11:00:00,28.248333174981667,28.797757298790444,-0.5494241238087767
2016-12-01 12:00:00,28.549552048544477,29.86320627784242,-1.313654229297942
2016-12-01 13:00:00,29.609548191301524,30.25349838239472,-0.6439501910931966
2016-12-01 14:00:00,29.21966657219553,31.263017434517696,-2.0433508623221677
2016-12-01 15:00:00,29.68135770703319,31.293932085276214,-1.6125743782430249
2016-12-01 16:00:00,34.12240882115596,31.912508077818643,2.2099007433373146
2016-12-01 17:00:00,37.11525300948499,34.75122883930414,2.3640241701808478
2016-12-01 18:00:00,39.45301859269897,35.617770407906434,3.8352481847925333
2016-12-01 19:00:00,37.93446717856499,36.99701362197482,0.9374535565901638
2016-12-01 20:00:00,33.9304282837803,36.56446462882139,-2.634036345041089
2016-12-01 21:00:00,32.43063560789699,34.20489149385409,-1.7742558859571034
2016-12-01 22:00:00,37.56574760158646,32.934261174796305,4.631486426790154
2016-12-01 23:00:00,35.5328061001357,35.98226006971955,-0.44945396958384976
2016-12-02 00:00:00,34.32845832044317,33.51053991239787,0.8179184080453012
2016-12-02 01:00:00,32.6815292808422,32.36815169558997,0.31337758525222625
2016-12-02 02:00:00,32.45906648213253,29.481917358415473,2.977149123717055
2016-12-02 03:00:00,26.672099989840596,27.698286240921096,-1.0261862510804995
2016-12-02 04:00:00,23.477309994185738,22.795256578727106,0.6820534154586326
2016-12-02 05:00:00,24.60087945094794,21.32278991105022,3.278089539897721
2016-12-02 06:00:00,26.582528565715542,27.226748503076646,-0.644219937361104
2016-12-02 07:00:00,27.53917768584239,27.7884253788388,-0.24924769299640914
2016-12-02 08:00:00,26.559754791549334,28.394215535947108,-1.8344607443977736
2016-12-02 09:00:00,25.958079064246487,28.15584882767685,-2.1977697634303617
2016-12-02 10:00:00,25.629953677311242,28.203040520429152,-2.5730868431179097
2016-12-02 11:00:00,27.706918871001754,28.265840021338345,-0.558921150336591
2016-12-02 12:00:00,30.132438612953496,30.17855297261018,-0.0461143596566842
2016-12-02 13:00:00,34.63885102978276,31.959133203983857,2.6797178257988996
2016-12-02 14:00:00,31.958451672103344,34.998618609948124,-3.0401669378447806
2016-12-02 15:00:00,31.68176514705746,32.87438291813121,-1.1926177710737491
2016-12-02 16:00:00,33.90199777665054,32.9905707961743,0.9114269804762358
2016-12-02 17:00:00,36.29867612832829,34.58730803222047,1.7113680961078188
2016-12-02 18:00:00,34.313803090601,36.11368663105778,-1.7998835404567828
2016-12-02 19:00:00,33.352435284554865,35.03409669147315,-1.6816614069182876
2016-12-02 20:00:00,35.81535420317036,34.387830582974864,1.427523620195494
2016-12-02 21:00:00,33.12440349116306,35.80313153859486,-2.678728047431804
2016-12-02 22:00:00,34.72033272738751,33.385602190457796,1.3347305369297118
2016-12-02 23:00:00,34.78276310343495,34.58188955090812,0.20087355252682926
2016-12-03 00:00:00,35.87954338300963,34.00408952695435,1.8754538560552803
2016-12-03 01:00:00,30.54922674543193,33.21571652629259,-2.6664897808606582
2016-12-03 02:00:00,29.589324287994767,28.273463538814166,1.315860749180601
2016-12-03 03:00:00,24.80848217479021,26.535574268034285,-1.7270920932440745
2016-12-03 04:00:00,20.41602737661428,22.02727691598562,-1.6112495393713395
2016-12-03 05:00:00,19.504193153459468,19.34099138423017,0.16320176922929974
2016-12-03 06:00:00,24.43803316248225,24.364489515526376,0.07354364695587279
2016-12-03 07:00:00,25.38084780951449,25.799045719964454,-0.41819791044996535
2016-12-03 08:00:00,24.916753416688255,26.487953734546682,-1.5712003178584268
2016-12-03 09:00:00,26.7331528014487,26.874472190529858,-0.1413193890811577
2016-12-03 10:00:00,29.511945915245626,28.721018152804692,0.7909277624409334
2016-12-03 11:00:00,34.37242327575813,31.070426889704333,3.3019963860537977
2016-12-03 12:00:00,40.22240622847523,34.7557528061993,5.466653422275932
2016-12-03 13:00:00,40.11307992456555,39.24858888648157,0.8644910380839761
2016-12-03 14:00:00,41.196084559746865,38.79904779045927,2.3970367692875953
2016-12-03 15:00:00,35.49675484411955,39.46800899011825,-3.9712541459986994
2016-12-03 16:00:00,45.15293420915112,35.24846615378902,9.904468055362102
2016-12-03 17:00:00,41.45577078322813,42.7079455934095,-1.2521748101813657
2016-12-03 18:00:00,36.33472738434445,39.34429091594783,-3.0095635316033835
2016-12-03 19:00:00,34.51486986313668,36.263596968417495,-1.748727105280814
2016-12-03 20:00:00,40.34287052174919,34.70829581833667,5.634574703412518
2016-12-03 21:00:00,42.40336331198668,39.04015038514691,3.363212926839772
2016-12-03 22:00:00,37.500386620097515,39.57350491231973,-2.073118292222212
2016-12-03 23:00:00,34.468559836099274,36.284879558905466,-1.8163197228061918
2016-12-04 00:00:00,36.98101343892344,32.92009260484978,4.060920834073663
2016-12-04 01:00:00,34.317027380666474,34.08210048414668,0.23492689651979504
2016-12-04 02:00:00,30.411469842616043,30.919300545040613,-0.5078307024245703
2016-12-04 03:00:00,26.964379332890694,26.62966347944054,0.3347158534501524
2016-12-04 04:00:00,22.03947853316307,23.422998774305295,-1.3835202411422252
2016-12-04 05:00:00,20.024445185870796,20.36330168659753,-0.33885650072673457
2016-12-04 06:00:00,25.67720129251069,25.02439543927943,0.6528058532312606
2016-12-04 07:00:00,26.01262492590463,26.695294528414944,-0.682669602510316
2016-12-04 08:00:00,25.343389804149492,27.117988689273677,-1.7745988851241847
2016-12-04 09:00:00,25.133324901840968,27.51635557608182,-2.383030674240853
2016-12-04 10:00:00,30.65562207679433,27.757429398853947,2.898192677940383
2016-12-04 11:00:00,37.14221839744688,32.5799430351974,4.56227536224948
2016-12-04 12:00:00,34.129150351699316,37.47928342196737,-3.3501330702680505
2016-12-04 13:00:00,34.00780684008233,35.08329314888987,-1.075486308807541
2016-12-04 14:00:00,36.026973064245496,35.15218752351101,0.8747855407344858
2016-12-04 15:00:00,36.94701357000576,36.58229569076609,0.36471787923967014
2016-12-04 16:00:00,35.159983014748676,36.62644701344868,-1.4664639987000072
2016-12-04 17:00:00,38.70473439979005,35.84219501990426,2.8625393798857885
2016-12-04 18:00:00,39.132953747374515,38.58743578202536,0.5455179653491555
2016-12-04 19:00:00,40.01694299711862,38.31695346702956,1.6999895300890557
2016-12-04 20:00:00,40.368956324262285,38.99626044177965,1.3726958824826383
2016-12-04 21:00:00,38.408410285256245,39.53246003874724,-1.1240497534909935
2016-12-04 22:00:00,37.46550716573103,38.09545897099886,-0.6299518052678295
2016-12-04 23:00:00,37.911606033223144,36.67865704221317,1.2329489910099767
2016-12-05 00:00:00,34.38971616062939,35.622737716215205,-1.2330215555858146
2016-12-05 01:00:00,34.41550901273006,31.89087826644712,2.5246307462829414
2016-12-05 02:00:00,28.269494987668025,30.805915213706104,-2.5364202260380786
2016-12-05 03:00:00,24.175855392072332,24.655113089140215,-0.479257697067883
2016-12-05 04:00:00,24.640741264960177,21.628714086467422,3.0120271784927546
2016-12-05 05:00:00,22.555686528302253,23.2658579215033,-0.7101713932010476
2016-12-05 06:00:00,27.235496863254433,27.247342296048867,-0.011845432794434174
2016-12-05 07:00:00,27.68898116482798,28.013943690731605,-0.32496252590362573
2016-12-05 08:00:00,28.048028605821642,28.312008009031057,-0.26397940320941515
2016-12-05 09:00:00,30.015784785899175,28.912700317309643,1.1030844685895325
2016-12-05 10:00:00,30.755862329096868,30.622372388538015,0.133489940558853
2016-12-05 11:00:00,29.542721402321387,31.385713975671063,-1.842992573349676
2016-12-05 12:00:00,29.40291269941303,30.787425411031403,-1.384512711618374
2016-12-05 13:00:00,34.955399001735096,30.804193548782347,4.151205452952748
2016-12-05 14:00:00,39.379743544805436,34.35555488753712,5.0241886572683185
2016-12-05 15:00:00,36.76792982578622,36.804015834482875,-0.03608600869665679
2016-12-05 16:00:00,31.777608940539082,35.56751742005496,-3.78990847951588
2016-12-05 17:00:00,32.81020022382738,32.643473504898814,0.16672671892856528
2016-12-05 18:00:00,32.45173905076433,33.85656366400414,-1.4048246132398106
2016-12-05 19:00:00,35.67935619592276,33.72153298048676,1.957823215436001
2016-12-05 20:00:00,35.71657998780013,36.27008299333801,-0.5535030055378769
2016-12-05 21:00:00,38.50190919056831,35.823333614403786,2.6785755761645262
2016-12-05 22:00:00,37.119356517893486,37.46196924496087,-0.3426127270673831
2016-12-05 23:00:00,34.04620280071515,36.190832931769684,-2.1446301310545337
2016-12-06 00:00:00,33.45824434798665,33.276183131154376,0.18206121683227394
2016-12-06 01:00:00,32.18062152040059,31.048415104768747,1.1322064156318454
2016-12-06 02:00:00,32.64313332020938,28.30752018675915,4.335613133450231
2016-12-06 03:00:00,24.065151340170424,27.040540566426344,-2.9753892262559205
2016-12-06 04:00:00,20.66190895434556,21.287215158336465,-0.6253062039909061
2016-12-06 05:00:00,20.470572687613753,20.116705231544056,0.35386745606969683
2016-12-06 06:00:00,25.11216308915461,25.58726453695027,-0.47510144779565877
2016-12-06 07:00:00,26.26744608003684,26.47187370598815,-0.2044276259513076
2016-12-06 08:00:00,25.83187029972756,27.13441202292078,-1.3025417231932224
2016-12-06 09:00:00,26.425427115600595,27.19068138503158,-0.7652542694309865
2016-12-06 10:00:00,27.949547065534496,27.93492455399496,0.01462251153953531
2016-12-06 11:00:00,31.73364398522412,29.102946918486037,2.630697066738083
2016-12-06 12:00:00,27.747601166432226,31.6104224828054,-3.862821316373175
2016-12-06 13:00:00,26.455528321134995,28.818882033793027,-2.363353712658032
2016-12-06 14:00:00,28.19622003155094,28.532296271949146,-0.3360762403982065
2016-12-06 15:00:00,29.337551396706534,30.18411840330704,-0.8465670066005053
2016-12-06 16:00:00,34.71124685933326,31.306289905963045,3.4049569533702133
2016-12-06 17:00:00,36.85585973641614,33.8855458087526,2.9703139276635397
2016-12-06 18:00:00,41.197842996432925,34.50580614379783,6.692036852635098
2016-12-06 19:00:00,38.93511089779852,37.53247851790811,1.402632379890413
2016-12-06 20:00:00,35.19222371276874,36.51659966406863,-1.324375951299892
2016-12-06 21:00:00,39.19567670672859,35.088000668675015,4.107676038053576
2016-12-06 22:00:00,38.83662963284071,37.683149987918284,1.1534796449224274
2016-12-06 23:00:00,39.12152280759782,36.565979552006745,2.5555432555910755
2016-12-07 00:00:00,36.203418786330175,35.32587750487405,0.877541281456125
2016-12-07 01:00:00,32.70996015507774,32.34804188570042,0.36191826937731975
2016-12-07 02:00:00,33.55174325329872,28.97912141233871,4.572621840960007
2016-12-07 03:00:00,25.08853946510777,27.54317338752017,-2.4546339224123983
2016-12-07 04:00:00,21.996334059266342,21.739091536593747,0.25724252267259473
2016-12-07 05:00:00,20.981885694282816,20.961214457287088,0.020671236995728037
2016-12-07 06:00:00,25.913293260407514,25.820822618385147,0.09247064202236643
2016-12-07 07:00:00,27.866482499582958,27.010255808001958,0.856226691581
2016-12-07 08:00:00,27.40159662669511,28.252672533557725,-0.851075906862615
2016-12-07 09:00:00,27.313666532512297,28.041589463368453,-0.7279229308561561
2016-12-07 10:00:00,30.648587779391438,28.315399378114638,2.3331884012768
2016-12-07 11:00:00,31.225701560273848,30.69958244328704,0.5261191169868091
2016-12-07 12:00:00,33.01126662925729,31.07269529750306,1.9385713317542326
2016-12-07 13:00:00,28.96806953891597,32.18981354320955,-3.2217440042935834
2016-12-07 14:00:00,28.860560463109405,29.861823313888905,-1.0012628507795007
2016-12-07 15:00:00,30.638036057957766,30.423680056187177,0.21435600177058944
2016-12-07 16:00:00,34.54271446944161,31.90189639577424,2.640818073667372
2016-12-07 17:00:00,37.270888973326294,34.28830012969791,2.9825888436283847
2016-12-07 18:00:00,31.728954208885007,35.8537094150616,-4.124755206176594
2016-12-07 19:00:00,34.45712926342836,33.17433220224222,1.2827970611861375
2016-12-07 20:00:00,40.50407548027264,35.70705750860491,4.797017971667728
2016-12-07 21:00:00,37.8562097710257,37.790620939216005,0.06558883180969843
2016-12-07 22:00:00,35.900646825876976,36.651501493457246,-0.7508546675802705
2016-12-07 23:00:00,33.49957128116675,35.751042654737766,-2.2514713735710146
2016-12-08 00:00:00,31.226580962169766,33.450861361277084,-2.224280399107318
2016-12-08 01:00:00,30.155886576884615,30.3615468063804,-0.2056602294957841
2016-12-08 02:00:00,31.82245311419707,27.804367084998656,4.018086029198415
2016-12-08 03:00:00,23.00345535998745,26.918644621794794,-3.9151892618073454
2016-12-08 04:00:00,20.84591705549761,20.570978810544535,0.2749382449530735
2016-12-08 05:00:00,20.463245256245553,20.283976980187287,0.17926827605826645
2016-12-08 06:00:00,25.902712537617226,25.42472992129177,0.47798261632545547
2016-12-08 07:00:00,28.17259613217477,26.964301628833937,1.2082945033408343
2016-12-08 08:00:00,28.118079547202584,28.476708044020928,-0.3586284968183442
2016-12-08 09:00:00,27.70935158922917,28.564338105708988,-0.8549865164798192
2016-12-08 10:00:00,27.886852923984144,28.592634867790263,-0.7057819438061195
2016-12-08 11:00:00,28.498259570084873,29.06012662958517,-0.5618670595002975
2016-12-08 12:00:00,29.88652766675982,29.64528659671277,0.24124107004705309
2016-12-08 13:00:00,32.76213176010392,30.767886389445405,1.9942453706585148
2016-12-08 14:00:00,32.548754829448505,32.61523756383244,-0.06648273438393204
2016-12-08 15:00:00,28.948490459779745,32.374205881744636,-3.4257154219648918
2016-12-08 16:00:00,34.04268556023726,30.537177905443244,3.505507654794016
2016-12-08 17:00:00,37.88083008726516,34.28528863861622,3.5955414486489374
2016-12-08 18:00:00,40.6007983085444,35.95246160408504,4.648336704459361
2016-12-08 19:00:00,34.97650244460244,37.624767442569386,-2.6482649979669475
2016-12-08 20:00:00,34.64617846115095,34.70798610342697,-0.06180764227601543
2016-12-08 21:00:00,34.59723077908446,35.080984665376825,-0.48375388629236227
2016-12-08 22:00:00,35.943732562848915,34.785572563969055,1.15815999887986
2016-12-08 23:00:00,36.10845439474447,35.24668055127524,0.8617738434692299
2016-12-09 00:00:00,33.20647145669842,33.72719081476765,-0.5207193580692362
2016-12-09 01:00:00,35.09315617988032,30.430421066664014,4.6627351132163035
2016-12-09 02:00:00,30.240592472778395,29.865012568296503,0.37557990448189216
2016-12-09 03:00:00,25.505386242734556,25.413322721022173,0.09206352171238308
2016-12-09 04:00:00,22.70874320693349,22.102095643683924,0.6066475632495667
2016-12-09 05:00:00,21.902718414316247,21.269831231231777,0.6328871830844705
2016-12-09 06:00:00,27.246077769597612,26.36046634059612,0.8856114290014929
2016-12-09 07:00:00,27.632823158137104,28.04653740684733,-0.4137142487102281
2016-12-09 08:00:00,26.301650977532635,28.301973692602104,-2.000322715069469
2016-12-09 09:00:00,27.679220923455922,27.920712069019505,-0.24149114556358242
2016-12-09 10:00:00,29.4767738775725,29.33807942674677,0.1386944508257315
2016-12-09 11:00:00,34.34311318317957,30.73189509403998,3.6112180891395873
2016-12-09 12:00:00,32.61792673603931,34.36864037306414,-1.7507136370248304
2016-12-09 13:00:00,36.837687266096076,32.9687428088659,3.868944457230178
2016-12-09 14:00:00,40.67084943347823,36.2595318837473,4.411317549730931
2016-12-09 15:00:00,40.69048665586037,38.52325810483386,2.1672285510265112
2016-12-09 16:00:00,36.93147912182056,38.274203754214895,-1.3427246323943365
2016-12-09 17:00:00,42.94237444975447,35.892073926965935,7.0503005227885325
2016-12-09 18:00:00,40.1418037492135,40.3442997869192,-0.2024960377056999
2016-12-09 19:00:00,41.903628087406304,38.31120312209212,3.592424965314187
2016-12-09 20:00:00,40.16290645786928,39.43998242171506,0.7229240361542253
2016-12-09 21:00:00,41.29925523393801,38.0061223110201,3.2931329229179127
2016-12-09 22:00:00,40.861364117474466,38.540459702734495,2.320904414739971
2016-12-09 23:00:00,35.21918910073064,37.86933355792244,-2.6501444571918
2016-12-10 00:00:00,34.3293375387862,34.26944582157584,0.059891717210355466
2016-12-10 01:00:00,38.73404412526284,32.48961586263998,6.244428262622861
2016-12-10 02:00:00,32.05458841599738,33.71845565510186,-1.6638672391044835
2016-12-10 03:00:00,26.360270979136878,27.77320696284193,-1.4129359837050508
2016-12-10 04:00:00,22.068788992847416,23.13943672510636,-1.0706477322589443
2016-12-10 05:00:00,20.50152411013456,20.513518190177738,-0.011994080043177036
2016-12-10 06:00:00,25.639743287145695,25.272411737121235,0.36733155002445983
2016-12-10 07:00:00,29.25217137988017,26.72914602541322,2.5230253544669523
2016-12-10 08:00:00,31.034307290828803,29.688708235473374,1.3455990553554287
2016-12-10 09:00:00,29.075490687152204,31.462016912037782,-2.3865262248855785
2016-12-10 10:00:00,30.63070862658957,30.477926206568117,0.15278242002145248
2016-12-10 11:00:00,33.99227239189713,32.345934514970494,1.646337876926637
2016-12-10 12:00:00,35.06120806516689,35.57473374074042,-0.5135256755735327
2016-12-10 13:00:00,39.995253653426445,36.1510856547608,3.8441679986656467
2016-12-10 14:00:00,39.018058448782696,39.44809325681771,-0.4300348080350105
2016-12-10 15:00:00,41.52816697988441,38.7338652223794,2.7943017575050106
2016-12-10 16:00:00,42.39369080889603,40.35726278148431,2.0364280274117235
2016-12-10 17:00:00,45.89945996537398,40.89303702522151,5.0064229401524685
2016-12-10 18:00:00,38.04115619455136,43.58830490120126,-5.5471487066498995
2016-12-10 19:00:00,40.53162676905937,38.04422201728848,2.487404751770889
2016-12-10 20:00:00,38.15839583065407,40.225240529833776,-2.066844699179704
2016-12-10 21:00:00,39.8267212635348,38.17141266740024,1.6553085961345602
2016-12-10 22:00:00,34.85457266505484,39.44413977230462,-4.589567107249778
2016-12-10 23:00:00,38.42365104881747,34.67858166466295,3.745069384154519
2016-12-11 00:00:00,35.54980603459454,36.395453043518295,-0.8456470089237555
2016-12-11 01:00:00,34.63152359841456,32.74011532516179,1.8914082732527717
2016-12-11 02:00:00,32.31749911309701,31.426574011483336,0.8909251016136714
2016-12-11 03:00:00,27.303877106230736,28.239970872419736,-0.9360937661889999
2016-12-11 04:00:00,26.022385167276685,23.816495421691325,2.2058897455853597
2016-12-11 05:00:00,22.236529902677447,23.287272914809247,-1.0507430121318002
2016-12-11 06:00:00,26.066350306144535,26.600789202607093,-0.5344388964625573
2016-12-11 07:00:00,27.617347538653142,27.30943536306881,0.30791217558433104
2016-12-11 08:00:00,27.468364724638672,28.61243655356183,-1.1440718289231597
2016-12-11 09:00:00,29.406136805925616,29.389810120523126,0.016326685402489716
2016-12-11 10:00:00,31.64014507991206,31.241878260021107,0.3982668198909529
2016-12-11 11:00:00,35.02545012666893,33.4114715229293,1.613978603739632
2016-12-11 12:00:00,39.84196202709603,36.22913821727486,3.6128238098211725
2016-12-11 13:00:00,36.704326546771775,38.968472736870616,-2.2641461900988418
2016-12-11 14:00:00,41.57857941401298,36.77172545481392,4.80685395919906
2016-12-11 15:00:00,36.47131202662844,40.17692769602945,-3.7056156694010127
2016-12-11 16:00:00,37.64547122961093,36.69958916904986,0.9458820605610754
2016-12-11 17:00:00,37.94736360461532,37.85987936040229,0.08748424421303014
2016-12-11 18:00:00,44.662871487661384,38.29804996673298,6.364821520928402
2016-12-11 19:00:00,49.37181515375907,42.266553756228156,7.105261397530917
2016-12-11 20:00:00,41.5428218426208,46.07750431076183,-4.534682468141028
2016-12-11 21:00:00,42.46462151927868,40.735756672223125,1.7288648470555543
2016-12-11 22:00:00,39.98704663660944,41.63688902768026,-1.6498423910708198
2016-12-11 23:00:00,38.70473439979005,39.0406398595202,-0.3359054597301494
2016-12-12 00:00:00,38.847180987168606,37.198542458318904,1.6486385288497019
2016-12-12 01:00:00,35.862543448550795,34.87248363369097,0.9900598148598263
2016-12-12 02:00:00,31.020531646435437,31.629673142801234,-0.6091414963657975
2016-12-12 03:00:00,26.214541548320945,27.181345854454804,-0.9668043061338594
2016-12-12 04:00:00,22.302477519202778,23.235322062725412,-0.9328445435226342
2016-12-12 05:00:00,23.29168993155384,21.054509007048306,2.237180924505534
2016-12-12 06:00:00,27.990229360964964,27.755317194564594,0.23491216640037038
2016-12-12 07:00:00,29.4882048173492,28.76090815748162,0.7272966598675801
2016-12-12 08:00:00,28.985157270450507,29.96255603859527,-0.9773987681447629
2016-12-12 09:00:00,30.411469842616043,29.97184275939939,0.4396270832166529
2016-12-12 10:00:00,29.98647478509705,31.391287926281237,-1.404813141184185
2016-12-12 11:00:00,30.620450039121206,31.30872895676516,-0.6882789176439559
2016-12-12 12:00:00,31.254425384921802,31.964252310532643,-0.7098269256108409
2016-12-12 13:00:00,31.8884007307224,32.66734272271245,-0.7789419919900489
2016-12-12 14:00:00,32.522376076522995,33.17631861161764,-0.6539425350946431
2016-12-12 15:00:00,33.156351238770704,33.99543513056016,-0.839083891789457
2016-12-12 16:00:00,33.790326768124196,34.46714293015719,-0.676816162032992
2016-12-12 17:00:00,34.4243019303719,34.92599529718264,-0.5016933668107413
2016-12-12 18:00:00,35.058277092619605,35.17530331789556,-0.11702622527595707
2016-12-12 19:00:00,35.24351646655768,35.92766654549431,-0.6841500789366322
2016-12-12 20:00:00,35.44897969791428,36.577612644699606,-1.1286329467853236
2016-12-12 21:00:00,40.69546974971768,36.56061711551013,4.1348526342075544
2016-12-12 22:00:00,38.596580631741595,39.23237651628936,-0.6357958845477611
2016-12-12 23:00:00,40.725365376015304,37.6182334491603,3.107131926855004
2016-12-13 00:00:00,35.23618903518948,37.744115244797875,-2.5079262096083923
2016-12-13 01:00:00,34.91319285021197,32.09163263196405,2.8215602182479174
2016-12-13 02:00:00,30.176403568268455,30.533770399001416,-0.3573668307329605
2016-12-13 03:00:00,26.57112699440124,25.963588404239385,0.6075385901618553
2016-12-13 04:00:00,23.71829695055268,23.218972027865714,0.4993249226869665
2016-12-13 05:00:00,23.419510657552618,22.53938360535098,0.8801270522016367
2016-12-13 06:00:00,26.2813098298174,27.893577066715206,-1.6122672368978073
2016-12-13 07:00:00,28.886617046296823,27.42562550493089,1.4609915413659351
2016-12-13 08:00:00,29.22693545019182,29.180138034783237,0.04679741540858373
2016-12-13 09:00:00,31.97633064135232,29.341929247853226,2.6344013934990933
2016-12-13 10:00:00,30.78106891326693,31.22634589210199,-0.44527697883505724
2016-12-13 11:00:00,31.820108409580403,30.251096959935044,1.5690114496453589
2016-12-13 12:00:00,31.121651117081004,31.2271833827547,-0.10553226567369478
2016-12-13 13:00:00,28.008958455423908,30.926997988442874,-2.918039533018966
2016-12-13 14:00:00,28.648912944839317,29.30632460852257,-0.6574116636832521
2016-12-13 15:00:00,30.584105649139747,30.298656217349546,0.28544943179020166
2016-12-13 16:00:00,33.3799865733416,31.916815941777998,1.4631706315635995
2016-12-13 17:00:00,34.67695404000316,33.80204551883239,0.8749085211707737
2016-12-13 18:00:00,33.92398007075513,34.72154699093905,-0.7975669201839253
2016-12-13 19:00:00,35.27370577747927,34.73847815424845,0.5352276232308242
2016-12-13 20:00:00,32.78645912593096,35.778807109614064,-2.9923479836831035
2016-12-13 21:00:00,34.37828522085269,33.941369014972146,0.4369162058805429
2016-12-13 22:00:00,35.21010323267639,35.57850465131227,-0.3684014186358837
2016-12-13 23:00:00,36.56334544566686,35.938682900476834,0.6246625451900272
2016-12-14 00:00:00,33.93101455171091,36.24601260155695,-2.3149980498460394
2016-12-14 01:00:00,30.851119854647877,32.67153054308175,-1.8204106884338742
2016-12-14 02:00:00,29.085280228154325,28.342938093528407,0.7423421346259182
2016-12-14 03:00:00,24.94037740784087,25.62777141700221,-0.6873940091613413
2016-12-14 04:00:00,24.10665448412491,22.47074779556753,1.6359066885573803
2016-12-14 05:00:00,23.304703464347988,23.167429152672025,0.13727431167596293
2016-12-14 06:00:00,27.458575298357108,27.647452461133565,-0.18887716277645694
2016-12-14 07:00:00,30.070301370871363,28.289579773180247,1.780721597691116
2016-12-14 08:00:00,37.77003829708184,29.809829724573856,7.960208572507984
2016-12-14 09:00:00,37.55842017021826,35.634431258993175,1.9239889112250879
2016-12-14 10:00:00,33.72760307455856,35.01655392993433,-1.2889508553757736
2016-12-14 11:00:00,30.173765729686483,31.79098474555376,-1.6172190158672777
2016-12-14 12:00:00,30.04597409682077,29.69904463407102,0.34692946274975256
2016-12-14 13:00:00,32.92802649496648,29.901815756374514,3.026210738591967
2016-12-14 14:00:00,33.27593594659586,31.683730937324906,1.5922050092709519
2016-12-14 15:00:00,36.534035720194076,31.966212961319172,4.567822758874904
2016-12-14 16:00:00,37.207579378935826,34.250040120572265,2.9575392583635605
2016-12-14 17:00:00,38.813767753287316,34.93410674412826,3.879661009159058
2016-12-14 18:00:00,38.861835849905,36.420330089066546,2.441505760838453
2016-12-14 19:00:00,35.046553202430495,36.52991728281719,-1.4833640803866928
2016-12-14 20:00:00,32.742494170616,35.00324805857073,-2.260753887954735
2016-12-14 21:00:00,35.59552979370134,33.4424432586366,2.1530865350647375
2016-12-14 22:00:00,40.47711009231074,35.639453143694574,4.837656948616164
2016-12-14 23:00:00,40.728003398150165,37.30706675846795,3.4209366396822176
2016-12-15 00:00:00,44.36302976554391,36.426382929166685,7.936646836377221
2016-12-15 01:00:00,41.33208256699447,38.90433690973803,2.4277456572564446
2016-12-15 02:00:00,30.55391633821815,35.317462094342616,-4.763545756124465
2016-12-15 03:00:00,26.378179316848254,26.221398350079223,0.15678096676903053
2016-12-15 04:00:00,25.050289612575384,23.670731788853555,1.3795578237218287
2016-12-15 05:00:00,24.653784166216724,23.330716090442277,1.3230680757744473
2016-12-15 06:00:00,27.6898018297991,28.104370872845934,-0.41456904304683206
2016-12-15 07:00:00,28.56502771391666,28.790501548649804,-0.22547383473314397
2016-12-15 08:00:00,29.81559750703585,29.480435384885894,0.33516212214995633
2016-12-15 09:00:00,30.278109306844634,31.15494436855654,-0.8768350617119047
2016-12-15 10:00:00,28.423372514823278,31.554262028742656,-3.130889513919378
2016-12-15 11:00:00,32.52266902693541,30.2057886039624,2.3168804229730107
2016-12-15 12:00:00,33.637328459311966,32.92077432028318,0.7165541390287871
2016-12-15 13:00:00,38.483150819423415,33.60870301901304,4.874447800410373
2016-12-15 14:00:00,39.278624257712764,36.884664569072875,2.393959688639889
2016-12-15 15:00:00,39.9445475346739,37.22413756277277,2.720409971901134
2016-12-15 16:00:00,42.473414436920514,37.85678319025401,4.6166312466665005
2016-12-15 17:00:00,43.174508650237435,39.928780830898575,3.2457278193388603
2016-12-15 18:00:00,40.53485069201906,40.54949331789613,-0.014642625877065996
2016-12-15 19:00:00,43.69564173652069,39.481637914568225,4.214003821952467
2016-12-15 20:00:00,41.07620616729774,41.018936686673705,0.05726948062403636
2016-12-15 21:00:00,33.513640243078314,38.870038461452644,-5.356398218374331
2016-12-15 22:00:00,35.45366910714762,34.08141350686376,1.3722556002838573
2016-12-15 23:00:00,36.130143738436644,35.99727885665249,0.13286488178415112
2016-12-16 00:00:00,34.194218382775844,35.98257871753657,-1.7883603347607249
2016-12-16 01:00:00,31.0076352203851,33.56369633986313,-2.556061119478027
2016-12-16 02:00:00,33.46146827094635,28.89238517100848,4.569083099937867
2016-12-16 03:00:00,29.68135770703319,28.59385228233309,1.087505424700101
2016-12-16 04:00:00,23.915347952961277,25.000648222953345,-1.085300269992068
2016-12-16 05:00:00,22.48320296047034,22.35124091416772,0.13196204630261832
2016-12-16 06:00:00,27.684115636596704,26.823679801919013,0.8604358346776912
2016-12-16 07:00:00,28.798716354992578,28.69906703209925,0.09964932289332751
2016-12-16 08:00:00,32.56341005929068,29.714269160849522,2.84914089844116
2016-12-16 09:00:00,31.057169170382203,32.92638969266219,-1.8692205222799885
2016-12-16 10:00:00,35.658252753055415,31.945698356122893,3.7125543969325214
2016-12-16 11:00:00,36.53081179723438,35.48722037280218,1.0435914244322007
2016-12-16 12:00:00,50.00110200809079,36.15649140973945,13.844610598351338
2016-12-16 13:00:00,43.33981785138094,47.59962130096807,-4.259803449587125
2016-12-16 14:00:00,38.931007389390025,41.11977672863642,-2.1887693392463916
2016-12-16 15:00:00,38.08834470572023,38.50722879805726,-0.4188840923370307
2016-12-16 16:00:00,40.70748659031921,38.00940399195584,2.6980825983633707
2016-12-16 17:00:00,39.584620141125654,39.534607362822875,0.05001277830277928
2016-12-16 18:00:00,40.98358684743448,39.34196738109781,1.641619466336671
2016-12-16 19:00:00,36.856445637240974,40.012666948993534,-3.15622131175256
2016-12-16 20:00:00,34.57847240793957,37.48599656299708,-2.9075241550575086
2016-12-16 21:00:00,34.25107976414114,35.75002772962474,-1.4989479654836018
2016-12-16 22:00:00,36.14655777207065,35.25435453049973,0.8922032415709182
2016-12-16 23:00:00,32.9664224555993,36.081901144204885,-3.1154786886055845
2016-12-17 00:00:00,29.07229589747777,32.75126420533088,-3.6789683078531077
2016-12-17 01:00:00,35.07263900494358,28.07736216257798,6.995276842365602
2016-12-17 02:00:00,30.56124395313924,31.653561266562537,-1.0923173134232975
2016-12-17 03:00:00,24.91596193662664,27.411269665148353,-2.4953077285217127
2016-12-17 04:00:00,21.36373664501086,22.395168057587345,-1.0314314125764845
2016-12-17 05:00:00,20.91429711492102,20.584999069755956,0.3292980451650642
2016-12-17 06:00:00,25.7805779130444,25.6901037146221,0.09047419842229942
2016-12-17 07:00:00,27.548967295676842,26.886863479026957,0.6621038166498856
2016-12-17 08:00:00,32.7351667392478,28.49107917987763,4.244087559370172
2016-12-17 09:00:00,28.2173818442373,33.4078058493477,-5.190424005110405
2016-12-17 10:00:00,27.120718854959314,30.23277446571957,-3.1120556107602546
2016-12-17 11:00:00,31.48304344624422,29.881881751913372,1.6011616943308482
2016-12-17 12:00:00,32.415980745160596,33.91442014677035,-1.498439401609751
2016-12-17 13:00:00,28.056176793937407,34.96466095819515,-6.9084841642577395
2016-12-17 14:00:00,32.03172653644398,31.03685910428967,0.9948674321543116
2016-12-17 15:00:00,35.92497419170402,34.59055679600461,1.334417395699404
2016-12-17 16:00:00,33.82549843869154,36.53037665451652,-2.7048782158249836
2016-12-17 17:00:00,27.28596858496647,35.70614733100776,-8.420178746041294
2016-12-17 18:00:00,29.669926813144713,30.248694680895216,-0.5787678677505035
2016-12-17 19:00:00,29.25867819216547,32.50504874489272,-3.2463705527272495
2016-12-17 20:00:00,24.613072502323856,31.952535640090534,-7.339463137766678
2016-12-17 21:00:00,22.552433236880162,27.242368073914573,-4.689934837034411
2016-12-17 22:00:00,21.532269034902505,24.806633062976502,-3.2743640280739967
2016-12-17 23:00:00,25.187870947051998,22.446810663184596,2.7410602838674016
2016-12-18 00:00:00,21.677998282165547,25.317354539865445,-3.639356257699898
2016-12-18 01:00:00,20.482795107452063,21.553820102084227,-1.0710249946321646
2016-12-18 02:00:00,20.730318382231367,20.129847618466975,0.6004707637643918
2016-12-18 03:00:00,19.658862160676335,20.347872964876956,-0.6890108042006204
2016-12-18 04:00:00,19.63605828383617,19.445713936921845,0.19034434691432622
2016-12-18 05:00:00,22.584175405251028,20.005156713979627,2.5790186912714006
2016-12-18 06:00:00,25.374311858207907,26.87940135042966,-1.505089492221753
2016-12-18 07:00:00,25.927127641725676,26.294052010255854,-0.36692436853017796
2016-12-18 08:00:00,25.46795723872618,26.542665711570262,-1.0747084728440832
2016-12-18 09:00:00,26.92448833396895,26.56466844122993,0.3598198927390186
2016-12-18 10:00:00,26.463676601027203,27.91225933606711,-1.4485827350399063
2016-12-18 11:00:00,26.387968926682706,27.779040136020985,-1.3910712093382784
2016-12-18 12:00:00,31.054824282212646,27.990626630603188,3.064197651609458
2016-12-18 13:00:00,26.75513527910618,31.900094762974746,-5.144959483868565
2016-12-18 14:00:00,26.00690963956917,28.05154749827554,-2.04463785870637
2016-12-18 15:00:00,25.72603186783337,27.76242103556868,-2.036389167735308
2016-12-18 16:00:00,26.38064131176162,27.46347334604206,-1.0828320342804396
2016-12-18 17:00:00,29.672271609537823,27.812144259187505,1.860127350350318
2016-12-18 18:00:00,28.41847770990605,30.540402730871318,-2.121925020965268
2016-12-18 19:00:00,25.533084006727496,28.69140505264495,-3.1583210459174538
2016-12-18 20:00:00,26.505179561428797,25.600913896955323,0.9042656644734741
2016-12-18 21:00:00,21.844098229159115,26.140245640437616,-4.2961474112785005
2016-12-18 22:00:00,25.122744179050677,21.554762829727185,3.5679813493234924
2016-12-18 23:00:00,25.180543515683798,24.68043763663424,0.5001058790495563
2016-12-19 00:00:00,22.749454503720578,24.32727196444726,-1.5778174607266813
2016-12-19 01:00:00,24.385919927275076,22.149648690892306,2.2362712363827697
2016-12-19 02:00:00,22.08833810984237,23.587086369781662,-1.498748259939294
2016-12-19 03:00:00,19.336451509417877,21.6737288419445,-2.3372773325266216
2016-12-19 04:00:00,20.07327612829926,19.29415137881508,0.7791247494841791
2016-12-19 05:00:00,20.9094314949133,21.27566038154333,-0.3662288866300294
2016-12-19 06:00:00,25.34500176562934,25.660197442256862,-0.31519567662752124
2016-12-19 07:00:00,27.74598911317593,26.183718429270233,1.5622706839056981
2016-12-19 08:00:00,25.73418014772558,27.671865316719117,-1.9376851689935357
2016-12-19 09:00:00,25.450019716105295,25.836161399189624,-0.38614168308432895
2016-12-19 10:00:00,25.07634641373186,25.778230761055866,-0.7018843473240075
2016-12-19 11:00:00,26.21618287826319,25.545156402670397,0.671026475592793
2016-12-19 12:00:00,25.598210774728813,26.53241538398194,-0.9342046092531291
2016-12-19 13:00:00,25.32301947152475,25.93469699580287,-0.6116775242781216
2016-12-19 14:00:00,25.462241768837828,25.78960779746721,-0.32736602862938113
2016-12-19 15:00:00,25.077958375211704,26.140013078926007,-1.0620547037143027
2016-12-19 16:00:00,25.820498096875653,26.072587861636297,-0.25208976476064393
2016-12-19 17:00:00,26.523117267602572,26.92428997447917,-0.4011727068765971
2016-12-19 18:00:00,25.86525416514645,27.534599540252533,-1.669345375106083
2016-12-19 19:00:00,25.086927136522146,26.53656673851043,-1.4496396019882845
2016-12-19 20:00:00,21.08203802475105,25.17172392168862,-4.089685896937571
2016-12-19 21:00:00,23.26888642181946,21.045160046518408,2.2237263753010517
2016-12-19 22:00:00,24.64156174637841,23.29605004690254,1.3455116994758711
2016-12-19 23:00:00,21.603931754210407,24.43060673492205,-2.826674980711644
2016-12-20 00:00:00,19.724809042990106,21.173345798031068,-1.448536755040962
2016-12-20 01:00:00,19.338093206465903,19.393424368571694,-0.05533116210579081
2016-12-20 02:00:00,19.463451753998424,19.05330551343624,0.4101462405621845
2016-12-20 03:00:00,19.715870017247845,19.261306424681184,0.4545635925666609
2016-12-20 04:00:00,20.006537031712313,19.82129765777424,0.18523937393807088
2016-12-20 05:00:00,19.502551456411446,20.865017569229437,-1.362466112817991
2016-12-20 06:00:00,24.89641245252591,24.648601611552298,0.24781084097361372
2016-12-20 07:00:00,26.113597921343985,25.933092437622918,0.1805054837210669
2016-12-20 08:00:00,26.400982459476857,26.175068254592507,0.22591420488435077
2016-12-20 09:00:00,24.84916447022068,26.190532707942328,-1.3413682377216496
2016-12-20 10:00:00,24.688780360221244,24.743184335495425,-0.05440397527418028
2016-12-20 11:00:00,25.97191344556465,24.676340613761187,1.2955728318034616
2016-12-20 12:00:00,26.880523378653987,25.808170501231377,1.0723528774226097
2016-12-20 13:00:00,23.923466864391088,26.544138907065275,-2.6206720426741867
2016-12-20 14:00:00,24.109116295485386,24.073514744049692,0.035601551435693324
2016-12-20 15:00:00,24.19783768617692,24.523117880948814,-0.3252801947718922
2016-12-20 16:00:00,24.315898537909423,24.712073344328918,-0.396174806419495
2016-12-20 17:00:00,25.748014161937963,24.847436870420143,0.9005772915178198
2016-12-20 18:00:00,25.39550303935666,25.676700499042514,-0.28119745968585264
2016-12-20 19:00:00,23.955209399867737,24.97243589902548,-1.0172264991577435
2016-12-20 20:00:00,21.831084329259184,23.547430869217767,-1.7163465399585824
2016-12-20 21:00:00,19.23794087599767,21.681039141709633,-2.4430982657119635
2016-12-20 22:00:00,22.097307238258587,19.225872640586942,2.8714345976716444
2016-12-20 23:00:00,21.542029643380342,21.708446525030613,-0.1664168816502709
2016-12-21 00:00:00,19.72155575156801,21.058929205376327,-1.3373734538083148
2016-12-21 01:00:00,22.63139401909386,19.347337419479917,3.284056599613944
2016-12-21 02:00:00,20.118061565032452,22.276301653405,-2.1582400883725477
2016-12-21 03:00:00,18.473448228691524,20.034120870544868,-1.560672641853344
2016-12-21 04:00:00,18.434348526278505,18.63688494562,-0.20253641934149513
2016-12-21 05:00:00,18.369221758277185,19.051313352736937,-0.6820915944597523
2016-12-21 06:00:00,24.185615633444385,23.639717468875773,0.5458981645686123
2016-12-21 07:00:00,26.557292796635966,25.410167813949116,1.1471249826868508
2016-12-21 08:00:00,24.8882641726337,26.548616863369347,-1.660352690735646
2016-12-21 09:00:00,24.66111159758492,24.857363777816303,-0.19625218023138302
2016-12-21 10:00:00,24.417662829857505,24.638666015986008,-0.22100318612850245
2016-12-21 11:00:00,24.89884489542399,24.41076270961719,0.48808218580679963
2016-12-21 12:00:00,25.393040860890405,24.821941618738425,0.5710992421519805
2016-12-21 13:00:00,29.550342013543112,25.10389868146734,4.4464433320757735
2016-12-21 14:00:00,25.658472289828193,28.30238295436247,-2.6439106645342783
2016-12-21 15:00:00,25.09100127646825,25.127747463725886,-0.03674618725763423
2016-12-21 16:00:00,25.272547566259824,24.99312977421097,0.27941779204885364
2016-12-21 17:00:00,26.006118159507555,25.207167372901733,0.7989507866058219
2016-12-21 18:00:00,26.427859742051563,25.528238577537678,0.899621164513885
2016-12-21 19:00:00,23.698776467808568,25.530768548204634,-1.8319920803960663
2016-12-21 20:00:00,20.8149656329768,22.874787965691468,-2.059822332714667
2016-12-21 21:00:00,20.05211394850712,20.24726933903655,-0.19515539052942898
2016-12-21 22:00:00,20.02198337451032,19.66806403415706,0.35391934035326145
2016-12-21 23:00:00,19.759013756933008,19.587876629163887,0.17113712776912138
2016-12-22 00:00:00,19.266430487158004,19.309772463964354,-0.043341976806349436
2016-12-22 01:00:00,18.99534195815088,18.879895266677543,0.11544669147333764
2016-12-22 02:00:00,19.38041683183862,18.667818012851814,0.7125988189868053
2016-12-22 03:00:00,18.976583587005983,19.17029845445481,-0.1937148674488256
2016-12-22 04:00:00,18.913098516052692,19.005273637922183,-0.0921751218694915
2016-12-22 05:00:00,19.90881714414216,19.32023546816787,0.5885816759742895
2016-12-22 06:00:00,23.70446256923452,24.81053013556807,-1.1060675663335502
2016-12-22 07:00:00,25.45248152746577,25.0573655764843,0.3951159509814701
2016-12-22 08:00:00,24.64971002627062,25.72078617097479,-1.071076144704172
2016-12-22 09:00:00,25.712197486515212,24.87148731612049,0.840710170394722
2016-12-22 10:00:00,24.73438664547845,25.750539972072747,-1.0161533265942992
2016-12-22 11:00:00,25.110521759212364,24.916640837582403,0.19388092162996173
2016-12-22 12:00:00,24.122129828279533,25.281789331901972,-1.1596595036224393
2016-12-22 13:00:00,23.539183470764964,24.372120053900233,-0.8329365831352682
2016-12-22 14:00:00,23.42033150607663,23.86838692500739,-0.4480554189307604
2016-12-22 15:00:00,23.897410063234613,23.723463597299972,0.17394646593464103
2016-12-22 16:00:00,24.151439920858103,24.213165576176593,-0.06172565531849017
2016-12-22 17:00:00,25.0437830297312,24.43715198624173,0.6066310434894682
2016-12-22 18:00:00,26.759209235499394,25.07861696298097,1.6805922725184246
2016-12-22 19:00:00,23.424376277560338,26.0152920717647,-2.5909157942043635
2016-12-22 20:00:00,20.55038442102542,22.66799691272871,-2.117612491703291
2016-12-22 21:00:00,20.54713039539177,20.05761882204636,0.48951157334540696
2016-12-22 22:00:00,20.3020696661845,20.27867401482703,0.02339565135747179
2016-12-22 23:00:00,19.2737579185262,20.11641154692008,-0.8426536283938795
2016-12-23 00:00:00,20.024445185870796,18.9512087460201,1.073236439850696
2016-12-23 01:00:00,20.320798668867,19.650584659549576,0.6702140093174229
2016-12-23 02:00:00,19.255849030156156,19.99509556823659,-0.7392465380804332
2016-12-23 03:00:00,18.597195181849976,19.077874434866498,-0.4806792530165218
2016-12-23 04:00:00,18.449003389014898,18.62278392313699,-0.17378053412209127
2016-12-23 05:00:00,18.706286538060475,19.041597286427073,-0.3353107483665987
2016-12-23 06:00:00,24.151439920858103,23.94585309722224,0.205586823635862
2016-12-23 07:00:00,24.521888933166064,25.22798545220945,-0.7060965190433848
2016-12-23 08:00:00,24.366370076068566,24.917668856134906,-0.5512987800663396
2016-12-23 09:00:00,25.602284914674918,24.798145332606413,0.8041395820685047
2016-12-23 10:00:00,27.811936546148374,25.884959546835073,1.9269769993133004
2016-12-23 11:00:00,25.48179162004434,27.75690995947137,-2.275118339427028
2016-12-23 12:00:00,24.18318282344053,25.68054819590667,-1.4973653724661418
2016-12-23 13:00:00,24.12620396822564,24.66505088734118,-0.5388469191155423
2016-12-23 14:00:00,23.925108194333333,24.6416132635562,-0.7165050692228654
2016-12-23 15:00:00,23.861593387811862,24.554754322855043,-0.6931609350431813
2016-12-23 16:00:00,24.543871594376434,24.472649279635903,0.07122231474053109
2016-12-23 17:00:00,25.78629301582697,24.963736348620348,0.8225566672066229
2016-12-23 18:00:00,25.47607615015599,26.02571041143165,-0.54963426127566
2016-12-23 19:00:00,23.171987749879094,25.350801792215677,-2.178814042336583
2016-12-23 20:00:00,19.693886988931695,22.70269012209616,-3.0088031331644665
2016-12-23 21:00:00,19.311215923891197,19.279623289941373,0.031592633949824034
2016-12-23 22:00:00,19.801337382305725,18.97107455293457,0.8302628293711543
2016-12-23 23:00:00,19.313648366789273,19.494286436881207,-0.1806380700919341
2016-12-24 00:00:00,19.209451264837334,19.037824907432103,0.17162635740523058
2016-12-24 01:00:00,19.500910493574978,18.971837398745347,0.5290730948296307
2016-12-24 02:00:00,19.154905953837865,19.312204906862434,-0.15729895302456853
2016-12-24 03:00:00,18.878893067898225,19.041856707844918,-0.1629636399466925
2016-12-24 04:00:00,18.834107631165033,18.890700168730802,-0.056592537565769874
2016-12-24 05:00:00,19.03520377216312,19.303528973595814,-0.26832520143269534
2016-12-24 06:00:00,22.84796550424657,24.276806299980596,-1.4288407957340254
2016-12-24 07:00:00,23.496038996868236,24.306244023001994,-0.8102050261337581
2016-12-24 08:00:00,23.243650836292776,24.21739047422967,-0.9737396379368946
2016-12-24 09:00:00,22.48402307478279,24.122200067852106,-1.6381769930693153
2016-12-24 10:00:00,22.87563426688289,23.48109779162347,-0.6054635247405784
2016-12-24 11:00:00,22.969250278938766,23.66965849392152,-0.7004082149827546
2016-12-24 12:00:00,23.141886177238913,23.69176535925411,-0.5498791820151965
2016-12-24 13:00:00,23.60105694734419,23.778063117586285,-0.17700617024209464
2016-12-24 14:00:00,23.474056702763647,24.164445254956494,-0.6903885521928466
2016-12-24 15:00:00,23.030332642562158,23.961935634336935,-0.9316029917747777
2016-12-24 16:00:00,23.255052407607078,23.53292272642477,-0.27787031881769053
2016-12-24 17:00:00,23.3844850950857,23.651464976203403,-0.26697988111770243
2016-12-24 18:00:00,23.448820750131183,23.553527639642912,-0.10470688951172846
2016-12-24 19:00:00,22.7356204895082,23.16899804040702,-0.43337755089881824
2016-12-24 20:00:00,19.869747544403094,22.176069783351107,-2.306322238948013
2016-12-24 21:00:00,18.900055247690364,19.45652104160978,-0.5564657939194149
2016-12-24 22:00:00,18.404247320744105,18.565484584576186,-0.16123726383208137
2016-12-24 23:00:00,18.887041347790436,18.11689967674212,0.770141671048318
2016-12-25 00:00:00,19.006714161002783,18.654992315848418,0.35172184515436555
2016-12-25 01:00:00,18.966002864215696,18.831121837487945,0.1348810267277507
2016-12-25 02:00:00,18.941587393001466,18.841458802040336,0.10012859096113047
2016-12-25 03:00:00,18.9285448588507,18.870881351356164,0.05766350749453508
2016-12-25 04:00:00,18.626504907322765,19.01327311760491,-0.3867682102821455
2016-12-25 05:00:00,18.757579291849414,19.10106524119875,-0.3434859493493363
2016-12-25 06:00:00,22.777944114880917,23.3001708092827,-0.5222266944017839
2016-12-25 07:00:00,23.010782791355645,23.845819341920933,-0.8350365505652881
2016-12-25 08:00:00,22.57031202257625,23.38434596199509,-0.8140339394188416
2016-12-25 09:00:00,22.649302173252345,22.864632840868754,-0.21533066761640995
2016-12-25 10:00:00,22.79910556046149,22.866316999818665,-0.06721143935717322
2016-12-25 11:00:00,22.952983454722524,22.924337456499924,0.02864599822260061
2016-12-25 12:00:00,22.503572925989303,22.952573764672078,-0.44900083868277463
2016-12-25 13:00:00,22.027285481787153,22.476019924042266,-0.4487344422551125
2016-12-25 14:00:00,22.498678671730744,22.11886491334435,0.3798137583863941
2016-12-25 15:00:00,22.810507865987354,22.638235035303598,0.17227283068375598
2016-12-25 16:00:00,22.063102524315685,22.779801670127565,-0.7166991458118801
2016-12-25 17:00:00,23.583148426079926,21.785993949991433,1.7971544760884939
2016-12-25 18:00:00,23.40646775629607,23.113149014414287,0.29331874188178375
2016-12-25 19:00:00,22.51658682588923,22.874634148369662,-0.3580473224804308
2016-12-25 20:00:00,19.842870261828388,21.955603672978697,-2.112733411150309
2016-12-25 21:00:00,19.417053988679605,19.39461966499128,0.02243432368832643
2016-12-25 22:00:00,20.1660716589369,19.04734175767204,1.1187299012648602
2016-12-25 23:00:00,20.38267214544623,19.839475512312415,0.5431966331338138
2016-12-26 00:00:00,21.627526376900626,20.095647065056244,1.5318793118443814
2016-12-26 01:00:00,22.58499625377504,21.374879529118875,1.2101167246561637
2016-12-26 02:00:00,18.875639776476135,22.321971325593548,-3.4463315491174136
2016-12-26 03:00:00,18.35374604701678,18.75559300484259,-0.4018469578258106
2016-12-26 04:00:00,18.196615228439434,18.481584026987218,-0.28496879854778356
2016-12-26 05:00:00,18.435990223326527,18.798602628549478,-0.3626124052229507
2016-12-26 06:00:00,22.301656670678767,23.3623234086233,-1.0606667379445334
2016-12-26 07:00:00,23.04416665677454,23.60323816752018,-0.559071510745639
2016-12-26 08:00:00,22.700594927041283,23.3200690438744,-0.6194741168331177
2016-12-26 09:00:00,22.618351484943094,22.801938760502708,-0.18358727555961352
2016-12-26 10:00:00,22.684298367256865,22.636932176890483,0.047366190366382455
2016-12-26 11:00:00,22.870769013980954,22.63382572778038,0.23694328620057448
2016-12-26 12:00:00,22.95705759466863,22.628048951226774,0.3290086434418562
2016-12-26 13:00:00,23.186671981077886,22.65345218172631,0.5332197993515777
2016-12-26 14:00:00,23.797287101228775,22.838141019363018,0.9591460818657573
2016-12-26 15:00:00,23.469982562817542,23.409633064699563,0.060349498117979294
2016-12-26 16:00:00,24.112369586907477,22.949787798907888,1.1625817879995886
2016-12-26 17:00:00,23.98616082238855,23.56344255491693,0.42271826747161967
2016-12-26 18:00:00,24.24913007286008,23.359425842701995,0.8897042301580846
2016-12-26 19:00:00,24.95095813063116,23.61004112709739,1.3409170035337716
2016-12-26 20:00:00,21.789552183948086,24.17842806937836,-2.3888758854302736
2016-12-26 21:00:00,20.133537276292856,21.269844447039855,-1.1363071707469992
2016-12-26 22:00:00,20.003254371827822,19.774954224110857,0.22830014771696483
2016-12-26 23:00:00,20.152266278975354,19.694575924112105,0.4576903548632494
2016-12-27 00:00:00,19.80215823082974,19.894048233876788,-0.0918900030470482
2016-12-27 01:00:00,19.21839102479116,19.585778007788388,-0.3673869829972283
2016-12-27 02:00:00,19.189110667780767,19.050764407227295,0.13834626055347243
2016-12-27 03:00:00,19.17038166509827,19.12955069182691,0.04083097327135832
2016-12-27 04:00:00,20.539802964023572,19.293083835206932,1.2467191288166397
2016-12-27 05:00:00,19.823320410621875,20.949219153557983,-1.1258987429361085
2016-12-27 06:00:00,22.183596186052046,24.578059543822054,-2.3944633577700074
2016-12-27 07:00:00,23.32179113708824,24.202883555122607,-0.8810924180343669
2016-12-27 08:00:00,21.236736400430317,23.936190873093437,-2.6994544726631204
2016-12-27 09:00:00,21.994722464892273,21.891970536027483,0.1027519288647909
2016-12-27 10:00:00,21.819682757944886,22.488050714663434,-0.6683679567185479
2016-12-27 11:00:00,21.644614416746656,22.182937353545594,-0.538322936798938
2016-12-27 12:00:00,21.30919059979983,21.929508570452512,-0.6203179706526818
2016-12-27 13:00:00,19.52371363620358,21.681811777007876,-2.158098140804295
2016-12-27 14:00:00,22.029718658896794,20.16682691789489,1.8628917410019028
2016-12-27 15:00:00,23.908812001654695,22.109250657704123,1.7995613439505718
2016-12-27 16:00:00,23.922646015867077,23.774350821570636,0.14829519429644122
2016-12-27 17:00:00,23.96986462970991,23.641549204349232,0.32831542536067815
2016-12-27 18:00:00,25.074705083789613,23.44468261141077,1.630022472378844
2016-12-27 19:00:00,22.837384414350502,24.27479052214278,-1.4374061077922775
2016-12-27 20:00:00,21.254615186126404,22.096096523396245,-0.8414813372698404
2016-12-27 21:00:00,20.820680735759368,20.670032760519103,0.15064797524026474
2016-12-27 22:00:00,19.285980338364514,20.322881627062547,-1.0369012886980329
2016-12-27 23:00:00,19.46834674246854,18.880610388736926,0.5877363537316143
2016-12-28 00:00:00,18.859343950903277,19.13180080552094,-0.272456854617662
2016-12-28 01:00:00,19.398324985997107,18.593168276180894,0.8051567098162131
2016-12-28 02:00:00,19.18339483078664,19.210243479110506,-0.026848648323866797
2016-12-28 03:00:00,18.91553095895077,19.108694678255265,-0.1931637193044935
2016-12-28 04:00:00,20.205991475662373,19.040377761026015,1.1656137146363577
2016-12-28 05:00:00,20.508060795652703,20.604581960482665,-0.0965211648299622
2016-12-28 06:00:00,21.691041550527874,24.439211694404545,-2.7481701438766706
2016-12-28 07:00:00,22.076936538528066,23.74469907587951,-1.667762537351443
2016-12-28 08:00:00,21.62101979405644,22.968952189045428,-1.3479323949889874
2016-12-28 09:00:00,21.86687200332532,22.13026281360085,-0.26339081027553135
2016-12-28 10:00:00,22.0679975127858,22.150631555433876,-0.08263404264807406
2016-12-28 11:00:00,21.90597170573834,22.210113949699565,-0.30414224396122336
2016-12-28 12:00:00,21.708128856162347,22.07022951592802,-0.36210065976567307
2016-12-28 13:00:00,21.993901616368262,21.92947063618858,0.06443098017968296
2016-12-28 14:00:00,22.359456007311888,22.317139724054773,0.04231628325711512
2016-12-28 15:00:00,21.34744008522644,22.61153078191985,-1.2640906966934082
2016-12-28 16:00:00,21.546923897638898,21.52535765675161,0.021566240887288757
2016-12-28 17:00:00,22.654197161722465,21.520915432076787,1.1332817296456774
2016-12-28 18:00:00,22.843070882882234,22.392493324874483,0.4505775580077511
2016-12-28 19:00:00,22.359456007311888,22.120983358431957,0.23847264887993092
2016-12-28 20:00:00,22.30816325352295,21.58950694442946,0.7186563090934897
2016-12-28 21:00:00,21.409313561805668,21.5737316748526,-0.16441811304693132
2016-12-28 22:00:00,24.92897583652657,20.75594432357075,4.17303151295582
2016-12-28 23:00:00,21.635674656792833,23.60466461821255,-1.968989961419716
2016-12-29 00:00:00,19.078377614522246,20.75266606895562,-1.6742884544333734
2016-12-29 01:00:00,19.196408730686567,18.636157097226917,0.5602516334596501
2016-12-29 02:00:00,18.780382434478017,18.89108416137665,-0.11070172689863256
2016-12-29 03:00:00,18.51090623405652,18.63125501137839,-0.120348777321869
2016-12-29 04:00:00,19.034412292101504,18.665170445966677,0.3692418461348268
2016-12-29 05:00:00,19.489508922260676,19.5627639017049,-0.07325497944422565
2016-12-29 06:00:00,21.457353024172512,22.955262325035985,-1.4979093008634727
2016-12-29 07:00:00,21.967845182317568,23.47905203348029,-1.5112068511627221
2016-12-29 08:00:00,22.396093164152873,22.79611156808865,-0.40001840393577837
2016-12-29 09:00:00,21.91411998563055,22.683195826231024,-0.7690758406004754
2016-12-29 10:00:00,21.25382444027635,22.08047739614447,-0.8266529558681199
2016-12-29 11:00:00,21.98332089357797,21.295674254455715,0.6876466391222564
2016-12-29 12:00:00,24.54469244290045,21.960747559167633,2.5839448837328156
2016-12-29 13:00:00,24.04234819754182,24.166828138574278,-0.12447994103245819
2016-12-29 14:00:00,22.290255099364465,23.675695058998752,-1.3854399596342866
2016-12-29 15:00:00,21.69429484194997,22.14865505791452,-0.45436021596455234
2016-12-29 16:00:00,21.583561788691444,21.65488456804709,-0.07132277935564701
2016-12-29 17:00:00,22.745380363774476,21.581486906823056,1.1638934569514205
2016-12-29 18:00:00,22.770616683512717,22.615690335144095,0.1549263483686225
2016-12-29 19:00:00,22.83981759146014,22.4691464801553,0.37067111130484065
2016-12-29 20:00:00,20.39079105687604,22.401573074499073,-2.0107820176230327
2016-12-29 21:00:00,19.916145309721912,20.027028876350226,-0.11088356662831345
2016-12-29 22:00:00,21.651941848114852,19.575090090110354,2.076851758004498
2016-12-29 23:00:00,20.013835094618113,21.128262516141728,-1.1144274215236152
2016-12-30 00:00:00,19.412159734421046,19.524126263100268,-0.11196652867922197
2016-12-30 01:00:00,19.54244263888608,19.025929456475147,0.5165131824109324
2016-12-30 02:00:00,19.091390780210613,19.26708613808103,-0.175695357870417
2016-12-30 03:00:00,18.6737235211656,18.972866763352382,-0.29914324218678345
2016-12-30 04:00:00,18.760832583271508,18.786118584658638,-0.025286001387129886
2016-12-30 05:00:00,18.844688353955323,19.52188569415652,-0.6771973402011966
2016-12-30 06:00:00,21.958876053901346,22.531057279155487,-0.5721812252541412
2016-12-30 07:00:00,21.680460093526026,23.299407718734738,-1.6189476252087118
2016-12-30 08:00:00,21.384898090591438,22.29783828109271,-0.9129401905012706
2016-12-30 09:00:00,22.15753901778979,21.80127901098344,0.3562600068063517
2016-12-30 10:00:00,22.4620407806782,22.304538695788718,0.15750208488948303
2016-12-30 11:00:00,21.30919059979983,22.49248951301764,-1.1832989132178113
2016-12-30 12:00:00,21.608797374218128,21.403606290613073,0.20519108360505456
2016-12-30 13:00:00,21.255465403112815,21.639933818052043,-0.3844684149392279
2016-12-30 14:00:00,21.342574465218725,21.361060688612067,-0.01848622339334227
2016-12-30 15:00:00,21.87666124605399,21.417922681820333,0.4587385642336592
2016-12-30 16:00:00,21.572160217377142,21.843353249162963,-0.27119303178582044
2016-12-30 17:00:00,24.965613360473334,21.57761785663936,3.3879955038339737
2016-12-30 18:00:00,27.754928597800422,24.782841549219626,2.9720870485807964
2016-12-30 19:00:00,23.391812893559678,26.779008535083392,-3.3871956415237143
2016-12-30 20:00:00,20.21657219845266,22.449233683700992,-2.2326614852483324
2016-12-30 21:00:00,20.78325209885677,19.604597563229948,1.1786545356268228
2016-12-30 22:00:00,23.16548079992913,20.33249514849121,2.832985651437923
2016-12-30 23:00:00,20.809279164445066,22.546289109809397,-1.7370099453643313
2016-12-31 00:00:00,19.021369023739176,20.26575556242989,-1.2443865386907156
2016-12-31 01:00:00,18.804006425630632,18.715792130389826,0.0882142952408067
2016-12-31 02:00:00,18.341552995640864,18.607952360151838,-0.2663993645109741
2016-12-31 03:00:00,18.362715175433003,18.218704717431777,0.14401045800122603
2016-12-31 04:00:00,18.454719226009026,18.3571801992198,0.09753902678922444
2016-12-31 05:00:00,18.51008538553251,18.827938296164046,-0.31785291063153664
2016-12-31 06:00:00,21.87502028321753,23.230020810525463,-1.3550005273079329
2016-12-31 07:00:00,21.30511645985373,23.504148975390734,-2.199032515537006
2016-12-31 08:00:00,21.052728299278265,22.333665357845888,-1.2809370585676234
2016-12-31 09:00:00,20.89231482081643,22.1389546547846,-1.246639833968171
2016-12-31 10:00:00,21.353976036533023,21.682692096668244,-0.32871606013522126
2016-12-31 11:00:00,21.742333570105252,21.79758812947162,-0.05525455936636803
2016-12-31 12:00:00,21.92226826552276,22.06333159832239,-0.14106333279962868
2016-12-31 13:00:00,27.49603339549855,22.1356776238554,5.36035577164315
2016-12-31 14:00:00,21.540417314794716,27.109408509431333,-5.568991194636617
2016-12-31 15:00:00,21.119496030116046,21.609700699174038,-0.49020466905799154
2016-12-31 16:00:00,21.92552155694485,21.479001741491704,0.4465198154531471
2016-12-31 17:00:00,23.503366428236433,22.373472840202695,1.1298935880337382
2016-12-31 18:00:00,23.308777604294093,23.71140245926766,-0.4026248549735669
2016-12-31 19:00:00,22.69895396420482,23.1422144921748,-0.44326052796998283
2016-12-31 20:00:00,20.05454712561676,22.16497217562262,-2.1104250500058583
2016-12-31 21:00:00,19.29330776973271,19.649942958646193,-0.3566351889134829
2016-12-31 22:00:00,19.29412788404516,18.98736230218027,0.3067655818648909
2016-12-31 23:00:00,19.618970978201702,18.967362624024705,0.6516083541769966
