timestamp,actual,predicted,residual
2016-11-07 02:00:00,27.10034833878168,32.15717337291658,-5.056825034134903
2016-11-07 03:00:00,27.073471056206973,27.10034833878168,-0.026877282574705674
2016-11-07 04:00:00,22.88052925535301,27.073471056206973,-4.192941800853962
2016-11-07 05:00:00,22.24221563699762,22.88052925535301,-0.6383136183553901
2016-11-07 06:00:00,26.19173840569234,22.24221563699762,3.9495227686947203
2016-11-07 07:00:00,28.92899931108186,26.19173840569234,2.737260905389519
2016-11-07 08:00:00,29.392947291798194,28.92899931108186,0.46394798071633403
2016-11-07 09:00:00,30.109576825176543,29.392947291798194,0.7166295333783488
2016-11-07 10:00:00,31.27875275074884,30.109576825176543,1.169175925572297
2016-11-07 11:00:00,29.360413207427598,31.27875275074884,-1.9183395433212418
2016-11-07 12:00:00,30.11778356666421,29.360413207427598,0.7573703592366137
2016-11-07 13:00:00,34.16578787564608,30.11778356666421,4.04800430898187
2016-11-07 14:00:00,35.35196318501855,34.16578787564608,1.1861753093724658
2016-11-07 15:00:00,40.22709563770856,35.35196318501855,4.875132452690011
2016-11-07 16:00:00,35.081725240103616,40.22709563770856,-5.1453703976049425
2016-11-07 17:00:00,36.67912032970749,35.081725240103616,1.5973950896038716
2016-11-07 18:00:00,37.20728642852341,36.67912032970749,0.5281660988159231
2016-11-07 19:00:00,37.462283242771335,37.20728642852341,0.2549968142479244
2016-11-07 20:00:00,34.03535812886906,37.462283242771335,-3.4269251139022714
2016-11-07 21:00:00,32.241000142243784,34.03535812886906,-1.794357986625279
2016-11-07 22:00:00,33.06578330600592,32.241000142243784,0.8247831637621346
2016-11-07 23:00:00,36.500622486312785,33.06578330600592,3.4348391803068665
2016-11-08 00:00:00,35.18812020436024,36.500622486312785,-1.312502281952547
2016-11-08 01:00:00,29.99292299812222,35.18812020436024,-5.195197206238017
2016-11-08 02:00:00,27.819264069293016,29.99292299812222,-2.173658928829205
2016-11-08 03:00:00,23.415436517606512,27.819264069293016,-4.403827551686504
2016-11-08 04:00:00,22.03133025327086,23.415436517606512,-1.384106264335653
2016-11-08 05:00:00,21.82372752942859,22.03133025327086,-0.20760272384226752
2016-11-08 06:00:00,25.7993069157269,21.82372752942859,3.975579386298307
2016-11-08 07:00:00,26.41563750576614,25.7993069157269,0.6163305900392402
2016-11-08 08:00:00,26.446559559824554,26.41563750576614,0.03092205405841497
2016-11-08 09:00:00,27.93975745570004,26.446559559824554,1.4931978958754861
2016-11-08 10:00:00,27.773687060721763,27.93975745570004,-0.16607039497827714
2016-11-08 11:00:00,28.2466917991512,27.773687060721763,0.473004738429438
2016-11-08 12:00:00,28.61634956083866,28.2466917991512,0.3696577616874599
2016-11-08 13:00:00,27.63039043990969,28.61634956083866,-0.9859591209289711
2016-11-08 14:00:00,29.33520660031342,27.63039043990969,1.7048161604037304
2016-11-08 15:00:00,29.52484229540774,29.33520660031342,0.18963569509432077
2016-11-08 16:00:00,30.047732717059716,29.52484229540774,0.5228904216519759
2016-11-08 17:00:00,32.52501373155208,30.047732717059716,2.4772810144923625
2016-11-08 18:00:00,31.988640983024936,32.52501373155208,-0.5363727485271426
2016-11-08 19:00:00,34.79184933859498,31.988640983024936,2.8032083555700424
2016-11-08 20:00:00,32.525893317000886,34.79184933859498,-2.265956021594093
2016-11-08 21:00:00,33.62824222415193,32.525893317000886,1.1023489071510468
2016-11-08 22:00:00,33.960617594701894,33.62824222415193,0.33237537054996125
2016-11-08 23:00:00,34.409060799704896,33.960617594701894,0.4484432050030023
2016-11-09 00:00:00,32.0097440587865,34.409060799704896,-2.399316740918394
2016-11-09 01:00:00,31.137771649643927,32.0097440587865,-0.8719724091425753
2016-11-09 02:00:00,29.12270909449804,31.137771649643927,-2.0150625551458887
2016-11-09 03:00:00,24.791365133587558,29.12270909449804,-4.3313439609104805
2016-11-09 04:00:00,21.70566704480187,24.791365133587558,-3.085698088785687
2016-11-09 05:00:00,22.241395522685167,21.70566704480187,0.5357284778832963
2016-11-09 06:00:00,26.45716983463013,22.241395522685167,4.215774311944962
2016-11-09 07:00:00,27.85264821004124,26.45716983463013,1.3954783754111126
2016-11-09 08:00:00,28.896377276196823,27.85264821004124,1.0437290661555814
2016-11-09 09:00:00,30.503503169878023,28.896377276196823,1.6071258936812
2016-11-09 10:00:00,31.137771649643927,30.503503169878023,0.634268479765904
2016-11-09 11:00:00,32.056347036236325,31.137771649643927,0.9185753865923978
2016-11-09 12:00:00,29.91319982897997,32.056347036236325,-2.143147207256355
2016-11-09 13:00:00,31.20283986427334,29.91319982897997,1.2896400352933703
2016-11-09 14:00:00,29.943389139901566,31.20283986427334,-1.2594507243717743
2016-11-09 15:00:00,31.16297823381399,29.943389139901566,1.2195890939124254
2016-11-09 16:00:00,35.609305070988924,31.16297823381399,4.446326837174933
2016-11-09 17:00:00,32.70585664666923,35.609305070988924,-2.9034484243196914
2016-11-09 18:00:00,31.594421320805264,32.70585664666923,-1.1114353258639689
2016-11-09 19:00:00,34.64354080612187,31.594421320805264,3.0491194853166057
2016-11-09 20:00:00,36.30219373591196,34.64354080612187,1.6586529297900938
2016-11-09 21:00:00,35.30477393963812,36.30219373591196,-0.9974197962738458
2016-11-09 22:00:00,36.71224061317636,35.30477393963812,1.407466673538245
2016-11-09 23:00:00,36.70755120394303,36.71224061317636,-0.00468940923333605
2016-11-10 00:00:00,35.40735944721599,36.70755120394303,-1.3001917567270382
2016-11-10 01:00:00,30.694897439323068,35.40735944721599,-4.7124620078929205
2016-11-10 02:00:00,31.243580713075715,30.694897439323068,0.5486832737526477
2016-11-10 03:00:00,24.902098553951863,31.243580713075715,-6.341482159123853
2016-11-10 04:00:00,21.653583545162878,24.902098553951863,-3.248515008788985
2016-11-10 05:00:00,21.929595696890956,21.653583545162878,0.2760121517280787
2016-11-10 06:00:00,26.524729229082418,21.929595696890956,4.595133532191461
2016-11-10 07:00:00,26.27641502490017,26.524729229082418,-0.2483142041822468
2016-11-10 08:00:00,26.032966073619864,26.27641502490017,-0.24344895128030686
2016-11-10 09:00:00,27.582351344648625,26.032966073619864,1.5493852710287612
2016-11-10 10:00:00,27.456142488353247,27.582351344648625,-0.1262088562953778
2016-11-10 11:00:00,28.438027515224338,27.456142488353247,0.9818850268710904
2016-11-10 12:00:00,29.15204840640228,28.438027515224338,0.7140208911779418
2016-11-10 13:00:00,32.61968517272537,29.15204840640228,3.467636766323089
2016-11-10 14:00:00,29.936940926876396,32.61968517272537,-2.6827442458489728
2016-11-10 15:00:00,30.96279086317422,29.936940926876396,1.0258499362978242
2016-11-10 16:00:00,31.957572270207425,30.96279086317422,0.9947814070332051
2016-11-10 17:00:00,29.681943883187355,31.957572270207425,-2.2756283870200704
2016-11-10 18:00:00,31.52290507670357,29.681943883187355,1.8409611935162147
2016-11-10 19:00:00,32.63434003546176,31.52290507670357,1.111434958758192
2016-11-10 20:00:00,31.615817714085022,32.63434003546176,-1.0185223213767394
2016-11-10 21:00:00,39.39029489913333,31.615817714085022,7.774477185048308
2016-11-10 22:00:00,36.179091420503134,39.39029489913333,-3.211203478630196
2016-11-10 23:00:00,39.07257512553133,36.179091420503134,2.8934837050281956
2016-11-11 00:00:00,37.867640710802405,39.07257512553133,-1.2049344147289247
2016-11-11 01:00:00,34.23232139299625,37.867640710802405,-3.6353193178061574
2016-11-11 02:00:00,27.309592576119083,34.23232139299625,-6.922728816877164
2016-11-11 03:00:00,24.473849837905,27.309592576119083,-2.8357427382140834
2016-11-11 04:00:00,21.746378341588958,24.473849837905,-2.727471496316042
2016-11-11 05:00:00,21.53634317484861,21.746378341588958,-0.21003516674034728
2016-11-11 06:00:00,24.62529492216217,21.53634317484861,3.0889517473135584
2016-11-11 07:00:00,25.025845140004535,24.62529492216217,0.40055021784236544
2016-11-11 08:00:00,25.34500176562934,25.025845140004535,0.3191566256248066
2016-11-11 09:00:00,26.877270087231896,25.34500176562934,1.5322683216025546
2016-11-11 10:00:00,26.0761397324261,26.877270087231896,-0.801130354805796
2016-11-11 11:00:00,35.16877593239051,26.0761397324261,9.09263619996441
2016-11-11 12:00:00,36.71224061317636,35.16877593239051,1.5434646807858527
2016-11-11 13:00:00,31.750057468199458,36.71224061317636,-4.962183144976905
2016-11-11 14:00:00,38.599804554701294,31.750057468199458,6.849747086501836
2016-11-11 15:00:00,38.80145722806181,38.599804554701294,0.2016526733605133
2016-11-11 16:00:00,35.65649431636936,38.80145722806181,-3.1449629116924456
2016-11-11 17:00:00,34.409060799704896,35.65649431636936,-1.247433516664465
2016-11-11 18:00:00,33.9116699126354,34.409060799704896,-0.49739088706949275
2016-11-11 19:00:00,39.74523919882427,33.9116699126354,5.833569286188869
2016-11-11 20:00:00,32.7351667392478,39.74523919882427,-7.01007245957647
2016-11-11 21:00:00,37.44264602038919,32.7351667392478,4.707479281141389
2016-11-11 22:00:00,38.253653172652186,37.44264602038919,0.8110071522629951
2016-11-11 23:00:00,35.3886010760711,38.253653172652186,-2.8650520965810884
2016-11-12 00:00:00,32.49335893435685,35.3886010760711,-2.895242141714249
2016-11-12 01:00:00,34.640316516056394,32.49335893435685,2.146957581699546
2016-11-12 02:00:00,32.392532597676585,34.640316516056394,-2.2477839183798096
2016-11-12 03:00:00,27.46754405966755,32.392532597676585,-4.9249885380090355
2016-11-12 04:00:00,21.8921369573144,27.46754405966755,-5.57540710235315
2016-11-12 05:00:00,21.810714363740225,21.8921369573144,-0.08142259357417458
2016-11-12 06:00:00,24.665185737531026,21.810714363740225,2.854471373790801
2016-11-12 07:00:00,25.660084251308042,24.665185737531026,0.9948985137770165
2016-11-12 08:00:00,25.689394343886608,25.660084251308042,0.02931009257856587
2016-11-12 09:00:00,28.05860951216482,25.689394343886608,2.369215168278213
2016-11-12 10:00:00,32.25243108202048,28.05860951216482,4.193821569855658
2016-11-12 11:00:00,38.61504605247407,32.25243108202048,6.362614970453592
2016-11-12 12:00:00,36.88839338484862,38.61504605247407,-1.7266526676254514
2016-11-12 13:00:00,38.59570104629279,36.88839338484862,1.707307661444169
2016-11-12 14:00:00,38.78445729360297,38.59570104629279,0.18875624731018092
2016-11-12 15:00:00,43.86886280143411,38.78445729360297,5.084405507831143
2016-11-12 16:00:00,45.016056616454705,43.86886280143411,1.147193815020593
2016-11-12 17:00:00,45.87337342864933,45.016056616454705,0.8573168121946253
2016-11-12 18:00:00,37.02497802713262,45.87337342864933,-8.848395401516711
2016-11-12 19:00:00,37.68621189486042,37.02497802713262,0.6612338677278018
2016-11-12 20:00:00,33.64700059529683,37.68621189486042,-4.03921129956359
2016-11-12 21:00:00,35.76787200737751,33.64700059529683,2.1208714120806818
2016-11-12 22:00:00,36.26379740817336,35.76787200737751,0.4959254007958478
2016-11-12 23:00:00,32.00651995227392,36.26379740817336,-4.257277455899441
2016-11-13 00:00:00,33.53884682724838,32.00651995227392,1.5323268749744585
2016-11-13 01:00:00,31.121651117081004,33.53884682724838,-2.4171957101673733
2016-11-13 02:00:00,30.305660687407812,31.121651117081004,-0.8159904296731924
2016-11-13 03:00:00,32.850061670733844,30.305660687407812,2.5444009833260317
2016-11-13 04:00:00,21.99879660483838,32.850061670733844,-10.851265065895465
2016-11-13 05:00:00,20.223079515508406,21.99879660483838,-1.775717089329973
2016-11-13 06:00:00,24.455120835222502,20.223079515508406,4.232041319714096
2016-11-13 07:00:00,26.253611882271567,24.455120835222502,1.7984910470490654
2016-11-13 08:00:00,26.71199098876234,26.253611882271567,0.4583791064907743
2016-11-13 09:00:00,26.79910023442114,26.71199098876234,0.08710924565879807
2016-11-13 10:00:00,28.898868628100534,26.79910023442114,2.099768393679394
2016-11-13 11:00:00,29.05432886872982,28.898868628100534,0.1554602406292851
2016-11-13 12:00:00,31.643369186424643,29.05432886872982,2.589040317694824
2016-11-13 13:00:00,32.61968517272537,31.643369186424643,0.976315986300726
2016-11-13 14:00:00,40.60578066819015,32.61968517272537,7.986095495464781
2016-11-13 15:00:00,40.369542225087116,40.60578066819015,-0.23623844310303355
2016-11-13 16:00:00,37.932708741878926,40.369542225087116,-2.43683348320819
2016-11-13 17:00:00,37.92626089595954,37.932708741878926,-0.0064478459193892945
2016-11-13 18:00:00,38.646993800081724,37.92626089595954,0.7207329041221868
2016-11-13 19:00:00,40.212440774972166,38.646993800081724,1.5654469748904418
2016-11-13 20:00:00,35.44135858192211,40.212440774972166,-4.771082193050056
2016-11-13 21:00:00,39.21765900083318,35.44135858192211,3.7763004189110703
2016-11-13 22:00:00,36.16766048072644,39.21765900083318,-3.0499985201067403
2016-11-13 23:00:00,33.3190216835678,36.16766048072644,-2.8486387971586424
2016-11-14 00:00:00,33.68451733758663,33.3190216835678,0.36549565401882944
2016-11-14 01:00:00,36.00645552220299,33.68451733758663,2.3219381846163643
2016-11-14 02:00:00,30.227403004539198,36.00645552220299,-5.779052517663793
2016-11-14 03:00:00,23.443925761661067,30.227403004539198,-6.783477242878131
2016-11-14 04:00:00,22.444132626519718,23.443925761661067,-0.9997931351413492
2016-11-14 05:00:00,22.903303029519215,22.444132626519718,0.4591704029994972
2016-11-14 06:00:00,27.298190821251893,22.903303029519215,4.394887791732678
2016-11-14 07:00:00,26.747807664185093,27.298190821251893,-0.5503831570668005
2016-11-14 08:00:00,27.544893155730737,26.747807664185093,0.7970854915456442
2016-11-14 09:00:00,31.86407336489536,27.544893155730737,4.3191802091646245
2016-11-14 10:00:00,32.95088837451988,31.86407336489536,1.086815009624516
2016-11-14 11:00:00,29.98911271545547,32.95088837451988,-2.9617756590644078
2016-11-14 12:00:00,28.308565229842202,29.98911271545547,-1.6805474856132676
2016-11-14 13:00:00,31.443768083715486,28.308565229842202,3.1352028538732846
2016-11-14 14:00:00,33.07135230068806,31.443768083715486,1.6275842169725756
2016-11-14 15:00:00,35.03776028478866,33.07135230068806,1.9664079841005986
2016-11-14 16:00:00,38.30670436312718,35.03776028478866,3.268944078338521
2016-11-14 17:00:00,34.41228472266459,38.30670436312718,-3.894419640462594
2016-11-14 18:00:00,33.20647145669842,34.41228472266459,-1.2058132659661709
2016-11-14 19:00:00,38.28941147825592,33.20647145669842,5.082940021557505
2016-11-14 20:00:00,34.27980358878909,38.28941147825592,-4.009607889466828
2016-11-14 21:00:00,35.162327719365344,34.27980358878909,0.8825241305762503
2016-11-14 22:00:00,34.640316516056394,35.162327719365344,-0.5220112033089492
2016-11-14 23:00:00,40.27926724273475,34.640316516056394,5.6389507266783525
2016-11-15 00:00:00,41.71047464706364,40.27926724273475,1.4312074043288945
2016-11-15 01:00:00,32.225465694058585,41.71047464706364,-9.485008953005057
2016-11-15 02:00:00,29.344878896907062,32.225465694058585,-2.8805867971515227
2016-11-15 03:00:00,24.473029356486766,29.344878896907062,-4.871849540420296
2016-11-15 04:00:00,25.195198378420194,24.473029356486766,0.7221690219334285
2016-11-15 05:00:00,22.23732138273906,25.195198378420194,-2.957876995681133
2016-11-15 06:00:00,25.529830715305405,22.23732138273906,3.2925093325663433
2016-11-15 07:00:00,26.361091644108,25.529830715305405,0.831260928802596
2016-11-15 08:00:00,26.557292796635966,26.361091644108,0.19620115252796566
2016-11-15 09:00:00,28.565848424776004,26.557292796635966,2.008555628140037
2016-11-15 10:00:00,28.14410679634377,28.565848424776004,-0.4217416284322333
2016-11-15 11:00:00,29.3410685912962,28.14410679634377,1.1969617949524292
2016-11-15 12:00:00,34.0069276217393,29.3410685912962,4.665859030443102
2016-11-15 13:00:00,30.4741931690759,34.0069276217393,-3.5327344526634015
2016-11-15 14:00:00,31.671799877107293,30.4741931690759,1.197606708031394
2016-11-15 15:00:00,32.250086010298034,31.671799877107293,0.5782861331907405
2016-11-15 16:00:00,36.92503127590117,32.250086010298034,4.674945265603135
2016-11-15 17:00:00,37.41099122319396,36.92503127590117,0.48595994729279113
2016-11-15 18:00:00,37.11525300948499,37.41099122319396,-0.29573821370897235
2016-11-15 19:00:00,35.18020687216721,37.11525300948499,-1.9350461373177765
2016-11-15 20:00:00,34.26983813528604,35.18020687216721,-0.9103687368811748
2016-11-15 21:00:00,34.51076635472818,34.26983813528604,0.24092821944214649
2016-11-15 22:00:00,37.48573175736112,34.51076635472818,2.9749654026329395
2016-11-15 23:00:00,36.21162580314718,37.48573175736112,-1.274105954213944
2016-11-16 00:00:00,33.131730922531254,36.21162580314718,-3.0798948806159245
2016-11-16 01:00:00,30.870757444135798,33.131730922531254,-2.2609734783954565
2016-11-16 02:00:00,29.681943883187355,30.870757444135798,-1.188813560948443
2016-11-16 03:00:00,24.31507768938541,29.681943883187355,-5.366866193801943
2016-11-16 04:00:00,22.733978792460174,24.31507768938541,-1.581098896925237
2016-11-16 05:00:00,22.107067846736427,22.733978792460174,-0.626910945723747
2016-11-16 06:00:00,26.336646987984263,22.107067846736427,4.229579141247836
2016-11-16 07:00:00,25.48747772147029,26.336646987984263,-0.8491692665139716
2016-11-16 08:00:00,26.81539661065267,25.48747772147029,1.3279188891823779
2016-11-16 09:00:00,26.910654136203675,26.81539661065267,0.09525752555100553
2016-11-16 10:00:00,26.97742223414724,26.910654136203675,0.06676809794356586
2016-11-16 11:00:00,28.116438217260338,26.97742223414724,1.1390159831130973
2016-11-16 12:00:00,30.584985051035666,28.116438217260338,2.468546833775328
2016-11-16 13:00:00,34.72590172206965,30.584985051035666,4.140916671033985
2016-11-16 14:00:00,32.62789182243659,34.72590172206965,-2.0980098996330625
2016-11-16 15:00:00,29.860441772470285,32.62789182243659,-2.7674500499663033
2016-11-16 16:00:00,33.093334961898435,29.860441772470285,3.2328931894281503
2016-11-16 17:00:00,31.951124057182255,33.093334961898435,-1.1422109047161797
2016-11-16 18:00:00,32.53409996671211,31.951124057182255,0.582975909529857
2016-11-16 19:00:00,32.57630648534102,32.53409996671211,0.042206518628908896
2016-11-16 20:00:00,34.406715727982444,32.57630648534102,1.830409242641423
2016-11-16 21:00:00,34.06408195351702,34.406715727982444,-0.3426337744654262
2016-11-16 22:00:00,36.7922564574017,34.06408195351702,2.7281745038846807
2016-11-16 23:00:00,37.75772850606789,36.7922564574017,0.965472048666193
2016-11-17 00:00:00,36.20781524515109,37.75772850606789,-1.549913260916803
2016-11-17 01:00:00,34.43280189760132,36.20781524515109,-1.7750133475497663
2016-11-17 02:00:00,29.92140657046764,34.43280189760132,-4.511395327133684
2016-11-17 03:00:00,24.009784813541163,29.92140657046764,-5.9116217569264755
2016-11-17 04:00:00,22.664777884512752,24.009784813541163,-1.3450069290284112
2016-11-17 05:00:00,20.661117474283945,22.664777884512752,-2.0036604102288074
2016-11-17 06:00:00,25.020159038578583,20.661117474283945,4.359041564294639
2016-11-17 07:00:00,25.32791409288909,25.020159038578583,0.30775505431050476
2016-11-17 08:00:00,25.267652577789708,25.32791409288909,-0.0602615150993806
2016-11-17 09:00:00,26.435978653481374,25.267652577789708,1.1683260756916667
2016-11-17 10:00:00,30.167317516661313,26.435978653481374,3.731338863179939
2016-11-17 11:00:00,30.456314108050478,30.167317516661313,0.28899659138916434
2016-11-17 12:00:00,31.762953894249797,30.456314108050478,1.3066397861993195
2016-11-17 13:00:00,33.103300048295715,31.762953894249797,1.3403461540459176
2016-11-17 14:00:00,32.92890571330951,33.103300048295715,-0.1743943349862036
2016-11-17 15:00:00,31.76969524124027,32.92890571330951,-1.1592104720692404
2016-11-17 16:00:00,33.712948211822166,31.76969524124027,1.943252970581895
2016-11-17 17:00:00,31.715764832422252,33.712948211822166,-1.9971833793999139
2016-11-17 18:00:00,33.34100434477816,31.715764832422252,1.6252395123559111
2016-11-17 19:00:00,32.27118945316538,33.34100434477816,-1.0698148916127863
2016-11-17 20:00:00,33.524191964511985,32.27118945316538,1.2530025113466081
2016-11-17 21:00:00,34.177218448317,33.524191964511985,0.6530264838050144
2016-11-17 22:00:00,31.421199338127394,34.177218448317,-2.756019110189605
2016-11-17 23:00:00,34.17135650322244,31.421199338127394,2.7501571650950467
2016-11-18 00:00:00,35.250843897925876,34.17135650322244,1.0794873947034347
2016-11-18 01:00:00,30.00376766996831,35.250843897925876,-5.247076227957567
2016-11-18 02:00:00,28.11318474228536,30.00376766996831,-1.8905829276829493
2016-11-18 03:00:00,27.152461573988848,28.11318474228536,-0.9607231682965107
2016-11-18 04:00:00,21.996334059266342,27.152461573988848,-5.156127514722506
2016-11-18 05:00:00,20.9208330662276,21.996334059266342,-1.075500993038741
2016-11-18 06:00:00,25.74719368051973,20.9208330662276,4.826360614292128
2016-11-18 07:00:00,26.214541548320945,25.74719368051973,0.46734786780121595
2016-11-18 08:00:00,27.019745859519954,26.214541548320945,0.8052043111990095
2016-11-18 09:00:00,26.269087409979086,27.019745859519954,-0.7506584495408681
2016-11-18 10:00:00,28.661926592354025,26.269087409979086,2.3928391823749386
2016-11-18 11:00:00,29.117872946201214,28.661926592354025,0.45594635384718885
2016-11-18 12:00:00,33.627655956221325,29.117872946201214,4.5097830100201115
2016-11-18 13:00:00,36.86553150529522,33.627655956221325,3.237875549073898
2016-11-18 14:00:00,32.72695972243079,36.86553150529522,-4.138571782864432
2016-11-18 15:00:00,34.081961106318886,32.72695972243079,1.3550013838880943
2016-11-18 16:00:00,40.99736285893363,34.081961106318886,6.915401752614741
2016-11-18 17:00:00,41.935282884601534,40.99736285893363,0.937920025667907
2016-11-18 18:00:00,38.8161120907982,41.935282884601534,-3.1191707938033346
2016-11-18 19:00:00,36.6260691392325,38.8161120907982,-2.190042951565701
2016-11-18 20:00:00,34.40994001804792,36.6260691392325,-2.2161291211845793
2016-11-18 21:00:00,33.115317256003024,34.40994001804792,-1.2946227620448951
2016-11-18 22:00:00,33.08776596721629,33.115317256003024,-0.027551288786732187
2016-11-18 23:00:00,30.538675207551147,33.08776596721629,-2.5490907596651446
2016-11-19 00:00:00,31.74273003683126,30.538675207551147,1.204054829280114
2016-11-19 01:00:00,29.797718354233982,31.74273003683126,-1.9450116825972792
2016-11-19 02:00:00,32.06836406039074,29.797718354233982,2.2706457061567598
2016-11-19 03:00:00,26.84960132459557,32.06836406039074,-5.2187627357951705
2016-11-19 04:00:00,20.074917091135724,26.84960132459557,-6.774684233459848
2016-11-19 05:00:00,18.77223415458581,20.074917091135724,-1.302682936549914
2016-11-19 06:00:00,23.6580648039157,18.77223415458581,4.88583064932989
2016-11-19 07:00:00,24.47467068642901,23.6580648039157,0.8166058825133113
2016-11-19 08:00:00,26.846318664711085,24.47467068642901,2.3716479782820734
2016-11-19 09:00:00,29.985888608942886,26.846318664711085,3.139569944231802
2016-11-19 10:00:00,27.18827843296449,29.985888608942886,-2.797610175978395
2016-11-19 11:00:00,33.50455400791828,27.18827843296449,6.316275574953789
2016-11-19 12:00:00,35.91852561157307,33.50455400791828,2.4139716036547867
2016-11-19 13:00:00,35.529289226763595,35.91852561157307,-0.38923638480947176
2016-11-19 14:00:00,39.42429476805101,35.529289226763595,3.895005541287418
2016-11-19 15:00:00,37.13078745767019,39.42429476805101,-2.293507310380825
2016-11-19 16:00:00,37.52324849965092,37.13078745767019,0.39246104198073084
2016-11-19 17:00:00,39.4732424501175,37.52324849965092,1.9499939504665846
2016-11-19 18:00:00,35.93816356816677,39.4732424501175,-3.5350788819507315
2016-11-19 19:00:00,32.21667277641674,35.93816356816677,-3.7214907917500284
2016-11-19 20:00:00,33.04878373865286,32.21667277641674,0.8321109622361149
2016-11-19 21:00:00,34.033013424252395,33.04878373865286,0.9842296855995372
2016-11-19 22:00:00,38.755147568130184,34.033013424252395,4.722134143877788
2016-11-19 23:00:00,39.90322023438802,38.755147568130184,1.148072666257839
2016-11-20 00:00:00,36.09116150987322,39.90322023438802,-3.812058724514806
2016-11-20 01:00:00,30.497934266972326,36.09116150987322,-5.593227242900891
2016-11-20 02:00:00,27.433339345724647,30.497934266972326,-3.0645949212476786
2016-11-20 03:00:00,24.642382594902422,27.433339345724647,-2.7909567508222253
2016-11-20 04:00:00,21.491557738115418,24.642382594902422,-3.150824856787004
2016-11-20 05:00:00,19.52860789046214,21.491557738115418,-1.9629498476532774
2016-11-20 06:00:00,23.903946381646975,19.52860789046214,4.375338491184834
2016-11-20 07:00:00,24.97537323473961,23.903946381646975,1.0714268530926354
2016-11-20 08:00:00,25.14798013168314,24.97537323473961,0.17260689694353104
2016-11-20 09:00:00,27.042549002148558,25.14798013168314,1.8945688704654167
2016-11-20 10:00:00,28.03501498125105,27.042549002148558,0.9924659791024908
2016-11-20 11:00:00,30.383918370276422,28.03501498125105,2.3489033890253737
2016-11-20 12:00:00,34.23320061133927,30.383918370276422,3.8492822410628484
2016-11-20 13:00:00,34.82672805874991,34.23320061133927,0.5935274474106365
2016-11-20 14:00:00,39.75901521032342,34.82672805874991,4.932287151573512
2016-11-20 15:00:00,36.920927767492664,39.75901521032342,-2.838087442830755
2016-11-20 16:00:00,36.7734980862568,36.920927767492664,-0.14742968123586309
2016-11-20 17:00:00,39.317019851239806,36.7734980862568,2.543521764983005
2016-11-20 18:00:00,41.03487960122342,39.317019851239806,1.7178597499836172
2016-11-20 19:00:00,38.81933674796946,41.03487960122342,-2.2155428532539645
2016-11-20 20:00:00,38.09479328585118,38.81933674796946,-0.7245434621182767
2016-11-20 21:00:00,37.57454051922829,38.09479328585118,-0.5202527666228889
2016-11-20 22:00:00,37.88493359567366,37.57454051922829,0.31039307644536507
2016-11-20 23:00:00,38.47846141019008,37.88493359567366,0.5935278145164204
2016-11-21 00:00:00,34.193339164432814,38.47846141019008,-4.285122245757265
2016-11-21 01:00:00,33.3272287003848,34.193339164432814,-0.8661104640480133
2016-11-21 02:00:00,28.32160817698697,33.3272287003848,-5.00562052339783
2016-11-21 03:00:00,24.640741264960177,28.32160817698697,-3.6808669120267936
2016-11-21 04:00:00,25.36455161683585,24.640741264960177,0.7238103518756738
2016-11-21 05:00:00,22.70710150988547,25.36455161683585,-2.6574501069503818
2016-11-21 06:00:00,28.98187455033773,22.70710150988547,6.27477304045226
2016-11-21 07:00:00,29.568807296610924,28.98187455033773,0.5869327462731952
2016-11-21 08:00:00,28.2572727513826,29.568807296610924,-1.311534545228323
2016-11-21 09:00:00,29.330223896506002,28.2572727513826,1.072951145123401
2016-11-21 10:00:00,31.004411113872514,29.330223896506002,1.6741872173665122
2016-11-21 11:00:00,29.306717287426533,31.004411113872514,-1.697693826445981
2016-11-21 12:00:00,28.482813181398644,29.306717287426533,-0.8239041060278893
2016-11-21 13:00:00,32.77004545940273,28.482813181398644,4.287232278004087
2016-11-21 14:00:00,34.42928465712343,32.77004545940273,1.6592391977207015
2016-11-21 15:00:00,33.63146651421741,34.42928465712343,-0.7978181429060243
2016-11-21 16:00:00,40.973621393931424,33.63146651421741,7.342154879714016
2016-11-21 17:00:00,36.035179346850946,40.973621393931424,-4.938442047080478
2016-11-21 18:00:00,42.90251263574223,36.035179346850946,6.867333288891281
2016-11-21 19:00:00,51.04014058663981,42.90251263574223,8.137627950897581
2016-11-21 20:00:00,44.80443775537957,51.04014058663981,-6.235702831260241
2016-11-21 21:00:00,39.636205845327005,44.80443775537957,-5.168231910052562
2016-11-21 22:00:00,37.03963288986901,39.636205845327005,-2.5965729554579937
2016-11-21 23:00:00,32.577185703684044,37.03963288986901,-4.462447186184967
2016-11-22 00:00:00,30.200730934095493,32.577185703684044,-2.376454769588552
2016-11-22 01:00:00,29.06165636893035,30.200730934095493,-1.1390745651651422
2016-11-22 02:00:00,30.821223677691588,29.06165636893035,1.7595673087612376
2016-11-22 03:00:00,25.96945145065128,30.821223677691588,-4.851772227040307
2016-11-22 04:00:00,21.45084570711677,25.96945145065128,-4.518605743534511
2016-11-22 05:00:00,21.485871269583686,21.45084570711677,0.03502556246691668
2016-11-22 06:00:00,25.58030262057033,21.485871269583686,4.094431350986643
2016-11-22 07:00:00,26.902505856311468,25.58030262057033,1.3222032357411386
2016-11-22 08:00:00,26.852034134599432,26.902505856311468,-0.050471721712035844
2016-11-22 09:00:00,28.876065451055766,26.852034134599432,2.024031316456334
2016-11-22 10:00:00,35.78340645556271,28.876065451055766,6.9073410045069465
2016-11-22 11:00:00,34.554731310043145,35.78340645556271,-1.228675145519567
2016-11-22 12:00:00,40.00580500775434,34.554731310043145,5.451073697711195
2016-11-22 13:00:00,37.5909545528623,40.00580500775434,-2.41485045489204
2016-11-22 14:00:00,39.68808449994078,37.5909545528623,2.0971299470784786
2016-11-22 15:00:00,34.6485235328734,39.68808449994078,-5.039560967067381
2016-11-22 16:00:00,34.78598739350043,34.6485235328734,0.13746386062702953
2016-11-22 17:00:00,39.75256663019247,34.78598739350043,4.966579236692041
2016-11-22 18:00:00,38.05024206260561,39.75256663019247,-1.7023245675868566
2016-11-22 19:00:00,37.55343781057251,38.05024206260561,-0.4968042520331011
2016-11-22 20:00:00,35.31767036568846,37.55343781057251,-2.235767444884054
2016-11-22 21:00:00,33.898773486585064,35.31767036568846,-1.418896879103393
2016-11-22 22:00:00,40.03745980494958,33.898773486585064,6.138686318364513
2016-11-22 23:00:00,36.305417658871654,40.03745980494958,-3.732042146077923
2016-11-23 00:00:00,28.283329323097963,36.305417658871654,-8.022088335773692
2016-11-23 01:00:00,30.133904099227134,28.283329323097963,1.8505747761291715
2016-11-23 02:00:00,24.72052289569789,30.133904099227134,-5.413381203529244
2016-11-23 03:00:00,20.823113912869008,24.72052289569789,-3.897408982828882
2016-11-23 04:00:00,19.951961618038887,20.823113912869008,-0.8711522948301216
2016-11-23 05:00:00,20.14247703624668,19.951961618038887,0.19051541820779505
2016-11-23 06:00:00,25.84652516246395,20.14247703624668,5.70404812621727
2016-11-23 07:00:00,27.420325629377608,25.84652516246395,1.5738004669136565
2016-11-23 08:00:00,26.18605230426639,27.420325629377608,-1.234273325111218
2016-11-23 09:00:00,27.268060247255093,26.18605230426639,1.082007942988703
2016-11-23 10:00:00,26.994510090440382,27.268060247255093,-0.27355015681471073
2016-11-23 11:00:00,29.703926406733057,26.994510090440382,2.7094163162926748
2016-11-23 12:00:00,30.773741481898735,29.703926406733057,1.0698150751656783
2016-11-23 13:00:00,30.217730685001445,30.773741481898735,-0.55601079689729
2016-11-23 14:00:00,30.573554111258964,30.217730685001445,0.35582342625751906
2016-11-23 15:00:00,28.04152183942457,30.573554111258964,-2.532032271834396
2016-11-23 16:00:00,28.601665237863422,28.04152183942457,0.5601433984388535
2016-11-23 17:00:00,29.978561085798244,28.601665237863422,1.3768958479348221
2016-11-23 18:00:00,29.4767738775725,29.978561085798244,-0.5017872082257426
2016-11-23 19:00:00,26.833304948364045,29.4767738775725,-2.6434689292084563
2016-11-23 20:00:00,24.86302822000124,26.833304948364045,-1.9702767283628049
2016-11-23 21:00:00,26.934248575341005,24.86302822000124,2.071220355339765
2016-11-23 22:00:00,31.177047012172665,26.934248575341005,4.242798436831659
2016-11-23 23:00:00,29.9067516159548,31.177047012172665,-1.2702953962178647
2016-11-24 00:00:00,26.650117512183115,29.9067516159548,-3.2566341037716846
2016-11-24 01:00:00,24.627727365060252,26.650117512183115,-2.022390147122863
2016-11-24 02:00:00,22.148599992047526,24.627727365060252,-2.4791273730127266
2016-11-24 03:00:00,22.51576597736522,22.148599992047526,0.36716598531769407
2016-11-24 04:00:00,21.520867463588203,22.51576597736522,-0.9948985137770165
2016-11-24 05:00:00,20.79951929017879,21.520867463588203,-0.7213481734094138
2016-11-24 06:00:00,25.36698442683971,20.79951929017879,4.567465136660921
2016-11-24 07:00:00,25.56239409930606,25.36698442683971,0.19540967246635077
2016-11-24 08:00:00,25.42478376347283,25.56239409930606,-0.13761033583323012
2016-11-24 09:00:00,25.75372963182631,25.42478376347283,0.32894586835347894
2016-11-24 10:00:00,26.767357515391602,25.75372963182631,1.0136278835652917
2016-11-24 11:00:00,29.325534303719778,26.767357515391602,2.5581767883281756
2016-11-24 12:00:00,28.08223341154099,29.325534303719778,-1.2433008921787874
2016-11-24 13:00:00,29.470325710435556,28.08223341154099,1.3880922988945663
2016-11-24 14:00:00,29.67139229941835,29.470325710435556,0.20106658898279406
2016-11-24 15:00:00,31.447285140640485,29.67139229941835,1.7758928412221344
2016-11-24 16:00:00,38.204705490585695,31.447285140640485,6.75742034994521
2016-11-24 17:00:00,35.34463575365035,38.204705490585695,-2.860069736935344
2016-11-24 18:00:00,29.901182713049103,35.34463575365035,-5.4434530406012485
2016-11-24 19:00:00,27.186637103022246,29.901182713049103,-2.714545610026857
2016-11-24 20:00:00,24.558526457112826,27.186637103022246,-2.6281106459094197
2016-11-24 21:00:00,23.667825045287756,24.558526457112826,-0.89070141182507
2016-11-24 22:00:00,24.162841492172404,23.667825045287756,0.4950164468846481
2016-11-24 23:00:00,22.871589495399185,24.162841492172404,-1.2912519967732194
2016-11-25 00:00:00,22.0867265154683,22.871589495399185,-0.7848629799308853
2016-11-25 01:00:00,20.356615711395534,22.0867265154683,-1.7301108040727655
2016-11-25 02:00:00,20.381851296922214,20.356615711395534,0.025235585526679927
2016-11-25 03:00:00,19.537547650415963,20.381851296922214,-0.8443036465062512
2016-11-25 04:00:00,19.563604084466657,19.537547650415963,0.026056434050694577
2016-11-25 05:00:00,19.263176461524353,19.563604084466657,-0.30042762294230485
2016-11-25 06:00:00,24.568286698484883,19.263176461524353,5.30511023696053
2016-11-25 07:00:00,25.36698442683971,24.568286698484883,0.7986977283548278
2016-11-25 08:00:00,24.642382594902422,25.36698442683971,-0.7246018319372887
2016-11-25 09:00:00,24.67984060026742,24.642382594902422,0.03745800536499644
2016-11-25 10:00:00,25.797694587141272,24.67984060026742,1.117853986873854
2016-11-25 11:00:00,27.443920252067826,25.797694587141272,1.646225664926554
2016-11-25 12:00:00,26.030533447168892,27.443920252067826,-1.4133868048989342
2016-11-25 13:00:00,30.081146134493892,26.030533447168892,4.050612687325
2016-11-25 14:00:00,30.56388179172121,30.081146134493892,0.4827356572273196
2016-11-25 15:00:00,28.25730202806855,30.56388179172121,-2.3065797636526604
2016-11-25 16:00:00,29.044597949931937,28.25730202806855,0.7872959218633859
2016-11-25 17:00:00,30.742965903046528,29.044597949931937,1.698367953114591
2016-11-25 18:00:00,29.657616609136763,30.742965903046528,-1.0853492939097649
2016-11-25 19:00:00,29.104829999056445,29.657616609136763,-0.552786610080318
2016-11-25 20:00:00,24.668439028953117,29.104829999056445,-4.436390970103329
2016-11-25 21:00:00,25.251385753573466,24.668439028953117,0.5829467246203492
2016-11-25 22:00:00,24.514561501797868,25.251385753573466,-0.7368242517755981
2016-11-25 23:00:00,25.947498157903308,24.514561501797868,1.43293665610544
2016-11-26 00:00:00,24.19783768617692,25.947498157903308,-1.7496604717263864
2016-11-26 01:00:00,21.280701722851056,24.19783768617692,-2.9171359633258653
2016-11-26 02:00:00,20.122135704978554,21.280701722851056,-1.1585660178725021
2016-11-26 03:00:00,19.348673929256194,20.122135704978554,-0.7734617757223603
2016-11-26 04:00:00,19.458586868202264,19.348673929256194,0.10991293894607068
2016-11-26 05:00:00,19.298202023991266,19.458586868202264,-0.16038484421099852
2016-11-26 06:00:00,24.37615968590302,19.298202023991266,5.0779576619117535
2016-11-26 07:00:00,24.813347794797927,24.37615968590302,0.4371881088949081
2016-11-26 08:00:00,26.338288501479397,24.813347794797927,1.5249407066814697
2016-11-26 09:00:00,25.93609658658901,26.338288501479397,-0.40219191489038764
2016-11-26 10:00:00,28.715681134559325,25.93609658658901,2.779584547970316
2016-11-26 11:00:00,26.935069240312128,28.715681134559325,-1.7806118942471976
2016-11-26 12:00:00,29.235962948427055,26.935069240312128,2.300893708114927
2016-11-26 13:00:00,28.87199135699788,29.235962948427055,-0.36397159142917346
2016-11-26 14:00:00,31.182615823301916,28.87199135699788,2.3106244663040343
2016-11-26 15:00:00,37.96201920156328,31.182615823301916,6.779403378261364
2016-11-26 16:00:00,34.6370925930967,37.96201920156328,-3.3249266084665763
2016-11-26 17:00:00,34.18190822465611,34.6370925930967,-0.45518436844059096
2016-11-26 18:00:00,32.088001833431555,34.18190822465611,-2.0939063912245572
2016-11-26 19:00:00,28.704279540300913,32.088001833431555,-3.383722293130642
2016-11-26 20:00:00,27.657238445798445,28.704279540300913,-1.0470410945024682
2016-11-26 21:00:00,26.865868332364705,27.657238445798445,-0.7913701134337394
2016-11-26 22:00:00,26.440873458398602,26.865868332364705,-0.4249948739661029
2016-11-26 23:00:00,29.896199986297574,26.440873458398602,3.455326527898972
2016-11-27 00:00:00,25.537978995197612,29.896199986297574,-4.358220991099962
2016-11-27 01:00:00,23.03683922540634,25.537978995197612,-2.5011397697912727
2016-11-27 02:00:00,22.378185009994386,23.03683922540634,-0.6586542154119535
2016-11-27 03:00:00,21.669058522211724,22.378185009994386,-0.7091264877826617
2016-11-27 04:00:00,20.10097352518642,21.669058522211724,-1.5680849970253057
2016-11-27 05:00:00,19.790756659515438,20.10097352518642,-0.3102168656709807
2016-11-27 06:00:00,25.124356140530526,19.790756659515438,5.333599481015089
2016-11-27 07:00:00,25.232656750890968,25.124356140530526,0.10830061036044114
2016-11-27 08:00:00,25.389787569468314,25.232656750890968,0.1571308185773468
2016-11-27 09:00:00,27.902299358558597,25.389787569468314,2.512511789090283
2016-11-27 10:00:00,27.837993163751957,27.902299358558597,-0.06430619480664035
2016-11-27 11:00:00,27.107675953702767,27.837993163751957,-0.7303172100491899
2016-11-27 12:00:00,29.036449770420216,27.107675953702767,1.9287738167174489
2016-11-27 13:00:00,31.59617994104421,29.036449770420216,2.559730170623993
2016-11-27 14:00:00,38.70326891351641,31.59617994104421,7.1070889724722015
2016-11-27 15:00:00,33.61710460189343,38.70326891351641,-5.08616431162298
2016-11-27 16:00:00,36.17410906085739,33.61710460189343,2.5570044589639593
2016-11-27 17:00:00,42.52734521284431,36.17410906085739,6.35323615198692
2016-11-27 18:00:00,37.2530101876302,42.52734521284431,-5.274335025214107
2016-11-27 19:00:00,42.11583138088315,37.2530101876302,4.862821193252948
2016-11-27 20:00:00,37.48983453155807,42.11583138088315,-4.625996849325084
2016-11-27 21:00:00,40.10428700692371,37.48983453155807,2.6144524753656455
2016-11-27 22:00:00,36.40946791851161,40.10428700692371,-3.6948190884121033
2016-11-27 23:00:00,35.618977574079565,36.40946791851161,-0.7904903444320439
2016-11-28 00:00:00,42.98721862341245,35.618977574079565,7.368241049332887
2016-11-28 01:00:00,31.77702267260847,42.98721862341245,-11.210195950803982
2016-11-28 02:00:00,27.195605864332688,31.77702267260847,-4.581416808275783
2016-11-28 03:00:00,23.817628432496903,27.195605864332688,-3.3779774318357845
2016-11-28 04:00:00,21.878302943102018,23.817628432496903,-1.9393254893948857
2016-11-28 05:00:00,21.05108660223024,21.878302943102018,-0.8272163408717788
2016-11-28 06:00:00,26.491345180110635,21.05108660223024,5.440258577880396
2016-11-28 07:00:00,25.074705083789613,26.491345180110635,-1.4166400963210215
2016-11-28 08:00:00,26.61022651326137,25.074705083789613,1.535521429471757
2016-11-28 09:00:00,27.819264069293016,26.61022651326137,1.209037556031646
2016-11-28 10:00:00,28.490111381969108,27.819264069293016,0.6708473126760914
2016-11-28 11:00:00,28.950952500581334,28.490111381969108,0.4608411186122261
2016-11-28 12:00:00,38.01917316623521,28.950952500581334,9.068220665653879
2016-11-28 13:00:00,31.28021823702248,38.01917316623521,-6.738954929212731
2016-11-28 14:00:00,28.26134679955226,31.28021823702248,-3.018871437470221
2016-11-28 15:00:00,28.98676931940478,28.26134679955226,0.7254225198525184
2016-11-28 16:00:00,30.645070538913547,28.98676931940478,1.6583012195087683
2016-11-28 17:00:00,30.782827533505877,30.645070538913547,0.13775699459232982
2016-11-28 18:00:00,32.0097440587865,30.782827533505877,1.2269165252806253
2016-11-28 19:00:00,36.511466791053095,32.0097440587865,4.501722732266593
2016-11-28 20:00:00,31.456957460178238,36.511466791053095,-5.054509330874858
2016-11-28 21:00:00,29.484101400717144,31.456957460178238,-1.972856059461094
2016-11-28 22:00:00,32.43649755299155,29.484101400717144,2.952396152274403
2016-11-28 23:00:00,33.134954845490945,32.43649755299155,0.6984572924993984
2016-11-29 00:00:00,30.878964277399913,33.134954845490945,-2.2559905680910326
2016-11-29 01:00:00,28.774271813589397,30.878964277399913,-2.1046924638105153
2016-11-29 02:00:00,26.32281279021899,28.774271813589397,-2.4514590233704077
2016-11-29 03:00:00,22.22105419141704,26.32281279021899,-4.1017585988019505
2016-11-29 04:00:00,20.88091324950213,22.22105419141704,-1.3401409419149104
2016-11-29 05:00:00,20.85406533538982,20.88091324950213,-0.026847914112309468
2016-11-29 06:00:00,25.849778820991823,20.85406533538982,4.995713485602003
2016-11-29 07:00:00,27.091408945933637,25.849778820991823,1.241630124941814
2016-11-29 08:00:00,27.352736866462923,27.091408945933637,0.2613279205292862
2016-11-29 09:00:00,29.00388636006968,27.352736866462923,1.6511494936067557
2016-11-29 10:00:00,31.068599926606012,29.00388636006968,2.0647135665363336
2016-11-29 11:00:00,30.678777090313034,31.068599926606012,-0.38982283629297854
2016-11-29 12:00:00,35.55215037210543,30.678777090313034,4.8733732817923965
2016-11-29 13:00:00,28.948519770881862,35.55215037210543,-6.603630601223568
2016-11-29 14:00:00,32.33713670258493,28.948519770881862,3.3886169317030657
2016-11-29 15:00:00,31.93734841278889,32.33713670258493,-0.39978828979603875
2016-11-29 16:00:00,35.15412106965412,31.93734841278889,3.2167726568652277
2016-11-29 17:00:00,33.041455940178885,35.15412106965412,-2.112665129475232
2016-11-29 18:00:00,32.29375801520058,33.041455940178885,-0.7476979249783042
2016-11-29 19:00:00,35.12305217328372,32.29375801520058,2.829294158083137
2016-11-29 20:00:00,33.74313752274376,35.12305217328372,-1.379914650539959
2016-11-29 21:00:00,34.23173512506563,33.74313752274376,0.48859760232187455
2016-11-29 22:00:00,38.49047825079161,34.23173512506563,4.258743125725978
2016-11-29 23:00:00,34.37242327575813,38.49047825079161,-4.1180549750334805
2016-11-30 00:00:00,34.91055482807711,34.37242327575813,0.5381315523189798
2016-11-30 01:00:00,32.18882817011182,34.91055482807711,-2.7217266579652915
2016-11-30 02:00:00,30.857568067673043,32.18882817011182,-1.331260102438776
2016-11-30 03:00:00,25.76184854325612,30.857568067673043,-5.095719524416921
2016-11-30 04:00:00,22.80400054893161,25.76184854325612,-2.95784799432451
2016-11-30 05:00:00,23.207833793764244,22.80400054893161,0.40383324483263294
2016-11-30 06:00:00,26.813755280710424,23.207833793764244,3.6059214869461798
2016-11-30 07:00:00,27.862408451413298,26.813755280710424,1.048653170702874
2016-11-30 08:00:00,28.369647272248038,27.862408451413298,0.5072388208347398
2016-11-30 09:00:00,27.86158769466573,28.369647272248038,-0.5080595775823085
2016-11-30 10:00:00,29.83025246154869,27.86158769466573,1.9686647668829593
2016-11-30 11:00:00,28.416044991678636,29.83025246154869,-1.4142074698700533
2016-11-30 12:00:00,30.62074317308651,28.416044991678636,2.204698181407874
2016-11-30 13:00:00,31.58386978292448,30.62074317308651,0.9631266098379712
2016-11-30 14:00:00,32.87350981821785,31.58386978292448,1.2896400352933668
2016-11-30 15:00:00,30.22828231465867,32.87350981821785,-2.645227503559177
2016-11-30 16:00:00,33.20412675208175,30.22828231465867,2.9758444374230777
2016-11-30 17:00:00,36.014662539019994,33.20412675208175,2.810535786938246
2016-11-30 18:00:00,35.73533835894503,36.014662539019994,-0.2793241800749655
2016-11-30 19:00:00,37.3060613781052,35.73533835894503,1.5707230191601695
2016-11-30 20:00:00,35.31942953658607,37.3060613781052,-1.9866318415191273
2016-11-30 21:00:00,36.67648230757263,35.31942953658607,1.3570527709865559
2016-11-30 22:00:00,34.914072068555,36.67648230757263,-1.7624102390176262
2016-11-30 23:00:00,34.2496142778675,34.914072068555,-0.6644577906875
2016-12-01 00:00:00,36.12135082079481,34.2496142778675,1.8717365429273087
2016-12-01 01:00:00,34.72091899531812,36.12135082079481,-1.4004318254766872
2016-12-01 02:00:00,31.82597035467496,34.72091899531812,-2.894948640643161
2016-12-01 03:00:00,27.00509099678356,31.82597035467496,-4.8208793578914
2016-12-01 04:00:00,24.428243552647793,27.00509099678356,-2.576847444135769
2016-12-01 05:00:00,21.86443956042724,24.428243552647793,-2.563803992220553
2016-12-01 06:00:00,25.447586906101435,21.86443956042724,3.5831473456741953
2016-12-01 07:00:00,25.689394343886608,25.447586906101435,0.2418074377851731
2016-12-01 08:00:00,29.863665878982868,25.689394343886608,4.17427153509626
2016-12-01 09:00:00,28.36314045996274,29.863665878982868,-1.5005254190201285
2016-12-01 10:00:00,27.039295710726467,28.36314045996274,-1.3238447492362724
2016-12-01 11:00:00,28.248333174981667,27.039295710726467,1.2090374642552
2016-12-01 12:00:00,28.549552048544477,28.248333174981667,0.3012188735628101
2016-12-01 13:00:00,29.609548191301524,28.549552048544477,1.059996142757047
2016-12-01 14:00:00,29.21966657219553,29.609548191301524,-0.3898816191059957
2016-12-01 15:00:00,29.68135770703319,29.21966657219553,0.4616911348376611
2016-12-01 16:00:00,34.12240882115596,29.68135770703319,4.441051114122768
2016-12-01 17:00:00,37.11525300948499,34.12240882115596,2.9928441883290304
2016-12-01 18:00:00,39.45301859269897,37.11525300948499,2.3377655832139794
2016-12-01 19:00:00,37.93446717856499,39.45301859269897,-1.5185514141339809
2016-12-01 20:00:00,33.9304282837803,37.93446717856499,-4.004038894784685
2016-12-01 21:00:00,32.43063560789699,33.9304282837803,-1.499792675883313
2016-12-01 22:00:00,37.56574760158646,32.43063560789699,5.1351119936894705
2016-12-01 23:00:00,35.5328061001357,37.56574760158646,-2.0329415014507575
2016-12-02 00:00:00,34.32845832044317,35.5328061001357,-1.204347779692533
2016-12-02 01:00:00,32.6815292808422,34.32845832044317,-1.6469290396009697
2016-12-02 02:00:00,32.45906648213253,32.6815292808422,-0.222462798709671
2016-12-02 03:00:00,26.672099989840596,32.45906648213253,-5.786966492291931
2016-12-02 04:00:00,23.477309994185738,26.672099989840596,-3.194789995654858
2016-12-02 05:00:00,24.60087945094794,23.477309994185738,1.1235694567622012
2016-12-02 06:00:00,26.582528565715542,24.60087945094794,1.9816491147676025
2016-12-02 07:00:00,27.53917768584239,26.582528565715542,0.9566491201268477
2016-12-02 08:00:00,26.559754791549334,27.53917768584239,-0.9794228942930552
2016-12-02 09:00:00,25.958079064246487,26.559754791549334,-0.6016757273028475
2016-12-02 10:00:00,25.629953677311242,25.958079064246487,-0.32812538693524473
2016-12-02 11:00:00,27.706918871001754,25.629953677311242,2.076965193690512
2016-12-02 12:00:00,30.132438612953496,27.706918871001754,2.4255197419517422
2016-12-02 13:00:00,34.63885102978276,30.132438612953496,4.50641241682926
2016-12-02 14:00:00,31.958451672103344,34.63885102978276,-2.6803993576794127
2016-12-02 15:00:00,31.68176514705746,31.958451672103344,-0.2766865250458821
2016-12-02 16:00:00,33.90199777665054,31.68176514705746,2.2202326295930774
2016-12-02 17:00:00,36.29867612832829,33.90199777665054,2.3966783516777497
2016-12-02 18:00:00,34.313803090601,36.29867612832829,-1.98487303772729
2016-12-02 19:00:00,33.352435284554865,34.313803090601,-0.9613678060461339
2016-12-02 20:00:00,35.81535420317036,33.352435284554865,2.462918918615493
2016-12-02 21:00:00,33.12440349116306,35.81535420317036,-2.6909507120073
2016-12-02 22:00:00,34.72033272738751,33.12440349116306,1.5959292362244497
2016-12-02 23:00:00,34.78276310343495,34.72033272738751,0.062430376047444724
2016-12-03 00:00:00,35.87954338300963,34.78276310343495,1.0967802795746806
2016-12-03 01:00:00,30.54922674543193,35.87954338300963,-5.3303166375777025
2016-12-03 02:00:00,29.589324287994767,30.54922674543193,-0.9599024574371633
2016-12-03 03:00:00,24.80848217479021,29.589324287994767,-4.780842113204557
2016-12-03 04:00:00,20.41602737661428,24.80848217479021,-4.39245479817593
2016-12-03 05:00:00,19.504193153459468,20.41602737661428,-0.9118342231548127
2016-12-03 06:00:00,24.43803316248225,19.504193153459468,4.933840009022781
2016-12-03 07:00:00,25.38084780951449,24.43803316248225,0.9428146470322396
2016-12-03 08:00:00,24.916753416688255,25.38084780951449,-0.4640943928262331
2016-12-03 09:00:00,26.7331528014487,24.916753416688255,1.8163993847604445
2016-12-03 10:00:00,29.511945915245626,26.7331528014487,2.778793113796926
2016-12-03 11:00:00,34.37242327575813,29.511945915245626,4.860477360512505
2016-12-03 12:00:00,40.22240622847523,34.37242327575813,5.849982952717099
2016-12-03 13:00:00,40.11307992456555,40.22240622847523,-0.10932630390968257
2016-12-03 14:00:00,41.196084559746865,40.11307992456555,1.083004635181318
2016-12-03 15:00:00,35.49675484411955,41.196084559746865,-5.699329715627314
2016-12-03 16:00:00,45.15293420915112,35.49675484411955,9.65617936503157
2016-12-03 17:00:00,41.45577078322813,45.15293420915112,-3.6971634259229873
2016-12-03 18:00:00,36.33472738434445,41.45577078322813,-5.121043398883685
2016-12-03 19:00:00,34.51486986313668,36.33472738434445,-1.8198575212077657
2016-12-03 20:00:00,40.34287052174919,34.51486986313668,5.82800065861251
2016-12-03 21:00:00,42.40336331198668,40.34287052174919,2.0604927902374897
2016-12-03 22:00:00,37.500386620097515,42.40336331198668,-4.902976691889165
2016-12-03 23:00:00,34.468559836099274,37.500386620097515,-3.031826783998241
2016-12-04 00:00:00,36.98101343892344,34.468559836099274,2.5124536028241664
2016-12-04 01:00:00,34.317027380666474,36.98101343892344,-2.6639860582569668
2016-12-04 02:00:00,30.411469842616043,34.317027380666474,-3.905557538050431
2016-12-04 03:00:00,26.964379332890694,30.411469842616043,-3.4470905097253492
2016-12-04 04:00:00,22.03947853316307,26.964379332890694,-4.924900799727624
2016-12-04 05:00:00,20.024445185870796,22.03947853316307,-2.015033347292274
2016-12-04 06:00:00,25.67720129251069,20.024445185870796,5.652756106639895
2016-12-04 07:00:00,26.01262492590463,25.67720129251069,0.3354236333939369
2016-12-04 08:00:00,25.343389804149492,26.01262492590463,-0.6692351217551362
2016-12-04 09:00:00,25.133324901840968,25.343389804149492,-0.21006490230852393
2016-12-04 10:00:00,30.65562207679433,25.133324901840968,5.522297174953362
2016-12-04 11:00:00,37.14221839744688,30.65562207679433,6.486596320652552
2016-12-04 12:00:00,34.129150351699316,37.14221839744688,-3.0130680457475663
2016-12-04 13:00:00,34.00780684008233,34.129150351699316,-0.12134351161698476
2016-12-04 14:00:00,36.026973064245496,34.00780684008233,2.0191662241631647
2016-12-04 15:00:00,36.94701357000576,36.026973064245496,0.9200405057602623
2016-12-04 16:00:00,35.159983014748676,36.94701357000576,-1.7870305552570827
2016-12-04 17:00:00,38.70473439979005,35.159983014748676,3.5447513850413728
2016-12-04 18:00:00,39.132953747374515,38.70473439979005,0.42821934758446645
2016-12-04 19:00:00,40.01694299711862,39.132953747374515,0.8839892497441042
2016-12-04 20:00:00,40.368956324262285,40.01694299711862,0.3520133271436663
2016-12-04 21:00:00,38.408410285256245,40.368956324262285,-1.96054603900604
2016-12-04 22:00:00,37.46550716573103,38.408410285256245,-0.9429031195252122
2016-12-04 23:00:00,37.911606033223144,37.46550716573103,0.44609886749211114
2016-12-05 00:00:00,34.38971616062939,37.911606033223144,-3.5218898725937535
2016-12-05 01:00:00,34.41550901273006,34.38971616062939,0.025792852100671837
2016-12-05 02:00:00,28.269494987668025,34.41550901273006,-6.146014025062037
2016-12-05 03:00:00,24.175855392072332,28.269494987668025,-4.093639595595693
2016-12-05 04:00:00,24.640741264960177,24.175855392072332,0.46488587288784444
2016-12-05 05:00:00,22.555686528302253,24.640741264960177,-2.0850547366579235
2016-12-05 06:00:00,27.235496863254433,22.555686528302253,4.67981033495218
2016-12-05 07:00:00,27.68898116482798,27.235496863254433,0.45348430157354613
2016-12-05 08:00:00,28.048028605821642,27.68898116482798,0.35904744099366326
2016-12-05 09:00:00,30.015784785899175,28.048028605821642,1.967756180077533
2016-12-05 10:00:00,30.755862329096868,30.015784785899175,0.7400775431976925
2016-12-05 11:00:00,29.542721402321387,30.755862329096868,-1.2131409267754805
2016-12-05 12:00:00,29.40291269941303,29.542721402321387,-0.13980870290835767
2016-12-05 13:00:00,34.955399001735096,29.40291269941303,5.552486302322066
2016-12-05 14:00:00,39.379743544805436,34.955399001735096,4.42434454307034
2016-12-05 15:00:00,36.76792982578622,39.379743544805436,-2.611813719019217
2016-12-05 16:00:00,31.777608940539082,36.76792982578622,-4.990320885247137
2016-12-05 17:00:00,32.81020022382738,31.777608940539082,1.0325912832882977
2016-12-05 18:00:00,32.45173905076433,32.81020022382738,-0.3584611730630485
2016-12-05 19:00:00,35.67935619592276,32.45173905076433,3.227617145158426
2016-12-05 20:00:00,35.71657998780013,35.67935619592276,0.03722379187737346
2016-12-05 21:00:00,38.50190919056831,35.71657998780013,2.7853292027681817
2016-12-05 22:00:00,37.119356517893486,38.50190919056831,-1.3825526726748265
2016-12-05 23:00:00,34.04620280071515,37.119356517893486,-3.073153717178336
2016-12-06 00:00:00,33.45824434798665,34.04620280071515,-0.5879584527285004
2016-12-06 01:00:00,32.18062152040059,33.45824434798665,-1.2776228275860575
2016-12-06 02:00:00,32.64313332020938,32.18062152040059,0.4625117998087873
2016-12-06 03:00:00,24.065151340170424,32.64313332020938,-8.577981980038956
2016-12-06 04:00:00,20.66190895434556,24.065151340170424,-3.403242385824864
2016-12-06 05:00:00,20.470572687613753,20.66190895434556,-0.19133626673180615
2016-12-06 06:00:00,25.11216308915461,20.470572687613753,4.6415904015408564
2016-12-06 07:00:00,26.26744608003684,25.11216308915461,1.155282990882231
2016-12-06 08:00:00,25.83187029972756,26.26744608003684,-0.4355757803092821
2016-12-06 09:00:00,26.425427115600595,25.83187029972756,0.5935568158730362
2016-12-06 10:00:00,27.949547065534496,26.425427115600595,1.524119949933901
2016-12-06 11:00:00,31.73364398522412,27.949547065534496,3.784096919689624
2016-12-06 12:00:00,27.747601166432226,31.73364398522412,-3.986042818791894
2016-12-06 13:00:00,26.455528321134995,27.747601166432226,-1.2920728452972305
2016-12-06 14:00:00,28.19622003155094,26.455528321134995,1.7406917104159447
2016-12-06 15:00:00,29.337551396706534,28.19622003155094,1.1413313651555939
2016-12-06 16:00:00,34.71124685933326,29.337551396706534,5.373695462626724
2016-12-06 17:00:00,36.85585973641614,34.71124685933326,2.144612877082885
2016-12-06 18:00:00,41.197842996432925,36.85585973641614,4.341983260016782
2016-12-06 19:00:00,38.93511089779852,41.197842996432925,-2.2627320986344017
2016-12-06 20:00:00,35.19222371276874,38.93511089779852,-3.7428871850297867
2016-12-06 21:00:00,39.19567670672859,35.19222371276874,4.003452993959854
2016-12-06 22:00:00,38.83662963284071,39.19567670672859,-0.35904707388787926
2016-12-06 23:00:00,39.12152280759782,38.83662963284071,0.2848931747571086
2016-12-07 00:00:00,36.203418786330175,39.12152280759782,-2.918104021267645
2016-12-07 01:00:00,32.70996015507774,36.203418786330175,-3.4934586312524374
2016-12-07 02:00:00,33.55174325329872,32.70996015507774,0.8417830982209793
2016-12-07 03:00:00,25.08853946510777,33.55174325329872,-8.463203788190945
2016-12-07 04:00:00,21.996334059266342,25.08853946510777,-3.0922054058414297
2016-12-07 05:00:00,20.981885694282816,21.996334059266342,-1.0144483649835259
2016-12-07 06:00:00,25.913293260407514,20.981885694282816,4.931407566124697
2016-12-07 07:00:00,27.866482499582958,25.913293260407514,1.953189239175444
2016-12-07 08:00:00,27.40159662669511,27.866482499582958,-0.464885872887848
2016-12-07 09:00:00,27.313666532512297,27.40159662669511,-0.08793009418281272
2016-12-07 10:00:00,30.648587779391438,27.313666532512297,3.3349212468791407
2016-12-07 11:00:00,31.225701560273848,30.648587779391438,0.57711378088241
2016-12-07 12:00:00,33.01126662925729,31.225701560273848,1.7855650689834448
2016-12-07 13:00:00,28.96806953891597,33.01126662925729,-4.043197090341323
2016-12-07 14:00:00,28.860560463109405,28.96806953891597,-0.10750907580656488
2016-12-07 15:00:00,30.638036057957766,28.860560463109405,1.7774755948483616
2016-12-07 16:00:00,34.54271446944161,30.638036057957766,3.9046784114838466
2016-12-07 17:00:00,37.270888973326294,34.54271446944161,2.7281745038846807
2016-12-07 18:00:00,31.728954208885007,37.270888973326294,-5.541934764441287
2016-12-07 19:00:00,34.45712926342836,31.728954208885007,2.7281750545433496
2016-12-07 20:00:00,40.50407548027264,34.45712926342836,6.046946216844283
2016-12-07 21:00:00,37.8562097710257,40.50407548027264,-2.647865709246936
2016-12-07 22:00:00,35.900646825876976,37.8562097710257,-1.9555629451487277
2016-12-07 23:00:00,33.49957128116675,35.900646825876976,-2.401075544710224
2016-12-08 00:00:00,31.226580962169766,33.49957128116675,-2.2729903189969853
2016-12-08 01:00:00,30.155886576884615,31.226580962169766,-1.070694385285151
2016-12-08 02:00:00,31.82245311419707,30.155886576884615,1.6665665373124554
2016-12-08 03:00:00,23.00345535998745,31.82245311419707,-8.818997754209622
2016-12-08 04:00:00,20.84591705549761,23.00345535998745,-2.15753830448984
2016-12-08 05:00:00,20.463245256245553,20.84591705549761,-0.38267179925205497
2016-12-08 06:00:00,25.902712537617226,20.463245256245553,5.439467281371673
2016-12-08 07:00:00,28.17259613217477,25.902712537617226,2.2698835945575446
2016-12-08 08:00:00,28.118079547202584,28.17259613217477,-0.05451658497218759
2016-12-08 09:00:00,27.70935158922917,28.118079547202584,-0.4087279579734151
2016-12-08 10:00:00,27.886852923984144,27.70935158922917,0.1775013347549752
2016-12-08 11:00:00,28.498259570084873,27.886852923984144,0.611406646100729
2016-12-08 12:00:00,29.88652766675982,28.498259570084873,1.388268096674949
2016-12-08 13:00:00,32.76213176010392,29.88652766675982,2.875604093344098
2016-12-08 14:00:00,32.548754829448505,32.76213176010392,-0.2133769306554143
2016-12-08 15:00:00,28.948490459779745,32.548754829448505,-3.6002643696687606
2016-12-08 16:00:00,34.04268556023726,28.948490459779745,5.094195100457515
2016-12-08 17:00:00,37.88083008726516,34.04268556023726,3.8381445270279
2016-12-08 18:00:00,40.6007983085444,37.88083008726516,2.719968221279238
2016-12-08 19:00:00,34.97650244460244,40.6007983085444,-5.62429586394196
2016-12-08 20:00:00,34.64617846115095,34.97650244460244,-0.3303239834514855
2016-12-08 21:00:00,34.59723077908446,34.64617846115095,-0.04894768206649047
2016-12-08 22:00:00,35.943732562848915,34.59723077908446,1.3465017837644524
2016-12-08 23:00:00,36.10845439474447,35.943732562848915,0.16472183189555523
2016-12-09 00:00:00,33.20647145669842,36.10845439474447,-2.9019829380460536
2016-12-09 01:00:00,35.09315617988032,33.20647145669842,1.8866847231819008
2016-12-09 02:00:00,30.240592472778395,35.09315617988032,-4.852563707101922
2016-12-09 03:00:00,25.505386242734556,30.240592472778395,-4.73520623004384
2016-12-09 04:00:00,22.70874320693349,25.505386242734556,-2.7966430358010648
2016-12-09 05:00:00,21.902718414316247,22.70874320693349,-0.8060247926172437
2016-12-09 06:00:00,27.246077769597612,21.902718414316247,5.343359355281365
2016-12-09 07:00:00,27.632823158137104,27.246077769597612,0.3867453885394916
2016-12-09 08:00:00,26.301650977532635,27.632823158137104,-1.3311721806044687
2016-12-09 09:00:00,27.679220923455922,26.301650977532635,1.3775699459232875
2016-12-09 10:00:00,29.4767738775725,27.679220923455922,1.7975529541165791
2016-12-09 11:00:00,34.34311318317957,29.4767738775725,4.866339305607067
2016-12-09 12:00:00,32.61792673603931,34.34311318317957,-1.7251864471402598
2016-12-09 13:00:00,36.837687266096076,32.61792673603931,4.219760530056767
2016-12-09 14:00:00,40.67084943347823,36.837687266096076,3.833162167382156
2016-12-09 15:00:00,40.69048665586037,40.67084943347823,0.019637222382137054
2016-12-09 16:00:00,36.93147912182056,40.69048665586037,-3.75900753403981
2016-12-09 17:00:00,42.94237444975447,36.93147912182056,6.010895327933909
2016-12-09 18:00:00,40.1418037492135,42.94237444975447,-2.800570700540966
2016-12-09 19:00:00,41.903628087406304,40.1418037492135,1.7618243381928025
2016-12-09 20:00:00,40.16290645786928,41.903628087406304,-1.7407216295370205
2016-12-09 21:00:00,41.29925523393801,40.16290645786928,1.1363487760687292
2016-12-09 22:00:00,40.861364117474466,41.29925523393801,-0.43789111646354684
2016-12-09 23:00:00,35.21918910073064,40.861364117474466,-5.642175016743828
2016-12-10 00:00:00,34.3293375387862,35.21918910073064,-0.8898515619444396
2016-12-10 01:00:00,38.73404412526284,34.3293375387862,4.404706586476642
2016-12-10 02:00:00,32.05458841599738,38.73404412526284,-6.679455709265461
2016-12-10 03:00:00,26.360270979136878,32.05458841599738,-5.694317436860501
2016-12-10 04:00:00,22.068788992847416,26.360270979136878,-4.291481986289462
2016-12-10 05:00:00,20.50152411013456,22.068788992847416,-1.5672648827128555
2016-12-10 06:00:00,25.639743287145695,20.50152411013456,5.138219177011134
2016-12-10 07:00:00,29.25217137988017,25.639743287145695,3.6124280927344756
2016-12-10 08:00:00,31.034307290828803,29.25217137988017,1.7821359109486323
2016-12-10 09:00:00,29.075490687152204,31.034307290828803,-1.958816603676599
2016-12-10 10:00:00,30.63070862658957,29.075490687152204,1.555217939437366
2016-12-10 11:00:00,33.99227239189713,30.63070862658957,3.3615637653075616
2016-12-10 12:00:00,35.06120806516689,33.99227239189713,1.0689356732697561
2016-12-10 13:00:00,39.995253653426445,35.06120806516689,4.934045588259558
2016-12-10 14:00:00,39.018058448782696,39.995253653426445,-0.9771952046437491
2016-12-10 15:00:00,41.52816697988441,39.018058448782696,2.5101085311017144
2016-12-10 16:00:00,42.39369080889603,41.52816697988441,0.8655238290116216
2016-12-10 17:00:00,45.89945996537398,42.39369080889603,3.505769156477946
2016-12-10 18:00:00,38.04115619455136,45.89945996537398,-7.858303770822616
2016-12-10 19:00:00,40.53162676905937,38.04115619455136,2.4904705745080093
2016-12-10 20:00:00,38.15839583065407,40.53162676905937,-2.3732309384052996
2016-12-10 21:00:00,39.8267212635348,38.15839583065407,1.668325432880728
2016-12-10 22:00:00,34.85457266505484,39.8267212635348,-4.972148598479961
2016-12-10 23:00:00,38.42365104881747,34.85457266505484,3.56907838376263
2016-12-11 00:00:00,35.54980603459454,38.42365104881747,-2.8738450142229297
2016-12-11 01:00:00,34.63152359841456,35.54980603459454,-0.9182824361799788
2016-12-11 02:00:00,32.31749911309701,34.63152359841456,-2.314024485317553
2016-12-11 03:00:00,27.303877106230736,32.31749911309701,-5.013622006866271
2016-12-11 04:00:00,26.022385167276685,27.303877106230736,-1.2814919389540513
2016-12-11 05:00:00,22.236529902677447,26.022385167276685,-3.7858552645992383
2016-12-11 06:00:00,26.066350306144535,22.236529902677447,3.829820403467089
2016-12-11 07:00:00,27.617347538653142,26.066350306144535,1.5509972325086068
2016-12-11 08:00:00,27.468364724638672,27.617347538653142,-0.14898281401447022
2016-12-11 09:00:00,29.406136805925616,27.468364724638672,1.9377720812869441
2016-12-11 10:00:00,31.64014507991206,29.406136805925616,2.2340082739864435
2016-12-11 11:00:00,35.02545012666893,31.64014507991206,3.3853050467568693
2016-12-11 12:00:00,39.84196202709603,35.02545012666893,4.816511900427102
2016-12-11 13:00:00,36.704326546771775,39.84196202709603,-3.1376354803242563
2016-12-11 14:00:00,41.57857941401298,36.704326546771775,4.8742528672412035
2016-12-11 15:00:00,36.47131202662844,41.57857941401298,-5.107267387384539
2016-12-11 16:00:00,37.64547122961093,36.47131202662844,1.1741592029824943
2016-12-11 17:00:00,37.94736360461532,37.64547122961093,0.30189237500438537
2016-12-11 18:00:00,44.662871487661384,37.94736360461532,6.715507883046065
2016-12-11 19:00:00,49.37181515375907,44.662871487661384,4.708943666097689
2016-12-11 20:00:00,41.5428218426208,49.37181515375907,-7.8289933111382695
2016-12-11 21:00:00,42.46462151927868,41.5428218426208,0.9217996766578764
2016-12-11 22:00:00,39.98704663660944,42.46462151927868,-2.477574882669238
2016-12-11 23:00:00,38.70473439979005,39.98704663660944,-1.2823122368193935
2016-12-12 00:00:00,38.847180987168606,38.70473439979005,0.14244658737855787
2016-12-12 01:00:00,35.862543448550795,38.847180987168606,-2.984637538617811
2016-12-12 02:00:00,31.020531646435437,35.862543448550795,-4.842011802115358
2016-12-12 03:00:00,26.214541548320945,31.020531646435437,-4.805990098114492
2016-12-12 04:00:00,22.302477519202778,26.214541548320945,-3.9120640291181665
2016-12-12 05:00:00,23.29168993155384,22.302477519202778,0.9892124123510619
2016-12-12 06:00:00,27.990229360964964,23.29168993155384,4.698539429411124
2016-12-12 07:00:00,29.4882048173492,27.990229360964964,1.4979754563842356
2016-12-12 08:00:00,28.985157270450507,29.4882048173492,-0.5030475468986921
2016-12-12 09:00:00,30.411469842616043,28.985157270450507,1.4263125721655356
2016-12-12 10:00:00,29.98647478509705,30.411469842616043,-0.42499505751899136
2016-12-12 11:00:00,30.620450039121206,29.98647478509705,0.6339752540241541
2016-12-12 12:00:00,31.254425384921802,30.620450039121206,0.6339753458005966
2016-12-12 13:00:00,31.8884007307224,31.254425384921802,0.6339753458005966
2016-12-12 14:00:00,32.522376076522995,31.8884007307224,0.6339753458005966
2016-12-12 15:00:00,33.156351238770704,32.522376076522995,0.6339751622477081
2016-12-12 16:00:00,33.790326768124196,33.156351238770704,0.6339755293534921
2016-12-12 17:00:00,34.4243019303719,33.790326768124196,0.633975162247701
2016-12-12 18:00:00,35.058277092619605,34.4243019303719,0.6339751622477081
2016-12-12 19:00:00,35.24351646655768,35.058277092619605,0.18523937393807444
2016-12-12 20:00:00,35.44897969791428,35.24351646655768,0.20546323135660316
2016-12-12 21:00:00,40.69546974971768,35.44897969791428,5.246490051803399
2016-12-12 22:00:00,38.596580631741595,40.69546974971768,-2.0988891179760856
2016-12-12 23:00:00,40.725365376015304,38.596580631741595,2.128784744273709
2016-12-13 00:00:00,35.23618903518948,40.725365376015304,-5.489176340825821
2016-12-13 01:00:00,34.91319285021197,35.23618903518948,-0.32299618497751226
2016-12-13 02:00:00,30.176403568268455,34.91319285021197,-4.736789281943516
2016-12-13 03:00:00,26.57112699440124,30.176403568268455,-3.605276573867215
2016-12-13 04:00:00,23.71829695055268,26.57112699440124,-2.8528300438485594
2016-12-13 05:00:00,23.419510657552618,23.71829695055268,-0.2987862930000631
2016-12-13 06:00:00,26.2813098298174,23.419510657552618,2.8617991722647815
2016-12-13 07:00:00,28.886617046296823,26.2813098298174,2.6053072164794244
2016-12-13 08:00:00,29.22693545019182,28.886617046296823,0.34031840389499735
2016-12-13 09:00:00,31.97633064135232,29.22693545019182,2.749395191160499
2016-12-13 10:00:00,30.78106891326693,31.97633064135232,-1.1952617280853879
2016-12-13 11:00:00,31.820108409580403,30.78106891326693,1.039039496313471
2016-12-13 12:00:00,31.121651117081004,31.820108409580403,-0.6984572924993984
2016-12-13 13:00:00,28.008958455423908,31.121651117081004,-3.1126926616570962
2016-12-13 14:00:00,28.648912944839317,28.008958455423908,0.639954489415409
2016-12-13 15:00:00,30.584105649139747,28.648912944839317,1.9351927043004302
2016-12-13 16:00:00,33.3799865733416,30.584105649139747,2.7958809242018496
2016-12-13 17:00:00,34.67695404000316,33.3799865733416,1.2969674666615632
2016-12-13 18:00:00,33.92398007075513,34.67695404000316,-0.752973969248032
2016-12-13 19:00:00,35.27370577747927,33.92398007075513,1.3497257067241435
2016-12-13 20:00:00,32.78645912593096,35.27370577747927,-2.487246651548311
2016-12-13 21:00:00,34.37828522085269,32.78645912593096,1.5918260949217284
2016-12-13 22:00:00,35.21010323267639,34.37828522085269,0.8318180118236995
2016-12-13 23:00:00,36.56334544566686,35.21010323267639,1.353242212990473
2016-12-14 00:00:00,33.93101455171091,36.56334544566686,-2.6323308939559524
2016-12-14 01:00:00,30.851119854647877,33.93101455171091,-3.0798946970630325
2016-12-14 02:00:00,29.085280228154325,30.851119854647877,-1.7658396264935519
2016-12-14 03:00:00,24.94037740784087,29.085280228154325,-4.144902820313455
2016-12-14 04:00:00,24.10665448412491,24.94037740784087,-0.8337229237159605
2016-12-14 05:00:00,23.304703464347988,24.10665448412491,-0.8019510197769222
2016-12-14 06:00:00,27.458575298357108,23.304703464347988,4.15387183400912
2016-12-14 07:00:00,30.070301370871363,27.458575298357108,2.611726072514255
2016-12-14 08:00:00,37.77003829708184,30.070301370871363,7.699736926210477
2016-12-14 09:00:00,37.55842017021826,37.77003829708184,-0.21161812686357706
2016-12-14 10:00:00,33.72760307455856,37.55842017021826,-3.830817095659704
2016-12-14 11:00:00,30.173765729686483,33.72760307455856,-3.5538373448720755
2016-12-14 12:00:00,30.04597409682077,30.173765729686483,-0.12779163286571205
2016-12-14 13:00:00,32.92802649496648,30.04597409682077,2.88205239814571
2016-12-14 14:00:00,33.27593594659586,32.92802649496648,0.34790945162937703
2016-12-14 15:00:00,36.534035720194076,33.27593594659586,3.258099773598218
2016-12-14 16:00:00,37.207579378935826,36.534035720194076,0.6735436587417496
2016-12-14 17:00:00,38.813767753287316,37.207579378935826,1.6061883743514898
2016-12-14 18:00:00,38.861835849905,38.813767753287316,0.04806809661768341
2016-12-14 19:00:00,35.046553202430495,38.861835849905,-3.815282647474504
2016-12-14 20:00:00,32.742494170616,35.046553202430495,-2.3040590318144964
2016-12-14 21:00:00,35.59552979370134,32.742494170616,2.85303562308534
2016-12-14 22:00:00,40.47711009231074,35.59552979370134,4.8815802986094
2016-12-14 23:00:00,40.728003398150165,40.47711009231074,0.25089330583942626
2016-12-15 00:00:00,44.36302976554391,40.728003398150165,3.635026367393742
2016-12-15 01:00:00,41.33208256699447,44.36302976554391,-3.030947198549434
2016-12-15 02:00:00,30.55391633821815,41.33208256699447,-10.778166228776321
2016-12-15 03:00:00,26.378179316848254,30.55391633821815,-4.175737021369898
2016-12-15 04:00:00,25.050289612575384,26.378179316848254,-1.3278897042728701
2016-12-15 05:00:00,24.653784166216724,25.050289612575384,-0.3965054463586597
2016-12-15 06:00:00,27.6898018297991,24.653784166216724,3.0360176635823777
2016-12-15 07:00:00,28.56502771391666,27.6898018297991,0.8752258841175582
2016-12-15 08:00:00,29.81559750703585,28.56502771391666,1.2505697931191904
2016-12-15 09:00:00,30.278109306844634,29.81559750703585,0.46251179980878376
2016-12-15 10:00:00,28.423372514823278,30.278109306844634,-1.854736792021356
2016-12-15 11:00:00,32.52266902693541,28.423372514823278,4.099296512112133
2016-12-15 12:00:00,33.637328459311966,32.52266902693541,1.1146594323765555
2016-12-15 13:00:00,38.483150819423415,33.637328459311966,4.845822360111448
2016-12-15 14:00:00,39.278624257712764,38.483150819423415,0.7954734382893491
2016-12-15 15:00:00,39.9445475346739,39.278624257712764,0.6659232769611378
2016-12-15 16:00:00,42.473414436920514,39.9445475346739,2.5288669022466124
2016-12-15 17:00:00,43.174508650237435,42.473414436920514,0.7010942133169209
2016-12-15 18:00:00,40.53485069201906,43.174508650237435,-2.639657958218372
2016-12-15 19:00:00,43.69564173652069,40.53485069201906,3.1607910445016287
2016-12-15 20:00:00,41.07620616729774,43.69564173652069,-2.6194355692229507
2016-12-15 21:00:00,33.513640243078314,41.07620616729774,-7.562565924219427
2016-12-15 22:00:00,35.45366910714762,33.513640243078314,1.9400288640693049
2016-12-15 23:00:00,36.130143738436644,35.45366910714762,0.6764746312890253
2016-12-16 00:00:00,34.194218382775844,36.130143738436644,-1.9359253556607996
2016-12-16 01:00:00,31.0076352203851,34.194218382775844,-3.1865831623907432
2016-12-16 02:00:00,33.46146827094635,31.0076352203851,2.453833050561247
2016-12-16 03:00:00,29.68135770703319,33.46146827094635,-3.7801105639131585
2016-12-16 04:00:00,23.915347952961277,29.68135770703319,-5.766009754071913
2016-12-16 05:00:00,22.48320296047034,23.915347952961277,-1.4321449924909366
2016-12-16 06:00:00,27.684115636596704,22.48320296047034,5.200912676126364
2016-12-16 07:00:00,28.798716354992578,27.684115636596704,1.1146007183958737
2016-12-16 08:00:00,32.56341005929068,28.798716354992578,3.7646937042981037
2016-12-16 09:00:00,31.057169170382203,32.56341005929068,-1.5062408889084793
2016-12-16 10:00:00,35.658252753055415,31.057169170382203,4.601083582673212
2016-12-16 11:00:00,36.53081179723438,35.658252753055415,0.8725590441789635
2016-12-16 12:00:00,50.00110200809079,36.53081179723438,13.470290210856412
2016-12-16 13:00:00,43.33981785138094,50.00110200809079,-6.661284156709847
2016-12-16 14:00:00,38.931007389390025,43.33981785138094,-4.408810461990917
2016-12-16 15:00:00,38.08834470572023,38.931007389390025,-0.8426626836697935
2016-12-16 16:00:00,40.70748659031921,38.08834470572023,2.6191418845989816
2016-12-16 17:00:00,39.584620141125654,40.70748659031921,-1.122866449193559
2016-12-16 18:00:00,40.98358684743448,39.584620141125654,1.3989667063088262
2016-12-16 19:00:00,36.856445637240974,40.98358684743448,-4.127141210193507
2016-12-16 20:00:00,34.57847240793957,36.856445637240974,-2.277973229301402
2016-12-16 21:00:00,34.25107976414114,34.57847240793957,-0.3273926437984329
2016-12-16 22:00:00,36.14655777207065,34.25107976414114,1.895478007929512
2016-12-16 23:00:00,32.9664224555993,36.14655777207065,-3.1801353164713504
2016-12-17 00:00:00,29.07229589747777,32.9664224555993,-3.894126558121531
2016-12-17 01:00:00,35.07263900494358,29.07229589747777,6.000343107465813
2016-12-17 02:00:00,30.56124395313924,35.07263900494358,-4.511395051804342
2016-12-17 03:00:00,24.91596193662664,30.56124395313924,-5.645282016512599
2016-12-17 04:00:00,21.36373664501086,24.91596193662664,-3.5522252916157804
2016-12-17 05:00:00,20.91429711492102,21.36373664501086,-0.4494395300898404
2016-12-17 06:00:00,25.7805779130444,20.91429711492102,4.86628079812338
2016-12-17 07:00:00,27.548967295676842,25.7805779130444,1.7683893826324422
2016-12-17 08:00:00,32.7351667392478,27.548967295676842,5.18619944357096
2016-12-17 09:00:00,28.2173818442373,32.7351667392478,-4.517784895010504
2016-12-17 10:00:00,27.120718854959314,28.2173818442373,-1.0966629892779842
2016-12-17 11:00:00,31.48304344624422,27.120718854959314,4.3623245912849065
2016-12-17 12:00:00,32.415980745160596,31.48304344624422,0.9329372989163751
2016-12-17 13:00:00,28.056176793937407,32.415980745160596,-4.3598039512231885
2016-12-17 14:00:00,32.03172653644398,28.056176793937407,3.9755497425065762
2016-12-17 15:00:00,35.92497419170402,32.03172653644398,3.8932476552600335
2016-12-17 16:00:00,33.82549843869154,35.92497419170402,-2.0994757530124772
2016-12-17 17:00:00,27.28596858496647,33.82549843869154,-6.539529853725071
2016-12-17 18:00:00,29.669926813144713,27.28596858496647,2.383958228178244
2016-12-17 19:00:00,29.25867819216547,29.669926813144713,-0.41124862097924364
2016-12-17 20:00:00,24.613072502323856,29.25867819216547,-4.645605689841613
2016-12-17 21:00:00,22.552433236880162,24.613072502323856,-2.060639265443694
2016-12-17 22:00:00,21.532269034902505,22.552433236880162,-1.0201642019776571
2016-12-17 23:00:00,25.187870947051998,21.532269034902505,3.6556019121494927
2016-12-18 00:00:00,21.677998282165547,25.187870947051998,-3.5098726648864513
2016-12-18 01:00:00,20.482795107452063,21.677998282165547,-1.195203174713484
2016-12-18 02:00:00,20.730318382231367,20.482795107452063,0.24752327477930436
2016-12-18 03:00:00,19.658862160676335,20.730318382231367,-1.0714562215550316
2016-12-18 04:00:00,19.63605828383617,19.658862160676335,-0.022803876840164605
2016-12-18 05:00:00,22.584175405251028,19.63605828383617,2.9481171214148567
2016-12-18 06:00:00,25.374311858207907,22.584175405251028,2.7901364529568795
2016-12-18 07:00:00,25.927127641725676,25.374311858207907,0.5528157835177687
2016-12-18 08:00:00,25.46795723872618,25.927127641725676,-0.4591704029994972
2016-12-18 09:00:00,26.92448833396895,25.46795723872618,1.4565310952427701
2016-12-18 10:00:00,26.463676601027203,26.92448833396895,-0.46081173294174604
2016-12-18 11:00:00,26.387968926682706,26.463676601027203,-0.07570767434449621
2016-12-18 12:00:00,31.054824282212646,26.387968926682706,4.66685535552994
2016-12-18 13:00:00,26.75513527910618,31.054824282212646,-4.299689003106465
2016-12-18 14:00:00,26.00690963956917,26.75513527910618,-0.7482256395370115
2016-12-18 15:00:00,25.72603186783337,26.00690963956917,-0.2808777717357991
2016-12-18 16:00:00,26.38064131176162,25.72603186783337,0.6546094439282513
2016-12-18 17:00:00,29.672271609537823,26.38064131176162,3.2916302977762015
2016-12-18 18:00:00,28.41847770990605,29.672271609537823,-1.2537938996317735
2016-12-18 19:00:00,25.533084006727496,28.41847770990605,-2.885393703178554
2016-12-18 20:00:00,26.505179561428797,25.533084006727496,0.9720955547013013
2016-12-18 21:00:00,21.844098229159115,26.505179561428797,-4.661081332269681
2016-12-18 22:00:00,25.122744179050677,21.844098229159115,3.278645949891562
2016-12-18 23:00:00,25.180543515683798,25.122744179050677,0.057799336633120646
2016-12-19 00:00:00,22.749454503720578,25.180543515683798,-2.43108901196322
2016-12-19 01:00:00,24.385919927275076,22.749454503720578,1.6364654235544975
2016-12-19 02:00:00,22.08833810984237,24.385919927275076,-2.2975818174327074
2016-12-19 03:00:00,19.336451509417877,22.08833810984237,-2.7518866004244913
2016-12-19 04:00:00,20.07327612829926,19.336451509417877,0.7368246188813821
2016-12-19 05:00:00,20.9094314949133,20.07327612829926,0.8361553666140402
2016-12-19 06:00:00,25.34500176562934,20.9094314949133,4.435570270716042
2016-12-19 07:00:00,27.74598911317593,25.34500176562934,2.4009873475465895
2016-12-19 08:00:00,25.73418014772558,27.74598911317593,-2.0118089654503493
2016-12-19 09:00:00,25.450019716105295,25.73418014772558,-0.28416043162028615
2016-12-19 10:00:00,25.07634641373186,25.450019716105295,-0.37367330237343666
2016-12-19 11:00:00,26.21618287826319,25.07634641373186,1.1398364645313315
2016-12-19 12:00:00,25.598210774728813,26.21618287826319,-0.6179721035343775
2016-12-19 13:00:00,25.32301947152475,25.598210774728813,-0.27519130320406404
2016-12-19 14:00:00,25.462241768837828,25.32301947152475,0.13922229731307922
2016-12-19 15:00:00,25.077958375211704,25.462241768837828,-0.3842833936261236
2016-12-19 16:00:00,25.820498096875653,25.077958375211704,0.7425397216639489
2016-12-19 17:00:00,26.523117267602572,25.820498096875653,0.7026191707269192
2016-12-19 18:00:00,25.86525416514645,26.523117267602572,-0.6578631024561226
2016-12-19 19:00:00,25.086927136522146,25.86525416514645,-0.7783270286243038
2016-12-19 20:00:00,21.08203802475105,25.086927136522146,-4.004889111771096
2016-12-19 21:00:00,23.26888642181946,21.08203802475105,2.1868483970684096
2016-12-19 22:00:00,24.64156174637841,23.26888642181946,1.3726753245589514
2016-12-19 23:00:00,21.603931754210407,24.64156174637841,-3.0376299921680037
2016-12-20 00:00:00,19.724809042990106,21.603931754210407,-1.879122711220301
2016-12-20 01:00:00,19.338093206465903,19.724809042990106,-0.3867158365242034
2016-12-20 02:00:00,19.463451753998424,19.338093206465903,0.12535854753252096
2016-12-20 03:00:00,19.715870017247845,19.463451753998424,0.25241826324942096
2016-12-20 04:00:00,20.006537031712313,19.715870017247845,0.29066701446446785
2016-12-20 05:00:00,19.502551456411446,20.006537031712313,-0.5039855753008666
2016-12-20 06:00:00,24.89641245252591,19.502551456411446,5.393860996114466
2016-12-20 07:00:00,26.113597921343985,24.89641245252591,1.217185468818073
2016-12-20 08:00:00,26.400982459476857,26.113597921343985,0.2873845381328728
2016-12-20 09:00:00,24.84916447022068,26.400982459476857,-1.551817989256179
2016-12-20 10:00:00,24.688780360221244,24.84916447022068,-0.1603841099994341
2016-12-20 11:00:00,25.97191344556465,24.688780360221244,1.2831330853434046
2016-12-20 12:00:00,26.880523378653987,25.97191344556465,0.9086099330893376
2016-12-20 13:00:00,23.923466864391088,26.880523378653987,-2.9570565142628986
2016-12-20 14:00:00,24.109116295485386,23.923466864391088,0.18564943109429777
2016-12-20 15:00:00,24.19783768617692,24.109116295485386,0.08872139069153562
2016-12-20 16:00:00,24.315898537909423,24.19783768617692,0.11806085173250125
2016-12-20 17:00:00,25.748014161937963,24.315898537909423,1.4321156240285404
2016-12-20 18:00:00,25.39550303935666,25.748014161937963,-0.35251112258130135
2016-12-20 19:00:00,23.955209399867737,25.39550303935666,-1.4402936394889245
2016-12-20 20:00:00,21.831084329259184,23.955209399867737,-2.124125070608553
2016-12-20 21:00:00,19.23794087599767,21.831084329259184,-2.593143453261515
2016-12-20 22:00:00,22.097307238258587,19.23794087599767,2.859366362260918
2016-12-20 23:00:00,21.542029643380342,22.097307238258587,-0.5552775948782447
2016-12-21 00:00:00,19.72155575156801,21.542029643380342,-1.8204738918123304
2016-12-21 01:00:00,22.63139401909386,19.72155575156801,2.909838267525849
2016-12-21 02:00:00,20.118061565032452,22.63139401909386,-2.513332454061409
2016-12-21 03:00:00,18.473448228691524,20.118061565032452,-1.644613336340928
2016-12-21 04:00:00,18.434348526278505,18.473448228691524,-0.03909970241301863
2016-12-21 05:00:00,18.369221758277185,18.434348526278505,-0.06512676800132056
2016-12-21 06:00:00,24.185615633444385,18.369221758277185,5.816393875167201
2016-12-21 07:00:00,26.557292796635966,24.185615633444385,2.371677163191581
2016-12-21 08:00:00,24.8882641726337,26.557292796635966,-1.6690286240022658
2016-12-21 09:00:00,24.66111159758492,24.8882641726337,-0.2271525750487804
2016-12-21 10:00:00,24.417662829857505,24.66111159758492,-0.24344876772741486
2016-12-21 11:00:00,24.89884489542399,24.417662829857505,0.481182065566486
2016-12-21 12:00:00,25.393040860890405,24.89884489542399,0.49419596546641387
2016-12-21 13:00:00,29.550342013543112,25.393040860890405,4.157301152652707
2016-12-21 14:00:00,25.658472289828193,29.550342013543112,-3.891869723714919
2016-12-21 15:00:00,25.09100127646825,25.658472289828193,-0.5674710133599419
2016-12-21 16:00:00,25.272547566259824,25.09100127646825,0.18154628979157295
2016-12-21 17:00:00,26.006118159507555,25.272547566259824,0.7335705932477303
2016-12-21 18:00:00,26.427859742051563,26.006118159507555,0.4217415825440085
2016-12-21 19:00:00,23.698776467808568,26.427859742051563,-2.7290832742429956
2016-12-21 20:00:00,20.8149656329768,23.698776467808568,-2.883810834831767
2016-12-21 21:00:00,20.05211394850712,20.8149656329768,-0.7628516844696804
2016-12-21 22:00:00,20.02198337451032,20.05211394850712,-0.03013057399680008
2016-12-21 23:00:00,19.759013756933008,20.02198337451032,-0.26296961757731196
2016-12-22 00:00:00,19.266430487158004,19.759013756933008,-0.4925832697750039
2016-12-22 01:00:00,18.99534195815088,19.266430487158004,-0.2710885290071232
2016-12-22 02:00:00,19.38041683183862,18.99534195815088,0.3850748736877385
2016-12-22 03:00:00,18.976583587005983,19.38041683183862,-0.4038332448326365
2016-12-22 04:00:00,18.913098516052692,18.976583587005983,-0.06348507095329126
2016-12-22 05:00:00,19.90881714414216,18.913098516052692,0.9957186280894668
2016-12-22 06:00:00,23.70446256923452,19.90881714414216,3.79564542509236
2016-12-22 07:00:00,25.45248152746577,23.70446256923452,1.7480189582312526
2016-12-22 08:00:00,24.64971002627062,25.45248152746577,-0.8027715011951528
2016-12-22 09:00:00,25.712197486515212,24.64971002627062,1.0624874602445935
2016-12-22 10:00:00,24.73438664547845,25.712197486515212,-0.9778108410367636
2016-12-22 11:00:00,25.110521759212364,24.73438664547845,0.37613511373391617
2016-12-22 12:00:00,24.122129828279533,25.110521759212364,-0.9883919309328313
2016-12-22 13:00:00,23.539183470764964,24.122129828279533,-0.5829463575145688
2016-12-22 14:00:00,23.42033150607663,23.539183470764964,-0.1188519646883357
2016-12-22 15:00:00,23.897410063234613,23.42033150607663,0.4770785571579843
2016-12-22 16:00:00,24.151439920858103,23.897410063234613,0.2540298576234896
2016-12-22 17:00:00,25.0437830297312,24.151439920858103,0.8923431088730958
2016-12-22 18:00:00,26.759209235499394,25.0437830297312,1.7154262057681962
2016-12-22 19:00:00,23.424376277560338,26.759209235499394,-3.3348329579390565
2016-12-22 20:00:00,20.55038442102542,23.424376277560338,-2.873991856534918
2016-12-22 21:00:00,20.54713039539177,20.55038442102542,-0.003254025633651736
2016-12-22 22:00:00,20.3020696661845,20.54713039539177,-0.2450607292072675
2016-12-22 23:00:00,19.2737579185262,20.3020696661845,-1.0283117476583001
2016-12-23 00:00:00,20.024445185870796,19.2737579185262,0.7506872673445955
2016-12-23 01:00:00,20.320798668867,20.024445185870796,0.2963534829962029
2016-12-23 02:00:00,19.255849030156156,20.320798668867,-1.0649496387108428
2016-12-23 03:00:00,18.597195181849976,19.255849030156156,-0.6586538483061801
2016-12-23 04:00:00,18.449003389014898,18.597195181849976,-0.14819179283507822
2016-12-23 05:00:00,18.706286538060475,18.449003389014898,0.2572831490455769
2016-12-23 06:00:00,24.151439920858103,18.706286538060475,5.445153382797628
2016-12-23 07:00:00,24.521888933166064,24.151439920858103,0.37044901230796157
2016-12-23 08:00:00,24.366370076068566,24.521888933166064,-0.1555188570974977
2016-12-23 09:00:00,25.602284914674918,24.366370076068566,1.2359148386063517
2016-12-23 10:00:00,27.811936546148374,25.602284914674918,2.209651631473456
2016-12-23 11:00:00,25.48179162004434,27.811936546148374,-2.3301449261040332
2016-12-23 12:00:00,24.18318282344053,25.48179162004434,-1.298608796603812
2016-12-23 13:00:00,24.12620396822564,24.18318282344053,-0.05697885521488999
2016-12-23 14:00:00,23.925108194333333,24.12620396822564,-0.20109577389230537
2016-12-23 15:00:00,23.861593387811862,23.925108194333333,-0.06351480652147146
2016-12-23 16:00:00,24.543871594376434,23.861593387811862,0.6822782065645718
2016-12-23 17:00:00,25.78629301582697,24.543871594376434,1.242421421450537
2016-12-23 18:00:00,25.47607615015599,25.78629301582697,-0.3102168656709807
2016-12-23 19:00:00,23.171987749879094,25.47607615015599,-2.304088400276896
2016-12-23 20:00:00,19.693886988931695,23.171987749879094,-3.478100760947399
2016-12-23 21:00:00,19.311215923891197,19.693886988931695,-0.38267106504049764
2016-12-23 22:00:00,19.801337382305725,19.311215923891197,0.4901214584145279
2016-12-23 23:00:00,19.313648366789273,19.801337382305725,-0.4876890155164517
2016-12-24 00:00:00,19.209451264837334,19.313648366789273,-0.10419710195193943
2016-12-24 01:00:00,19.500910493574978,19.209451264837334,0.2914592287376436
2016-12-24 02:00:00,19.154905953837865,19.500910493574978,-0.34600453973711254
2016-12-24 03:00:00,18.878893067898225,19.154905953837865,-0.2760128859396396
2016-12-24 04:00:00,18.834107631165033,18.878893067898225,-0.044785436733192796
2016-12-24 05:00:00,19.03520377216312,18.834107631165033,0.20109614099808581
2016-12-24 06:00:00,22.84796550424657,19.03520377216312,3.8127617320834517
2016-12-24 07:00:00,23.496038996868236,22.84796550424657,0.6480734926216662
2016-12-24 08:00:00,23.243650836292776,23.496038996868236,-0.2523881605754603
2016-12-24 09:00:00,22.48402307478279,23.243650836292776,-0.7596277615099858
2016-12-24 10:00:00,22.87563426688289,22.48402307478279,0.3916111921001004
2016-12-24 11:00:00,22.969250278938766,22.87563426688289,0.09361601205587533
2016-12-24 12:00:00,23.141886177238913,22.969250278938766,0.1726358983001468
2016-12-24 13:00:00,23.60105694734419,23.141886177238913,0.4591707701052776
2016-12-24 14:00:00,23.474056702763647,23.60105694734419,-0.12700024458054315
2016-12-24 15:00:00,23.030332642562158,23.474056702763647,-0.4437240602014896
2016-12-24 16:00:00,23.255052407607078,23.030332642562158,0.2247197650449202
2016-12-24 17:00:00,23.3844850950857,23.255052407607078,0.1294326874786229
2016-12-24 18:00:00,23.448820750131183,23.3844850950857,0.06433565504548255
2016-12-24 19:00:00,22.7356204895082,23.448820750131183,-0.7132002606229833
2016-12-24 20:00:00,19.869747544403094,22.7356204895082,-2.8658729451051066
2016-12-24 21:00:00,18.900055247690364,19.869747544403094,-0.9696922967127293
2016-12-24 22:00:00,18.404247320744105,18.900055247690364,-0.4958079269462594
2016-12-24 23:00:00,18.887041347790436,18.404247320744105,0.48279402704633156
2016-12-25 00:00:00,19.006714161002783,18.887041347790436,0.1196728132123468
2016-12-25 01:00:00,18.966002864215696,19.006714161002783,-0.04071129678708729
2016-12-25 02:00:00,18.941587393001466,18.966002864215696,-0.02441547121422971
2016-12-25 03:00:00,18.9285448588507,18.941587393001466,-0.013042534150766727
2016-12-25 04:00:00,18.626504907322765,18.9285448588507,-0.3020399515279344
2016-12-25 05:00:00,18.757579291849414,18.626504907322765,0.13107438452664866
2016-12-25 06:00:00,22.777944114880917,18.757579291849414,4.020364823031503
2016-12-25 07:00:00,23.010782791355645,22.777944114880917,0.2328386764747279
2016-12-25 08:00:00,22.57031202257625,23.010782791355645,-0.44047076877939517
2016-12-25 09:00:00,22.649302173252345,22.57031202257625,0.07899015067609483
2016-12-25 10:00:00,22.79910556046149,22.649302173252345,0.14980338720914688
2016-12-25 11:00:00,22.952983454722524,22.79910556046149,0.15387789426103282
2016-12-25 12:00:00,22.503572925989303,22.952983454722524,-0.44941052873322107
2016-12-25 13:00:00,22.027285481787153,22.503572925989303,-0.47628744420214986
2016-12-25 14:00:00,22.498678671730744,22.027285481787153,0.4713931899435906
2016-12-25 15:00:00,22.810507865987354,22.498678671730744,0.31182919425661026
2016-12-25 16:00:00,22.063102524315685,22.810507865987354,-0.7474053416716693
2016-12-25 17:00:00,23.583148426079926,22.063102524315685,1.5200459017642416
2016-12-25 18:00:00,23.40646775629607,23.583148426079926,-0.1766806697838561
2016-12-25 19:00:00,22.51658682588923,23.40646775629607,-0.8898809304068394
2016-12-25 20:00:00,19.842870261828388,22.51658682588923,-2.673716564060843
2016-12-25 21:00:00,19.417053988679605,19.842870261828388,-0.4258162731487829
2016-12-25 22:00:00,20.1660716589369,19.417053988679605,0.7490176702572953
2016-12-25 23:00:00,20.38267214544623,20.1660716589369,0.2166004865093285
2016-12-26 00:00:00,21.627526376900626,20.38267214544623,1.244854231454397
2016-12-26 01:00:00,22.58499625377504,21.627526376900626,0.9574698768744128
2016-12-26 02:00:00,18.875639776476135,22.58499625377504,-3.709356477298904
2016-12-26 03:00:00,18.35374604701678,18.875639776476135,-0.5218937294593538
2016-12-26 04:00:00,18.196615228439434,18.35374604701678,-0.1571308185773468
2016-12-26 05:00:00,18.435990223326527,18.196615228439434,0.23937499488709335
2016-12-26 06:00:00,22.301656670678767,18.435990223326527,3.8656664473522397
2016-12-26 07:00:00,23.04416665677454,22.301656670678767,0.7425099860957722
2016-12-26 08:00:00,22.700594927041283,23.04416665677454,-0.3435717297332559
2016-12-26 09:00:00,22.618351484943094,22.700594927041283,-0.08224344209818923
2016-12-26 10:00:00,22.684298367256865,22.618351484943094,0.06594688231377077
2016-12-26 11:00:00,22.870769013980954,22.684298367256865,0.1864706467240893
2016-12-26 12:00:00,22.95705759466863,22.870769013980954,0.08628858068767542
2016-12-26 13:00:00,23.186671981077886,22.95705759466863,0.22961438640925635
2016-12-26 14:00:00,23.797287101228775,23.186671981077886,0.6106151201508894
2016-12-26 15:00:00,23.469982562817542,23.797287101228775,-0.32730453841123364
2016-12-26 16:00:00,24.112369586907477,23.469982562817542,0.6423870240899348
2016-12-26 17:00:00,23.98616082238855,24.112369586907477,-0.12620876451892826
2016-12-26 18:00:00,24.24913007286008,23.98616082238855,0.2629692504715315
2016-12-26 19:00:00,24.95095813063116,24.24913007286008,0.7018280577710811
2016-12-26 20:00:00,21.789552183948086,24.95095813063116,-3.1614059466830753
2016-12-26 21:00:00,20.133537276292856,21.789552183948086,-1.65601490765523
2016-12-26 22:00:00,20.003254371827822,20.133537276292856,-0.13028290446503377
2016-12-26 23:00:00,20.152266278975354,20.003254371827822,0.14901190714753199
2016-12-27 00:00:00,19.80215823082974,20.152266278975354,-0.35010804814561425
2016-12-27 01:00:00,19.21839102479116,19.80215823082974,-0.5837672060385799
2016-12-27 02:00:00,19.189110667780767,19.21839102479116,-0.029280357010392777
2016-12-27 03:00:00,19.17038166509827,19.189110667780767,-0.01872900268249822
2016-12-27 04:00:00,20.539802964023572,19.17038166509827,1.3694212989253032
2016-12-27 05:00:00,19.823320410621875,20.539802964023572,-0.716482553401697
2016-12-27 06:00:00,22.183596186052046,19.823320410621875,2.3602757754301713
2016-12-27 07:00:00,23.32179113708824,22.183596186052046,1.1381949510361942
2016-12-27 08:00:00,21.236736400430317,23.32179113708824,-2.0850547366579235
2016-12-27 09:00:00,21.994722464892273,21.236736400430317,0.7579860644619565
2016-12-27 10:00:00,21.819682757944886,21.994722464892273,-0.17503970694738769
2016-12-27 11:00:00,21.644614416746656,21.819682757944886,-0.17506834119823012
2016-12-27 12:00:00,21.30919059979983,21.644614416746656,-0.3354238169468253
2016-12-27 13:00:00,19.52371363620358,21.30919059979983,-1.785476963596249
2016-12-27 14:00:00,22.029718658896794,19.52371363620358,2.5060050226932127
2016-12-27 15:00:00,23.908812001654695,22.029718658896794,1.8790933427579013
2016-12-27 16:00:00,23.922646015867077,23.908812001654695,0.013834014212381618
2016-12-27 17:00:00,23.96986462970991,23.922646015867077,0.047218613842833435
2016-12-27 18:00:00,25.074705083789613,23.96986462970991,1.104840454079703
2016-12-27 19:00:00,22.837384414350502,25.074705083789613,-2.237320669439111
2016-12-27 20:00:00,21.254615186126404,22.837384414350502,-1.5827692282240982
2016-12-27 21:00:00,20.820680735759368,21.254615186126404,-0.4339344503670368
2016-12-27 22:00:00,19.285980338364514,20.820680735759368,-1.5347003973948539
2016-12-27 23:00:00,19.46834674246854,19.285980338364514,0.1823664041040267
2016-12-28 00:00:00,18.859343950903277,19.46834674246854,-0.6090027915652634
2016-12-28 01:00:00,19.398324985997107,18.859343950903277,0.5389810350938298
2016-12-28 02:00:00,19.18339483078664,19.398324985997107,-0.21493015521046743
2016-12-28 03:00:00,18.91553095895077,19.18339483078664,-0.2678638718358677
2016-12-28 04:00:00,20.205991475662373,18.91553095895077,1.290460516711601
2016-12-28 05:00:00,20.508060795652703,20.205991475662373,0.3020693199903306
2016-12-28 06:00:00,21.691041550527874,20.508060795652703,1.182980754875171
2016-12-28 07:00:00,22.076936538528066,21.691041550527874,0.3858949880001923
2016-12-28 08:00:00,21.62101979405644,22.076936538528066,-0.4559167444716259
2016-12-28 09:00:00,21.86687200332532,21.62101979405644,0.24585220926887885
2016-12-28 10:00:00,22.0679975127858,21.86687200332532,0.20112550946048202
2016-12-28 11:00:00,21.90597170573834,22.0679975127858,-0.16202580704745984
2016-12-28 12:00:00,21.708128856162347,21.90597170573834,-0.19784284957599496
2016-12-28 13:00:00,21.993901616368262,21.708128856162347,0.2857727602059157
2016-12-28 14:00:00,22.359456007311888,21.993901616368262,0.3655543909436254
2016-12-28 15:00:00,21.34744008522644,22.359456007311888,-1.012015922085446
2016-12-28 16:00:00,21.546923897638898,21.34744008522644,0.19948381241245627
2016-12-28 17:00:00,22.654197161722465,21.546923897638898,1.1072732640835667
2016-12-28 18:00:00,22.843070882882234,22.654197161722465,0.1888737211597693
2016-12-28 19:00:00,22.359456007311888,22.843070882882234,-0.4836148755703462
2016-12-28 20:00:00,22.30816325352295,22.359456007311888,-0.05129275378893894
2016-12-28 21:00:00,21.409313561805668,22.30816325352295,-0.898849691717281
2016-12-28 22:00:00,24.92897583652657,21.409313561805668,3.5196622747209005
2016-12-28 23:00:00,21.635674656792833,24.92897583652657,-3.293301179733735
2016-12-29 00:00:00,19.078377614522246,21.635674656792833,-2.557297042270587
2016-12-29 01:00:00,19.196408730686567,19.078377614522246,0.11803111616432105
2016-12-29 02:00:00,18.780382434478017,19.196408730686567,-0.4160262962085497
2016-12-29 03:00:00,18.51090623405652,18.780382434478017,-0.2694762004214972
2016-12-29 04:00:00,19.034412292101504,18.51090623405652,0.5235060580449833
2016-12-29 05:00:00,19.489508922260676,19.034412292101504,0.4550966301591721
2016-12-29 06:00:00,21.457353024172512,19.489508922260676,1.9678441019118367
2016-12-29 07:00:00,21.967845182317568,21.457353024172512,0.5104921581450554
2016-12-29 08:00:00,22.396093164152873,21.967845182317568,0.4282479818353053
2016-12-29 09:00:00,21.91411998563055,22.396093164152873,-0.481973178522324
2016-12-29 10:00:00,21.25382444027635,21.91411998563055,-0.6602955453541988
2016-12-29 11:00:00,21.98332089357797,21.25382444027635,0.7294964533016213
2016-12-29 12:00:00,24.54469244290045,21.98332089357797,2.5613715493224767
2016-12-29 13:00:00,24.04234819754182,24.54469244290045,-0.5023442453586284
2016-12-29 14:00:00,22.290255099364465,24.04234819754182,-1.7520930981773546
2016-12-29 15:00:00,21.69429484194997,22.290255099364465,-0.5959602574144967
2016-12-29 16:00:00,21.583561788691444,21.69429484194997,-0.11073305325852445
2016-12-29 17:00:00,22.745380363774476,21.583561788691444,1.161818575083032
2016-12-29 18:00:00,22.770616683512717,22.745380363774476,0.02523631973824081
2016-12-29 19:00:00,22.83981759146014,22.770616683512717,0.06920090794742251
2016-12-29 20:00:00,20.39079105687604,22.83981759146014,-2.4490265345840996
2016-12-29 21:00:00,19.916145309721912,20.39079105687604,-0.47464574715412766
2016-12-29 22:00:00,21.651941848114852,19.916145309721912,1.7357965383929397
2016-12-29 23:00:00,20.013835094618113,21.651941848114852,-1.6381067534967393
2016-12-30 00:00:00,19.412159734421046,20.013835094618113,-0.601675360197067
2016-12-30 01:00:00,19.54244263888608,19.412159734421046,0.13028290446503377
2016-12-30 02:00:00,19.091390780210613,19.54244263888608,-0.4510518586754664
2016-12-30 03:00:00,18.6737235211656,19.091390780210613,-0.41766725904501456
2016-12-30 04:00:00,18.760832583271508,18.6737235211656,0.08710906210590963
2016-12-30 05:00:00,18.844688353955323,18.760832583271508,0.08385577068381522
2016-12-30 06:00:00,21.958876053901346,18.844688353955323,3.1141876999460223
2016-12-30 07:00:00,21.680460093526026,21.958876053901346,-0.27841596037531957
2016-12-30 08:00:00,21.384898090591438,21.680460093526026,-0.295562002934588
2016-12-30 09:00:00,22.15753901778979,21.384898090591438,0.7726409271983528
2016-12-30 10:00:00,22.4620407806782,22.15753901778979,0.30450176288841035
2016-12-30 11:00:00,21.30919059979983,22.4620407806782,-1.1528501808783709
2016-12-30 12:00:00,21.608797374218128,21.30919059979983,0.2996067744182973
2016-12-30 13:00:00,21.255465403112815,21.608797374218128,-0.35333197110531245
2016-12-30 14:00:00,21.342574465218725,21.255465403112815,0.08710906210590963
2016-12-30 15:00:00,21.87666124605399,21.342574465218725,0.534086780835267
2016-12-30 16:00:00,21.572160217377142,21.87666124605399,-0.3045010286768495
2016-12-30 17:00:00,24.965613360473334,21.572160217377142,3.393453143096192
2016-12-30 18:00:00,27.754928597800422,24.965613360473334,2.789315237327088
2016-12-30 19:00:00,23.391812893559678,27.754928597800422,-4.3631157042407445
2016-12-30 20:00:00,20.21657219845266,23.391812893559678,-3.175240695107018
2016-12-30 21:00:00,20.78325209885677,20.21657219845266,0.566679900404111
2016-12-30 22:00:00,23.16548079992913,20.78325209885677,2.3822287010723606
2016-12-30 23:00:00,20.809279164445066,23.16548079992913,-2.356201635484066
2016-12-31 00:00:00,19.021369023739176,20.809279164445066,-1.7879101407058897
2016-12-31 01:00:00,18.804006425630632,19.021369023739176,-0.21736259810854364
2016-12-31 02:00:00,18.341552995640864,18.804006425630632,-0.46245342998976824
2016-12-31 03:00:00,18.362715175433003,18.341552995640864,0.021162179792138858
2016-12-31 04:00:00,18.454719226009026,18.362715175433003,0.09200405057602268
2016-12-31 05:00:00,18.51008538553251,18.454719226009026,0.05536615952348356
2016-12-31 06:00:00,21.87502028321753,18.51008538553251,3.3649348976850213
2016-12-31 07:00:00,21.30511645985373,21.87502028321753,-0.5699038233638021
2016-12-31 08:00:00,21.052728299278265,21.30511645985373,-0.25238816057546387
2016-12-31 09:00:00,20.89231482081643,21.052728299278265,-0.16041347846183385
2016-12-31 10:00:00,21.353976036533023,20.89231482081643,0.46166121571659247
2016-12-31 11:00:00,21.742333570105252,21.353976036533023,0.38835753357222913
2016-12-31 12:00:00,21.92226826552276,21.742333570105252,0.17993469541750784
2016-12-31 13:00:00,27.49603339549855,21.92226826552276,5.57376512997579
2016-12-31 14:00:00,21.540417314794716,27.49603339549855,-5.955616080703834
2016-12-31 15:00:00,21.119496030116046,21.540417314794716,-0.42092128467866985
2016-12-31 16:00:00,21.92552155694485,21.119496030116046,0.8060255268288046
2016-12-31 17:00:00,23.503366428236433,21.92552155694485,1.5778448712915818
2016-12-31 18:00:00,23.308777604294093,23.503366428236433,-0.19458882394233967
2016-12-31 19:00:00,22.69895396420482,23.308777604294093,-0.6098236400892745
2016-12-31 20:00:00,20.05454712561676,22.69895396420482,-2.6444068385880577
2016-12-31 21:00:00,19.29330776973271,20.05454712561676,-0.7612393558840509
2016-12-31 22:00:00,19.29412788404516,19.29330776973271,0.0008201143124502153
2016-12-31 23:00:00,19.618970978201702,19.29412788404516,0.32484309415654167
