timestamp,actual,predicted,residual
2016-11-07 02:00:00,27.10034833878168,27.443312872918,-0.3429645341363212
2016-11-07 03:00:00,27.073471056206973,24.038074982075404,3.035396074131569
2016-11-07 04:00:00,22.88052925535301,23.75173790149769,-0.8712086461446802
2016-11-07 05:00:00,22.24221563699762,21.940459789670633,0.30175584732698724
2016-11-07 06:00:00,26.19173840569234,26.518121484421,-0.32638307872865724
2016-11-07 07:00:00,28.92899931108186,27.311405890879513,1.617593420202347
2016-11-07 08:00:00,29.392947291798194,29.461658202667355,-0.06871091086916081
2016-11-07 09:00:00,30.109576825176543,29.839829583553495,0.26974724162304753
2016-11-07 10:00:00,31.27875275074884,30.94877879652508,0.3299739542237603
2016-11-07 11:00:00,29.360413207427598,32.07212477364826,-2.7117115662206643
2016-11-07 12:00:00,30.11778356666421,30.835856893267348,-0.718073326603136
2016-11-07 13:00:00,34.16578787564608,31.399851238270784,2.7659366373752974
2016-11-07 14:00:00,35.35196318501855,33.47713087894387,1.8748323060746799
2016-11-07 15:00:00,40.22709563770856,34.670775236265186,5.556320401443372
2016-11-07 16:00:00,35.081725240103616,37.92386184742994,-2.8421366073263243
2016-11-07 17:00:00,36.67912032970749,35.397600393173775,1.2815199365337122
2016-11-07 18:00:00,37.20728642852341,37.350598771378365,-0.14331234285495498
2016-11-07 19:00:00,37.462283242771335,37.42571485374671,0.036568389024623116
2016-11-07 20:00:00,34.03535812886906,37.767160917261485,-3.7318027883924216
2016-11-07 21:00:00,32.241000142243784,35.97832697024036,-3.7373268279965757
2016-11-07 22:00:00,33.06578330600592,35.10138749565348,-2.0356041896475645
2016-11-07 23:00:00,36.500622486312785,34.799930738497736,1.7006917478150498
2016-11-08 00:00:00,35.18812020436024,35.3418065681676,-0.15368636380735978
2016-11-08 01:00:00,29.99292299812222,31.8804460284029,-1.8875230302806791
2016-11-08 02:00:00,27.819264069293016,26.502428497532517,1.3168355717604996
2016-11-08 03:00:00,23.415436517606512,24.54162964367311,-1.1261931260665996
2016-11-08 04:00:00,22.03133025327086,22.529879693787635,-0.49854944051677563
2016-11-08 05:00:00,21.82372752942859,21.511716877816482,0.31201065161210906
2016-11-08 06:00:00,25.7993069157269,26.56158169641504,-0.7622747806881414
2016-11-08 07:00:00,26.41563750576614,27.32247765289974,-0.9068401471336003
2016-11-08 08:00:00,26.446559559824554,27.59484585227282,-1.1482862924482653
2016-11-08 09:00:00,27.93975745570004,27.662908259120297,0.27684919657974305
2016-11-08 10:00:00,27.773687060721763,29.293320263247907,-1.519633202526144
2016-11-08 11:00:00,28.2466917991512,29.648382003410596,-1.4016902042593955
2016-11-08 12:00:00,28.61634956083866,29.846422792776977,-1.2300732319383165
2016-11-08 13:00:00,27.63039043990969,30.24909291793861,-2.618702478028922
2016-11-08 14:00:00,29.33520660031342,30.04256340761623,-0.7073568073028085
2016-11-08 15:00:00,29.52484229540774,31.22835035452438,-1.7035080591166398
2016-11-08 16:00:00,30.047732717059716,31.37021635514274,-1.3224836380830247
2016-11-08 17:00:00,32.52501373155208,31.912515482932363,0.6124982486197155
2016-11-08 18:00:00,31.988640983024936,34.71484406172961,-2.726203078704671
2016-11-08 19:00:00,34.79184933859498,34.08187295174407,0.7099763868509115
2016-11-08 20:00:00,32.525893317000886,34.82573771920384,-2.2998444022029574
2016-11-08 21:00:00,33.62824222415193,34.05354326793507,-0.4253010437831364
2016-11-08 22:00:00,33.960617594701894,35.33610469133841,-1.375487096636519
2016-11-08 23:00:00,34.409060799704896,34.70623164784446,-0.2971708481395652
2016-11-09 00:00:00,32.0097440587865,33.22337991623085,-1.2136358574443449
2016-11-09 01:00:00,31.137771649643927,29.893224074372164,1.2445475752717634
2016-11-09 02:00:00,29.12270909449804,27.993407491580324,1.1293016029177139
2016-11-09 03:00:00,24.791365133587558,24.33119992146284,0.4601652121247177
2016-11-09 04:00:00,21.70566704480187,22.926508197469282,-1.2208411526674112
2016-11-09 05:00:00,22.241395522685167,21.4586751921224,0.7827203305627677
2016-11-09 06:00:00,26.45716983463013,26.35495987964848,0.10220995498164953
2016-11-09 07:00:00,27.85264821004124,27.48243988526881,0.37020832477243104
2016-11-09 08:00:00,28.896377276196823,28.53162259835334,0.36475467784348226
2016-11-09 09:00:00,30.503503169878023,29.043391663377527,1.4601115065004961
2016-11-09 10:00:00,31.137771649643927,29.681831925263776,1.4559397243801513
2016-11-09 11:00:00,32.056347036236325,29.540559552722662,2.5157874835136624
2016-11-09 12:00:00,29.91319982897997,31.661590360835962,-1.7483905318559927
2016-11-09 13:00:00,31.20283986427334,29.43671048795908,1.766129376314261
2016-11-09 14:00:00,29.943389139901566,31.19045466989874,-1.247065529997176
2016-11-09 15:00:00,31.16297823381399,30.41793126279011,0.7450469710238821
2016-11-09 16:00:00,35.609305070988924,31.630161261749066,3.979143809239858
2016-11-09 17:00:00,32.70585664666923,34.135228023421675,-1.4293713767524423
2016-11-09 18:00:00,31.594421320805264,33.89465711626156,-2.300235795456299
2016-11-09 19:00:00,34.64354080612187,33.30797314759086,1.3355676585310121
2016-11-09 20:00:00,36.30219373591196,34.05505849728276,2.2471352386292054
2016-11-09 21:00:00,35.30477393963812,36.15727321823856,-0.8524992786004404
2016-11-09 22:00:00,36.71224061317636,35.69562695647758,1.0166136566987802
2016-11-09 23:00:00,36.70755120394303,36.55105132833532,0.1564998756077074
2016-11-10 00:00:00,35.40735944721599,34.92957353563389,0.47778591158209593
2016-11-10 01:00:00,30.694897439323068,32.17131236791863,-1.4764149285955632
2016-11-10 02:00:00,31.243580713075715,28.08492726080254,3.1586534522731746
2016-11-10 03:00:00,24.902098553951863,26.274123931446965,-1.3720253774951026
2016-11-10 04:00:00,21.653583545162878,23.091926500574402,-1.4383429554115246
2016-11-10 05:00:00,21.929595696890956,21.363136068504122,0.5664596283868342
2016-11-10 06:00:00,26.524729229082418,26.6176502339974,-0.0929210049149809
2016-11-10 07:00:00,26.27641502490017,27.463980058094332,-1.1875650331941614
2016-11-10 08:00:00,26.032966073619864,27.39742931647691,-1.3644632428570453
2016-11-10 09:00:00,27.582351344648625,27.443425104733922,0.13892623991470288
2016-11-10 10:00:00,27.456142488353247,28.342434547150273,-0.8862920587970251
2016-11-10 11:00:00,28.438027515224338,28.707156842198444,-0.26912932697410596
2016-11-10 12:00:00,29.15204840640228,29.658340840601976,-0.5062924341996968
2016-11-10 13:00:00,32.61968517272537,29.450341403135816,3.1693437695895526
2016-11-10 14:00:00,29.936940926876396,32.8023444594952,-2.8654035326188065
2016-11-10 15:00:00,30.96279086317422,30.23452632242712,0.7282645407471016
2016-11-10 16:00:00,31.957572270207425,32.225068466724814,-0.26749619651738854
2016-11-10 17:00:00,29.681943883187355,34.04426687889882,-4.362322995711462
2016-11-10 18:00:00,31.52290507670357,31.629039470485207,-0.10613439378163747
2016-11-10 19:00:00,32.63434003546176,33.92374816453763,-1.2894081290758663
2016-11-10 20:00:00,31.615817714085022,34.42694204011928,-2.811124326034257
2016-11-10 21:00:00,39.39029489913333,33.94580176746011,5.4444931316732195
2016-11-10 22:00:00,36.179091420503134,37.374576391564595,-1.195484971061461
2016-11-10 23:00:00,39.07257512553133,36.81098408663513,2.2615910388961993
2016-11-11 00:00:00,37.867640710802405,36.4529196180394,1.4147210927630027
2016-11-11 01:00:00,34.23232139299625,33.967607819365064,0.26471357363118386
2016-11-11 02:00:00,27.309592576119083,31.060102518172897,-3.7505099420538137
2016-11-11 03:00:00,24.473849837905,24.602020902611983,-0.12817106470698292
2016-11-11 04:00:00,21.746378341588958,22.845177228140514,-1.098798886551556
2016-11-11 05:00:00,21.53634317484861,21.57744168165779,-0.04109850680917759
2016-11-11 06:00:00,24.62529492216217,26.368857808102643,-1.7435628859404737
2016-11-11 07:00:00,25.025845140004535,26.150377789747363,-1.1245326497428287
2016-11-11 08:00:00,25.34500176562934,26.49568165487463,-1.1506798892452892
2016-11-11 09:00:00,26.877270087231896,26.806738131569357,0.07053195566253834
2016-11-11 10:00:00,26.0761397324261,28.6114676461533,-2.535327913727201
2016-11-11 11:00:00,35.16877593239051,27.933251620096666,7.235524312293844
2016-11-11 12:00:00,36.71224061317636,33.79579752800821,2.9164430851681544
2016-11-11 13:00:00,31.750057468199458,36.942497824513914,-5.1924403563144566
2016-11-11 14:00:00,38.599804554701294,31.944335620990664,6.65546893371063
2016-11-11 15:00:00,38.80145722806181,36.424111356980234,2.377345871081573
2016-11-11 16:00:00,35.65649431636936,37.83056595823692,-2.174071641867556
2016-11-11 17:00:00,34.409060799704896,35.90083919116889,-1.4917783914639955
2016-11-11 18:00:00,33.9116699126354,34.93250587637391,-1.0208359637385058
2016-11-11 19:00:00,39.74523919882427,34.98423936001231,4.760999838811962
2016-11-11 20:00:00,32.7351667392478,38.42352472552566,-5.6883579862778575
2016-11-11 21:00:00,37.44264602038919,34.81414351348015,2.6285025069090437
2016-11-11 22:00:00,38.253653172652186,37.59189144237823,0.6617617302739589
2016-11-11 23:00:00,35.3886010760711,38.23413570607465,-2.8455346300035558
2016-11-12 00:00:00,32.49335893435685,34.648218058094464,-2.154859123737616
2016-11-12 01:00:00,34.640316516056394,30.73526040625764,3.9050561097987533
2016-11-12 02:00:00,32.392532597676585,30.23040633906961,2.1621262586069747
2016-11-12 03:00:00,27.46754405966755,26.940085859350216,0.5274582003173336
2016-11-12 04:00:00,21.8921369573144,23.775251675310653,-1.8831147179962535
2016-11-12 05:00:00,21.810714363740225,21.339602359401216,0.4711120043390089
2016-11-12 06:00:00,24.665185737531026,25.72095344764874,-1.0557677101177134
2016-11-12 07:00:00,25.660084251308042,25.888153743629683,-0.22806949232164087
2016-11-12 08:00:00,25.689394343886608,26.77368278361234,-1.0842884397257322
2016-11-12 09:00:00,28.05860951216482,26.97133386274984,1.0872756494149804
2016-11-12 10:00:00,32.25243108202048,29.7489276405687,2.5035034414517803
2016-11-12 11:00:00,38.61504605247407,32.38959982402227,6.225446228451801
2016-11-12 12:00:00,36.88839338484862,39.37612070049373,-2.4877273156451096
2016-11-12 13:00:00,38.59570104629279,38.30048182574811,0.29521922054468064
2016-11-12 14:00:00,38.78445729360297,38.97707055441747,-0.19261326081450392
2016-11-12 15:00:00,43.86886280143411,38.00502053156758,5.863842269866531
2016-11-12 16:00:00,45.016056616454705,39.8608983156085,5.155158300846203
2016-11-12 17:00:00,45.87337342864933,41.708174879981065,4.165198548668265
2016-11-12 18:00:00,37.02497802713262,42.845998893155055,-5.821020866022437
2016-11-12 19:00:00,37.68621189486042,38.01003875326714,-0.32382685840671854
2016-11-12 20:00:00,33.64700059529683,38.41426640610616,-4.767265810809327
2016-11-12 21:00:00,35.76787200737751,35.84334310003543,-0.07547109265792074
2016-11-12 22:00:00,36.26379740817336,37.7187060778361,-1.4549086696627427
2016-11-12 23:00:00,32.00651995227392,38.34892912366038,-6.342409171386464
2016-11-13 00:00:00,33.53884682724838,33.85137939131562,-0.31253256406724006
2016-11-13 01:00:00,31.121651117081004,32.699604397890056,-1.5779532808090515
2016-11-13 02:00:00,30.305660687407812,30.080221324439638,0.22543936296817435
2016-11-13 03:00:00,32.850061670733844,27.008338394997995,5.841723275735848
2016-11-13 04:00:00,21.99879660483838,26.467091599771443,-4.468294994933064
2016-11-13 05:00:00,20.223079515508406,21.45120023467516,-1.2281207191667534
2016-11-13 06:00:00,24.455120835222502,25.207880564621608,-0.7527597293991057
2016-11-13 07:00:00,26.253611882271567,26.089768853341226,0.16384302893034075
2016-11-13 08:00:00,26.71199098876234,27.830674241159137,-1.1186832523967958
2016-11-13 09:00:00,26.79910023442114,28.77725839972894,-1.9781581653078
2016-11-13 10:00:00,28.898868628100534,29.420722750203417,-0.5218541221028836
2016-11-13 11:00:00,29.05432886872982,31.384192373073834,-2.329863504344015
2016-11-13 12:00:00,31.643369186424643,31.144620755844073,0.4987484305805694
2016-11-13 13:00:00,32.61968517272537,34.051443908315754,-1.4317587355903854
2016-11-13 14:00:00,40.60578066819015,34.24400292552659,6.361777742663563
2016-11-13 15:00:00,40.369542225087116,38.725008380383755,1.6445338447033606
2016-11-13 16:00:00,37.932708741878926,38.06945872064013,-0.13674997876120187
2016-11-13 17:00:00,37.92626089595954,37.1051046135772,0.82115628238234
2016-11-13 18:00:00,38.646993800081724,37.69755534589878,0.9494384541829461
2016-11-13 19:00:00,40.212440774972166,39.17647653380072,1.035964241171449
2016-11-13 20:00:00,35.44135858192211,39.55287989344834,-4.111521311526232
2016-11-13 21:00:00,39.21765900083318,37.257605282335106,1.9600537184980737
2016-11-13 22:00:00,36.16766048072644,39.00658479867627,-2.8389243179498322
2016-11-13 23:00:00,33.3190216835678,37.99490226483408,-4.675880581266284
2016-11-14 00:00:00,33.68451733758663,33.86650675884437,-0.18198942125774664
2016-11-14 01:00:00,36.00645552220299,33.51375839867704,2.49269712352595
2016-11-14 02:00:00,30.227403004539198,32.85722464899039,-2.629821644451191
2016-11-14 03:00:00,23.443925761661067,27.31237626312248,-3.868450501461414
2016-11-14 04:00:00,22.444132626519718,22.094138220805732,0.34999440571398566
2016-11-14 05:00:00,22.903303029519215,21.783585936239255,1.1197170932799594
2016-11-14 06:00:00,27.298190821251893,26.25945551796368,1.0387353032882132
2016-11-14 07:00:00,26.747807664185093,28.73571040275939,-1.9879027385742987
2016-11-14 08:00:00,27.544893155730737,28.34957084061961,-0.8046776848888726
2016-11-14 09:00:00,31.86407336489536,28.923776284995657,2.940297079899704
2016-11-14 10:00:00,32.95088837451988,31.81435530354419,1.1365330709756876
2016-11-14 11:00:00,29.98911271545547,33.35155070993778,-3.3624379944823133
2016-11-14 12:00:00,28.308565229842202,31.672115606452948,-3.363550376610746
2016-11-14 13:00:00,31.443768083715486,30.92285608427317,0.5209119994423155
2016-11-14 14:00:00,33.07135230068806,33.859329840665154,-0.7879775399770921
2016-11-14 15:00:00,35.03776028478866,33.62309188926123,1.4146683955274284
2016-11-14 16:00:00,38.30670436312718,35.23057127779913,3.0761330853280526
2016-11-14 17:00:00,34.41228472266459,38.238359521183405,-3.8260747985188175
2016-11-14 18:00:00,33.20647145669842,36.013372756346286,-2.806901299647869
2016-11-14 19:00:00,38.28941147825592,35.794114602109396,2.4952968761465257
2016-11-14 20:00:00,34.27980358878909,37.93648750275198,-3.656683913962887
2016-11-14 21:00:00,35.162327719365344,36.175795763046395,-1.0134680436810513
2016-11-14 22:00:00,34.640316516056394,37.12731361634089,-2.4869971002844977
2016-11-14 23:00:00,40.27926724273475,36.31970597984241,3.9595612628923362
2016-11-15 00:00:00,41.71047464706364,36.13213330656114,5.578341340502504
2016-11-15 01:00:00,32.225465694058585,34.507060176163975,-2.2815944821053904
2016-11-15 02:00:00,29.344878896907062,28.913919579500682,0.43095931740637994
2016-11-15 03:00:00,24.473029356486766,24.931538064335083,-0.458508707848317
2016-11-15 04:00:00,25.195198378420194,22.764202087673457,2.4309962907467373
2016-11-15 05:00:00,22.23732138273906,23.329565600090007,-1.0922442173509452
2016-11-15 06:00:00,25.529830715305405,26.541940425411497,-1.0121097101060919
2016-11-15 07:00:00,26.361091644108,26.71240007315915,-0.3513084290511479
2016-11-15 08:00:00,26.557292796635966,27.41736184048313,-0.8600690438471652
2016-11-15 09:00:00,28.565848424776004,27.767138101645244,0.7987103231307593
2016-11-15 10:00:00,28.14410679634377,29.72912054948707,-1.5850137531433006
2016-11-15 11:00:00,29.3410685912962,29.914762130099632,-0.5736935388034325
2016-11-15 12:00:00,34.0069276217393,30.512117676597587,3.4948099451417143
2016-11-15 13:00:00,30.4741931690759,33.88737129697674,-3.4131781279008386
2016-11-15 14:00:00,31.671799877107293,32.59691538015736,-0.9251155030500691
2016-11-15 15:00:00,32.250086010298034,33.29324296347447,-1.0431569531764353
2016-11-15 16:00:00,36.92503127590117,34.11193493411865,2.8130963417825186
2016-11-15 17:00:00,37.41099122319396,36.41261738307257,0.9983738401213884
2016-11-15 18:00:00,37.11525300948499,37.238309761103054,-0.12305675161806562
2016-11-15 19:00:00,35.18020687216721,37.47726955443635,-2.297062682269136
2016-11-15 20:00:00,34.26983813528604,35.934931350751896,-1.665093215465859
2016-11-15 21:00:00,34.51076635472818,35.88002860454199,-1.3692622498138078
2016-11-15 22:00:00,37.48573175736112,36.97424155006574,0.5114902072953811
2016-11-15 23:00:00,36.21162580314718,38.46414935340465,-2.2525235502574716
2016-11-16 00:00:00,33.131730922531254,36.157072194012905,-3.0253412714816506
2016-11-16 01:00:00,30.870757444135798,31.627977485033128,-0.7572200408973302
2016-11-16 02:00:00,29.681943883187355,28.302782422054584,1.379161461132771
2016-11-16 03:00:00,24.31507768938541,25.28645501392081,-0.9713773245353998
2016-11-16 04:00:00,22.733978792460174,22.944135093221423,-0.21015630076124836
2016-11-16 05:00:00,22.107067846736427,21.959482205027477,0.14758564170895028
2016-11-16 06:00:00,26.336646987984263,26.51289383232372,-0.17624684433945603
2016-11-16 07:00:00,25.48747772147029,27.63676057111033,-2.149282849640038
2016-11-16 08:00:00,26.81539661065267,26.621237892191076,0.19415871846159405
2016-11-16 09:00:00,26.910654136203675,28.47578326527312,-1.5651291290694438
2016-11-16 10:00:00,26.97742223414724,29.05868597246896,-2.08126373832172
2016-11-16 11:00:00,28.116438217260338,29.34917614026932,-1.2327379230089832
2016-11-16 12:00:00,30.584985051035666,30.05452373769463,0.5304613133410356
2016-11-16 13:00:00,34.72590172206965,31.698431912945807,3.0274698091238434
2016-11-16 14:00:00,32.62789182243659,34.24847993378596,-1.6205881113493703
2016-11-16 15:00:00,29.860441772470285,33.840434073194004,-3.979992300723719
2016-11-16 16:00:00,33.093334961898435,31.893846955567465,1.19948800633097
2016-11-16 17:00:00,31.951124057182255,34.509758890546294,-2.5586348333640387
2016-11-16 18:00:00,32.53409996671211,34.769903256688764,-2.2358032899766513
2016-11-16 19:00:00,32.57630648534102,34.95424159479712,-2.3779351094560965
2016-11-16 20:00:00,34.406715727982444,34.69595853252052,-0.2892428045380768
2016-11-16 21:00:00,34.06408195351702,35.82974527510994,-1.7656633215929247
2016-11-16 22:00:00,36.7922564574017,36.057515640792815,0.734740816608884
2016-11-16 23:00:00,37.75772850606789,37.631097411089854,0.1266310949780376
2016-11-17 00:00:00,36.20781524515109,36.29346047058678,-0.08564522543569097
2016-11-17 01:00:00,34.43280189760132,33.99919960580265,0.43360229179867105
2016-11-17 02:00:00,29.92140657046764,30.474831147101213,-0.5534245766335744
2016-11-17 03:00:00,24.009784813541163,25.98522731029742,-1.9754424967562585
2016-11-17 04:00:00,22.664777884512752,22.86226950738382,-0.1974916228710697
2016-11-17 05:00:00,20.661117474283945,22.03011613984907,-1.368998665565126
2016-11-17 06:00:00,25.020159038578583,26.305175982211804,-1.2850169436332202
2016-11-17 07:00:00,25.32791409288909,26.38229869086335,-1.0543845979742628
2016-11-17 08:00:00,25.267652577789708,26.49070960110855,-1.223057023318841
2016-11-17 09:00:00,26.435978653481374,26.697451977912156,-0.2614733244307814
2016-11-17 10:00:00,30.167317516661313,27.78956129645022,2.3777562202110936
2016-11-17 11:00:00,30.456314108050478,30.50252342980646,-0.046209321755981136
2016-11-17 12:00:00,31.762953894249797,31.147701042999415,0.6152528512503821
2016-11-17 13:00:00,33.103300048295715,32.1520422417118,0.9512578065839179
2016-11-17 14:00:00,32.92890571330951,34.04773374008351,-1.118828026773997
2016-11-17 15:00:00,31.76969524124027,33.42524998137886,-1.6555547401385908
2016-11-17 16:00:00,33.712948211822166,32.78617646011379,0.9267717517083724
2016-11-17 17:00:00,31.715764832422252,34.306716300832946,-2.590951468410694
2016-11-17 18:00:00,33.34100434477816,33.76584111056892,-0.4248367657907579
2016-11-17 19:00:00,32.27118945316538,34.99002644913642,-2.7188369959710457
2016-11-17 20:00:00,33.524191964511985,34.66995237855953,-1.145760414047544
2016-11-17 21:00:00,34.177218448317,35.62636799053564,-1.4491495422186418
2016-11-17 22:00:00,31.421199338127394,35.94711751902973,-4.525918180902337
2016-11-17 23:00:00,34.17135650322244,33.26605005900373,0.9053064442187093
2016-11-18 00:00:00,35.250843897925876,35.16243509443836,0.08840880348751767
2016-11-18 01:00:00,30.00376766996831,33.21867318972842,-3.214905519760112
2016-11-18 02:00:00,28.11318474228536,27.668316015126884,0.44486872715847525
2016-11-18 03:00:00,27.152461573988848,24.48916288285674,2.663298691132109
2016-11-18 04:00:00,21.996334059266342,23.493532756026028,-1.4971986967596855
2016-11-18 05:00:00,20.9208330662276,21.41219080027288,-0.4913577340452804
2016-11-18 06:00:00,25.74719368051973,25.73580972231408,0.011383958205648526
2016-11-18 07:00:00,26.214541548320945,26.62480388351817,-0.4102623351972241
2016-11-18 08:00:00,27.019745859519954,27.65917770945563,-0.6394318499356757
2016-11-18 09:00:00,26.269087409979086,28.196743817829233,-1.9276564078501472
2016-11-18 10:00:00,28.661926592354025,27.996130649459026,0.6657959428949987
2016-11-18 11:00:00,29.117872946201214,29.75023799167255,-0.6323650454713352
2016-11-18 12:00:00,33.627655956221325,30.130797406750442,3.4968585494708826
2016-11-18 13:00:00,36.86553150529522,33.46786622143685,3.397665283858373
2016-11-18 14:00:00,32.72695972243079,36.370658658075754,-3.643698935644963
2016-11-18 15:00:00,34.081961106318886,33.2753652318282,0.8065958744906894
2016-11-18 16:00:00,40.99736285893363,34.36721140666351,6.63015145227012
2016-11-18 17:00:00,41.935282884601534,38.37087215914448,3.5644107254570514
2016-11-18 18:00:00,38.8161120907982,39.13139083502321,-0.31527874422501156
2016-11-18 19:00:00,36.6260691392325,36.756962408806025,-0.13089326957352654
2016-11-18 20:00:00,34.40994001804792,35.876194144792485,-1.4662541267445661
2016-11-18 21:00:00,33.115317256003024,35.10975051864837,-1.9944332626453445
2016-11-18 22:00:00,33.08776596721629,35.04085538371018,-1.9530894164938886
2016-11-18 23:00:00,30.538675207551147,34.07609758759463,-3.537422380043484
2016-11-19 00:00:00,31.74273003683126,30.428866081838798,1.3138639549924633
2016-11-19 01:00:00,29.797718354233982,30.33861659740838,-0.5408982431743965
2016-11-19 02:00:00,32.06836406039074,27.44205088789503,4.626313172495713
2016-11-19 03:00:00,26.84960132459557,27.061692511734392,-0.2120911871388209
2016-11-19 04:00:00,20.074917091135724,23.282301692408268,-3.207384601272544
2016-11-19 05:00:00,18.77223415458581,20.40888712399616,-1.636652969410349
2016-11-19 06:00:00,23.6580648039157,25.392589907414322,-1.7345251034986227
2016-11-19 07:00:00,24.47467068642901,26.051993792049092,-1.5773231056200814
2016-11-19 08:00:00,26.846318664711085,26.203855271310623,0.6424633934004618
2016-11-19 09:00:00,29.985888608942886,28.41979742980111,1.5660911791417753
2016-11-19 10:00:00,27.18827843296449,30.55371878225785,-3.3654403492933582
2016-11-19 11:00:00,33.50455400791828,29.821965532913946,3.6825884750043336
2016-11-19 12:00:00,35.91852561157307,34.132837366483955,1.785688245089112
2016-11-19 13:00:00,35.529289226763595,37.713157599185465,-2.1838683724218697
2016-11-19 14:00:00,39.42429476805101,36.289558961545474,3.134735806505539
2016-11-19 15:00:00,37.13078745767019,39.22774260829833,-2.0969551506281405
2016-11-19 16:00:00,37.52324849965092,37.25179322687542,0.27145527277549775
2016-11-19 17:00:00,39.4732424501175,36.96057337449922,2.512669075618284
2016-11-19 18:00:00,35.93816356816677,38.407831886606104,-2.469668318439332
2016-11-19 19:00:00,32.21667277641674,37.57225923394226,-5.3555864575255185
2016-11-19 20:00:00,33.04878373865286,35.378150633000956,-2.329366894348098
2016-11-19 21:00:00,34.033013424252395,34.86982612910433,-0.8368127048519369
2016-11-19 22:00:00,38.755147568130184,34.58931758657537,4.165829981554815
2016-11-19 23:00:00,39.90322023438802,37.33021188656779,2.5730083478202346
2016-11-20 00:00:00,36.09116150987322,37.30650524677193,-1.21534373689871
2016-11-20 01:00:00,30.497934266972326,34.11080757429113,-3.6128733073188037
2016-11-20 02:00:00,27.433339345724647,29.806707877793126,-2.373368532068479
2016-11-20 03:00:00,24.642382594902422,25.32709216656812,-0.6847095716656995
2016-11-20 04:00:00,21.491557738115418,22.433027776649183,-0.9414700385337653
2016-11-20 05:00:00,19.52860789046214,21.05007139725442,-1.52146350679228
2016-11-20 06:00:00,23.903946381646975,25.046581943099916,-1.1426355614529413
2016-11-20 07:00:00,24.97537323473961,26.05866370581911,-1.0832904710795006
2016-11-20 08:00:00,25.14798013168314,26.295295442777466,-1.1473153110943244
2016-11-20 09:00:00,27.042549002148558,26.77963825323028,0.2629107489182765
2016-11-20 10:00:00,28.03501498125105,29.949058001326886,-1.9140430200758374
2016-11-20 11:00:00,30.383918370276422,31.61137761679884,-1.2274592465224181
2016-11-20 12:00:00,34.23320061133927,33.744712676069256,0.4884879352700153
2016-11-20 13:00:00,34.82672805874991,34.517676131384,0.3090519273659069
2016-11-20 14:00:00,39.75901521032342,34.758323011219645,5.000692199103774
2016-11-20 15:00:00,36.920927767492664,38.599856075467585,-1.678928307974921
2016-11-20 16:00:00,36.7734980862568,37.724146029303,-0.9506479430461994
2016-11-20 17:00:00,39.317019851239806,37.3086240232093,2.0083958280305083
2016-11-20 18:00:00,41.03487960122342,38.34758840679797,2.6872911944254554
2016-11-20 19:00:00,38.81933674796946,40.00164356049638,-1.1823068125269245
2016-11-20 20:00:00,38.09479328585118,39.441665440866586,-1.3468721550154044
2016-11-20 21:00:00,37.57454051922829,38.516834085853446,-0.9422935666251533
2016-11-20 22:00:00,37.88493359567366,38.3825853622098,-0.4976517665361442
2016-11-20 23:00:00,38.47846141019008,37.42905160501779,1.0494098051722887
2016-11-21 00:00:00,34.193339164432814,36.080531381804406,-1.8871922173715916
2016-11-21 01:00:00,33.3272287003848,32.65722222873343,0.6700064716513694
2016-11-21 02:00:00,28.32160817698697,30.298717472277495,-1.977109295290525
2016-11-21 03:00:00,24.640741264960177,25.181065995428686,-0.5403247304685088
2016-11-21 04:00:00,25.36455161683585,22.450371912651555,2.9141797041842956
2016-11-21 05:00:00,22.70710150988547,22.75290558183356,-0.04580407194809055
2016-11-21 06:00:00,28.98187455033773,25.271155671793515,3.7107188785442133
2016-11-21 07:00:00,29.568807296610924,28.93690486106598,0.6319024355449443
2016-11-21 08:00:00,28.2572727513826,29.268453249880277,-1.0111804984976764
2016-11-21 09:00:00,29.330223896506002,29.508278023669888,-0.17805412716388602
2016-11-21 10:00:00,31.004411113872514,30.941996345627494,0.062414768245020014
2016-11-21 11:00:00,29.306717287426533,32.67651426230401,-3.3697969748774774
2016-11-21 12:00:00,28.482813181398644,31.71612624081102,-3.2333130594123745
2016-11-21 13:00:00,32.77004545940273,30.83978367649796,1.930261782904772
2016-11-21 14:00:00,34.42928465712343,33.80087248291259,0.6284121742108439
2016-11-21 15:00:00,33.63146651421741,34.050791804926746,-0.4193252907093381
2016-11-21 16:00:00,40.973621393931424,34.374131175563775,6.599490218367649
2016-11-21 17:00:00,36.035179346850946,39.54222633780753,-3.5070469909565816
2016-11-21 18:00:00,42.90251263574223,37.89661141165847,5.0059012240837575
2016-11-21 19:00:00,51.04014058663981,40.89078194539138,10.149358641248426
2016-11-21 20:00:00,44.80443775537957,42.44582824287711,2.358609512502454
2016-11-21 21:00:00,39.636205845327005,41.88176684751649,-2.2455610021894827
2016-11-21 22:00:00,37.03963288986901,38.992492095302794,-1.952859205433782
2016-11-21 23:00:00,32.577185703684044,38.680435984323495,-6.10325028063945
2016-11-22 00:00:00,30.200730934095493,31.959583348703312,-1.7588524146078193
2016-11-22 01:00:00,29.06165636893035,29.185010038712274,-0.12335366978192397
2016-11-22 02:00:00,30.821223677691588,26.471463210246466,4.3497604674451225
2016-11-22 03:00:00,25.96945145065128,26.732345609062488,-0.762894158411207
2016-11-22 04:00:00,21.45084570711677,24.429900837435397,-2.9790551303186277
2016-11-22 05:00:00,21.485871269583686,21.389499298482463,0.09637197110122386
2016-11-22 06:00:00,25.58030262057033,26.07011584990439,-0.4898132293340609
2016-11-22 07:00:00,26.902505856311468,26.848119765969855,0.05438609034161246
2016-11-22 08:00:00,26.852034134599432,28.532947085631847,-1.6809129510324148
2016-11-22 09:00:00,28.876065451055766,28.598453416486656,0.27761203456910977
2016-11-22 10:00:00,35.78340645556271,30.01935912072549,5.7640473348372225
2016-11-22 11:00:00,34.554731310043145,35.939803278487965,-1.3850719684448194
2016-11-22 12:00:00,40.00580500775434,34.3034871094219,5.7023178983324385
2016-11-22 13:00:00,37.5909545528623,38.20238828149246,-0.6114337286301605
2016-11-22 14:00:00,39.68808449994078,37.01283540560086,2.675249094339918
2016-11-22 15:00:00,34.6485235328734,37.984211547189744,-3.3356880143163465
2016-11-22 16:00:00,34.78598739350043,35.06530662110019,-0.279319227599764
2016-11-22 17:00:00,39.75256663019247,35.61064463861774,4.141921991574726
2016-11-22 18:00:00,38.05024206260561,39.042564841905126,-0.9923227792995135
2016-11-22 19:00:00,37.55343781057251,38.38499451386832,-0.83155670329581
2016-11-22 20:00:00,35.31767036568846,38.026381812189385,-2.708711446500928
2016-11-22 21:00:00,33.898773486585064,36.96198356031118,-3.0632100737261183
2016-11-22 22:00:00,40.03745980494958,35.678807581272686,4.358652223676891
2016-11-22 23:00:00,36.305417658871654,36.777147423162226,-0.471729764290572
2016-11-23 00:00:00,28.283329323097963,36.41456580630188,-8.131236483203917
2016-11-23 01:00:00,30.133904099227134,27.07395331718028,3.0599507820468546
2016-11-23 02:00:00,24.72052289569789,28.070081133876887,-3.3495582381789966
2016-11-23 03:00:00,20.823113912869008,23.268961769323703,-2.4458478564546944
2016-11-23 04:00:00,19.951961618038887,20.888868391969716,-0.9369067739308292
2016-11-23 05:00:00,20.14247703624668,20.628373292431327,-0.4858962561846454
2016-11-23 06:00:00,25.84652516246395,26.255645692987546,-0.40912053052359454
2016-11-23 07:00:00,27.420325629377608,27.373321607003202,0.04700402237440571
2016-11-23 08:00:00,26.18605230426639,29.185580563091953,-2.9995282588255634
2016-11-23 09:00:00,27.268060247255093,28.31106744125511,-1.0430071940000154
2016-11-23 10:00:00,26.994510090440382,29.51825164278501,-2.523741552344628
2016-11-23 11:00:00,29.703926406733057,29.87074488419654,-0.1668184774634831
2016-11-23 12:00:00,30.773741481898735,30.63290934125281,0.14083214064592653
2016-11-23 13:00:00,30.217730685001445,32.70930129120963,-2.4915706062081817
2016-11-23 14:00:00,30.573554111258964,32.276925479697034,-1.70337136843807
2016-11-23 15:00:00,28.04152183942457,32.838087299274356,-4.796565459849788
2016-11-23 16:00:00,28.601665237863422,30.942752263746694,-2.3410870258832723
2016-11-23 17:00:00,29.978561085798244,31.68903146033822,-1.7104703745399767
2016-11-23 18:00:00,29.4767738775725,32.530239883590575,-3.0534660060180734
2016-11-23 19:00:00,26.833304948364045,31.938951336310065,-5.10564638794602
2016-11-23 20:00:00,24.86302822000124,28.668646471971684,-3.8056182519704436
2016-11-23 21:00:00,26.934248575341005,26.726940546143794,0.20730802919721114
2016-11-23 22:00:00,31.177047012172665,28.583743572461454,2.5933034397112102
2016-11-23 23:00:00,29.9067516159548,31.026329761088306,-1.1195781451335058
2016-11-24 00:00:00,26.650117512183115,28.42256269077633,-1.772445178593216
2016-11-24 01:00:00,24.627727365060252,25.211839831127715,-0.584112466067463
2016-11-24 02:00:00,22.148599992047526,23.262329733286883,-1.1137297412393572
2016-11-24 03:00:00,22.51576597736522,21.164555711881942,1.351210265483278
2016-11-24 04:00:00,21.520867463588203,21.43201027680246,0.08885718678574506
2016-11-24 05:00:00,20.79951929017879,21.042401542408587,-0.24288225222979776
2016-11-24 06:00:00,25.36698442683971,25.60948722735601,-0.24250280051629858
2016-11-24 07:00:00,25.56239409930606,26.567971490281998,-1.0055773909759367
2016-11-24 08:00:00,25.42478376347283,26.585896547093746,-1.161112783620915
2016-11-24 09:00:00,25.75372963182631,27.336936548382948,-1.5832069165566374
2016-11-24 10:00:00,26.767357515391602,27.649647661632038,-0.882290146240436
2016-11-24 11:00:00,29.325534303719778,28.038616399591415,1.2869179041283623
2016-11-24 12:00:00,28.08223341154099,29.885228192200522,-1.8029947806595317
2016-11-24 13:00:00,29.470325710435556,29.126387718503196,0.34393799193236063
2016-11-24 14:00:00,29.67139229941835,29.855414192640563,-0.18402189322221219
2016-11-24 15:00:00,31.447285140640485,29.86392705248093,1.5833580881595566
2016-11-24 16:00:00,38.204705490585695,31.723187038288728,6.481518452296967
2016-11-24 17:00:00,35.34463575365035,34.2948506161443,1.0497851375060492
2016-11-24 18:00:00,29.901182713049103,32.34572650827096,-2.444543795221854
2016-11-24 19:00:00,27.186637103022246,29.21280243234898,-2.0261653293267337
2016-11-24 20:00:00,24.558526457112826,27.576904150128897,-3.0183776930160704
2016-11-24 21:00:00,23.667825045287756,26.134277671305565,-2.4664526260178086
2016-11-24 22:00:00,24.162841492172404,25.892147558040797,-1.7293060658683927
2016-11-24 23:00:00,22.871589495399185,26.079572372112096,-3.2079828767129115
2016-11-25 00:00:00,22.0867265154683,24.539120992945833,-2.452394477477533
2016-11-25 01:00:00,20.356615711395534,22.706993777808663,-2.3503780664131284
2016-11-25 02:00:00,20.381851296922214,20.02555440281334,0.35629689410887266
2016-11-25 03:00:00,19.537547650415963,19.929185542547735,-0.39163789213177225
2016-11-25 04:00:00,19.563604084466657,19.765378610643676,-0.20177452617701874
2016-11-25 05:00:00,19.263176461524353,19.917900977471838,-0.6547245159474855
2016-11-25 06:00:00,24.568286698484883,24.9823323345359,-0.41404563605101785
2016-11-25 07:00:00,25.36698442683971,25.821302505246223,-0.45431807840651217
2016-11-25 08:00:00,24.642382594902422,26.41309044053773,-1.7707078456353074
2016-11-25 09:00:00,24.67984060026742,26.078753866239047,-1.398913265971629
2016-11-25 10:00:00,25.797694587141272,26.219949613729774,-0.4222550265885019
2016-11-25 11:00:00,27.443920252067826,27.236991759798673,0.206928492269153
2016-11-25 12:00:00,26.030533447168892,28.282954761573336,-2.252421314404444
2016-11-25 13:00:00,30.081146134493892,27.491316308201508,2.589829826292384
2016-11-25 14:00:00,30.56388179172121,30.75103057167399,-0.18714877995277845
2016-11-25 15:00:00,28.25730202806855,31.372835384194637,-3.115533356126086
2016-11-25 16:00:00,29.044597949931937,29.320663669654024,-0.27606571972208727
2016-11-25 17:00:00,30.742965903046528,30.044463728358526,0.6985021746880022
2016-11-25 18:00:00,29.657616609136763,30.22111025622898,-0.5634936470922156
2016-11-25 19:00:00,29.104829999056445,28.65840391062562,0.446426088430826
2016-11-25 20:00:00,24.668439028953117,28.462424428414288,-3.793985399461171
2016-11-25 21:00:00,25.251385753573466,24.655685439212792,0.5957003143606734
2016-11-25 22:00:00,24.514561501797868,25.586503049143996,-1.0719415473461282
2016-11-25 23:00:00,25.947498157903308,24.121472528192548,1.8260256297107595
2016-11-26 00:00:00,24.19783768617692,24.13348825686284,0.06434942931408116
2016-11-26 01:00:00,21.280701722851056,22.527738617312778,-1.247036894461722
2016-11-26 02:00:00,20.122135704978554,20.627481143211167,-0.505345438232613
2016-11-26 03:00:00,19.348673929256194,19.78171229569675,-0.43303836644055593
2016-11-26 04:00:00,19.458586868202264,19.674401884105556,-0.2158150159032921
2016-11-26 05:00:00,19.298202023991266,19.819928782913244,-0.5217267589219787
2016-11-26 06:00:00,24.37615968590302,24.77055064175498,-0.3943909558519607
2016-11-26 07:00:00,24.813347794797927,25.630229516087343,-0.8168817212894162
2016-11-26 08:00:00,26.338288501479397,25.73774870696004,0.6005397945193565
2016-11-26 09:00:00,25.93609658658901,27.117351513327687,-1.1812549267386778
2016-11-26 10:00:00,28.715681134559325,26.89126343878342,1.8244176957759066
2016-11-26 11:00:00,26.935069240312128,29.34274506444791,-2.407675824135783
2016-11-26 12:00:00,29.235962948427055,28.23157788381773,1.0043850646093233
2016-11-26 13:00:00,28.87199135699788,29.267875813944606,-0.3958844569467246
2016-11-26 14:00:00,31.182615823301916,29.44249948348827,1.740116339813646
2016-11-26 15:00:00,37.96201920156328,31.97164474510484,5.99037445645844
2016-11-26 16:00:00,34.6370925930967,35.070100010259466,-0.4330074171627629
2016-11-26 17:00:00,34.18190822465611,34.19742597357934,-0.015517748923230101
2016-11-26 18:00:00,32.088001833431555,31.1603031777106,0.9276986557209561
2016-11-26 19:00:00,28.704279540300913,29.303034572309794,-0.5987550320088815
2016-11-26 20:00:00,27.657238445798445,28.702735363683477,-1.045496917885032
2016-11-26 21:00:00,26.865868332364705,28.50563636236053,-1.6397680299958246
2016-11-26 22:00:00,26.440873458398602,27.973520979203162,-1.5326475208045593
2016-11-26 23:00:00,29.896199986297574,26.52256406626692,3.3736359200306545
2016-11-27 00:00:00,25.537978995197612,27.698725898722117,-2.1607469035245046
2016-11-27 01:00:00,23.03683922540634,23.733664820166652,-0.6968255947603126
2016-11-27 02:00:00,22.378185009994386,22.087588908571632,0.2905961014227536
2016-11-27 03:00:00,21.669058522211724,21.384933445630374,0.28412507658135056
2016-11-27 04:00:00,20.10097352518642,20.85866746344574,-0.7576939382593224
2016-11-27 05:00:00,19.790756659515438,20.082819058520464,-0.29206239900502595
2016-11-27 06:00:00,25.124356140530526,25.05766728069051,0.06668885984001705
2016-11-27 07:00:00,25.232656750890968,26.187704458801246,-0.9550477079102784
2016-11-27 08:00:00,25.389787569468314,26.12071801876596,-0.7309304492976452
2016-11-27 09:00:00,27.902299358558597,26.465809988395385,1.436489370163212
2016-11-27 10:00:00,27.837993163751957,28.52604398665096,-0.6880508228990045
2016-11-27 11:00:00,27.107675953702767,28.917216792588874,-1.8095408388861074
2016-11-27 12:00:00,29.036449770420216,29.077999043220455,-0.04154927280023912
2016-11-27 13:00:00,31.59617994104421,30.071194067070984,1.5249858739732254
2016-11-27 14:00:00,38.70326891351641,32.60101977283568,6.102249140680733
2016-11-27 15:00:00,33.61710460189343,36.2660874105861,-2.648982808692672
2016-11-27 16:00:00,36.17410906085739,34.51060904415457,1.6635000167028196
2016-11-27 17:00:00,42.52734521284431,34.67587809528448,7.851467117559828
2016-11-27 18:00:00,37.2530101876302,37.344383847401446,-0.0913736597712429
2016-11-27 19:00:00,42.11583138088315,34.681934560274385,7.433896820608766
2016-11-27 20:00:00,37.48983453155807,37.83089389505166,-0.3410593634935921
2016-11-27 21:00:00,40.10428700692371,35.179918566548295,4.924368440375417
2016-11-27 22:00:00,36.40946791851161,36.053322430257545,0.35614548825406445
2016-11-27 23:00:00,35.618977574079565,35.00592006034023,0.613057513739335
2016-11-28 00:00:00,42.98721862341245,31.95199520991934,11.035223413493114
2016-11-28 01:00:00,31.77702267260847,33.43430224771271,-1.657279575104237
2016-11-28 02:00:00,27.195605864332688,27.475507870755937,-0.27990200642324936
2016-11-28 03:00:00,23.817628432496903,24.045672121764312,-0.22804368926740892
2016-11-28 04:00:00,21.878302943102018,22.072385352584558,-0.19408240948254019
2016-11-28 05:00:00,21.05108660223024,21.374887974047432,-0.3238013718171935
2016-11-28 06:00:00,26.491345180110635,25.758193016339035,0.7331521637715994
2016-11-28 07:00:00,25.074705083789613,27.16745005233263,-2.092744968543016
2016-11-28 08:00:00,26.61022651326137,26.304800163278884,0.3054263499824863
2016-11-28 09:00:00,27.819264069293016,27.601544028512873,0.21772004078014362
2016-11-28 10:00:00,28.490111381969108,29.573627448971056,-1.0835160670019484
2016-11-28 11:00:00,28.950952500581334,30.392612575856663,-1.4416600752753297
2016-11-28 12:00:00,38.01917316623521,31.548831829407725,6.470341336827488
2016-11-28 13:00:00,31.28021823702248,37.79003265352477,-6.509814416502287
2016-11-28 14:00:00,28.26134679955226,32.92316685387978,-4.661820054327517
2016-11-28 15:00:00,28.98676931940478,30.911376782580476,-1.9246074631756969
2016-11-28 16:00:00,30.645070538913547,31.2366903821784,-0.5916198432648514
2016-11-28 17:00:00,30.782827533505877,33.784683568728326,-3.001856035222449
2016-11-28 18:00:00,32.0097440587865,34.12958891137698,-2.119844852590475
2016-11-28 19:00:00,36.511466791053095,34.517600374535874,1.9938664165172213
2016-11-28 20:00:00,31.456957460178238,37.08756017204506,-5.630602711866821
2016-11-28 21:00:00,29.484101400717144,33.254920661315325,-3.7708192605981807
2016-11-28 22:00:00,32.43649755299155,30.23716814702421,2.1993294059673367
2016-11-28 23:00:00,33.134954845490945,33.839036522791815,-0.70408167730087
2016-11-29 00:00:00,30.878964277399913,31.672623541575465,-0.7936592641755524
2016-11-29 01:00:00,28.774271813589397,29.643004194371354,-0.8687323807819567
2016-11-29 02:00:00,26.32281279021899,25.737997021088137,0.5848157691308522
2016-11-29 03:00:00,22.22105419141704,23.532068478049357,-1.311014286632318
2016-11-29 04:00:00,20.88091324950213,21.479325645063597,-0.5984123955614677
2016-11-29 05:00:00,20.85406533538982,21.019552734777623,-0.16548739938780344
2016-11-29 06:00:00,25.849778820991823,26.133321921835606,-0.283543100843783
2016-11-29 07:00:00,27.091408945933637,27.2211106423319,-0.12970169639826423
2016-11-29 08:00:00,27.352736866462923,28.292888837367084,-0.9401519709041608
2016-11-29 09:00:00,29.00388636006968,28.498790417868513,0.5050959422011658
2016-11-29 10:00:00,31.068599926606012,30.139195535585134,0.9294043910208778
2016-11-29 11:00:00,30.678777090313034,31.22715559649214,-0.5483785061791053
2016-11-29 12:00:00,35.55215037210543,31.403641530018785,4.148508842086645
2016-11-29 13:00:00,28.948519770881862,33.40283706443451,-4.454317293552645
2016-11-29 14:00:00,32.33713670258493,29.899533504824408,2.43760319776052
2016-11-29 15:00:00,31.93734841278889,32.62830397564225,-0.6909555628533575
2016-11-29 16:00:00,35.15412106965412,33.31689731056504,1.8372237590890776
2016-11-29 17:00:00,33.041455940178885,34.564893493136594,-1.5234375529577093
2016-11-29 18:00:00,32.29375801520058,34.66812468704447,-2.3743666718438874
2016-11-29 19:00:00,35.12305217328372,34.14758030211977,0.975471871163947
2016-11-29 20:00:00,33.74313752274376,34.06705649569165,-0.32391897294789374
2016-11-29 21:00:00,34.23173512506563,34.134941103054025,0.0967940220116077
2016-11-29 22:00:00,38.49047825079161,34.19524102306606,4.295237227725551
2016-11-29 23:00:00,34.37242327575813,36.29427352414921,-1.921850248391081
2016-11-30 00:00:00,34.91055482807711,32.693122088017304,2.217432740059806
2016-11-30 01:00:00,32.18882817011182,31.542258690019978,0.6465694800918413
2016-11-30 02:00:00,30.857568067673043,27.651246936177966,3.206321131495077
2016-11-30 03:00:00,25.76184854325612,25.46007895904101,0.301769584215112
2016-11-30 04:00:00,22.80400054893161,23.04260704142627,-0.23860649249465737
2016-11-30 05:00:00,23.207833793764244,22.051209991807568,1.1566238019566768
2016-11-30 06:00:00,26.813755280710424,27.118761478950567,-0.3050061982401431
2016-11-30 07:00:00,27.862408451413298,27.766538143177268,0.09587030823603016
2016-11-30 08:00:00,28.369647272248038,28.52608693781066,-0.15643966556262257
2016-11-30 09:00:00,27.86158769466573,29.16753888236078,-1.305951187695051
2016-11-30 10:00:00,29.83025246154869,29.157848605030125,0.6724038565185637
2016-11-30 11:00:00,28.416044991678636,30.05520805230016,-1.6391630606215237
2016-11-30 12:00:00,30.62074317308651,30.06932128396157,0.5514218891249385
2016-11-30 13:00:00,31.58386978292448,32.086453786192386,-0.5025840032679056
2016-11-30 14:00:00,32.87350981821785,32.4715894525844,0.401920365633444
2016-11-30 15:00:00,30.22828231465867,33.272499163768536,-3.0442168491098656
2016-11-30 16:00:00,33.20412675208175,31.995722494756855,1.2084042573248936
2016-11-30 17:00:00,36.014662539019994,34.30194091227601,1.7127216267439849
2016-11-30 18:00:00,35.73533835894503,35.922813305426374,-0.18747494648134477
2016-11-30 19:00:00,37.3060613781052,36.416835940422104,0.8892254376830948
2016-11-30 20:00:00,35.31942953658607,36.21179853198734,-0.8923689954012701
2016-11-30 21:00:00,36.67648230757263,36.63486999935775,0.041612308214880045
2016-11-30 22:00:00,34.914072068555,37.121800084490275,-2.207728015935274
2016-11-30 23:00:00,34.2496142778675,35.61184059824945,-1.36222632038195
2016-12-01 00:00:00,36.12135082079481,33.80481198945697,2.3165388313378372
2016-12-01 01:00:00,34.72091899531812,33.55739658674638,1.163522408571744
2016-12-01 02:00:00,31.82597035467496,30.939963044372156,0.886007310302805
2016-12-01 03:00:00,27.00509099678356,26.41729954964329,0.5877914471402725
2016-12-01 04:00:00,24.428243552647793,23.634304217964026,0.7939393346837669
2016-12-01 05:00:00,21.86443956042724,23.109890084475033,-1.2454505240477936
2016-12-01 06:00:00,25.447586906101435,26.935200274002373,-1.4876133679009378
2016-12-01 07:00:00,25.689394343886608,26.83376647539668,-1.144372131510071
2016-12-01 08:00:00,29.863665878982868,27.13548580296411,2.7281800760187593
2016-12-01 09:00:00,28.36314045996274,29.25111636836434,-0.8879759084016001
2016-12-01 10:00:00,27.039295710726467,29.184501922778335,-2.1452062120518676
2016-12-01 11:00:00,28.248333174981667,28.827164318027528,-0.5788311430458606
2016-12-01 12:00:00,28.549552048544477,29.495461262533937,-0.9459092139894594
2016-12-01 13:00:00,29.609548191301524,29.418272034998612,0.19127615630291217
2016-12-01 14:00:00,29.21966657219553,29.903491575879336,-0.6838250036838076
2016-12-01 15:00:00,29.68135770703319,30.29843104593197,-0.6170733388987806
2016-12-01 16:00:00,34.12240882115596,31.07086389491262,3.051544926243338
2016-12-01 17:00:00,37.11525300948499,34.12111039200771,2.99414261747728
2016-12-01 18:00:00,39.45301859269897,36.280295772782466,3.172722819916501
2016-12-01 19:00:00,37.93446717856499,37.31164794253443,0.6228192360305584
2016-12-01 20:00:00,33.9304282837803,37.4347689103778,-3.5043406265974966
2016-12-01 21:00:00,32.43063560789699,36.733142300363426,-4.302506692466437
2016-12-01 22:00:00,37.56574760158646,35.050811266543946,2.5149363350425133
2016-12-01 23:00:00,35.5328061001357,37.226921731865914,-1.694115631730213
2016-12-02 00:00:00,34.32845832044317,35.915387862077026,-1.5869295416338574
2016-12-02 01:00:00,32.6815292808422,33.111938646762155,-0.4304093659199566
2016-12-02 02:00:00,32.45906648213253,30.60367103049242,1.8553954516401063
2016-12-02 03:00:00,26.672099989840596,27.802480984441395,-1.1303809946007988
2016-12-02 04:00:00,23.477309994185738,24.112730605943838,-0.6354206117581
2016-12-02 05:00:00,24.60087945094794,22.6647153061552,1.9361641447927411
2016-12-02 06:00:00,26.582528565715542,26.847776215149864,-0.2652476494343219
2016-12-02 07:00:00,27.53917768584239,27.611207312011302,-0.07202962616891284
2016-12-02 08:00:00,26.559754791549334,28.950778361089668,-2.3910235695403337
2016-12-02 09:00:00,25.958079064246487,27.828603875122333,-1.870524810875846
2016-12-02 10:00:00,25.629953677311242,27.38793794697038,-1.7579842696591363
2016-12-02 11:00:00,27.706918871001754,27.245995721312845,0.46092314968890946
2016-12-02 12:00:00,30.132438612953496,29.73009345919845,0.4023451537550464
2016-12-02 13:00:00,34.63885102978276,31.14095822002119,3.4978928097615665
2016-12-02 14:00:00,31.958451672103344,33.909640557344304,-1.9511888852409598
2016-12-02 15:00:00,31.68176514705746,33.30788987413774,-1.6261247270802812
2016-12-02 16:00:00,33.90199777665054,33.45659458314052,0.44540319351001756
2016-12-02 17:00:00,36.29867612832829,34.86977137713753,1.4289047511907569
2016-12-02 18:00:00,34.313803090601,37.016504929806146,-2.7027018392051474
2016-12-02 19:00:00,33.352435284554865,35.76860464358631,-2.416169359031443
2016-12-02 20:00:00,35.81535420317036,35.60391285956163,0.21144134360872613
2016-12-02 21:00:00,33.12440349116306,37.375948216260994,-4.251544725097936
2016-12-02 22:00:00,34.72033272738751,35.313309651721426,-0.592976924333918
2016-12-02 23:00:00,34.78276310343495,36.066553573598796,-1.2837904701638436
2016-12-03 00:00:00,35.87954338300963,35.34142094682209,0.5381224361875425
2016-12-03 01:00:00,30.54922674543193,34.341609138521015,-3.7923823930890848
2016-12-03 02:00:00,29.589324287994767,29.53167387310673,0.05765041488803746
2016-12-03 03:00:00,24.80848217479021,26.411932074042046,-1.6034498992518351
2016-12-03 04:00:00,20.41602737661428,23.205854111509012,-2.7898267348947314
2016-12-03 05:00:00,19.504193153459468,21.45509848969217,-1.950905336232701
2016-12-03 06:00:00,24.43803316248225,25.696468783568594,-1.2584356210863454
2016-12-03 07:00:00,25.38084780951449,26.14684227698855,-0.7659944674740622
2016-12-03 08:00:00,24.916753416688255,26.549332431600735,-1.63257901491248
2016-12-03 09:00:00,26.7331528014487,26.348094630196734,0.3850581712519663
2016-12-03 10:00:00,29.511945915245626,27.826371372726662,1.6855745425189639
2016-12-03 11:00:00,34.37242327575813,30.411588584995794,3.9608346907623364
2016-12-03 12:00:00,40.22240622847523,33.096601389809166,7.125804838666063
2016-12-03 13:00:00,40.11307992456555,38.010932391600306,2.1021475329652404
2016-12-03 14:00:00,41.196084559746865,37.93193992697587,3.264144632770993
2016-12-03 15:00:00,35.49675484411955,40.200210120664224,-4.703455276544673
2016-12-03 16:00:00,45.15293420915112,36.604702329883516,8.548231879267604
2016-12-03 17:00:00,41.45577078322813,43.126381240891476,-1.6706104576633436
2016-12-03 18:00:00,36.33472738434445,40.8752375041866,-4.540510119842153
2016-12-03 19:00:00,34.51486986313668,37.62992018295204,-3.11505031981536
2016-12-03 20:00:00,40.34287052174919,36.01892002620704,4.3239504955421495
2016-12-03 21:00:00,42.40336331198668,38.851565734296194,3.551797577690486
2016-12-03 22:00:00,37.500386620097515,41.14561396452805,-3.6452273444305376
2016-12-03 23:00:00,34.468559836099274,36.84133582912528,-2.3727759930260035
2016-12-04 00:00:00,36.98101343892344,34.27871552969938,2.7022979092240575
2016-12-04 01:00:00,34.317027380666474,33.705462531164585,0.6115648495018888
2016-12-04 02:00:00,30.411469842616043,31.4399049317621,-1.0284350891460576
2016-12-04 03:00:00,26.964379332890694,27.008049255706645,-0.04366992281595117
2016-12-04 04:00:00,22.03947853316307,23.471040576013483,-1.4315620428504126
2016-12-04 05:00:00,20.024445185870796,21.313296693822718,-1.2888515079519216
2016-12-04 06:00:00,25.67720129251069,25.587319031076007,0.08988226143468481
2016-12-04 07:00:00,26.01262492590463,26.68058899048647,-0.6679640645818417
2016-12-04 08:00:00,25.343389804149492,27.4664687371376,-2.1230789329881077
2016-12-04 09:00:00,25.133324901840968,26.997546604455703,-1.864221702614735
2016-12-04 10:00:00,30.65562207679433,26.940463122225943,3.7151589545683876
2016-12-04 11:00:00,37.14221839744688,32.80520210913335,4.337016288313535
2016-12-04 12:00:00,34.129150351699316,38.455546697205975,-4.326396345506659
2016-12-04 13:00:00,34.00780684008233,34.45716370100306,-0.44935686092073013
2016-12-04 14:00:00,36.026973064245496,34.51360943325089,1.5133636309946041
2016-12-04 15:00:00,36.94701357000576,37.446749492386,-0.4997359223802391
2016-12-04 16:00:00,35.159983014748676,37.38286103843766,-2.2228780236889847
2016-12-04 17:00:00,38.70473439979005,35.67082176427515,3.033912635514895
2016-12-04 18:00:00,39.132953747374515,38.46705039120664,0.665903356167874
2016-12-04 19:00:00,40.01694299711862,39.22844430870785,0.788498688410769
2016-12-04 20:00:00,40.368956324262285,39.457092734171766,0.911863590090519
2016-12-04 21:00:00,38.408410285256245,39.225994013275866,-0.8175837280196205
2016-12-04 22:00:00,37.46550716573103,38.99130159672833,-1.5257944309972942
2016-12-04 23:00:00,37.911606033223144,39.152214616964564,-1.2406085837414196
2016-12-05 00:00:00,34.38971616062939,36.35890657900266,-1.969190418373266
2016-12-05 01:00:00,34.41550901273006,33.06160835681286,1.3539006559172009
2016-12-05 02:00:00,28.269494987668025,31.581453582216746,-3.31195859454872
2016-12-05 03:00:00,24.175855392072332,25.11395500581581,-0.9380996137434785
2016-12-05 04:00:00,24.640741264960177,22.39596113413616,2.244780130824015
2016-12-05 05:00:00,22.555686528302253,22.50044974066168,0.05523678764057394
2016-12-05 06:00:00,27.235496863254433,26.168623325616636,1.0668735376377967
2016-12-05 07:00:00,27.68898116482798,28.436456950658233,-0.7474757858302539
2016-12-05 08:00:00,28.048028605821642,29.33735958591278,-1.2893309800911368
2016-12-05 09:00:00,30.015784785899175,29.589314149597623,0.426470636301552
2016-12-05 10:00:00,30.755862329096868,30.987945148112182,-0.23208281901531436
2016-12-05 11:00:00,29.542721402321387,33.28775538628288,-3.745033983961495
2016-12-05 12:00:00,29.40291269941303,30.91396383310943,-1.5110511336964016
2016-12-05 13:00:00,34.955399001735096,31.351060652913894,3.6043383488212015
2016-12-05 14:00:00,39.379743544805436,34.73727212182701,4.642471422978424
2016-12-05 15:00:00,36.76792982578622,36.89526317000364,-0.12733334421741915
2016-12-05 16:00:00,31.777608940539082,36.79855882062275,-5.02094988008367
2016-12-05 17:00:00,32.81020022382738,34.215704067850766,-1.4055038440233858
2016-12-05 18:00:00,32.45173905076433,34.93076121186541,-2.479022161101078
2016-12-05 19:00:00,35.67935619592276,35.05387279418395,0.6254834017388049
2016-12-05 20:00:00,35.71657998780013,37.29822759114548,-1.5816476033453526
2016-12-05 21:00:00,38.50190919056831,37.392107153544934,1.1098020370233783
2016-12-05 22:00:00,37.119356517893486,38.96967957589423,-1.8503230580007468
2016-12-05 23:00:00,34.04620280071515,38.533139563245214,-4.486936762530064
2016-12-06 00:00:00,33.45824434798665,34.24115690259593,-0.7829125546092826
2016-12-06 01:00:00,32.18062152040059,32.43445417823126,-0.2538326578306709
2016-12-06 02:00:00,32.64313332020938,28.97057314019184,3.672560180017541
2016-12-06 03:00:00,24.065151340170424,26.714560705387115,-2.649409365216691
2016-12-06 04:00:00,20.66190895434556,22.74892763749763,-2.0870186831520705
2016-12-06 05:00:00,20.470572687613753,20.95410264157131,-0.48352995395755727
2016-12-06 06:00:00,25.11216308915461,26.112904648322967,-1.0007415591683575
2016-12-06 07:00:00,26.26744608003684,26.447099799771802,-0.17965371973496147
2016-12-06 08:00:00,25.83187029972756,27.83176831762773,-1.999898017900172
2016-12-06 09:00:00,26.425427115600595,27.480122163501033,-1.054695047900438
2016-12-06 10:00:00,27.949547065534496,28.386296189582815,-0.436749124048319
2016-12-06 11:00:00,31.73364398522412,29.953497340429617,1.7801466447945025
2016-12-06 12:00:00,27.747601166432226,32.046728340393365,-4.299127173961139
2016-12-06 13:00:00,26.455528321134995,29.81814727092835,-3.3626189497933545
2016-12-06 14:00:00,28.19622003155094,29.010703073135566,-0.8144830415846265
2016-12-06 15:00:00,29.337551396706534,30.550939286838638,-1.213387890132104
2016-12-06 16:00:00,34.71124685933326,31.681352876714623,3.029893982618635
2016-12-06 17:00:00,36.85585973641614,34.605208857447636,2.250650878968507
2016-12-06 18:00:00,41.197842996432925,36.8550502993756,4.342792697057327
2016-12-06 19:00:00,38.93511089779852,40.62912852564476,-1.694017627846236
2016-12-06 20:00:00,35.19222371276874,38.2653365683229,-3.0731128555541645
2016-12-06 21:00:00,39.19567670672859,36.77137037645058,2.4243063302780143
2016-12-06 22:00:00,38.83662963284071,39.16679145628079,-0.33016182344007916
2016-12-06 23:00:00,39.12152280759782,38.55304170168349,0.56848110591433
2016-12-07 00:00:00,36.203418786330175,37.28962741258232,-1.0862086262521444
2016-12-07 01:00:00,32.70996015507774,33.88814273577624,-1.178182580698504
2016-12-07 02:00:00,33.55174325329872,28.989237215246572,4.562506038052145
2016-12-07 03:00:00,25.08853946510777,26.321088124113885,-1.2325486590061132
2016-12-07 04:00:00,21.996334059266342,22.889696366185348,-0.8933623069190055
2016-12-07 05:00:00,20.981885694282816,21.78376505739767,-0.8018793631148533
2016-12-07 06:00:00,25.913293260407514,26.112154647219285,-0.198861386811771
2016-12-07 07:00:00,27.866482499582958,27.043504201257033,0.8229782983259248
2016-12-07 08:00:00,27.40159662669511,29.156022915491423,-1.7544262887963136
2016-12-07 09:00:00,27.313666532512297,29.341637074791848,-2.027970542279551
2016-12-07 10:00:00,30.648587779391438,29.19654236794606,1.4520454114453791
2016-12-07 11:00:00,31.225701560273848,30.11284015290147,1.1128614073723782
2016-12-07 12:00:00,33.01126662925729,30.370746331989093,2.6405202972682
2016-12-07 13:00:00,28.96806953891597,32.82573867387614,-3.857669134960169
2016-12-07 14:00:00,28.860560463109405,30.918138049244174,-2.0575775861347694
2016-12-07 15:00:00,30.638036057957766,30.91842062056915,-0.2803845626113848
2016-12-07 16:00:00,34.54271446944161,32.597520541576,1.9451939278656099
2016-12-07 17:00:00,37.270888973326294,34.850240667840666,2.420648305485628
2016-12-07 18:00:00,31.728954208885007,37.20611448718076,-5.477160278295756
2016-12-07 19:00:00,34.45712926342836,34.21354013834867,0.2435891250796871
2016-12-07 20:00:00,40.50407548027264,35.739622804548006,4.764452675724634
2016-12-07 21:00:00,37.8562097710257,39.54515533815766,-1.6889455671319595
2016-12-07 22:00:00,35.900646825876976,38.35395388429322,-2.453307058416243
2016-12-07 23:00:00,33.49957128116675,38.588936980213795,-5.089365699047043
2016-12-08 00:00:00,31.226580962169766,35.75425367484985,-4.527672712680083
2016-12-08 01:00:00,30.155886576884615,30.73200461362744,-0.5761180367428231
2016-12-08 02:00:00,31.82245311419707,28.675429882014434,3.1470232321826366
2016-12-08 03:00:00,23.00345535998745,26.17212861481655,-3.168673254829102
2016-12-08 04:00:00,20.84591705549761,22.118247931423678,-1.2723308759260696
2016-12-08 05:00:00,20.463245256245553,20.811200888564194,-0.3479556323186408
2016-12-08 06:00:00,25.902712537617226,25.948347508129725,-0.04563497051249854
2016-12-08 07:00:00,28.17259613217477,27.27796787373136,0.8946282584434115
2016-12-08 08:00:00,28.118079547202584,28.88925835991849,-0.771178812715906
2016-12-08 09:00:00,27.70935158922917,29.16312423333703,-1.4537726441078611
2016-12-08 10:00:00,27.886852923984144,29.494445905391803,-1.6075929814076595
2016-12-08 11:00:00,28.498259570084873,29.447347615690564,-0.9490880456056914
2016-12-08 12:00:00,29.88652766675982,29.886237724249344,0.00028994251047720354
2016-12-08 13:00:00,32.76213176010392,30.584296682412813,2.177835077691107
2016-12-08 14:00:00,32.548754829448505,33.24619575649356,-0.6974409270450579
2016-12-08 15:00:00,28.948490459779745,33.5579002669008,-4.609409807121057
2016-12-08 16:00:00,34.04268556023726,30.894815904047647,3.147869656189613
2016-12-08 17:00:00,37.88083008726516,35.215801775570945,2.665028311694215
2016-12-08 18:00:00,40.6007983085444,37.11384428912889,3.4869540194155064
2016-12-08 19:00:00,34.97650244460244,39.46030248567056,-4.483800041068122
2016-12-08 20:00:00,34.64617846115095,36.548747738859404,-1.9025692777084515
2016-12-08 21:00:00,34.59723077908446,37.19465748450269,-2.597426705418229
2016-12-08 22:00:00,35.943732562848915,37.22152970268364,-1.2777971398347248
2016-12-08 23:00:00,36.10845439474447,37.225120951845504,-1.1166665571010341
2016-12-09 00:00:00,33.20647145669842,36.893684278156,-3.687212821457585
2016-12-09 01:00:00,35.09315617988032,32.21169930661457,2.8814568732657477
2016-12-09 02:00:00,30.240592472778395,30.168216379302557,0.07237609347583884
2016-12-09 03:00:00,25.505386242734556,26.274978401627852,-0.7695921588932961
2016-12-09 04:00:00,22.70874320693349,23.029756009728025,-0.3210128027945345
2016-12-09 05:00:00,21.902718414316247,21.87307537333064,0.029643040985607882
2016-12-09 06:00:00,27.246077769597612,26.595269675633826,0.6508080939637857
2016-12-09 07:00:00,27.632823158137104,28.603155944278882,-0.9703327861417783
2016-12-09 08:00:00,26.301650977532635,28.89142584424282,-2.5897748667101865
2016-12-09 09:00:00,27.679220923455922,27.96782365437157,-0.2886027309156489
2016-12-09 10:00:00,29.4767738775725,29.625203265213404,-0.14842938764090263
2016-12-09 11:00:00,34.34311318317957,30.505654363902572,3.8374588192769963
2016-12-09 12:00:00,32.61792673603931,33.629899293977296,-1.0119725579379875
2016-12-09 13:00:00,36.837687266096076,33.24174147507658,3.5959457910194956
2016-12-09 14:00:00,40.67084943347823,36.52012768002087,4.150721753457361
2016-12-09 15:00:00,40.69048665586037,39.24122490569591,1.4492617501644602
2016-12-09 16:00:00,36.93147912182056,39.43452129888385,-2.5030421770632927
2016-12-09 17:00:00,42.94237444975447,37.17029628154289,5.7720781682115785
2016-12-09 18:00:00,40.1418037492135,41.85780969160977,-1.7160059423962721
2016-12-09 19:00:00,41.903628087406304,38.01604228965983,3.8875857977464747
2016-12-09 20:00:00,40.16290645786928,39.9903136223081,0.17259283556118277
2016-12-09 21:00:00,41.29925523393801,38.6007148820601,2.6985403518779094
2016-12-09 22:00:00,40.861364117474466,40.78168351104543,0.07968060642903652
2016-12-09 23:00:00,35.21918910073064,40.2591855852981,-5.03999648456746
2016-12-10 00:00:00,34.3293375387862,35.39886514961176,-1.0695276108255598
2016-12-10 01:00:00,38.73404412526284,33.00922148615585,5.724822639106989
2016-12-10 02:00:00,32.05458841599738,33.13127871412148,-1.0766902981240989
2016-12-10 03:00:00,26.360270979136878,27.454592196929674,-1.0943212177927961
2016-12-10 04:00:00,22.068788992847416,23.463964625550357,-1.3951756327029408
2016-12-10 05:00:00,20.50152411013456,21.430576910768554,-0.9290528006339933
2016-12-10 06:00:00,25.639743287145695,25.79336010957949,-0.1536168224337935
2016-12-10 07:00:00,29.25217137988017,26.830130613641124,2.4220407662390464
2016-12-10 08:00:00,31.034307290828803,29.6718313609544,1.3624759298744031
2016-12-10 09:00:00,29.075490687152204,31.107722054735497,-2.032231367583293
2016-12-10 10:00:00,30.63070862658957,30.98406439368424,-0.3533557670946692
2016-12-10 11:00:00,33.99227239189713,33.19849081129212,0.7937815806050139
2016-12-10 12:00:00,35.06120806516689,34.23765685564471,0.8235512095221793
2016-12-10 13:00:00,39.995253653426445,35.56794880380338,4.427304849623063
2016-12-10 14:00:00,39.018058448782696,38.37604479651485,0.642013652267849
2016-12-10 15:00:00,41.52816697988441,38.00854115725387,3.5196258226305375
2016-12-10 16:00:00,42.39369080889603,39.34661515000907,3.0470756588869605
2016-12-10 17:00:00,45.89945996537398,39.39061894042038,6.508841024953597
2016-12-10 18:00:00,38.04115619455136,41.28857962115042,-3.247423426599056
2016-12-10 19:00:00,40.53162676905937,39.20674680349312,1.3248799655662538
2016-12-10 20:00:00,38.15839583065407,39.798747940833756,-1.640352110179684
2016-12-10 21:00:00,39.8267212635348,39.22353301360836,0.6031882499264398
2016-12-10 22:00:00,34.85457266505484,40.45937470941821,-5.604802044363375
2016-12-10 23:00:00,38.42365104881747,35.759460365160855,2.6641906836566136
2016-12-11 00:00:00,35.54980603459454,37.27220916490807,-1.7224031303135305
2016-12-11 01:00:00,34.63152359841456,34.12489028708948,0.506633311325082
2016-12-11 02:00:00,32.31749911309701,31.97659580355518,0.3409033095418259
2016-12-11 03:00:00,27.303877106230736,27.486010435465506,-0.18213332923476955
2016-12-11 04:00:00,26.022385167276685,23.939876768701104,2.0825083985755803
2016-12-11 05:00:00,22.236529902677447,23.533678250644428,-1.2971483479669814
2016-12-11 06:00:00,26.066350306144535,26.418938667663586,-0.35258836151905015
2016-12-11 07:00:00,27.617347538653142,27.989552172052765,-0.3722046333996225
2016-12-11 08:00:00,27.468364724638672,29.37131794804344,-1.9029532234047686
2016-12-11 09:00:00,29.406136805925616,29.570532192206915,-0.16439538628129924
2016-12-11 10:00:00,31.64014507991206,31.176314779236456,0.46383030067560327
2016-12-11 11:00:00,35.02545012666893,33.76594077819938,1.2595093484695496
2016-12-11 12:00:00,39.84196202709603,35.483373514478885,4.358588512617146
2016-12-11 13:00:00,36.704326546771775,38.14266255452456,-1.4383360077527882
2016-12-11 14:00:00,41.57857941401298,37.86375489932486,3.714824514688118
2016-12-11 15:00:00,36.47131202662844,38.902538047815085,-2.431226021186646
2016-12-11 16:00:00,37.64547122961093,37.190120366402425,0.45535086320850837
2016-12-11 17:00:00,37.94736360461532,37.93331809359774,0.014045511017577894
2016-12-11 18:00:00,44.662871487661384,38.20492069635092,6.457950791310466
2016-12-11 19:00:00,49.37181515375907,41.055803458142925,8.316011695616147
2016-12-11 20:00:00,41.5428218426208,41.495330288528564,0.047491554092239596
2016-12-11 21:00:00,42.46462151927868,40.6291105738451,1.8355109454335832
2016-12-11 22:00:00,39.98704663660944,40.140605951055434,-0.15355931444599236
2016-12-11 23:00:00,38.70473439979005,39.6708436954002,-0.9661092956101527
2016-12-12 00:00:00,38.847180987168606,37.406945236651964,1.440235750516642
2016-12-12 01:00:00,35.862543448550795,34.89399364346629,0.9685498050845069
2016-12-12 02:00:00,31.020531646435437,33.605926218757645,-2.5853945723222083
2016-12-12 03:00:00,26.214541548320945,27.989715047575224,-1.7751734992542794
2016-12-12 04:00:00,22.302477519202778,24.496449324943,-2.1939718057402224
2016-12-12 05:00:00,23.29168993155384,21.987512504901535,1.3041774266523056
2016-12-12 06:00:00,27.990229360964964,27.389398672826907,0.600830688138057
2016-12-12 07:00:00,29.4882048173492,29.155823212923615,0.33238160442558495
2016-12-12 08:00:00,28.985157270450507,29.99848660472186,-1.0133293342713543
2016-12-12 09:00:00,30.411469842616043,30.08042725153045,0.33104259108559475
2016-12-12 10:00:00,29.98647478509705,32.11060234689455,-2.1241275617975006
2016-12-12 11:00:00,30.620450039121206,32.016252867675746,-1.3958028285545403
2016-12-12 12:00:00,31.254425384921802,33.23133312079107,-1.9769077358692684
2016-12-12 13:00:00,31.8884007307224,33.05046630664787,-1.162065575925471
2016-12-12 14:00:00,32.522376076522995,33.90392979267435,-1.3815537161513518
2016-12-12 15:00:00,33.156351238770704,33.549176583204684,-0.3928253444339802
2016-12-12 16:00:00,33.790326768124196,35.18308747144945,-1.3927607033252514
2016-12-12 17:00:00,34.4243019303719,35.33688407663245,-0.9125821462605543
2016-12-12 18:00:00,35.058277092619605,36.26987734556856,-1.211600252948955
2016-12-12 19:00:00,35.24351646655768,37.03270237350735,-1.789185906949669
2016-12-12 20:00:00,35.44897969791428,37.181727690373265,-1.7327479924589824
2016-12-12 21:00:00,40.69546974971768,37.21438901436336,3.4810807353543183
2016-12-12 22:00:00,38.596580631741595,39.130236897684796,-0.5336562659432005
2016-12-12 23:00:00,40.725365376015304,38.5588749741462,2.1664904018691047
2016-12-13 00:00:00,35.23618903518948,36.848871915037165,-1.6126828798476822
2016-12-13 01:00:00,34.91319285021197,33.15984383887168,1.7533490113402905
2016-12-13 02:00:00,30.176403568268455,32.187593505295524,-2.011189937027069
2016-12-13 03:00:00,26.57112699440124,26.683962992466615,-0.11283599806537481
2016-12-13 04:00:00,23.71829695055268,24.071346285626202,-0.3530493350735213
2016-12-13 05:00:00,23.419510657552618,23.026032507047955,0.39347815050466295
2016-12-13 06:00:00,26.2813098298174,27.363866398349103,-1.0825565685317038
2016-12-13 07:00:00,28.886617046296823,27.97273193830263,0.9138851079941936
2016-12-13 08:00:00,29.22693545019182,29.652349195275608,-0.4254137450837874
2016-12-13 09:00:00,31.97633064135232,29.926417362658718,2.0499132786936016
2016-12-13 10:00:00,30.78106891326693,32.69772028957333,-1.916651376306401
2016-12-13 11:00:00,31.820108409580403,31.41546066410788,0.40464774547252347
2016-12-13 12:00:00,31.121651117081004,32.501176088863595,-1.3795249717825904
2016-12-13 13:00:00,28.008958455423908,32.565122312792845,-4.5561638573689365
2016-12-13 14:00:00,28.648912944839317,29.78084927587081,-1.1319363310314934
2016-12-13 15:00:00,30.584105649139747,30.469359143760517,0.11474650537923026
2016-12-13 16:00:00,33.3799865733416,32.95121969889568,0.42876687444591965
2016-12-13 17:00:00,34.67695404000316,35.09088062031611,-0.41392658031295326
2016-12-13 18:00:00,33.92398007075513,35.653412441514824,-1.729432370759696
2016-12-13 19:00:00,35.27370577747927,35.887785735879746,-0.6140799584004739
2016-12-13 20:00:00,32.78645912593096,36.57288171050031,-3.786422584569351
2016-12-13 21:00:00,34.37828522085269,35.255882496108626,-0.8775972752559369
2016-12-13 22:00:00,35.21010323267639,36.83044307442404,-1.6203398417476507
2016-12-13 23:00:00,36.56334544566686,37.515608637258595,-0.952263191591733
2016-12-14 00:00:00,33.93101455171091,36.24887622714627,-2.31786167543536
2016-12-14 01:00:00,30.851119854647877,32.64585041976803,-1.7947305651201546
2016-12-14 02:00:00,29.085280228154325,29.47195682961883,-0.38667660146450444
2016-12-14 03:00:00,24.94037740784087,25.270949053891062,-0.33057164605019196
2016-12-14 04:00:00,24.10665448412491,23.03290257211784,1.0737519120070687
2016-12-14 05:00:00,23.304703464347988,22.858933648365955,0.44576981598203247
2016-12-14 06:00:00,27.458575298357108,27.044290869405035,0.4142844289520724
2016-12-14 07:00:00,30.070301370871363,28.457993762499427,1.6123076083719354
2016-12-14 08:00:00,37.77003829708184,29.49603631432518,8.274001982756658
2016-12-14 09:00:00,37.55842017021826,35.166246003790306,2.3921741664279565
2016-12-14 10:00:00,33.72760307455856,35.886712666095356,-2.1591095915367973
2016-12-14 11:00:00,30.173765729686483,32.60142381457052,-2.4276580848840403
2016-12-14 12:00:00,30.04597409682077,30.570897724736653,-0.5249236279158822
2016-12-14 13:00:00,32.92802649496648,30.381994976297484,2.546031518668997
2016-12-14 14:00:00,33.27593594659586,33.19485941517644,0.08107653141941995
2016-12-14 15:00:00,36.534035720194076,34.10776087435756,2.4262748458365166
2016-12-14 16:00:00,37.207579378935826,35.35953474413446,1.8480446348013686
2016-12-14 17:00:00,38.813767753287316,35.90916684235852,2.9046009109287922
2016-12-14 18:00:00,38.861835849905,36.7572800016948,2.1045558482101967
2016-12-14 19:00:00,35.046553202430495,37.17997947992343,-2.133426277492937
2016-12-14 20:00:00,32.742494170616,35.50046071260611,-2.7579665419901147
2016-12-14 21:00:00,35.59552979370134,34.47949445837219,1.1160353353291512
2016-12-14 22:00:00,40.47711009231074,36.78824726439135,3.6888628279193867
2016-12-14 23:00:00,40.728003398150165,38.543134403369294,2.184868994780871
2016-12-15 00:00:00,44.36302976554391,36.95634697847853,7.406682787065378
2016-12-15 01:00:00,41.33208256699447,35.802691397860976,5.529391169133497
2016-12-15 02:00:00,30.55391633821815,32.96495194997234,-2.411035611754187
2016-12-15 03:00:00,26.378179316848254,26.588891241402816,-0.21071192455456256
2016-12-15 04:00:00,25.050289612575384,25.246511161902667,-0.19622154932728364
2016-12-15 05:00:00,24.653784166216724,23.498125933864518,1.1556582323522058
2016-12-15 06:00:00,27.6898018297991,27.16230595180153,0.5274958779975698
2016-12-15 07:00:00,28.56502771391666,29.26384439206037,-0.6988166781437108
2016-12-15 08:00:00,29.81559750703585,29.33347072305228,0.48212678398357056
2016-12-15 09:00:00,30.278109306844634,30.00282410885859,0.2752851979860438
2016-12-15 10:00:00,28.423372514823278,31.54796621467659,-3.1245936998533104
2016-12-15 11:00:00,32.52266902693541,30.118200317020143,2.4044687099152675
2016-12-15 12:00:00,33.637328459311966,33.993755233926166,-0.35642677461419936
2016-12-15 13:00:00,38.483150819423415,34.324766935650274,4.158383883773141
2016-12-15 14:00:00,39.278624257712764,38.48717365782606,0.7914505998867014
2016-12-15 15:00:00,39.9445475346739,38.524897505137254,1.4196500295366477
2016-12-15 16:00:00,42.473414436920514,38.152910742304876,4.320503694615638
2016-12-15 17:00:00,43.174508650237435,39.57026978655293,3.6042388636845075
2016-12-15 18:00:00,40.53485069201906,39.65631778098531,0.8785329110337514
2016-12-15 19:00:00,43.69564173652069,39.276225541018384,4.419416195502308
2016-12-15 20:00:00,41.07620616729774,40.06194246094915,1.0142637063485935
2016-12-15 21:00:00,33.513640243078314,39.86509945782895,-6.3514592147506335
2016-12-15 22:00:00,35.45366910714762,36.19181593915916,-0.7381468320115445
2016-12-15 23:00:00,36.130143738436644,37.196046680546544,-1.0659029421099007
2016-12-16 00:00:00,34.194218382775844,36.14448935438949,-1.950270971613648
2016-12-16 01:00:00,31.0076352203851,33.365885862758766,-2.3582506423736653
2016-12-16 02:00:00,33.46146827094635,30.293343627740565,3.1681246432057826
2016-12-16 03:00:00,29.68135770703319,28.189715597011237,1.491642110021953
2016-12-16 04:00:00,23.915347952961277,26.01510671950013,-2.099758766538855
2016-12-16 05:00:00,22.48320296047034,22.730583249402386,-0.247380288932046
2016-12-16 06:00:00,27.684115636596704,27.25335404428227,0.4307615923144361
2016-12-16 07:00:00,28.798716354992578,29.179483839208938,-0.38076748421636
2016-12-16 08:00:00,32.56341005929068,29.579314826685007,2.984095232605675
2016-12-16 09:00:00,31.057169170382203,33.56875204579507,-2.51158287541287
2016-12-16 10:00:00,35.658252753055415,31.85237367376389,3.8058790792915254
2016-12-16 11:00:00,36.53081179723438,36.25599854456999,0.27481325266438716
2016-12-16 12:00:00,50.00110200809079,37.44013932155964,12.560962686531148
2016-12-16 13:00:00,43.33981785138094,41.549741293649234,1.7900765577317088
2016-12-16 14:00:00,38.931007389390025,40.13087546693654,-1.1998680775465118
2016-12-16 15:00:00,38.08834470572023,38.07357524623596,0.014769459484270442
2016-12-16 16:00:00,40.70748659031921,37.707655517917246,2.9998310724019674
2016-12-16 17:00:00,39.584620141125654,38.90407642330893,0.6805437178167253
2016-12-16 18:00:00,40.98358684743448,38.38384461032304,2.5997422371114425
2016-12-16 19:00:00,36.856445637240974,40.443849094059004,-3.5874034568180306
2016-12-16 20:00:00,34.57847240793957,38.492171577306635,-3.9136991693670637
2016-12-16 21:00:00,34.25107976414114,36.938493599376955,-2.687413835235816
2016-12-16 22:00:00,36.14655777207065,35.519597539364206,0.6269602327064447
2016-12-16 23:00:00,32.9664224555993,38.25911359472177,-5.292691139122468
2016-12-17 00:00:00,29.07229589747777,33.95894482073075,-4.886648923252981
2016-12-17 01:00:00,35.07263900494358,28.348976495426996,6.723662509516586
2016-12-17 02:00:00,30.56124395313924,32.81423453506852,-2.252990581929282
2016-12-17 03:00:00,24.91596193662664,27.813889082488817,-2.8979271458621767
2016-12-17 04:00:00,21.36373664501086,23.833769493267177,-2.4700328482563165
2016-12-17 05:00:00,20.91429711492102,21.585154885874104,-0.6708577709530843
2016-12-17 06:00:00,25.7805779130444,25.998522249195382,-0.21794433615098185
2016-12-17 07:00:00,27.548967295676842,27.724843694823488,-0.1758763991466452
2016-12-17 08:00:00,32.7351667392478,29.556623824509412,3.17854291473839
2016-12-17 09:00:00,28.2173818442373,34.22817348395738,-6.010791639720079
2016-12-17 10:00:00,27.120718854959314,31.061943672876676,-3.9412248179173623
2016-12-17 11:00:00,31.48304344624422,31.281213212894368,0.2018302333498525
2016-12-17 12:00:00,32.415980745160596,33.948440196300325,-1.5324594511397294
2016-12-17 13:00:00,28.056176793937407,35.09307440023388,-7.036897606296474
2016-12-17 14:00:00,32.03172653644398,31.618560473959803,0.41316606248418
2016-12-17 15:00:00,35.92497419170402,34.954509445003616,0.9704647467004008
2016-12-17 16:00:00,33.82549843869154,37.00736984449727,-3.1818714058057296
2016-12-17 17:00:00,27.28596858496647,36.42155134277715,-9.135582757810681
2016-12-17 18:00:00,29.669926813144713,30.835911793214088,-1.165984980069375
2016-12-17 19:00:00,29.25867819216547,31.37542018470071,-2.1167419925352426
2016-12-17 20:00:00,24.613072502323856,29.57612975068514,-4.9630572483612845
2016-12-17 21:00:00,22.552433236880162,26.854319105751035,-4.3018858688708725
2016-12-17 22:00:00,21.532269034902505,25.87057693096187,-4.338307896059366
2016-12-17 23:00:00,25.187870947051998,25.669714341466765,-0.4818433944147671
2016-12-18 00:00:00,21.677998282165547,26.13074419091643,-4.4527459087508845
2016-12-18 01:00:00,20.482795107452063,22.91365347512107,-2.430858367669007
2016-12-18 02:00:00,20.730318382231367,22.044580116048714,-1.3142617338173466
2016-12-18 03:00:00,19.658862160676335,21.826453141159014,-2.1675909804826787
2016-12-18 04:00:00,19.63605828383617,19.999920093358888,-0.3638618095227173
2016-12-18 05:00:00,22.584175405251028,20.250662402677413,2.333513002573614
2016-12-18 06:00:00,25.374311858207907,26.02820843544007,-0.6538965772321639
2016-12-18 07:00:00,25.927127641725676,26.818662315625566,-0.8915346738998906
2016-12-18 08:00:00,25.46795723872618,27.909371552649954,-2.441414313923776
2016-12-18 09:00:00,26.92448833396895,27.3861319706454,-0.4616436366764525
2016-12-18 10:00:00,26.463676601027203,29.3708569780543,-2.907180377027096
2016-12-18 11:00:00,26.387968926682706,29.16967998036716,-2.781711053684454
2016-12-18 12:00:00,31.054824282212646,29.24205944924076,1.8127648329718866
2016-12-18 13:00:00,26.75513527910618,32.291598450355835,-5.536463171249654
2016-12-18 14:00:00,26.00690963956917,29.38538173329193,-3.3784720937227597
2016-12-18 15:00:00,25.72603186783337,28.183436475036746,-2.457404607203376
2016-12-18 16:00:00,26.38064131176162,27.99066129356176,-1.6100199818001393
2016-12-18 17:00:00,29.672271609537823,27.798513444945097,1.8737581645927257
2016-12-18 18:00:00,28.41847770990605,29.555935475974675,-1.137457766068625
2016-12-18 19:00:00,25.533084006727496,28.274767550961425,-2.741683544233929
2016-12-18 20:00:00,26.505179561428797,25.55312669628639,0.9520528651424058
2016-12-18 21:00:00,21.844098229159115,25.212302984155276,-3.3682047549961602
2016-12-18 22:00:00,25.122744179050677,22.471830382232383,2.650913796818294
2016-12-18 23:00:00,25.180543515683798,25.319489910823524,-0.13894639513972606
2016-12-19 00:00:00,22.749454503720578,23.326621915831943,-0.5771674121113648
2016-12-19 01:00:00,24.385919927275076,22.426887487323743,1.9590324399513328
2016-12-19 02:00:00,22.08833810984237,22.294683550293065,-0.20634544045069703
2016-12-19 03:00:00,19.336451509417877,21.210236374539175,-1.8737848651212978
2016-12-19 04:00:00,20.07327612829926,19.73730415025655,0.3359719780427106
2016-12-19 05:00:00,20.9094314949133,20.698378749909246,0.21105274500405358
2016-12-19 06:00:00,25.34500176562934,25.105863816869324,0.2391379487600176
2016-12-19 07:00:00,27.74598911317593,26.49285233766377,1.2531367755121607
2016-12-19 08:00:00,25.73418014772558,28.068917591426832,-2.3347374437012505
2016-12-19 09:00:00,25.450019716105295,26.822751863505218,-1.3727321473999226
2016-12-19 10:00:00,25.07634641373186,26.97344147796076,-1.8970950642288997
2016-12-19 11:00:00,26.21618287826319,26.89123979279935,-0.6750569145361602
2016-12-19 12:00:00,25.598210774728813,27.659541930715484,-2.0613311559866716
2016-12-19 13:00:00,25.32301947152475,26.569386581891575,-1.2463671103668261
2016-12-19 14:00:00,25.462241768837828,26.547594450364826,-1.0853526815269987
2016-12-19 15:00:00,25.077958375211704,26.672558993647755,-1.5946006184360506
2016-12-19 16:00:00,25.820498096875653,26.370918864394582,-0.5504207675189292
2016-12-19 17:00:00,26.523117267602572,26.18821531578291,0.3349019518196634
2016-12-19 18:00:00,25.86525416514645,26.851559512795717,-0.9863053476492674
2016-12-19 19:00:00,25.086927136522146,26.516400847856836,-1.4294737113346905
2016-12-19 20:00:00,21.08203802475105,25.134950136098087,-4.052912111347037
2016-12-19 21:00:00,23.26888642181946,21.42134303812939,1.8475433836900699
2016-12-19 22:00:00,24.64156174637841,24.154264590334257,0.48729715604415347
2016-12-19 23:00:00,21.603931754210407,24.648143791132885,-3.0442120369224774
2016-12-20 00:00:00,19.724809042990106,21.440635503505526,-1.7158264605154194
2016-12-20 01:00:00,19.338093206465903,21.598093084690476,-2.2599998782245727
2016-12-20 02:00:00,19.463451753998424,19.520842087101926,-0.057390333103501945
2016-12-20 03:00:00,19.715870017247845,19.46936792562311,0.24650209162473402
2016-12-20 04:00:00,20.006537031712313,19.97730019080924,0.029236840903074324
2016-12-20 05:00:00,19.502551456411446,20.40179683110275,-0.8992453746913043
2016-12-20 06:00:00,24.89641245252591,24.762347819908744,0.13406463261716794
2016-12-20 07:00:00,26.113597921343985,26.103495208622803,0.010102712721181462
2016-12-20 08:00:00,26.400982459476857,26.762850754192947,-0.36186829471608917
2016-12-20 09:00:00,24.84916447022068,26.42084434519953,-1.5716798749788516
2016-12-20 10:00:00,24.688780360221244,25.69614387390559,-1.0073635136843464
2016-12-20 11:00:00,25.97191344556465,25.812785426976667,0.15912801858798176
2016-12-20 12:00:00,26.880523378653987,26.3154150624293,0.5651083162246877
2016-12-20 13:00:00,23.923466864391088,27.710742487118246,-3.787275622727158
2016-12-20 14:00:00,24.109116295485386,25.66795020574751,-1.5588339102621234
2016-12-20 15:00:00,24.19783768617692,25.302106895045462,-1.1042692088685406
2016-12-20 16:00:00,24.315898537909423,25.341172781179516,-1.0252742432700934
2016-12-20 17:00:00,25.748014161937963,25.42729762999746,0.3207165319405014
2016-12-20 18:00:00,25.39550303935666,26.12257839667832,-0.7270753573216595
2016-12-20 19:00:00,23.955209399867737,25.321768005062133,-1.3665586051943954
2016-12-20 20:00:00,21.831084329259184,22.3203117477791,-0.489227418519917
2016-12-20 21:00:00,19.23794087599767,22.773571126326818,-3.535630250329149
2016-12-20 22:00:00,22.097307238258587,21.578393908934807,0.5189133293237802
2016-12-20 23:00:00,21.542029643380342,22.317699274169964,-0.775669630789622
2016-12-21 00:00:00,19.72155575156801,20.89740726049932,-1.1758515089313093
2016-12-21 01:00:00,22.63139401909386,19.491810601231123,3.139583417862738
2016-12-21 02:00:00,20.118061565032452,21.546276472793053,-1.4282149077606014
2016-12-21 03:00:00,18.473448228691524,19.62923750464237,-1.1557892759508448
2016-12-21 04:00:00,18.434348526278505,18.566800303913887,-0.13245177763538152
2016-12-21 05:00:00,18.369221758277185,18.838540734829678,-0.46931897655249344
2016-12-21 06:00:00,24.185615633444385,23.987454431641,0.1981612018033836
2016-12-21 07:00:00,26.557292796635966,25.77467783341539,0.7826149632205777
2016-12-21 08:00:00,24.8882641726337,26.059507825156484,-1.171243652522783
2016-12-21 09:00:00,24.66111159758492,25.421239365832054,-0.7601277682471341
2016-12-21 10:00:00,24.417662829857505,25.33410166904957,-0.9164388391920646
2016-12-21 11:00:00,24.89884489542399,25.392067278841544,-0.4932223834175531
2016-12-21 12:00:00,25.393040860890405,25.484548996393762,-0.09150813550335712
2016-12-21 13:00:00,29.550342013543112,25.47591431632873,4.074427697214382
2016-12-21 14:00:00,25.658472289828193,27.77261247613699,-2.1141401863087985
2016-12-21 15:00:00,25.09100127646825,25.603213539601335,-0.5122122631330832
2016-12-21 16:00:00,25.272547566259824,25.602350720824727,-0.32980315456490317
2016-12-21 17:00:00,26.006118159507555,25.803812249739543,0.2023059097680111
2016-12-21 18:00:00,26.427859742051563,26.24995226790162,0.17790747414994357
2016-12-21 19:00:00,23.698776467808568,25.71707782625676,-2.0183013584481913
2016-12-21 20:00:00,20.8149656329768,22.10132198457015,-1.2863563515933478
2016-12-21 21:00:00,20.05211394850712,21.3128653313271,-1.2607513828199792
2016-12-21 22:00:00,20.02198337451032,20.428574118107957,-0.40659074359763636
2016-12-21 23:00:00,19.759013756933008,20.33107216985035,-0.5720584129173432
2016-12-22 00:00:00,19.266430487158004,19.73138086919334,-0.4649503820353367
2016-12-22 01:00:00,18.99534195815088,19.70882247998562,-0.7134805218347395
2016-12-22 02:00:00,19.38041683183862,18.99171114015516,0.3887056916834588
2016-12-22 03:00:00,18.976583587005983,19.14490741514861,-0.1683238281426256
2016-12-22 04:00:00,18.913098516052692,19.14500346528679,-0.23190494923409943
2016-12-22 05:00:00,19.90881714414216,19.408621074827362,0.5001960693147964
2016-12-22 06:00:00,23.70446256923452,24.66686369346082,-0.9624011242263002
2016-12-22 07:00:00,25.45248152746577,25.507101528498236,-0.05462000103246467
2016-12-22 08:00:00,24.64971002627062,26.243169861681842,-1.593459835411224
2016-12-22 09:00:00,25.712197486515212,25.335217623826313,0.3769798626888985
2016-12-22 10:00:00,24.73438664547845,26.009707747418275,-1.2753211019398272
2016-12-22 11:00:00,25.110521759212364,25.233266273826416,-0.12274451461405178
2016-12-22 12:00:00,24.122129828279533,25.79819959051051,-1.676069762230977
2016-12-22 13:00:00,23.539183470764964,25.038129458865935,-1.4989459881009708
2016-12-22 14:00:00,23.42033150607663,24.798222725183507,-1.3778912191068784
2016-12-22 15:00:00,23.897410063234613,24.495607620223105,-0.5981975569884916
2016-12-22 16:00:00,24.151439920858103,24.252985109038224,-0.10154518818012193
2016-12-22 17:00:00,25.0437830297312,25.0102694670171,0.033513562714098555
2016-12-22 18:00:00,26.759209235499394,25.741593592303275,1.0176156431961196
2016-12-22 19:00:00,23.424376277560338,25.060353304372367,-1.6359770268120286
2016-12-22 20:00:00,20.55038442102542,21.12110618412873,-0.570721763103311
2016-12-22 21:00:00,20.54713039539177,20.56969205861588,-0.022561663224109907
2016-12-22 22:00:00,20.3020696661845,20.801001471859042,-0.4989318056745411
2016-12-22 23:00:00,19.2737579185262,20.236867550820246,-0.9631096322940458
2016-12-23 00:00:00,20.024445185870796,19.561274345875667,0.4631708399951293
2016-12-23 01:00:00,20.320798668867,19.77460283065639,0.5461958382106076
2016-12-23 02:00:00,19.255849030156156,19.534754987582346,-0.27890595742618984
2016-12-23 03:00:00,18.597195181849976,19.073194676539174,-0.4759994946891979
2016-12-23 04:00:00,18.449003389014898,18.80203014125697,-0.3530267522420729
2016-12-23 05:00:00,18.706286538060475,18.672434810263383,0.033851727797092224
2016-12-23 06:00:00,24.151439920858103,24.1315587299452,0.019881190912901303
2016-12-23 07:00:00,24.521888933166064,25.47135920576285,-0.9494702725967876
2016-12-23 08:00:00,24.366370076068566,25.084578981805574,-0.7182089057370078
2016-12-23 09:00:00,25.602284914674918,25.216059047743332,0.38622586693158567
2016-12-23 10:00:00,27.811936546148374,25.433385856190778,2.3785506899575957
2016-12-23 11:00:00,25.48179162004434,27.815067617503175,-2.333275997458834
2016-12-23 12:00:00,24.18318282344053,25.693431769546272,-1.5102489461057438
2016-12-23 13:00:00,24.12620396822564,24.57135692936557,-0.4451529611399323
2016-12-23 14:00:00,23.925108194333333,24.453795313008897,-0.5286871186755633
2016-12-23 15:00:00,23.861593387811862,24.609409582683547,-0.7478161948716853
2016-12-23 16:00:00,24.543871594376434,24.541947643544177,0.0019239508322570487
2016-12-23 17:00:00,25.78629301582697,25.24103816986035,0.5452548459666211
2016-12-23 18:00:00,25.47607615015599,26.109795803687966,-0.6337196535319762
2016-12-23 19:00:00,23.171987749879094,23.92550439757218,-0.7535166476930861
2016-12-23 20:00:00,19.693886988931695,21.235130943123572,-1.5412439541918772
2016-12-23 21:00:00,19.311215923891197,19.911685868526057,-0.6004699446348596
2016-12-23 22:00:00,19.801337382305725,19.961056763125036,-0.15971938081931114
2016-12-23 23:00:00,19.313648366789273,19.892581944352386,-0.578933577563113
2016-12-24 00:00:00,19.209451264837334,19.556144997418265,-0.34669373258093117
2016-12-24 01:00:00,19.500910493574978,19.291041389431836,0.20986910414314153
2016-12-24 02:00:00,19.154905953837865,19.15742675038571,-0.0025207965478450944
2016-12-24 03:00:00,18.878893067898225,18.986777590215855,-0.10788452231762946
2016-12-24 04:00:00,18.834107631165033,19.049942124974567,-0.21583449380953468
2016-12-24 05:00:00,19.03520377216312,19.195294755616086,-0.16009098345296735
2016-12-24 06:00:00,22.84796550424657,24.084507116098653,-1.2365416118520827
2016-12-24 07:00:00,23.496038996868236,24.930367752278897,-1.434328755410661
2016-12-24 08:00:00,23.243650836292776,24.737330601192415,-1.493679764899639
2016-12-24 09:00:00,22.48402307478279,24.8738096016269,-2.3897865268441087
2016-12-24 10:00:00,22.87563426688289,24.717732049873923,-1.8420977829910328
2016-12-24 11:00:00,22.969250278938766,24.278967778682077,-1.3097174997433108
2016-12-24 12:00:00,23.141886177238913,24.22185281540629,-1.0799666381673774
2016-12-24 13:00:00,23.60105694734419,23.94062199968495,-0.3395650523407596
2016-12-24 14:00:00,23.474056702763647,24.26478585587443,-0.7907291531107816
2016-12-24 15:00:00,23.030332642562158,24.123884572559206,-1.093551929997048
2016-12-24 16:00:00,23.255052407607078,24.267159088705057,-1.012106681097979
2016-12-24 17:00:00,23.3844850950857,24.075929797823797,-0.6914447027380959
2016-12-24 18:00:00,23.448820750131183,23.86538691913225,-0.41656616900106513
2016-12-24 19:00:00,22.7356204895082,22.204922845262196,0.5306976442460041
2016-12-24 20:00:00,19.869747544403094,20.69824261330851,-0.8284950689054149
2016-12-24 21:00:00,18.900055247690364,19.965564404994346,-1.0655091573039819
2016-12-24 22:00:00,18.404247320744105,19.67277439024236,-1.2685270694982549
2016-12-24 23:00:00,18.887041347790436,18.299709925405416,0.5873314223850201
2016-12-25 00:00:00,19.006714161002783,19.494084428578752,-0.4873702675759688
2016-12-25 01:00:00,18.966002864215696,19.341879416776443,-0.37587655256074726
2016-12-25 02:00:00,18.941587393001466,19.051693325420352,-0.110105932418886
2016-12-25 03:00:00,18.9285448588507,19.05286054055431,-0.12431568170361018
2016-12-25 04:00:00,18.626504907322765,19.275661932268214,-0.649157024945449
2016-12-25 05:00:00,18.757579291849414,19.1086077834249,-0.3510284915754873
2016-12-25 06:00:00,22.777944114880917,22.667164455334365,0.11077965954655156
2016-12-25 07:00:00,23.010782791355645,23.683352165526617,-0.6725693741709726
2016-12-25 08:00:00,22.57031202257625,23.594766716423123,-1.0244546938468737
2016-12-25 09:00:00,22.649302173252345,23.634506414413003,-0.985204241160659
2016-12-25 10:00:00,22.79910556046149,23.58012993067738,-0.7810243702158886
2016-12-25 11:00:00,22.952983454722524,23.44731258004277,-0.4943291253202453
2016-12-25 12:00:00,22.503572925989303,23.31160218449712,-0.8080292585078155
2016-12-25 13:00:00,22.027285481787153,23.225560822073454,-1.1982753402863011
2016-12-25 14:00:00,22.498678671730744,23.216114189428296,-0.7174355176975524
2016-12-25 15:00:00,22.810507865987354,23.122796702840656,-0.3122888368533019
2016-12-25 16:00:00,22.063102524315685,23.363971886230892,-1.3008693619152076
2016-12-25 17:00:00,23.583148426079926,22.75715143796606,0.825996988113868
2016-12-25 18:00:00,23.40646775629607,23.572286831961073,-0.1658190756650022
2016-12-25 19:00:00,22.51658682588923,22.44560285957898,0.07098396631025139
2016-12-25 20:00:00,19.842870261828388,20.974960306259955,-1.1320900444315676
2016-12-25 21:00:00,19.417053988679605,19.92938793707486,-0.5123339483952556
2016-12-25 22:00:00,20.1660716589369,19.48126614859484,0.6848055103420592
2016-12-25 23:00:00,20.38267214544623,20.23983012411524,0.14284202133098844
2016-12-26 00:00:00,21.627526376900626,20.05698601798316,1.5705403589174658
2016-12-26 01:00:00,22.58499625377504,20.673703358528037,1.9112928952470014
2016-12-26 02:00:00,18.875639776476135,21.147409583488873,-2.2717698070127383
2016-12-26 03:00:00,18.35374604701678,19.106276049408983,-0.7525300023922021
2016-12-26 04:00:00,18.196615228439434,18.224909946012964,-0.028294717573530193
2016-12-26 05:00:00,18.435990223326527,18.328900379748646,0.10708984357788154
2016-12-26 06:00:00,22.301656670678767,22.663268736425767,-0.3616120657469999
2016-12-26 07:00:00,23.04416665677454,23.181590202049723,-0.1374235452751833
2016-12-26 08:00:00,22.700594927041283,23.586769050351478,-0.8861741233101945
2016-12-26 09:00:00,22.618351484943094,23.591039729739546,-0.9726882447964513
2016-12-26 10:00:00,22.684298367256865,23.584144955359157,-0.8998465881022923
2016-12-26 11:00:00,22.870769013980954,23.574537337634357,-0.7037683236534029
2016-12-26 12:00:00,22.95705759466863,23.441153025736554,-0.4840954310679244
2016-12-26 13:00:00,23.186671981077886,23.421658811229047,-0.23498683015116129
2016-12-26 14:00:00,23.797287101228775,23.456908391690323,0.3403787095384523
2016-12-26 15:00:00,23.469982562817542,23.835854840964625,-0.36587227814708356
2016-12-26 16:00:00,24.112369586907477,23.654054426283103,0.45831516062437316
2016-12-26 17:00:00,23.98616082238855,24.118309148053076,-0.13214832566452728
2016-12-26 18:00:00,24.24913007286008,23.98779716850855,0.26133290435153
2016-12-26 19:00:00,24.95095813063116,23.069963571874517,1.880994558756644
2016-12-26 20:00:00,21.789552183948086,22.935302234115568,-1.1457500501674822
2016-12-26 21:00:00,20.133537276292856,21.668299968648103,-1.5347626923552475
2016-12-26 22:00:00,20.003254371827822,20.28573526394174,-0.2824808921139166
2016-12-26 23:00:00,20.152266278975354,20.153930875490488,-0.0016645965151340647
2016-12-27 00:00:00,19.80215823082974,20.206741268167654,-0.4045830373379147
2016-12-27 01:00:00,19.21839102479116,19.561382289049313,-0.34299126425815274
2016-12-27 02:00:00,19.189110667780767,19.084653037634645,0.10445763014612197
2016-12-27 03:00:00,19.17038166509827,19.13151597643042,0.038865688667847564
2016-12-27 04:00:00,20.539802964023572,19.467971907897926,1.0718310561256459
2016-12-27 05:00:00,19.823320410621875,20.881701549439516,-1.0583811388176407
2016-12-27 06:00:00,22.183596186052046,23.788091987955035,-1.6044958019029885
2016-12-27 07:00:00,23.32179113708824,24.046510355323786,-0.7247192182355455
2016-12-27 08:00:00,21.236736400430317,23.704649861262943,-2.4679134608326265
2016-12-27 09:00:00,21.994722464892273,23.227789430660877,-1.2330669657686038
2016-12-27 10:00:00,21.819682757944886,23.568188694783213,-1.7485059368383276
2016-12-27 11:00:00,21.644614416746656,22.937766086885006,-1.29315167013835
2016-12-27 12:00:00,21.30919059979983,22.60833323117194,-1.29914263137211
2016-12-27 13:00:00,19.52371363620358,22.340256179345282,-2.8165425431417006
2016-12-27 14:00:00,22.029718658896794,20.91866912532784,1.1110495335689556
2016-12-27 15:00:00,23.908812001654695,22.854300559727598,1.0545114419270973
2016-12-27 16:00:00,23.922646015867077,24.554423615420035,-0.631777599552958
2016-12-27 17:00:00,23.96986462970991,24.487531039753833,-0.5176664100439226
2016-12-27 18:00:00,25.074705083789613,24.433352482603716,0.641352601185897
2016-12-27 19:00:00,22.837384414350502,25.006175945561612,-2.1687915312111095
2016-12-27 20:00:00,21.254615186126404,21.581878417245704,-0.3272632311193
2016-12-27 21:00:00,20.820680735759368,21.75823165341645,-0.9375509176570809
2016-12-27 22:00:00,19.285980338364514,21.559602952884177,-2.273622614519663
2016-12-27 23:00:00,19.46834674246854,19.253870959963585,0.21447578250495525
2016-12-28 00:00:00,18.859343950903277,19.461090046836773,-0.6017460959334962
2016-12-28 01:00:00,19.398324985997107,19.000332112482763,0.39799287351434387
2016-12-28 02:00:00,19.18339483078664,19.203370785976233,-0.01997595518959372
2016-12-28 03:00:00,18.91553095895077,19.13918610085678,-0.22365514190600777
2016-12-28 04:00:00,20.205991475662373,19.463821586999465,0.7421698886629073
2016-12-28 05:00:00,20.508060795652703,20.358492668760512,0.14956812689219134
2016-12-28 06:00:00,21.691041550527874,23.211787418643507,-1.5207458681156325
2016-12-28 07:00:00,22.076936538528066,23.457470010240606,-1.380533471712539
2016-12-28 08:00:00,21.62101979405644,23.305610835084924,-1.684591041028483
2016-12-28 09:00:00,21.86687200332532,22.765892216983143,-0.899020213657824
2016-12-28 10:00:00,22.0679975127858,22.929006606262693,-0.8610090934768913
2016-12-28 11:00:00,21.90597170573834,22.778960467090464,-0.8729887613521221
2016-12-28 12:00:00,21.708128856162347,22.838351126142577,-1.13022226998023
2016-12-28 13:00:00,21.993901616368262,22.484889292274683,-0.4909876759064211
2016-12-28 14:00:00,22.359456007311888,22.96952640156262,-0.6100703942507337
2016-12-28 15:00:00,21.34744008522644,23.604442868243183,-2.257002783016741
2016-12-28 16:00:00,21.546923897638898,23.137824998326074,-1.5909011006871765
2016-12-28 17:00:00,22.654197161722465,23.476993472316803,-0.8227963105943381
2016-12-28 18:00:00,22.843070882882234,23.77883911842354,-0.9357682355413068
2016-12-28 19:00:00,22.359456007311888,22.86093247521906,-0.501476467907171
2016-12-28 20:00:00,22.30816325352295,21.332332045003927,0.9758312085190219
2016-12-28 21:00:00,21.409313561805668,21.83124849315925,-0.42193493135358295
2016-12-28 22:00:00,24.92897583652657,21.450093692270126,3.478882144256442
2016-12-28 23:00:00,21.635674656792833,22.843946809121142,-1.208272152328309
2016-12-29 00:00:00,19.078377614522246,21.02931083593658,-1.950933221414335
2016-12-29 01:00:00,19.196408730686567,19.044172814183398,0.15223591650316948
2016-12-29 02:00:00,18.780382434478017,19.11448580407838,-0.33410336960036346
2016-12-29 03:00:00,18.51090623405652,18.99497040194754,-0.48406416789102025
2016-12-29 04:00:00,19.034412292101504,18.62641450422244,0.40799778787906504
2016-12-29 05:00:00,19.489508922260676,19.547937448405854,-0.05842852614517824
2016-12-29 06:00:00,21.457353024172512,22.416592579133212,-0.9592395549606998
2016-12-29 07:00:00,21.967845182317568,22.56098302487814,-0.5931378425605729
2016-12-29 08:00:00,22.396093164152873,22.8338505162706,-0.43775735211772826
2016-12-29 09:00:00,21.91411998563055,23.100948717802275,-1.1868287321717261
2016-12-29 10:00:00,21.25382444027635,22.841531540166145,-1.5877070998897942
2016-12-29 11:00:00,21.98332089357797,21.935716543867585,0.04760434971038663
2016-12-29 12:00:00,24.54469244290045,22.567968319491648,1.9767241234088004
2016-12-29 13:00:00,24.04234819754182,24.0385490913133,0.0037991062285200883
2016-12-29 14:00:00,22.290255099364465,23.830327019038037,-1.5400719196735722
2016-12-29 15:00:00,21.69429484194997,22.959661833261364,-1.2653669913113959
2016-12-29 16:00:00,21.583561788691444,22.694337794648536,-1.1107760059570921
2016-12-29 17:00:00,22.745380363774476,22.187355810263096,0.5580245535113804
2016-12-29 18:00:00,22.770616683512717,23.517173431215603,-0.7465567477028863
2016-12-29 19:00:00,22.83981759146014,22.43236715330861,0.40745043815152826
2016-12-29 20:00:00,20.39079105687604,21.476628071838213,-1.0858370149621734
2016-12-29 21:00:00,19.916145309721912,20.218943080367616,-0.3027977706457037
2016-12-29 22:00:00,21.651941848114852,21.298488297827912,0.3534535502869396
2016-12-29 23:00:00,20.013835094618113,21.03347497080945,-1.019639876191338
2016-12-30 00:00:00,19.412159734421046,19.937247461337414,-0.5250877269163681
2016-12-30 01:00:00,19.54244263888608,19.25533501384662,0.28710762503946086
2016-12-30 02:00:00,19.091390780210613,19.3592953036002,-0.2679045233895856
2016-12-30 03:00:00,18.6737235211656,19.03448813864769,-0.36076461748209
2016-12-30 04:00:00,18.760832583271508,19.09502723861395,-0.3341946553424435
2016-12-30 05:00:00,18.844688353955323,19.241864840443384,-0.3971764864880605
2016-12-30 06:00:00,21.958876053901346,22.420090943109106,-0.4612148892077599
2016-12-30 07:00:00,21.680460093526026,22.953470365925867,-1.2730102723998407
2016-12-30 08:00:00,21.384898090591438,22.66675237131769,-1.2818542807262503
2016-12-30 09:00:00,22.15753901778979,22.39607618025647,-0.23853716246667744
2016-12-30 10:00:00,22.4620407806782,22.765390567759347,-0.3033497870811459
2016-12-30 11:00:00,21.30919059979983,22.928990378141428,-1.6197997783415978
2016-12-30 12:00:00,21.608797374218128,23.173626580312828,-1.5648292060947
2016-12-30 13:00:00,21.255465403112815,23.312499137402696,-2.057033734289881
2016-12-30 14:00:00,21.342574465218725,21.956555338323682,-0.613980873104957
2016-12-30 15:00:00,21.87666124605399,22.098397971551844,-0.22173672549785195
2016-12-30 16:00:00,21.572160217377142,22.883858240150282,-1.3116980227731396
2016-12-30 17:00:00,24.965613360473334,22.02146527585109,2.9441480846222454
2016-12-30 18:00:00,27.754928597800422,24.293014685794596,3.4619139120058264
2016-12-30 19:00:00,23.391812893559678,25.177649544099467,-1.785836650539789
2016-12-30 20:00:00,20.21657219845266,21.97091023125252,-1.7543380327998612
2016-12-30 21:00:00,20.78325209885677,20.660092000515014,0.12316009834175645
2016-12-30 22:00:00,23.16548079992913,21.444174205222332,1.7213065947067996
2016-12-30 23:00:00,20.809279164445066,21.955959800103276,-1.1466806356582104
2016-12-31 00:00:00,19.021369023739176,21.074758593386207,-2.053389569647031
2016-12-31 01:00:00,18.804006425630632,19.13323493600698,-0.32922851037634615
2016-12-31 02:00:00,18.341552995640864,19.09778923425771,-0.7562362386168466
2016-12-31 03:00:00,18.362715175433003,17.95786486649308,0.404850308939924
2016-12-31 04:00:00,18.454719226009026,18.11518637372856,0.3395328522804668
2016-12-31 05:00:00,18.51008538553251,18.36904293371547,0.14104245181703945
2016-12-31 06:00:00,21.87502028321753,22.364741456412148,-0.48972117319461717
2016-12-31 07:00:00,21.30511645985373,22.97412361788937,-1.6690071580356403
2016-12-31 08:00:00,21.052728299278265,22.890983609012483,-1.838255309734219
2016-12-31 09:00:00,20.89231482081643,22.48003887879014,-1.587724057973709
2016-12-31 10:00:00,21.353976036533023,22.125286873248342,-0.771310836715319
2016-12-31 11:00:00,21.742333570105252,21.84483415735764,-0.10250058725238631
2016-12-31 12:00:00,21.92226826552276,22.405224862982905,-0.4829565974601451
2016-12-31 13:00:00,27.49603339549855,22.796597185631622,4.699436209866928
2016-12-31 14:00:00,21.540417314794716,26.38116970467815,-4.840752389883434
2016-12-31 15:00:00,21.119496030116046,22.18129315802273,-1.061797127906683
2016-12-31 16:00:00,21.92552155694485,21.88404988757359,0.04147166937126201
2016-12-31 17:00:00,23.503366428236433,23.580622835814186,-0.0772564075777531
2016-12-31 18:00:00,23.308777604294093,23.869538441508386,-0.5607608372142927
2016-12-31 19:00:00,22.69895396420482,22.482746994697585,0.21620696950723328
2016-12-31 20:00:00,20.05454712561676,21.344899378357066,-1.2903522527403055
2016-12-31 21:00:00,19.29330776973271,19.739052771347897,-0.4457450016151867
2016-12-31 22:00:00,19.29412788404516,19.220904870214365,0.07322301383079477
2016-12-31 23:00:00,19.618970978201702,19.102563616176212,0.5164073620254896
